,500m<x<1000m,500m<x<1000m & east of 140W
cal.age,D14C.Shallow.Pacific.North,D14C.Shallow.Pacific.North.East
0,-123.6235005,-104.5155295
10,-122.9777899,-103.7636689
20,-122.401866,-103.099956
30,-121.8882416,-102.5199687
40,-121.4960196,-102.0865453
50,-121.2405463,-101.8085007
60,-121.0430819,-101.5918683
70,-120.8149186,-101.3390174
80,-120.5736247,-101.0716469
90,-120.3364262,-100.8117473
100,-120.1183046,-100.5802977
110,-119.9028955,-100.3625878
120,-119.7965558,-100.2723875
130,-119.8336205,-100.3288147
140,-119.8578012,-100.3446895
150,-119.7868861,-100.2276847
160,-119.4644516,-99.82004078
170,-119.0614953,-99.3286006
180,-118.7782364,-98.97621114
190,-118.5872039,-98.72957065
200,-118.4354277,-98.53334449
210,-118.2576196,-98.32815599
220,-118.1482884,-98.22943435
230,-118.240252,-98.38198652
240,-118.5340877,-98.77290283
250,-118.9172569,-99.26570224
260,-119.3008501,-99.75523295
270,-119.6076261,-100.1533369
280,-119.8897989,-100.514835
290,-120.1419887,-100.828474
300,-120.3071858,-101.0248987
310,-120.4035994,-101.1207658
320,-120.3619535,-101.0410677
330,-120.2140226,-100.8281353
340,-120.0017656,-100.5364234
350,-119.7562053,-100.2095866
360,-119.5731192,-99.95819351
370,-119.4675,-99.80032748
380,-119.4387777,-99.73753143
390,-119.470075,-99.75489567
400,-119.5801449,-99.87483662
410,-119.813363,-100.1432055
420,-120.1582285,-100.5400499
430,-120.5091809,-100.944777
440,-120.8171793,-101.3076509
450,-121.1487729,-101.7047096
460,-121.4986788,-102.1313141
470,-121.8887201,-102.6112909
480,-122.2971171,-103.1177243
490,-122.7458204,-103.6694062
500,-123.2084511,-104.2297839
510,-123.5952314,-104.6975438
520,-123.9261791,-105.0951349
530,-124.19449,-105.4138228
540,-124.4398406,-105.6923287
550,-124.6693659,-105.9303118
560,-124.7646473,-105.9982559
570,-124.6864521,-105.8692915
580,-124.4966521,-105.6331577
590,-124.3703935,-105.4984388
600,-124.4628754,-105.6351696
610,-124.7212839,-105.9761067
620,-125.1067281,-106.4690684
630,-125.5153696,-106.9922352
640,-125.9036366,-107.4949325
650,-126.2949095,-107.9974279
660,-126.6358946,-108.434476
670,-126.9321862,-108.8063904
680,-127.1027369,-109.0245242
690,-127.1111074,-109.059475
700,-127.0454127,-109.018887
710,-127.0267507,-109.0358042
720,-127.1008322,-109.1503328
730,-127.1586833,-109.2353766
740,-127.0940233,-109.1788237
750,-126.943238,-109.0306282
760,-126.8224711,-108.9223547
770,-126.7878836,-108.9082141
780,-126.7929134,-108.926819
790,-126.7673816,-108.8959363
800,-126.6214643,-108.7209539
810,-126.3929612,-108.4510088
820,-126.1981871,-108.2175115
830,-126.0190613,-108.0013803
840,-125.8112128,-107.7585091
850,-125.6490843,-107.5770757
860,-125.5175553,-107.4462279
870,-125.4332654,-107.3895722
880,-125.4949998,-107.5131212
890,-125.671189,-107.7730533
900,-125.8989831,-108.089773
910,-126.1213551,-108.3902765
920,-126.2886871,-108.6175647
930,-126.3216686,-108.6882292
940,-126.2377647,-108.6278502
950,-126.243345,-108.6593742
960,-126.21622,-108.6410422
970,-126.0691712,-108.4816824
980,-125.8886519,-108.2805898
990,-125.6824566,-108.048407
1000,-125.4950691,-107.8352409
1010,-125.2683718,-107.5829114
1020,-125.0294336,-107.3306205
1030,-124.8658002,-107.1776523
1040,-124.8501524,-107.1945615
1050,-124.9420824,-107.3214547
1060,-125.0030206,-107.3963933
1070,-124.9321103,-107.3113693
1080,-124.7491288,-107.0985265
1090,-124.5402448,-106.8610479
1100,-124.376997,-106.6796122
1110,-124.2908198,-106.584707
1120,-124.2517553,-106.538887
1130,-124.179196,-106.4527155
1140,-124.0806973,-106.3442534
1150,-124.0153724,-106.2814219
1160,-123.9971575,-106.2720725
1170,-124.2189044,-106.5100078
1180,-124.309424,-106.5777399
1190,-124.1035247,-106.3149515
1200,-123.9158934,-106.0850637
1210,-123.7817971,-105.9353685
1220,-123.7806671,-105.9536607
1230,-123.8944259,-106.1156031
1240,-124.1290621,-106.4220336
1250,-124.3600285,-106.7333359
1260,-124.5948806,-107.0581065
1270,-124.900007,-107.4627168
1280,-125.2078514,-107.8630034
1290,-125.4733149,-108.2011611
1300,-125.6298648,-108.4027601
1310,-125.6297183,-108.4248919
1320,-125.5097094,-108.320891
1330,-125.4215036,-108.2609862
1340,-125.4519577,-108.3328829
1350,-125.4749013,-108.3914198
1360,-125.4096536,-108.3494796
1370,-125.3325692,-108.2930102
1380,-125.2640848,-108.2424953
1390,-125.1719443,-108.1583557
1400,-125.0742875,-108.0556984
1410,-124.9417134,-107.8994797
1420,-124.6912346,-107.6031316
1430,-124.3612624,-107.2190926
1440,-124.0543761,-106.8683693
1450,-123.7803599,-106.5638725
1460,-123.5844442,-106.3543595
1470,-123.4869692,-106.2587239
1480,-123.3460791,-106.1240408
1490,-123.2164655,-106.0163501
1500,-123.1972021,-106.0413686
1510,-123.2559885,-106.1545721
1520,-123.3283987,-106.2751439
1530,-123.3666091,-106.3445577
1540,-123.3225181,-106.3098655
1550,-123.1371775,-106.1138234
1560,-122.9127707,-105.8759759
1570,-122.7217679,-105.6768187
1580,-122.5441656,-105.4930928
1590,-122.371037,-105.3143378
1600,-122.2230038,-105.1601218
1610,-122.0861651,-105.0103825
1620,-121.925574,-104.8248129
1630,-121.7050644,-104.5655474
1640,-121.4238141,-104.2391473
1650,-121.1036871,-103.882393
1660,-120.8013277,-103.5702276
1670,-120.6210468,-103.4189695
1680,-120.6643681,-103.5269814
1690,-120.835314,-103.7686919
1700,-120.919484,-103.9001483
1710,-120.8946574,-103.8993663
1720,-120.7715555,-103.7812914
1730,-120.6117765,-103.6146703
1740,-120.4371869,-103.423064
1750,-120.1728263,-103.1289894
1760,-119.8657676,-102.7919915
1770,-119.6023383,-102.5092245
1780,-119.3875112,-102.2843165
1790,-119.1947349,-102.0887666
1800,-119.0066348,-101.9043655
1810,-118.8605028,-101.7686956
1820,-118.7956204,-101.7154466
1830,-118.6827492,-101.5994371
1840,-118.4482704,-101.3479745
1850,-118.1684882,-101.0534299
1860,-117.9825904,-100.8676887
1870,-117.8583569,-100.7472043
1880,-117.6950778,-100.5796095
1890,-117.5047739,-100.3819368
1900,-117.2659331,-100.1355144
1910,-117.0622139,-99.93412117
1920,-116.9430199,-99.82539758
1930,-116.8155371,-99.70148272
1940,-116.6495564,-99.53023002
1950,-116.4125157,-99.28297665
1960,-116.1264969,-98.99321731
1970,-115.9440138,-98.82760223
1980,-115.8746106,-98.78344651
1990,-115.8190353,-98.73976921
2000,-115.6684265,-98.57653832
2010,-115.3606307,-98.23668037
2020,-115.0024079,-97.84871593
2030,-114.7348969,-97.56753137
2040,-114.5473306,-97.37440287
2050,-114.3483494,-97.1660386
2060,-114.1065509,-96.91171117
2070,-113.8538609,-96.65140291
2080,-113.6153155,-96.41568796
2090,-113.4378155,-96.25513639
2100,-113.3111166,-96.15215472
2110,-113.1967445,-96.0602694
2120,-113.0712424,-95.95248617
2130,-112.8798458,-95.76753958
2140,-112.7076399,-95.59560182
2150,-112.562501,-95.43863768
2160,-112.282563,-95.11827937
2170,-111.9442136,-94.72343588
2180,-111.6223701,-94.33719299
2190,-111.2294689,-93.86543754
2200,-110.8450987,-93.3991514
2210,-110.5004035,-92.97425567
2220,-110.1154733,-92.50970393
2230,-109.7577657,-92.08744417
2240,-109.507324,-91.79810183
2250,-109.3266902,-91.60395201
2260,-109.1818769,-91.47535451
2270,-109.1486645,-91.4984744
2280,-109.298153,-91.74196203
2290,-109.5653728,-92.11991457
2300,-109.8013075,-92.461997
2310,-109.9331577,-92.69106511
2320,-110.0240075,-92.87753373
2330,-110.1471841,-93.09304775
2340,-110.2597955,-93.2771606
2350,-110.2426169,-93.29247663
2360,-110.0276606,-93.06981752
2370,-109.6556191,-92.6661769
2380,-109.2189594,-92.19291499
2390,-108.8049251,-91.74920041
2400,-108.4502903,-91.37319688
2410,-108.1130342,-91.0157108
2420,-107.7687584,-90.64990248
2430,-107.4252699,-90.2860663
2440,-107.0715829,-89.9137213
2450,-106.7322894,-89.56110621
2460,-106.4444978,-89.26816084
2470,-106.1586768,-88.97717106
2480,-105.8904902,-88.70148601
2490,-105.6693681,-88.46658916
2500,-105.3592268,-88.12142874
2510,-104.9827903,-87.69634008
2520,-104.6069039,-87.26549518
2530,-104.2303721,-86.82610119
2540,-103.8736393,-86.40036844
2550,-103.4681903,-85.91535987
2560,-103.0610421,-85.42606241
2570,-102.716361,-85.00364637
2580,-102.3690811,-84.58225392
2590,-102.0384728,-84.18826524
2600,-101.8356483,-83.93826399
2610,-101.7988009,-83.86239213
2620,-101.6762517,-83.68447106
2630,-101.40713,-83.35684905
2640,-101.2350848,-83.15949972
2650,-101.2087649,-83.14535329
2660,-101.3263969,-83.30812237
2670,-101.5221777,-83.57102748
2680,-101.7512616,-83.88257778
2690,-102.0344688,-84.26278058
2700,-102.3255114,-84.65647604
2710,-102.5956284,-85.02916944
2720,-102.8649857,-85.40013414
2730,-103.0822109,-85.70831574
2740,-103.2495602,-85.95153525
2750,-103.3953709,-86.1549597
2760,-103.4013608,-86.18732348
2770,-103.2744755,-86.06142185
2780,-103.1010464,-85.87584358
2790,-102.8576209,-85.6088168
2800,-102.5583656,-85.28364761
2810,-102.2640269,-84.97480768
2820,-102.0083772,-84.72256452
2830,-101.8454304,-84.58159924
2840,-101.7886809,-84.55633562
2850,-101.7251476,-84.51472027
2860,-101.5730765,-84.36598204
2870,-101.3806272,-84.1639771
2880,-101.1429916,-83.90586728
2890,-100.8197282,-83.55511933
2900,-100.4822988,-83.19761516
2910,-100.2251343,-82.93612938
2920,-100.0348476,-82.75124903
2930,-99.84683971,-82.56994235
2940,-99.64864369,-82.37657309
2950,-99.47952204,-82.20970047
2960,-99.30085687,-82.02450117
2970,-99.02066139,-81.72466581
2980,-98.70675023,-81.38945301
2990,-98.47114319,-81.13877929
3000,-98.24178666,-80.88976441
3010,-97.93204369,-80.55108946
3020,-97.61841437,-80.21213584
3030,-97.3480833,-79.92582063
3040,-97.09157343,-79.66004442
3050,-96.88636949,-79.45252625
3060,-96.73775068,-79.29973346
3070,-96.57637991,-79.12160519
3080,-96.31283057,-78.82476807
3090,-95.95712386,-78.42931023
3100,-95.6820082,-78.1279072
3110,-95.462049,-77.89074339
3120,-95.20042906,-77.61434443
3130,-95.00323632,-77.41664373
3140,-94.89242659,-77.31578744
3150,-94.78332118,-77.21321779
3160,-94.67061634,-77.09990031
3170,-94.52192619,-76.94113981
3180,-94.3046383,-76.70685936
3190,-94.06953019,-76.45705796
3200,-93.90964031,-76.29122864
3210,-93.79891568,-76.17410274
3220,-93.63662457,-75.99390763
3230,-93.45301987,-75.78524282
3240,-93.27729312,-75.57891161
3250,-93.09843826,-75.35981511
3260,-92.88885772,-75.09795465
3270,-92.63081018,-74.78046107
3280,-92.31133766,-74.40515977
3290,-92.0303185,-74.09265052
3300,-91.8923779,-73.95823984
3310,-91.88631164,-73.98239436
3320,-91.9738912,-74.11453385
3330,-92.07059304,-74.25689264
3340,-92.13095256,-74.35890893
3350,-92.17857677,-74.44545151
3360,-92.22661984,-74.52784479
3370,-92.23345148,-74.55869955
3380,-92.18276363,-74.52103482
3390,-92.09916824,-74.44271589
3400,-91.97903618,-74.32187778
3410,-91.80413687,-74.14639294
3420,-91.6029834,-73.95571348
3430,-91.48446277,-73.86770345
3440,-91.50786064,-73.93356198
3450,-91.53343754,-73.98871578
3460,-91.42472422,-73.88474896
3470,-91.2121805,-73.66054254
3480,-91.01655037,-73.44920899
3490,-90.80743206,-73.21511588
3500,-90.49882724,-72.86893174
3510,-90.18104588,-72.51723963
3520,-89.87643699,-72.18850007
3530,-89.60574866,-71.90806546
3540,-89.42105481,-71.73010066
3550,-89.29031029,-71.61166374
3560,-89.19504778,-71.52446055
3570,-89.05989622,-71.38121768
3580,-88.81602157,-71.11077162
3590,-88.51391571,-70.77637718
3600,-88.19817067,-70.43237541
3610,-87.93281379,-70.15025097
3620,-87.72846126,-69.9360623
3630,-87.54871531,-69.74286657
3640,-87.35860309,-69.53077683
3650,-87.05258737,-69.19364685
3660,-86.69147492,-68.81109539
3670,-86.46517885,-68.5889913
3680,-86.39963157,-68.54040928
3690,-86.32470468,-68.46883398
3700,-86.11079468,-68.23349995
3710,-85.85423671,-67.94354594
3720,-85.62439791,-67.67225188
3730,-85.30726588,-67.2978932
3740,-84.90502758,-66.833754
3750,-84.55818118,-66.43756813
3760,-84.31479011,-66.15563272
3770,-84.09612414,-65.89892748
3780,-83.78958276,-65.55395072
3790,-83.45192757,-65.1973643
3800,-83.27830323,-65.04361126
3810,-83.29911869,-65.11034518
3820,-83.3775177,-65.23110918
3830,-83.37865566,-65.25232838
3840,-83.25207204,-65.12347502
3850,-83.03068895,-64.88899
3860,-82.79393753,-64.64127567
3870,-82.59698451,-64.43973404
3880,-82.42067639,-64.2589879
3890,-82.24011062,-64.06956674
3900,-82.02870848,-63.84301218
3910,-81.77552962,-63.56777756
3920,-81.53470029,-63.30385648
3930,-81.27352024,-63.01868116
3940,-80.93371148,-62.65657066
3950,-80.66669387,-62.38650799
3960,-80.5418809,-62.27323825
3970,-80.43570929,-62.16940258
3980,-80.28023905,-61.99537635
3990,-80.02285907,-61.69495998
4000,-79.67382149,-61.28519101
4010,-79.29151249,-60.83639244
4020,-78.88204811,-60.36303261
4030,-78.47277588,-59.90405442
4040,-78.13822262,-59.54543766
4050,-77.92950175,-59.34019094
4060,-77.82434235,-59.25568682
4070,-77.76354187,-59.21668247
4080,-77.71273255,-59.17635401
4090,-77.59443687,-59.04656772
4100,-77.31934612,-58.73804676
4110,-76.95368502,-58.33860308
4120,-76.63269014,-58.00362785
4130,-76.43845299,-57.81478044
4140,-76.36871172,-57.7532656
4150,-76.26934094,-57.64083485
4160,-75.9802348,-57.3073825
4170,-75.60485451,-56.87676177
4180,-75.26985343,-56.49263082
4190,-74.90633659,-56.08492439
4200,-74.54560928,-55.69499247
4210,-74.32080367,-55.46568007
4220,-74.21277347,-55.36326646
4230,-74.10940181,-55.25540473
4240,-73.94181829,-55.06419223
4250,-73.68137072,-54.76361908
4260,-73.36037904,-54.39754489
4270,-73.05095214,-54.04806954
4280,-72.82375283,-53.78789091
4290,-72.64512966,-53.57250348
4300,-72.39348673,-53.26871389
4310,-72.07501737,-52.89235088
4320,-71.75306416,-52.52158007
4330,-71.48175006,-52.21807233
4340,-71.3208131,-52.0432195
4350,-71.21497718,-51.93238712
4360,-71.05798983,-51.77245125
4370,-70.90146448,-51.6269309
4380,-70.82985113,-51.589306
4390,-70.82434375,-51.63178639
4400,-70.89116618,-51.7484606
4410,-70.98024477,-51.87251614
4420,-70.91911526,-51.81239867
4430,-70.69881026,-51.56379522
4440,-70.46709586,-51.29150276
4450,-70.16318035,-50.93221555
4460,-69.73583335,-50.44267
4470,-69.33395298,-49.99787212
4480,-69.02859506,-49.67864767
4490,-68.83426153,-49.49761388
4500,-68.75335765,-49.44669331
4510,-68.74108502,-49.46256494
4520,-68.69953688,-49.42895101
4530,-68.49226341,-49.20054889
4540,-68.15503168,-48.82978358
4550,-67.8265451,-48.47523536
4560,-67.57144238,-48.20299403
4570,-67.37287302,-47.98670042
4580,-67.12468141,-47.70918643
4590,-66.78632043,-47.33245203
4600,-66.46462423,-46.97599753
4610,-66.22309916,-46.70454291
4620,-65.97912571,-46.42334569
4630,-65.67551086,-46.06951378
4640,-65.38997527,-45.72684905
4650,-65.10369895,-45.37383145
4660,-64.71594765,-44.90853965
4670,-64.31194942,-44.43430469
4680,-64.04030344,-44.11133065
4690,-63.89195025,-43.91873936
4700,-63.73785497,-43.7089035
4710,-63.52554049,-43.42500701
4720,-63.30389606,-43.1224691
4730,-63.06397685,-42.79656643
4740,-62.75206042,-42.40265052
4750,-62.44192096,-42.03925611
4760,-62.2990574,-41.89477275
4770,-62.3778871,-42.02220166
4780,-62.60513725,-42.33056414
4790,-62.88513169,-42.70837908
4800,-63.16764541,-43.09722811
4810,-63.45287204,-43.49236884
4820,-63.74741243,-43.89277927
4830,-63.99099654,-44.22443204
4840,-64.11777553,-44.41154993
4850,-64.13958745,-44.46565874
4860,-64.06282367,-44.39260897
4870,-63.86592726,-44.1713102
4880,-63.55287006,-43.81339623
4890,-63.17138899,-43.37920454
4900,-62.79266155,-42.95128991
4910,-62.44471006,-42.56180481
4920,-62.10820042,-42.19260185
4930,-61.7869661,-41.85141456
4940,-61.52969271,-41.5908533
4950,-61.37195187,-41.44205484
4960,-61.23950635,-41.31424351
4970,-61.05861836,-41.12308431
4980,-60.79127169,-40.83065557
4990,-60.43813231,-40.44784152
5000,-60.065311,-40.05651981
5010,-59.75842558,-39.75305068
5020,-59.57657406,-39.59467327
5030,-59.45711832,-39.49946442
5040,-59.33074066,-39.38102544
5050,-59.12487513,-39.15619042
5060,-58.77412278,-38.75755221
5070,-58.34518381,-38.26453323
5080,-57.90924945,-37.75884316
5090,-57.4480245,-37.22489915
5100,-56.97710994,-36.68509654
5110,-56.59164692,-36.24241399
5120,-56.31036565,-35.90718742
5130,-56.04489244,-35.57355351
5140,-55.71920014,-35.15894666
5150,-55.29906006,-34.63451739
5160,-54.85434275,-34.08717738
5170,-54.49237458,-33.63997772
5180,-54.20021201,-33.28159994
5190,-53.97923127,-33.01493223
5200,-53.88024464,-32.89335429
5210,-53.8694807,-32.87557404
5220,-53.85782175,-32.86428335
5230,-53.86763369,-32.88885907
5240,-53.91501948,-32.9701764
5250,-54.00871203,-33.11959939
5260,-54.18872914,-33.37755208
5270,-54.42298849,-33.70213417
5280,-54.67663217,-34.04913771
5290,-54.9024091,-34.36171658
5300,-55.11048961,-34.64171144
5310,-55.30569763,-34.87965369
5320,-55.38437565,-34.9539086
5330,-55.20755559,-34.71979814
5340,-54.82914143,-34.25204947
5350,-54.46241499,-33.79288051
5360,-54.12881047,-33.36816557
5370,-53.75898945,-32.90863101
5380,-53.4364528,-32.5125055
5390,-53.22626491,-32.25252321
5400,-53.07318175,-32.07143533
5410,-52.96873291,-31.96564343
5420,-52.99993147,-32.02800029
5430,-53.19957149,-32.28223608
5440,-53.45689251,-32.59489723
5450,-53.64320346,-32.82006297
5460,-53.80005258,-32.99904669
5470,-53.94092673,-33.13868052
5480,-53.95837755,-33.12197777
5490,-53.80424826,-32.90956096
5500,-53.55952114,-32.60661948
5510,-53.39630776,-32.41128434
5520,-53.33590927,-32.34904785
5530,-53.32830627,-32.36783371
5540,-53.43404672,-32.53511258
5550,-53.64821827,-32.84186564
5560,-53.93373169,-33.23951008
5570,-54.31227766,-33.73714486
5580,-54.72199547,-34.24675334
5590,-54.9861772,-34.56326421
5600,-55.01805942,-34.59702938
5610,-54.81081922,-34.35771849
5620,-54.49467668,-34.00670165
5630,-54.26015168,-33.75680968
5640,-54.14762408,-33.64228299
5650,-54.10901152,-33.59899727
5660,-53.98175313,-33.44725032
5670,-53.72395442,-33.1522323
5680,-53.46804605,-32.86953086
5690,-53.27250376,-32.66527591
5700,-53.15688513,-32.55753153
5710,-53.10747202,-32.52513496
5720,-53.07842291,-32.51217003
5730,-53.04355734,-32.48369288
5740,-52.9942508,-32.42338023
5750,-52.89314458,-32.28611752
5760,-52.67991759,-32.0088425
5770,-52.37487578,-31.62145408
5780,-52.05321082,-31.21262616
5790,-51.76002876,-30.83462525
5800,-51.47450259,-30.46963093
5810,-51.2088233,-30.14006528
5820,-50.99801086,-29.89160047
5830,-50.9239533,-29.81455719
5840,-51.00548177,-29.9230781
5850,-51.13396548,-30.0940398
5860,-51.2681788,-30.28463435
5870,-51.43263525,-30.52287979
5880,-51.67420245,-30.85418336
5890,-51.9715622,-31.24408309
5900,-52.23415637,-31.58514335
5910,-52.39261188,-31.79946756
5920,-52.45464657,-31.89590238
5930,-52.45591066,-31.91286769
5940,-52.36781598,-31.82162724
5950,-52.1555522,-31.59567238
5960,-51.89122204,-31.32772406
5970,-51.71777746,-31.17534513
5980,-51.72532994,-31.22139387
5990,-51.80457525,-31.32627812
6000,-51.74849763,-31.25626718
6010,-51.5143844,-30.97037597
6020,-51.18563758,-30.56911826
6030,-50.81522779,-30.11845414
6040,-50.42600374,-29.64882938
6050,-50.10370003,-29.25510401
6060,-49.85288801,-28.94088042
6070,-49.57657293,-28.60545499
6080,-49.32161322,-28.30851449
6090,-49.21000883,-28.18065488
6100,-49.26062169,-28.22686033
6110,-49.34744521,-28.29566918
6120,-49.30623499,-28.21024212
6130,-49.10170245,-27.95121389
6140,-48.88193556,-27.69955478
6150,-48.83998476,-27.66905251
6160,-49.01414612,-27.88833985
6170,-49.28935176,-28.21572226
6180,-49.5415265,-28.50649418
6190,-49.72480022,-28.70762249
6200,-49.83359505,-28.81321865
6210,-49.85359702,-28.8126435
6220,-49.77252057,-28.70536192
6230,-49.63919978,-28.56219834
6240,-49.58427344,-28.53698155
6250,-49.72592956,-28.75463081
6260,-50.05448989,-29.18815173
6270,-50.4451522,-29.68387415
6280,-50.7763179,-30.09821022
6290,-50.99896623,-30.37259526
6300,-51.10068082,-30.49243986
6310,-51.06469284,-30.44427007
6320,-50.89223587,-30.23977836
6330,-50.66649406,-29.97870117
6340,-50.48580423,-29.77065659
6350,-50.33564825,-29.6013515
6360,-50.15182709,-29.40813217
6370,-50.00433696,-29.27314902
6380,-50.03426304,-29.34063953
6390,-50.1846289,-29.52869883
6400,-50.24355237,-29.59893411
6410,-50.10835038,-29.45038726
6420,-49.88779327,-29.21499741
6430,-49.77047588,-29.09853895
6440,-49.73347168,-29.06697263
6450,-49.63070415,-28.95988315
6460,-49.46540545,-28.78839634
6470,-49.33125756,-28.65616971
6480,-49.28336784,-28.61485764
6490,-49.25612188,-28.58437281
6500,-49.11436276,-28.41916617
6510,-48.87106423,-28.14351074
6520,-48.65710081,-27.90648546
6530,-48.51102511,-27.74881525
6540,-48.39169166,-27.62120426
6550,-48.30427412,-27.5247382
6560,-48.21686363,-27.42236156
6570,-48.04546288,-27.22797187
6580,-47.83013893,-26.99467869
6590,-47.6919355,-26.85806248
6600,-47.6423173,-26.82717033
6610,-47.61025143,-26.82091657
6620,-47.60990823,-26.85216216
6630,-47.63210825,-26.90786329
6640,-47.61891264,-26.92347789
6650,-47.59992673,-26.92856051
6660,-47.59837734,-26.94265193
6670,-47.5380908,-26.87953443
6680,-47.35191295,-26.67288302
6690,-47.09606554,-26.39551123
6700,-46.87363883,-26.16657261
6710,-46.7316221,-26.03627817
6720,-46.66703872,-25.99382596
6730,-46.64660525,-25.99366929
6740,-46.60226315,-25.95688001
6750,-46.44499411,-25.79151544
6760,-46.2089366,-25.54514436
6770,-46.04687116,-25.38507647
6780,-45.97795359,-25.32042427
6790,-45.89656274,-25.22879821
6800,-45.69635403,-24.99917589
6810,-45.37489492,-24.64274377
6820,-45.11998239,-24.37246497
6830,-44.98801566,-24.24377834
6840,-44.90438352,-24.16772419
6850,-44.81981884,-24.08898456
6860,-44.67442593,-23.94601007
6870,-44.53430398,-23.81384379
6880,-44.47188537,-23.76733448
6890,-44.41417197,-23.72189636
6900,-44.28495631,-23.59767468
6910,-44.12318251,-23.4445978
6920,-43.9942218,-23.33631405
6930,-43.93290787,-23.3058214
6940,-43.91871691,-23.32359284
6950,-43.85822252,-23.28562227
6960,-43.71878677,-23.16086817
6970,-43.5822568,-23.04165539
6980,-43.4872783,-22.96647384
6990,-43.40581895,-22.89867916
7000,-43.2955495,-22.78807898
7010,-43.1337179,-22.60895773
7020,-42.91958797,-22.36250429
7030,-42.65466952,-22.05560576
7040,-42.36634906,-21.72384994
7050,-42.12005715,-21.44027628
7060,-41.94484062,-21.23313479
7070,-41.7896953,-21.04388123
7080,-41.61278282,-20.82937403
7090,-41.42733958,-20.60992543
7100,-41.26434349,-20.42547293
7110,-41.14398599,-20.30512984
7120,-41.08502903,-20.27726059
7130,-41.1457003,-20.40613779
7140,-41.41657667,-20.77417409
7150,-41.86356167,-21.3150337
7160,-42.22229708,-21.72026612
7170,-42.27981042,-21.76301717
7180,-42.0948311,-21.52925498
7190,-41.83816515,-21.22579443
7200,-41.63118109,-20.99716404
7210,-41.54190622,-20.92170377
7220,-41.60141564,-21.02991298
7230,-41.79933655,-21.30032657
7240,-42.08286214,-21.66192458
7250,-42.36690125,-22.01093935
7260,-42.55952167,-22.24395703
7270,-42.62777836,-22.33075805
7280,-42.61682436,-22.3301826
7290,-42.59831395,-22.32669164
7300,-42.6374203,-22.3900021
7310,-42.75291229,-22.5317354
7320,-42.87794979,-22.67088405
7330,-42.91876698,-22.70624256
7340,-42.86611305,-22.63466353
7350,-42.80658039,-22.55733841
7360,-42.78800676,-22.53055659
7370,-42.74660636,-22.49159899
7380,-42.72840669,-22.50171983
7390,-42.84198049,-22.68553193
7400,-43.11658037,-23.06514268
7410,-43.57664895,-23.6418518
7420,-44.13544801,-24.29485514
7430,-44.40855267,-24.60173721
7440,-44.31594984,-24.501168
7450,-44.23205981,-24.42042167
7460,-44.28276079,-24.49267197
7470,-44.38200972,-24.61669575
7480,-44.45558041,-24.71207191
7490,-44.50755471,-24.78424626
7500,-44.61140953,-24.90848553
7510,-44.74559087,-25.05632887
7520,-44.73016746,-25.04116659
7530,-44.59050285,-24.9138844
7540,-44.59813588,-24.98082707
7550,-44.8706854,-25.35484032
7560,-45.29569792,-25.88803351
7570,-45.66118126,-26.33507582
7580,-45.82675913,-26.54744946
7590,-45.84031361,-26.58948531
7600,-45.84794805,-26.62570807
7610,-45.89527162,-26.70360978
7620,-45.88823346,-26.72264733
7630,-45.81352818,-26.67786031
7640,-45.78724041,-26.70114507
7650,-45.87490407,-26.85734544
7660,-46.04017717,-27.09364131
7670,-46.18672657,-27.294413
7680,-46.22860936,-27.36363768
7690,-46.15191048,-27.29122727
7700,-45.99806559,-27.12982161
7710,-45.82078977,-26.9436555
7720,-45.66409325,-26.78250866
7730,-45.54369255,-26.66170576
7740,-45.44295434,-26.5612484
7750,-45.33024315,-26.44825777
7760,-45.20443697,-26.32530831
7770,-45.12147592,-26.25222567
7780,-45.10925123,-26.25214142
7790,-45.09259804,-26.24007108
7800,-44.96783915,-26.1102348
7810,-44.81109426,-25.95538574
7820,-44.7864906,-25.951598
7830,-44.85372569,-26.04437174
7840,-44.8809837,-26.08574748
7850,-44.85041877,-26.05666885
7860,-44.83161082,-26.03146288
7870,-44.7864546,-25.96947334
7880,-44.60962593,-25.76964019
7890,-44.37646055,-25.5345062
7900,-44.31561707,-25.52037786
7910,-44.50341839,-25.79557611
7920,-44.80721188,-26.19509885
7930,-45.07745667,-26.54669156
7940,-45.19169473,-26.72063556
7950,-45.21002615,-26.79040488
7960,-45.2676169,-26.90335571
7970,-45.31193849,-26.99957622
7980,-45.26746144,-27.00180055
7990,-45.19605407,-26.98351192
8000,-45.2067593,-27.05874484
8010,-45.29464836,-27.20720079
8020,-45.33693827,-27.28258212
8030,-45.23643286,-27.17676055
8040,-44.99425428,-26.89669423
8050,-44.65725155,-26.50154123
8060,-44.2721403,-26.05020574
8070,-43.88344137,-25.59845767
8080,-43.53073694,-25.19485572
8090,-43.2437743,-24.87431075
8100,-43.03615997,-24.65115414
8110,-42.89822747,-24.51345916
8120,-42.79267752,-24.42159294
8130,-42.70356639,-24.36263904
8140,-42.66996381,-24.38220757
8150,-42.74035402,-24.52817188
8160,-42.91811056,-24.78999516
8170,-43.12460096,-25.06551821
8180,-43.23102396,-25.20615112
8190,-43.16763943,-25.1383399
8200,-42.98200494,-24.91954245
8210,-42.75318809,-24.64030291
8220,-42.48014862,-24.30294592
8230,-42.14650696,-23.89659429
8240,-41.81803031,-23.50217721
8250,-41.54807349,-23.18486018
8260,-41.33910674,-22.95037946
8270,-41.25798676,-22.87035358
8280,-41.29637614,-22.9299537
8290,-41.33750198,-23.00049887
8300,-41.39334762,-23.09757164
8310,-41.51303892,-23.27392693
8320,-41.67228334,-23.49861227
8330,-41.81997875,-23.71383254
8340,-41.96127129,-23.92593453
8350,-42.07195976,-24.10906481
8360,-42.18459143,-24.29721516
8370,-42.32579207,-24.5137742
8380,-42.41791821,-24.67041347
8390,-42.42846042,-24.73235076
8400,-42.40573112,-24.75084199
8410,-42.37427944,-24.74776349
8420,-42.26449161,-24.64638169
8430,-42.03747582,-24.40864669
8440,-41.77552843,-24.12933474
8450,-41.54577196,-23.88092104
8460,-41.26905322,-23.57716965
8470,-40.94625914,-23.22483106
8480,-40.64187345,-22.90104937
8490,-40.3505855,-22.60399948
8500,-40.11085623,-22.37690081
8510,-39.98778977,-22.28754237
8520,-39.88465814,-22.2243021
8530,-39.7713355,-22.15062223
8540,-39.70430516,-22.12312839
8550,-39.54836182,-21.99488567
8560,-39.27362602,-21.74515883
8570,-39.03003149,-21.54275675
8580,-38.90903055,-21.47627903
8590,-38.8482449,-21.46212706
8600,-38.64652835,-21.27919626
8610,-38.25491434,-20.88635801
8620,-37.85878279,-20.49284558
8630,-37.57184704,-20.21346389
8640,-37.2764868,-19.90876863
8650,-36.84478664,-19.44231548
8660,-36.28580404,-18.83701708
8670,-35.72055478,-18.23404125
8680,-35.25716582,-17.75008359
8690,-34.86305871,-17.34393658
8700,-34.45229394,-16.91861353
8710,-34.03864295,-16.48896512
8720,-33.64899692,-16.08337503
8730,-33.20675723,-15.61977751
8740,-32.7507073,-15.14558206
8750,-32.3524081,-14.73746973
8760,-31.99603658,-14.37048024
8770,-31.66931957,-14.02322969
8780,-31.28385342,-13.59625441
8790,-30.79288624,-13.04238933
8800,-30.27275448,-12.4497218
8810,-29.76371703,-11.86603919
8820,-29.21447739,-11.24278533
8830,-28.68435148,-10.65284971
8840,-28.31254259,-10.2437555
8850,-28.06356246,-9.963582589
8860,-27.81138801,-9.669971677
8870,-27.46301238,-9.267061542
8880,-27.09097108,-8.840776687
8890,-26.83251987,-8.541097544
8900,-26.57928309,-8.250633943
8910,-26.26199478,-7.903961392
8920,-26.04381395,-7.685950493
8930,-25.96778965,-7.640354312
8940,-25.93124948,-7.654453934
8950,-25.90953372,-7.705701024
8960,-25.96323723,-7.861130548
8970,-26.14083738,-8.163904022
8980,-26.38312119,-8.533743451
8990,-26.58550099,-8.84470014
9000,-26.65939381,-8.994832152
9010,-26.60097838,-8.977905816
9020,-26.4474792,-8.833273788
9030,-26.13760244,-8.499853689
9040,-25.64548165,-7.965549551
9050,-25.11678593,-7.40547422
9060,-24.71493507,-6.999913197
9070,-24.43516415,-6.733727418
9080,-24.21150357,-6.525569838
9090,-23.94668705,-6.268070881
9100,-23.60339009,-5.925742367
9110,-23.28860411,-5.616087752
9120,-23.06588277,-5.398517955
9130,-22.827581,-5.144961436
9140,-22.48282822,-4.754445366
9150,-22.02988025,-4.232521882
9160,-21.48397787,-3.609346974
9170,-20.93575368,-2.995463486
9180,-20.50612758,-2.523741474
9190,-20.22765206,-2.221250009
9200,-19.98405139,-1.954683788
9210,-19.69282392,-1.637299819
9220,-19.40267075,-1.329034115
9230,-19.16589373,-1.089949795
9240,-19.00047871,-0.93819596
9250,-18.90550958,-0.867534043
9260,-18.85832857,-0.845796837
9270,-18.81681794,-0.820406039
9280,-18.73140375,-0.734306631
9290,-18.58755001,-0.571947513
9300,-18.40852108,-0.35986705
9310,-18.21488055,-0.118918094
9320,-17.99926535,0.158909056
9330,-17.72124618,0.511873961
9340,-17.3928532,0.914885177
9350,-17.1071069,1.256650123
9360,-16.92914282,1.461852055
9370,-16.87802534,1.509358831
9380,-16.91251198,1.447110082
9390,-17.05826078,1.251993706
9400,-17.29813304,0.951209508
9410,-17.50123941,0.692099952
9420,-17.67599858,0.463533931
9430,-17.82735584,0.257196188
9440,-17.93784071,0.087655913
9450,-18.06797551,-0.113887128
9460,-18.24284611,-0.371975239
9470,-18.4305437,-0.64656435
9480,-18.5851959,-0.885933977
9490,-18.66045643,-1.046316629
9500,-18.66174526,-1.145310398
9510,-18.71247243,-1.320347989
9520,-18.94702288,-1.70051379
9530,-19.2652212,-2.147188519
9540,-19.41335168,-2.366239465
9550,-19.25111927,-2.210425803
9560,-18.80727652,-1.731149806
9570,-18.24867306,-1.12844066
9580,-17.74354338,-0.590384931
9590,-17.3161043,-0.13869718
9600,-16.89738785,0.305491665
9610,-16.43654835,0.796353777
9620,-15.97272032,1.286854271
9630,-15.52394555,1.75454195
9640,-15.07471063,2.214236158
9650,-14.69038214,2.594714624
9660,-14.35564892,2.917196755
9670,-14.0210578,3.240048826
9680,-13.70392612,3.548760218
9690,-13.3593278,3.89598247
9700,-12.93879249,4.333142324
9710,-12.47018492,4.825716208
9720,-11.98838771,5.333059784
9730,-11.50756104,5.838672195
9740,-11.03453765,6.335044042
9750,-10.57393672,6.818359348
9760,-10.12814272,7.288561398
9770,-9.682219749,7.764364143
9780,-9.209918751,8.274340882
9790,-8.707740177,8.819906549
9800,-8.200529887,9.37198866
9810,-7.706973216,9.909458757
9820,-7.215051764,10.44327045
9830,-6.709827607,10.98483837
9840,-6.222020227,11.49513405
9850,-5.800366982,11.91786913
9860,-5.443516519,12.25489538
9870,-5.158833919,12.50255579
9880,-4.965428562,12.65049394
9890,-4.793413836,12.78747478
9900,-4.541271574,13.03051298
9910,-4.166550178,13.42378101
9920,-3.686643601,13.94084695
9930,-3.159997965,14.5105761
9940,-2.655650879,15.05739857
9950,-2.220584711,15.53867516
9960,-1.807299676,16.01426721
9970,-1.267030057,16.64120178
9980,-0.608033219,17.3949009
9990,-0.039195096,18.04187094
10000,0.355051549,18.49845414
10010,0.707239172,18.91653734
10020,1.120967797,19.4085721
10030,1.496895198,19.86527174
10040,1.809595548,20.26024858
10050,2.205911216,20.74610878
10060,2.634839925,21.25238822
10070,2.906883253,21.56617383
10080,3.019883399,21.68849525
10090,3.061798905,21.71881472
10100,3.008786981,21.63504506
10110,2.869515395,21.45284932
10120,2.754365264,21.29343393
10130,2.685741941,21.17600073
10140,2.580591199,21.00655386
10150,2.418593861,20.76464725
10160,2.259580064,20.51776866
10170,2.086755558,20.24956466
10180,1.900483156,19.9652101
10190,1.764063707,19.73521425
10200,1.695591827,19.57615045
10210,1.668256881,19.45670607
10220,1.600812832,19.29493254
10230,1.514346811,19.12842068
10240,1.522592568,19.09060781
10250,1.724584629,19.28657423
10260,2.105742847,19.68867173
10270,2.528220396,20.13839934
10280,2.92373538,20.56311293
10290,3.312569573,20.98944163
10300,3.746940745,21.47233297
10310,4.256797893,22.03683356
10320,4.762232286,22.59049873
10330,5.153326141,23.01563814
10340,5.518094026,23.41213374
10350,5.932739998,23.8605133
10360,6.293624117,24.24644354
10370,6.59509331,24.56749725
10380,6.914682121,24.90938438
10390,7.246647172,25.26449241
10400,7.536945221,25.57501389
10410,7.806386282,25.86762461
10420,8.101178699,26.19572318
10430,8.410377175,26.54746909
10440,8.77360243,26.95965104
10450,9.221265916,27.45078222
10460,9.626148838,27.8705429
10470,9.828939743,28.04984059
10480,9.866181414,28.04546315
10490,9.896314882,28.04401839
10500,10.00586711,28.1437165
10510,10.22349519,28.37100846
10520,10.54222601,28.70750902
10530,10.89570034,29.07017568
10540,11.17590413,29.3381942
10550,11.3423898,29.47513197
10560,11.45372475,29.55722023
10570,11.57265557,29.66241028
10580,11.77683356,29.87941757
10590,12.11256451,30.25469048
10600,12.53530838,30.72976079
10610,13.0218222,31.26656377
10620,13.49858503,31.77397845
10630,13.84821026,32.12454576
10640,14.04538709,32.30160085
10650,14.20571096,32.44068267
10660,14.4547824,32.67757161
10670,14.74929814,32.95871196
10680,15.00463107,33.19217951
10690,15.23073718,33.39401348
10700,15.4913526,33.63584366
10710,15.80513938,33.93576083
10720,16.14423476,34.26120479
10730,16.48903244,34.5904993
10740,16.83807507,34.92327717
10750,17.19676403,35.26733092
10760,17.57061483,35.631085
10770,17.96853742,36.02689878
10780,18.40176847,36.46916169
10790,18.8829184,36.97237953
10800,19.41620873,37.54042147
10810,19.99201064,38.16129351
10820,20.60227549,38.82363944
10830,21.24416872,39.51905473
10840,21.89148013,40.21357642
10850,22.48112242,40.84003296
10860,22.96199914,41.353033
10870,23.4092278,41.84702522
10880,23.95681841,42.47232136
10890,24.59879776,43.21843014
10900,25.28413539,44.0246102
10910,26.00030877,44.87273219
10920,26.71291881,45.7207004
10930,27.3777535,46.51711132
10940,28.01424285,47.27990041
10950,28.61073542,47.98938132
10960,29.12674722,48.59468322
10970,29.53554395,49.06465848
10980,29.76174325,49.32518541
10990,29.84045738,49.43046347
11000,29.92800465,49.55900173
11010,30.13378275,49.82321108
11020,30.41829241,50.16412848
11030,30.647428,50.42290073
11040,30.72432177,50.49423105
11050,30.63938745,50.38043571
11060,30.43388041,50.14261006
11070,30.27758406,49.97410692
11080,30.27975999,49.98850156
11090,30.32591623,50.05269038
11100,30.34954144,50.09156338
11110,30.39376902,50.14833842
11120,30.45331203,50.21028643
11130,30.46120097,50.1997875
11140,30.39136604,50.08796535
11150,30.27100188,49.90658721
11160,30.10237369,49.66131175
11170,29.88431568,49.35646316
11180,29.68344488,49.07093867
11190,29.52455824,48.83473192
11200,29.42594982,48.66761749
11210,29.42514005,48.60657837
11220,29.46353999,48.58549329
11230,29.47630665,48.53867957
11240,29.49832497,48.51245498
11250,29.62832417,48.61907843
11260,29.85716624,48.84799207
11270,30.17058298,49.18046161
11280,30.59663389,49.63994687
11290,31.06964966,50.14676712
11300,31.50817639,50.61009909
11310,31.90094885,51.02099823
11320,32.28877388,51.42692209
11330,32.70592719,51.86639859
11340,33.12981013,52.31586799
11350,33.57279226,52.78782678
11360,34.08678274,53.33125349
11370,34.62123641,53.88357152
11380,35.02356475,54.28567058
11390,35.28158038,54.5450716
11400,35.62636372,54.92608
11410,36.20960672,55.58524194
11420,36.92893502,56.3937555
11430,37.61635635,57.15881477
11440,38.23784314,57.84296816
11450,38.79936203,58.45582067
11460,39.29561999,58.99584746
11470,39.77964627,59.52382813
11480,40.27452196,60.06703028
11490,40.74429069,60.59128647
11500,41.20903918,61.12285807
11510,41.77214387,61.7708857
11520,42.42554368,62.51614608
11530,43.02152379,63.19120468
11540,43.53776161,63.77334454
11550,44.03414044,64.32878082
11560,44.4898212,64.83296511
11570,44.9154471,65.29580242
11580,45.30712637,65.71246854
11590,45.60818593,66.02682753
11600,45.84728111,66.28061002
11610,46.12301594,66.58587444
11620,46.48889722,66.99752854
11630,46.89897401,67.46290328
11640,47.28486629,67.90767129
11650,47.70039085,68.38638756
11660,48.21386235,68.96154007
11670,48.66351383,69.44923369
11680,48.91319785,69.7096125
11690,49.10381793,69.90838035
11700,49.366742,70.18841365
11710,49.67023274,70.50908356
11720,49.94980403,70.79812185
11730,50.17886705,71.03065302
11740,50.38042512,71.23883467
11750,50.61770707,71.49485966
11760,50.93840508,71.84594399
11770,51.33013941,72.26826207
11780,51.7140604,72.66717638
11790,52.00093742,72.94649513
11800,52.16776914,73.09263708
11810,52.29303446,73.20412225
11820,52.4949988,73.41548757
11830,52.82750532,73.78048348
11840,53.25052297,74.24529591
11850,53.68472495,74.71606354
11860,54.07224289,75.12958022
11870,54.40183779,75.47786087
11880,54.71871831,75.81262905
11890,55.09959712,76.21284666
11900,55.50264243,76.62370445
11910,55.83105536,76.93798127
11920,56.05982807,77.13768181
11930,56.21933093,77.26819028
11940,56.44046146,77.4777944
11950,56.81444738,77.86131797
11960,57.23573255,78.29600871
11970,57.63447279,78.70424574
11980,58.06435967,79.14606164
11990,58.47242499,79.56522623
12000,58.87301606,79.97971579
12010,59.35546625,80.48358886
12020,59.85671619,81.00279025
12030,60.30505848,81.46071401
12040,60.7208179,81.88443524
12050,61.16255877,82.34016897
12060,61.65638468,82.85307205
12070,62.15907796,83.37119261
12080,62.65362525,83.87749009
12090,63.08873595,84.32181846
12100,63.50253153,84.75108444
12110,64.05782608,85.3381765
12120,64.65638658,85.96641093
12130,65.17662787,86.50206055
12140,65.66127846,86.99432922
12150,66.14622622,87.48459263
12160,66.59368834,87.93394456
12170,67.01296626,88.35767027
12180,67.48826013,88.85189337
12190,67.96005755,89.35466171
12200,68.4805543,89.92384861
12210,69.14249111,90.65023849
12220,69.82979621,91.39359024
12230,70.42499302,92.02320516
12240,70.87954958,92.49365067
12250,71.24275682,92.87088536
12260,71.63118962,93.29068217
12270,72.06343655,93.77452259
12280,72.58723405,94.36819961
12290,73.20254684,95.0569568
12300,73.75463616,95.66400975
12310,74.13544643,96.08135207
12320,74.3669627,96.34985057
12330,74.66789079,96.71192907
12340,75.15993671,97.28472677
12350,75.63682774,97.8278629
12360,75.92871156,98.15772103
12370,76.11707906,98.37003201
12380,76.30238606,98.57161089
12390,76.48733726,98.75558385
12400,76.58741665,98.82392316
12410,76.52668692,98.69847344
12420,76.34547322,98.43256278
12430,76.15115891,98.14833188
12440,75.98318768,97.88875456
12450,75.78313407,97.59357806
12460,75.53908017,97.26064572
12470,75.30633794,96.96387847
12480,75.16878419,96.80414558
12490,75.18500487,96.84617173
12500,75.37564423,97.1051523
12510,75.69723474,97.52004737
12520,76.06765998,97.98473994
12530,76.41867389,98.40931316
12540,76.64284541,98.66786363
12550,76.64675785,98.6597193
12560,76.472377,98.43853461
12570,76.20335437,98.10286697
12580,75.84553624,97.66426585
12590,75.45353215,97.18874472
12600,75.06118217,96.72028661
12610,74.65887073,96.25481012
12620,74.35967147,95.91380954
12630,74.2280518,95.75228844
12640,74.11442069,95.59103868
12650,73.87863097,95.27346154
12660,73.51930106,94.80339756
12670,73.09086102,94.24600445
12680,72.65538405,93.67138645
12690,72.24760095,93.11560838
12700,71.83053686,92.53811742
12710,71.38640857,91.92578358
12720,70.92086884,91.2948139
12730,70.50535895,90.73358167
12740,70.21901163,90.33522905
12750,70.05024844,90.08997141
12760,70.04393807,90.04411612
12770,70.23162001,90.22099334
12780,70.50516936,90.48961285
12790,70.76141972,90.73054985
12800,70.97231366,90.91181067
12810,71.10753404,91.00476673
12820,71.17217391,91.02519707
12830,71.22878513,91.05098283
12840,71.38209707,91.1962218
12850,71.67780959,91.49899103
12860,72.01135812,91.83333792
12870,72.23173853,92.0346711
12880,72.34018478,92.11455377
12890,72.43773004,92.19152235
12900,72.5751271,92.3234146
12910,72.75988061,92.51841845
12920,72.97613318,92.75713217
12930,73.22995645,93.04200227
12940,73.51142833,93.35676372
12950,73.7424325,93.61396224
12960,73.90701945,93.79770925
12970,74.05424959,93.96172274
12980,74.18004079,94.10036952
12990,74.25760628,94.18466307
13000,74.30974357,94.2384114
13010,74.37256563,94.29543518
13020,74.42086558,94.32024827
13030,74.38260924,94.22967958
13040,74.24478964,94.01008313
13050,74.01958124,93.67813193
13060,73.71549602,93.24847425
13070,73.36326394,92.76411287
13080,73.003972,92.28096639
13090,72.67730052,91.85094696
13100,72.5035177,91.60785194
13110,72.49110964,91.55387555
13120,72.55999459,91.59076395
13130,72.71867942,91.71590118
13140,72.83665352,91.78154055
13150,72.78397409,91.65704852
13160,72.65267261,91.46151064
13170,72.62003669,91.39728114
13180,72.752408,91.53132632
13190,73.02282831,91.82047155
13200,73.34315635,92.15475133
13210,73.59299571,92.39809014
13220,73.7078903,92.4872344
13230,73.73693033,92.4871175
13240,73.80529634,92.53849168
13250,73.97329816,92.69969097
13260,74.19071157,92.90373829
13270,74.36293459,93.04050007
13280,74.41029267,93.02704228
13290,74.33761925,92.88170647
13300,74.24176486,92.72289826
13310,74.22728233,92.66890133
13320,74.33317226,92.75867531
13330,74.50812951,92.9316804
13340,74.69078593,93.11991528
13350,74.89588833,93.33920358
13360,75.14945398,93.61310033
13370,75.42734784,93.90769039
13380,75.67558408,94.15875658
13390,75.84503965,94.31274748
13400,75.93882754,94.37664154
13410,76.00629414,94.40640274
13420,76.07551223,94.43132115
13430,76.12888222,94.43126725
13440,76.14512308,94.38611176
13450,76.13498722,94.31187004
13460,76.14744418,94.26433471
13470,76.21314253,94.27657768
13480,76.28234182,94.29600652
13490,76.33857137,94.31160055
13500,76.43496207,94.38921569
13510,76.62157638,94.58696035
13520,76.94380232,94.94835809
13530,77.42520911,95.48037854
13540,77.97514444,96.06070436
13550,78.38688089,96.4534228
13560,78.52828078,96.52556999
13570,78.46282637,96.36871228
13580,78.39049481,96.22004566
13590,78.41303915,96.20133571
13600,78.54872745,96.33664117
13610,78.88126945,96.71012413
13620,79.41344254,97.30703338
13630,79.96158494,97.91396368
13640,80.36810057,98.36230276
13650,80.68881129,98.72284736
13660,81.0421735,99.12667138
13670,81.46177544,99.60381042
13680,81.88419322,100.0769071
13690,82.25764645,100.482967
13700,82.5923109,100.8265077
13710,82.84877257,101.0602572
13720,82.96261548,101.1171889
13730,82.95589736,101.0303055
13740,82.92430007,100.9125685
13750,82.91684922,100.8210969
13760,82.94083878,100.7640675
13770,83.02672189,100.7758201
13780,83.11057607,100.7936085
13790,83.16975196,100.8063832
13800,83.37538892,101.0073606
13810,83.81129785,101.4785274
13820,84.37330223,102.0914955
13830,84.9358808,102.7025481
13840,85.43368566,103.2425393
13850,85.8791181,103.731987
13860,86.31808087,104.2274654
13870,86.78897941,104.7740481
13880,87.31591832,105.3970417
13890,87.89645765,106.0890593
13900,88.5046437,106.8147767
13910,89.1067342,107.5295312
13920,89.66549155,108.1852809
13930,90.14194743,108.7341273
13940,90.51001801,109.145415
13950,90.76365748,109.4130279
13960,90.91748368,109.5550773
13970,90.99767427,109.6028753
13980,91.02244095,109.5790485
13990,91.01424795,109.5106676
14000,90.99266223,109.422018
14010,90.97352182,109.3331515
14020,90.9728818,109.2642183
14030,91.0049891,109.2331683
14040,91.07970192,109.2529288
14050,91.20407449,109.3330571
14060,91.38722804,109.484776
14070,91.63311131,109.7132492
14080,91.94010654,110.0162692
14090,92.30588675,110.3904455
14100,92.72688534,110.8297967
14110,93.19126625,111.3187539
14120,93.6834801,111.8375287
14130,94.18207795,112.3610712
14140,94.6686889,112.8697542
14150,95.1456974,113.3679364
14160,95.62766577,113.8730991
14170,96.12569573,114.3980862
14180,96.64183499,114.945192
14190,97.17672086,115.5147151
14200,97.72952387,116.1048618
14210,98.29500534,116.7088051
14220,98.8669768,117.3188155
14230,99.4403289,117.9284568
14240,100.0137045,118.5353907
14250,100.5858076,119.1372469
14260,101.1500846,119.7262498
14270,101.7024992,120.2982536
14280,102.2415394,120.8530164
14290,102.7707976,121.3969413
14300,103.3028599,121.9466742
14310,103.8552092,122.5237268
14320,104.4404467,123.1430469
14330,105.0647409,123.8113153
14340,105.7289231,124.5281921
14350,106.4236898,125.2815066
14360,107.1362504,126.055194
14370,107.8538324,126.8334899
14380,108.5655652,127.6032076
14390,109.2649884,128.3565505
14400,109.9484225,129.0893181
14410,110.6155342,129.8013352
14420,111.2702327,130.4971789
14430,111.9171978,131.182185
14440,112.5571769,131.857362
14450,113.1931893,132.5262275
14460,113.8289506,133.1929506
14470,114.4641294,133.8572589
14480,115.1004393,134.521242
14490,115.7399808,135.1873722
14500,116.3827124,135.8558857
14510,117.0308298,136.5295899
14520,117.6844007,137.2091074
14530,118.345671,137.8975688
14540,119.0173075,138.5986292
14550,119.7001635,139.3140072
14560,120.3951413,140.0455818
14570,121.1049956,140.7973165
14580,121.8293574,141.5697173
14590,122.5677967,142.3634164
14600,123.3198591,143.1791981
14610,124.0850148,144.0178964
14620,124.865283,144.8830646
14630,125.66132,145.7764989
14640,126.4723871,146.6979397
14650,127.298873,147.6474743
14660,128.1386157,148.6210515
14670,128.9817837,149.6048337
14680,129.8165134,150.5814458
14690,130.6236526,151.5244911
14700,131.3790274,152.4018278
14710,132.0584204,153.1818529
14720,132.6384027,153.8353713
14730,133.104435,154.345239
14740,133.453545,154.7094761
14750,133.6968169,154.943732
14760,133.8590558,155.0800539
14770,133.9721451,155.1584354
14780,134.0692031,155.2197303
14790,134.1766063,155.2962063
14800,134.3127765,155.4102539
14810,134.4892991,155.575683
14820,134.7096402,155.796377
14830,134.972216,156.0697568
14840,135.2720368,156.3886753
14850,135.5973804,156.7382014
14860,135.9347684,157.1015654
14870,136.2728026,157.4645895
14880,136.6023739,157.8159444
14890,136.9168545,158.1474508
14900,137.2123992,158.4545263
14910,137.4859039,158.7340548
14920,137.7395604,158.9892873
14930,137.9800606,159.228634
14940,138.21267,159.4590852
14950,138.4433099,159.6884315
14960,138.6790098,159.9255066
14970,138.9262031,160.1780776
14980,139.188532,160.4503523
14990,139.4663346,160.7424569
15000,139.7583038,161.0523305
15010,140.0612632,161.3754733
15020,140.3696053,161.7045016
15030,140.6775473,162.0319153
15040,140.9775382,162.3485902
15050,141.2644647,162.6485122
15060,141.5387079,162.9319819
15070,141.8004742,163.1992947
15080,142.0493713,163.4504937
15090,142.288964,163.6902848
15100,142.5230489,163.9237716
15110,142.7582757,164.1591079
15120,143.0005951,164.4032924
15130,143.2529014,164.6595557
15140,143.5168318,164.9294079
15150,143.7900551,165.2098469
15160,144.0699226,165.4974303
15170,144.3558577,165.7907974
15180,144.645191,166.0862075
15190,144.9322587,166.3769039
15200,145.214393,166.6597854
15210,145.4926482,166.9360461
15220,145.7680644,167.2069957
15230,146.0414859,167.4739561
15240,146.3158701,167.7407672
15250,146.5937938,168.010955
15260,146.8784643,168.2888563
15270,147.1738829,168.5797479
15280,147.4824972,168.8872048
15290,147.8071765,169.2152464
15300,148.1516587,169.568639
15310,148.5161735,169.9480821
15320,148.9013632,170.3545306
15330,149.306305,170.7869034
15340,149.7281186,171.2417263
15350,150.1640033,171.7153426
15360,150.6089139,172.2015898
15370,151.0566092,172.6930164
15380,151.5023324,173.1838093
15390,151.9428984,173.6698398
15400,152.3746638,174.1465075
15410,152.7932093,174.6085105
15420,153.1951757,175.0517579
15430,153.5816674,175.4771606
15440,153.9513842,175.8829731
15450,154.3023843,176.2668864
15460,154.6363614,176.6306123
15470,154.9535265,176.9742308
15480,155.2538691,177.2976813
15490,155.53952,177.603292
15500,155.8105581,177.8911895
15510,156.0690859,178.1638013
15520,156.3175734,178.4239179
15530,156.5565122,178.6721863
15540,156.7886252,178.9117394
15550,157.0148087,179.1437289
15560,157.2358156,179.3692993
15570,157.4547027,179.5921534
15580,157.6727322,179.8140101
15590,157.8926233,180.0382011
15600,158.1164976,180.2672215
15610,158.3446524,180.5015243
15620,158.5774678,180.7416246
15630,158.8154641,180.988107
15640,159.0594742,181.24175
15650,159.3084245,181.5011129
15660,159.5610962,181.7645941
15670,159.8161335,182.0304192
15680,160.0718464,182.2964979
15690,160.3285599,182.5629317
15700,160.5843663,182.8274036
15710,160.8390948,183.0896318
15720,161.0925205,183.3493073
15730,161.3440753,183.6059547
15740,161.5951757,183.8614504
15750,161.8447869,184.1152217
15760,162.0973249,184.372876
15770,162.3578567,184.6403603
15780,162.6272601,184.9188277
15790,162.9042883,185.2071591
15800,163.189721,185.5064338
15810,163.4847951,185.8179951
15820,163.7890655,186.1411787
15830,164.0999491,186.4729773
15840,164.4143238,186.8098571
15850,164.7330592,187.1525813
15860,165.0553719,187.4998503
15870,165.3782453,187.8478435
15880,165.7005631,188.1947112
15890,166.018856,188.5360307
15900,166.3310407,188.8689611
15910,166.6344688,189.1901192
15920,166.9281804,189.4982513
15930,167.2106792,189.7918268
15940,167.4816734,190.0710353
15950,167.7471667,190.3430318
15960,168.009745,190.6112368
15970,168.2722248,190.8794288
15980,168.5377924,191.1518023
15990,168.8102249,191.4331217
16000,169.0919974,191.7265641
16010,169.3839431,192.0334364
16020,169.6872983,192.3553297
16030,170.0015825,192.6918092
16040,170.3265682,193.0425392
16050,170.6601173,193.4049509
16060,171.0000208,193.776231
16070,171.3439213,194.1533017
16080,171.6894043,194.5329087
16090,172.031763,194.9090987
16100,172.3677779,195.2777618
16110,172.6930076,195.6337883
16120,173.0060315,195.9756821
16130,173.3094133,196.306288
16140,173.6040794,196.6265441
16150,173.8911238,196.9375739
16160,174.1695611,197.2382909
16170,174.4401615,197.529573
16180,174.7061303,197.8148098
16190,174.9670048,198.093326
16200,175.2220801,198.3642511
16210,175.4725727,198.6288118
16220,175.7200064,198.8884728
16230,175.9639784,199.1426237
16240,176.2038585,199.3904794
16250,176.4407632,199.6333547
16260,176.6759686,199.8727859
16270,176.9083458,200.1078888
16280,177.1430856,200.3449417
16290,177.3818085,200.5861244
16300,177.6262457,200.8338527
16310,177.8783552,201.0908147
16320,178.1404464,201.3600105
16330,178.4154852,201.6450019
16340,178.7028505,201.9453663
16350,179.0017953,202.2605629
16360,179.313759,202.5923237
16370,179.6387272,202.9405197
16380,179.9748642,203.3028555
16390,180.3203434,203.6769191
16400,180.6711064,204.0577793
16410,181.024592,204.4421695
16420,181.3778779,204.826481
16430,181.7273492,205.2064999
16440,182.0730234,205.5819151
16450,182.4151149,205.9524899
16460,182.7519445,206.3158971
16470,183.0791736,206.667033
16480,183.3971088,207.0061645
16490,183.7064672,207.3341151
16500,184.0078553,207.6516749
16510,184.3039878,207.9619734
16520,184.5958286,208.2662993
16530,184.8842043,208.565963
16540,185.1719993,208.864578
16550,185.4626546,209.1662556
16560,185.7582575,209.4735046
16570,186.0592059,209.7869572
16580,186.3659368,210.1073296
16590,186.6789648,210.4354313
16600,186.998954,210.7721857
16610,187.326852,211.118738
16620,187.6618621,211.4742354
16630,188.0030539,211.837747
16640,188.3494524,212.2082748
16650,188.699822,212.5846269
16660,189.0550278,212.9678378
16670,189.4121702,213.3548487
16680,189.7723742,213.7471038
16690,190.1345374,214.1434195
16700,190.4974602,214.5424998
16710,190.8599246,214.942938
16720,191.2206148,215.3431907
16730,191.5782441,215.7416684
16740,191.9291701,216.1342814
16750,192.2732888,216.5208764
16760,192.6085016,216.8990532
16770,192.9344924,217.2682886
16780,193.2511755,217.6282021
16790,193.5542664,217.9739045
16800,193.8426631,218.3041187
16810,194.1172403,218.6196363
16820,194.3770675,218.9191935
16830,194.6210531,219.2013626
16840,194.8477971,219.4644384
16850,195.0575891,219.708603
16860,195.250854,219.9340269
16870,195.4281236,220.1408818
16880,195.5902161,220.3295536
16890,195.7337287,220.4956755
16900,195.8585667,220.6387364
16910,195.9666099,220.7603225
16920,196.0580094,220.8600435
16930,196.132716,220.9373299
16940,196.19259,220.9936897
16950,196.237569,221.0285548
16960,196.2692538,221.0433252
16970,196.289153,221.0394757
16980,196.2984847,221.0184073
16990,196.3022082,220.9858876
17000,196.3037107,220.946177
17010,196.3062264,220.9037915
17020,196.317061,220.8680683
17030,196.3400781,220.8449883
17040,196.3831118,220.8453566
17050,196.4550197,220.8812494
17060,196.5640339,220.9640001
17070,196.7202211,221.1065654
17080,196.9281279,221.3152726
17090,197.1901073,221.5933744
17100,197.5062657,221.940871
17110,197.8699901,222.3497251
17120,198.2703518,222.8068752
17130,198.6961494,223.2988702
17140,199.1359406,223.8119043
17150,199.5808487,224.3348277
17160,200.0209776,224.8552423
17170,200.4469927,225.3614219
17180,200.8500707,225.8422668
17190,201.223858,226.2894356
17200,201.5650758,226.6979168
17210,201.8677327,227.0598096
17220,202.1284337,227.370257
17230,202.3469174,227.6279475
17240,202.5225187,227.8312266
17250,202.655926,227.9801403
17260,202.7493813,228.0767255
17270,202.8047472,228.1230039
17280,202.8273133,228.1251727
17290,202.8243604,228.091929
17300,202.8035587,228.0326662
17310,202.7753375,227.9598823
17320,202.7496381,227.8854903
17330,202.7338425,227.8186067
17340,202.7342327,227.7672403
17350,202.757907,227.7403422
17360,202.8111028,227.7458502
17370,202.8991981,227.790602
17380,203.0267061,227.8802956
17390,203.1954733,228.0175094
17400,203.4059956,228.2031644
17410,203.6590656,228.4383329
17420,203.9520196,228.7202167
17430,204.2818731,229.0457065
17440,204.6474507,229.4135791
17450,205.0456855,229.8205
17460,205.4732653,230.2628506
17470,205.9265051,230.7366079
17480,206.4033878,231.2395489
17490,206.8998282,231.7671817
17500,207.4109951,232.3142128
17510,207.9358734,232.8795508
17520,208.4713315,233.4597312
17530,209.013908,234.0508884
17540,209.561815,234.6509263
17550,210.111286,235.2555207
17560,210.6580087,235.859757
17570,211.2011617,236.4624652
17580,211.7369193,237.0589892
17590,212.2608043,237.6440118
17600,212.7709807,238.215123
17610,213.2633654,238.7674409
17620,213.7372337,239.2997136
17630,214.1900178,239.8085129
17640,214.618633,240.2899237
17650,215.0214133,240.7416552
17660,215.3965016,241.1614589
17670,215.7448388,241.5498104
17680,216.066138,241.905882
17690,216.3578169,242.2264716
17700,216.6204068,242.5119764
17710,216.8563787,242.7649237
17720,217.0664522,242.9859206
17730,217.2532732,243.1777308
17740,217.4177325,243.3413208
17750,217.5602847,243.477512
17760,217.6849495,243.5912566
17770,217.7961691,243.6880023
17780,217.8989945,243.7738607
17790,217.9972562,243.8536239
17800,218.0932786,243.9304503
17810,218.1917122,244.0099831
17820,218.2960885,244.0965238
17830,218.4056053,244.1896276
17840,218.5222376,244.2919947
17850,218.6485088,244.4068204
17860,218.7835382,244.5335017
17870,218.9283767,244.6735428
17880,219.0825407,244.8266898
17890,219.243486,244.9904587
17900,219.4124341,245.1664272
17910,219.5871694,245.3522761
17920,219.7652276,245.54538
17930,219.9460627,245.7451099
17940,220.125285,245.9465901
17950,220.2997578,246.1463885
17960,220.4678215,246.3427173
17970,220.626698,246.53246
17980,220.7745875,246.7134929
17990,220.9075358,246.8813182
18000,221.0229138,247.0329092
18010,221.1197837,247.1670353
18020,221.1952732,247.2801765
18030,221.2481818,247.3704617
18040,221.2775042,247.4359659
18050,221.2782867,247.4702708
18060,221.2488362,247.4703272
18070,221.1874986,247.4327979
18080,221.0906167,247.3518801
18090,220.9539674,247.2209703
18100,220.774423,247.0346363
18110,220.5479554,246.7866172
18120,220.2710308,246.4715139
18130,219.9465957,246.0913307
18140,219.5774081,245.6481034
18150,219.1674859,245.1459635
18160,218.72432,244.5930421
18170,218.2554868,243.9981461
18180,217.7725677,243.3749436
18190,217.2880586,242.7385285
18200,216.8133855,242.1033827
18210,216.3627078,241.4874911
18220,215.951674,240.9108038
18230,215.596118,240.3935461
18240,215.3104608,239.9542697
18250,215.1078493,239.6098912
18260,214.99617,239.37132
18270,214.9811474,239.2468361
18280,215.068408,239.2441076
18290,215.2590081,239.3649223
18300,215.5471248,239.603812
18310,215.926989,239.9545735
18320,216.3904888,240.4082772
18330,216.9267836,240.9529885
18340,217.5257118,241.577513
18350,218.1761351,242.2695963
18360,218.8673428,243.0176591
18370,219.5912737,243.81308
18380,220.3390468,244.6463518
18390,221.1027446,245.5090047
18400,221.8757295,246.39379
18410,222.6511343,247.2927773
18420,223.4220036,248.197361
18430,224.1795347,249.0962264
18440,224.9105763,249.9727436
18450,225.6025653,250.8105448
18460,226.2415115,251.591398
18470,226.8133475,252.2968233
18480,227.3079116,252.912383
18490,227.7134289,253.42186
18500,228.0175074,253.8088426
18510,228.2118432,254.0626588
18520,228.2936435,254.1787871
18530,228.2656985,254.1602567
18540,228.1376963,254.0185306
18550,227.9230268,253.7695468
18560,227.63869,253.4333912
18570,227.2992958,253.0277296
18580,226.9188787,252.5701446
18590,226.5129763,252.0797351
18600,226.0973454,251.5759231
18610,225.6841533,251.0742176
18620,225.2831341,250.5875898
18630,224.9075774,250.1327217
18640,224.5675507,249.7222326
18650,224.2695371,249.3638647
18660,224.0184594,249.0633986
18670,223.813182,248.8188644
18680,223.6496825,248.6243615
18690,223.518312,248.4673842
18700,223.4061174,248.3318868
18710,223.301842,248.2039426
18720,223.1980719,248.0740969
18730,223.089998,247.9359521
18740,222.9715021,247.7821171
18750,222.8405789,247.6103022
18760,222.6981209,247.4218198
18770,222.5485001,247.2220814
18780,222.3985489,247.0192687
18790,222.2519498,246.8182225
18800,222.1146576,246.6263347
18810,221.9937215,246.4519685
18820,221.893737,246.3003987
18830,221.8184296,246.1756796
18840,221.7697133,246.0795215
18850,221.7410382,246.0040187
18860,221.7301041,245.9473185
18870,221.7335943,245.9069098
18880,221.7525602,245.8857142
18890,221.8070614,245.907774
18900,221.8965634,245.9730575
18910,222.0210639,246.0816139
18920,222.1812971,246.2338668
18930,222.3753594,246.4269864
18940,222.5892941,246.6445557
18950,222.8190303,246.8816483
18960,223.0615293,247.1344874
18970,223.3134989,247.3989126
18980,223.5712275,247.6702415
18990,223.8325875,247.9454407
19000,224.0932196,248.2190144
19010,224.3499344,248.4868263
19020,224.6009211,248.7463311
19030,224.8439261,248.9945943
19040,225.0781027,249.2303051
19050,225.3043199,249.4541259
19060,225.5213607,249.6646241
19070,225.7292446,249.8620509
19080,225.931632,250.0508355
19090,226.1304646,250.2337286
19100,226.3295612,250.4157915
19110,226.5331081,250.6026135
19120,226.7457866,250.8003848
19130,226.973102,251.0161438
19140,227.2176586,251.2536488
19150,227.4826875,251.5172003
19160,227.7704031,251.8097613
19170,228.0797267,252.130587
19180,228.4097095,252.47891
19190,228.7597223,252.8540388
19200,229.1277136,253.2534117
19210,229.5077451,253.6700557
19220,229.8951732,254.0983437
19230,230.2849217,254.5320868
19240,230.6711703,254.964355
19250,231.0491673,255.389442
19260,231.4153876,255.8029837
19270,231.7679187,256.2022935
19280,232.1025708,256.5822345
19290,232.416319,256.9390444
19300,232.7074931,257.2704832
19310,232.9761277,257.5761743
19320,233.2202298,257.853518
19330,233.4391768,258.1015393
19340,233.6341201,258.3212502
19350,233.804197,258.5114804
19360,233.9522461,258.6751
19370,234.0796145,258.8133119
19380,234.1855239,258.9251203
19390,234.2727576,259.0134725
19400,234.3444731,259.0816583
19410,234.4022286,259.1312124
19420,234.447608,259.1636915
19430,234.4842925,259.1828753
19440,234.5146221,259.1909428
19450,234.5392154,259.1881612
19460,234.5606402,259.176898
19470,234.5797448,259.1577082
19480,234.5971185,259.1310771
19490,234.6149829,259.0994633
19500,234.6375738,259.0676785
19510,234.6674899,259.0390015
19520,234.7070055,259.0168111
19530,234.7612957,259.0080802
19540,234.8366501,259.0214302
19550,234.9399015,259.06642
19560,235.0786779,259.1536627
19570,235.2618392,259.2951144
19580,235.4961158,259.5001886
19590,235.7859516,259.7755011
19600,236.1354011,260.1268042
19610,236.5442782,260.5547247
19620,237.0093889,261.0560872
19630,237.5261013,261.6255761
19640,238.0861387,262.2531959
19650,238.6793897,262.9263757
19660,239.2950808,263.6312262
19670,239.9198412,264.3504906
19680,240.5368082,265.0628839
19690,241.1304332,265.7487522
19700,241.6863351,266.3901215
19710,242.1929641,266.9726996
19720,242.6461127,267.4906716
19730,243.0445572,267.9420159
19740,243.3872772,268.3249637
19750,243.6768948,268.6421355
19760,243.918448,268.8989686
19770,244.1170422,269.1011605
19780,244.2778532,269.2546497
19790,244.4062789,269.3659448
19800,244.5078099,269.4420297
19810,244.5921695,269.4946992
19820,244.6682859,269.5349022
19830,244.744232,269.5727378
19840,244.8271915,269.6173951
19850,244.9233676,269.6770138
19860,245.0399481,269.7607602
19870,245.1814908,269.874816
19880,245.3514431,270.0240366
19890,245.5542692,270.2140399
19900,245.7919501,270.4472633
19910,246.0636288,270.7226141
19920,246.3649873,271.0348742
19930,246.6915384,271.3784156
19940,247.0365178,271.7450179
19950,247.392113,272.1254319
19960,247.7532715,272.5134625
19970,248.116245,272.9043237
19980,248.4768844,273.2927435
19990,248.8302788,273.6727288
20000,249.1742687,274.0413906
20010,249.5049491,274.3940853
20020,249.8209081,274.7292432
20030,250.1221793,275.0470493
20040,250.410555,275.3497351
20050,250.6880232,275.6398387
20060,250.9546081,275.9179241
20070,251.2140539,276.1887722
20080,251.4687101,276.4556353
20090,251.721256,276.722094
20100,251.975074,276.9923267
20110,252.2302201,277.2668518
20120,252.486932,277.5462828
20130,252.745578,277.831283
20140,253.0069775,278.1227416
20150,253.2703119,278.4195168
20160,253.5360193,278.7204913
20170,253.8058579,279.0252614
20180,254.0720538,279.3223544
20190,254.2976959,279.5691762
20200,254.4781661,279.7616874
20210,254.6199934,279.9093733
20220,254.7532636,280.0478094
20230,254.8804758,280.1800353
20240,255.0047393,280.3095919
20250,255.1256975,280.4361998
20260,255.2427739,280.5594454
20270,255.3572881,280.6809529
20280,255.4709448,280.8026097
20290,255.5839195,280.9245063
20300,255.6944525,281.0445684
20310,255.802511,281.1625766
20320,255.9082381,281.2783679
20330,256.0099076,281.3895899
20340,256.1077175,281.4957956
20350,256.2001919,281.5944995
20360,256.2835901,281.6807764
20370,256.3553475,281.7511304
20380,256.4142093,281.8036394
20390,256.4604409,281.8381854
20400,256.493985,281.854494
20410,256.5162819,281.8541609
20420,256.5305889,281.840933
20430,256.5403611,281.8189051
20440,256.5492646,281.7925657
20450,256.561217,281.7668477
20460,256.5804005,281.7471805
20470,256.6113449,281.7395512
20480,256.6590137,281.7505683
20490,256.7291409,281.7876173
20500,256.826561,281.8569518
20510,256.9552447,281.9637248
20520,257.1146862,282.1080623
20530,257.3049272,282.2908784
20540,257.5270644,282.5141863
20550,257.7827946,282.7804741
20560,258.0707357,283.0886224
20570,258.3876262,283.4353367
20580,258.7322492,283.8192602
20590,259.0998863,284.2348918
20600,259.4857039,284.6763135
20610,259.8826227,285.1349561
20620,260.2825805,285.6009525
20630,260.6790133,286.0661546
20640,261.0662508,286.5232013
20650,261.4379856,286.9639915
20660,261.786974,287.379794
20670,262.1078237,287.7637442
20680,262.3984357,288.1128301
20690,262.6561371,288.4235653
20700,262.8793334,288.6938662
20710,263.0697958,288.9254258
20720,263.2293975,289.120047
20730,263.3601367,289.2796616
20740,263.464154,289.4063508
20750,263.5437514,289.5023755
20760,263.6012856,289.5700878
20770,263.6389971,289.6116902
20780,263.6595841,289.6299362
20790,263.6659072,289.6278532
20800,263.6588804,289.6065504
20810,263.6429647,289.5712218
20820,263.6230721,289.5276502
20830,263.602519,289.4801022
20840,263.5866602,289.4352771
20850,263.5815047,289.4005721
20860,263.5940615,289.3843357
20870,263.6287652,289.3919277
20880,263.6868439,289.4251881
20890,263.7716309,289.4882609
20900,263.8852688,289.5838214
20910,264.0285138,289.7128822
20920,264.2024475,289.8767712
20930,264.4045321,290.0729198
20940,264.633657,290.3003969
20950,264.8926542,290.562483
20960,265.1793148,290.856829
20970,265.4909712,291.1807082
20980,265.8286335,291.535357
20990,266.189805,291.9180682
21000,266.5737158,292.3280068
21010,266.977732,292.7622665
21020,267.3987828,293.2175248
21030,267.8365075,293.6933826
21040,268.2877753,294.1862657
21050,268.7512633,294.6945308
21060,269.2234518,295.2141417
21070,269.702261,295.742683
21080,270.1854176,296.2775118
21090,270.6703221,296.8156471
21100,271.1560071,297.3559128
21110,271.6394364,297.8949241
21120,272.1189175,298.4308775
21130,272.5945013,298.9638862
21140,273.0642987,299.4919858
21150,273.5280006,300.0150142
21160,273.9853475,300.532801
21170,274.4360614,301.0451585
21180,274.8799859,301.5519628
21190,275.314989,302.0508987
21200,275.7426412,302.5435867
21210,276.1612,303.0278019
21220,276.5687277,303.500988
21230,276.965268,303.9624887
21240,277.3472181,304.407459
21250,277.7125271,304.8325293
21260,278.059108,305.2339903
21270,278.3840296,305.6069101
21280,278.6829993,305.9448998
21290,278.9500453,306.2397714
21300,279.1818242,306.4867419
21310,279.377483,306.6842767
21320,279.5389331,306.8344641
21330,279.6714261,306.9435362
21340,279.7821655,307.0202495
21350,279.8805627,307.0761834
21360,279.9746942,307.1219441
21370,280.0749222,307.1711445
21380,280.1946949,307.2409788
21390,280.3456429,307.3465734
21400,280.5394983,307.5029247
21410,280.78461,307.7209434
21420,281.0855266,308.0069728
21430,281.4464669,308.3664716
21440,281.8676886,308.7999022
21450,282.3446403,309.3019915
21460,282.8688407,309.8628881
21470,283.4310313,310.4718409
21480,284.0226546,311.1189404
21490,284.6360622,311.7952383
21500,285.2647487,312.4929237
21510,285.9015474,313.2033934
21520,286.5387147,313.917494
21530,287.1699008,314.6276213
21540,287.790901,315.328401
21550,288.3971064,316.0139854
21560,288.9811602,316.6756273
21570,289.5402412,317.3096022
21580,290.0732323,317.913962
21590,290.5748369,318.4823174
21600,291.0423751,319.0114121
21610,291.4764041,319.5016312
21620,291.8774343,319.9533404
21630,292.2459169,320.3668511
21640,292.5844776,320.7451085
21650,292.8931813,321.088036
21660,293.1722554,321.3959983
21670,293.4256768,321.6734948
21680,293.6560775,321.923532
21690,293.864337,322.1472764
21700,294.0531833,322.3480076
21710,294.2256638,322.5294143
21720,294.3831463,322.6934286
21730,294.529,322.8441888
21740,294.6672931,322.9864529
21750,294.7989065,323.1214294
21760,294.9247806,323.2504474
21770,295.0459717,323.3749737
21780,295.1637129,323.4966315
21790,295.279562,323.6173154
21800,295.3934966,323.7371016
21810,295.5055876,323.856082
21820,295.6161446,323.9744604
21830,295.7237658,324.0904484
21840,295.8269146,324.2020698
21850,295.9239177,324.3071355
21860,296.0128446,324.4031587
21870,296.0925119,324.4885045
21880,296.1611939,324.5609326
21890,296.2181384,324.6192353
21900,296.2623801,324.6620518
21910,296.2926285,324.6877629
21920,296.3091608,324.6965106
21930,296.3142529,324.6906117
21940,296.3065307,324.6685077
21950,296.2858507,324.6302343
21960,296.2556637,324.5798374
21970,296.2179156,324.5197964
21980,296.1746483,324.4528401
21990,296.1279643,324.3818812
22000,296.0821744,324.312229
22010,296.0405075,324.2478431
22020,296.0049499,324.1912051
22030,295.9761631,324.1432479
22040,295.9528916,324.102924
22050,295.9353309,324.0709154
22060,295.9257992,324.0500938
22070,295.9253574,324.0418035
22080,295.9314924,324.0434556
22090,295.9432518,324.0541461
22100,295.9618204,324.0750622
22110,295.9851398,324.1036603
22120,296.0090242,324.1350482
22130,296.0305345,324.1657295
22140,296.0483584,324.1939197
22150,296.0591587,324.2155603
22160,296.0610308,324.2281627
22170,296.0518473,324.2289641
22180,296.0290803,324.2148211
22190,295.9916383,324.1842201
22200,295.9381268,324.135369
22210,295.8687543,324.0682295
22220,295.783734,323.9827186
22230,295.6832949,323.8787086
22240,295.5676698,323.756018
22250,295.4371122,323.6144087
22260,295.2918254,323.4535717
22270,295.1319571,323.2731153
22280,294.9574674,323.0724681
22290,294.7701059,322.853055
22300,294.5696759,322.6142853
22310,294.3574097,322.3573775
22320,294.1362694,322.085648
22330,293.9091905,321.8026218
22340,293.6810789,321.5141764
22350,293.4573159,321.226783
22360,293.2439822,320.9476742
22370,293.0460838,320.6829128
22380,292.8672949,320.4371793
22390,292.7117117,320.2156657
22400,292.5840355,320.0242285
22410,292.4878878,319.867444
22420,292.4256262,319.7483979
22430,292.4001875,319.6707255
22440,292.4112276,319.6344359
22450,292.458403,319.6395007
22460,292.543509,319.688105
22470,292.6650757,319.7787545
22480,292.8196219,319.9077691
22490,293.007153,320.0752949
22500,293.2260321,320.2796575
22510,293.4723529,320.5168589
22520,293.7455463,320.7865623
22530,294.0452488,321.0885486
22540,294.3694046,321.4206896
22550,294.7137451,321.778466
22560,295.0774511,322.1611049
22570,295.4579682,322.5658687
22580,295.8503519,322.9875471
22590,296.2528634,323.4245029
22600,296.6637654,323.874981
22610,297.0813583,324.3371843
22620,297.5020101,324.8071313
22630,297.9216413,325.2803174
22640,298.337521,325.7534789
22650,298.7454288,326.22196
22660,299.1422252,326.6825297
22670,299.5257587,327.1326655
22680,299.8921637,327.5680164
22690,300.2391207,327.9858198
22700,300.5642013,328.3831122
22710,300.8626727,328.7544567
22720,301.1308859,329.0956624
22730,301.3687343,329.4062506
22740,301.5744444,329.6837055
22750,301.744077,329.9230537
22760,301.8750383,330.1206864
22770,301.9664916,330.2746854
22780,302.015697,330.3808164
22790,302.0194996,330.4342448
22800,301.9762645,330.4316238
22810,301.8841493,330.3692043
22820,301.7408846,330.2426943
22830,301.5434038,330.047012
22840,301.2897096,329.7786418
22850,300.9789838,329.4359242
22860,300.6140342,329.0217571
22870,300.2030024,328.5454122
22880,299.75417,328.0171688
22890,299.2775911,327.4496331
22900,298.7879798,326.8609394
22910,298.3019686,326.2712712
22920,297.8349001,325.6991955
22930,297.3966725,325.1571703
22940,296.9966428,324.6570383
22950,296.643971,324.2101887
22960,296.3436091,323.8232102
22970,296.0999055,323.501459
22980,295.9138326,323.247325
22990,295.7867863,323.0632615
23000,295.7209082,322.9522642
23010,295.7153644,322.9137286
23020,295.7678607,322.9450789
23030,295.8744784,323.041552
23040,296.0295594,323.1961114
23050,296.2253313,323.3992179
23060,296.4531264,323.6403219
23070,296.7049341,323.9096862
23080,296.9734808,324.1984888
23090,297.2521705,324.4988439
23100,297.537218,324.806137
23110,297.8240404,325.1150814
23120,298.1109384,325.4238363
23130,298.397755,325.7324143
23140,298.6840748,326.0406364
23150,298.9735249,326.3526148
23160,299.2665757,326.6688939
23170,299.5616875,326.9879243
23180,299.858934,327.3099526
23190,300.1605616,327.637417
23200,300.4675554,327.9711597
23210,300.7772284,328.3079094
23220,301.0884098,328.6460114
23230,301.401985,328.9858793
23240,301.715242,329.3237625
23250,302.0271217,329.6575597
23260,302.3367564,329.9851289
23270,302.6391584,330.2997761
23280,302.9322907,330.5981733
23290,303.213493,330.8765031
23300,303.4810891,331.1323593
23310,303.7366112,331.3671571
23320,303.9811282,331.5823309
23330,304.2168336,331.7813004
23340,304.4491092,331.9716624
23350,304.6894104,332.1680184
23360,304.9487101,332.3846297
23370,305.2354805,332.6332273
23380,305.5594648,332.9269552
23390,305.9303763,333.2787064
23400,306.3541606,333.6970359
23410,306.8323069,334.185433
23420,307.3671619,334.7480667
23430,307.9585151,335.3858109
23440,308.6013391,336.0938409
23450,309.2907602,336.8671105
23460,310.0183705,337.696297
23470,310.7711874,338.5669593
23480,311.5387771,339.467344
23490,312.3097442,340.3844734
23500,313.0735328,341.3061186
23510,313.8186247,342.2187304
23520,314.5342018,343.1093155
23530,315.210474,343.9656495
23540,315.8346483,344.7718807
23550,316.3984066,345.5166683
23560,316.8908717,346.185345
23570,317.2998023,346.7613214
23580,317.6174174,347.2324346
23590,317.8311079,347.5808803
23600,317.9277102,347.788423
23610,317.8990192,347.84276
23620,317.7346133,347.7304874
23630,317.4348521,347.4506978
23640,317.0078661,347.0125035
23650,316.4668301,346.4312355
23660,315.8316186,345.7301208
23670,315.1222239,344.9327177
23680,314.3588557,344.0629336
23690,313.5622604,343.1452764
23700,312.750025,342.2007653
23710,311.9379911,341.2485581
23720,311.1421649,340.3080098
23730,310.374875,339.3944505
23740,309.648083,338.5228831
23750,308.9736378,337.7081557
23760,308.3593005,336.960601
23770,307.8141898,336.2919169
23780,307.3453668,335.711317
23790,306.9554546,335.2229807
23800,306.6479639,334.8318146
23810,306.4241675,334.5394074
23820,306.2819668,334.3440303
23830,306.2178868,334.2417735
23840,306.2245895,334.2243041
23850,306.2939266,334.2823598
23860,306.4188133,334.4078277
23870,306.59154,334.5919407
23880,306.8055105,334.8271849
23890,307.055371,335.1073533
23900,307.3352201,335.4256047
23910,307.6384368,335.7743073
23920,307.9595292,336.1470294
23930,308.2944404,336.5388547
23940,308.6367023,336.9422246
23950,308.9807373,337.3506661
23960,309.3242419,337.7612541
23970,309.6627548,338.1686088
23980,309.9931812,338.5688403
23990,310.312033,338.957639
24000,310.6151074,339.330022
24010,310.901453,339.6845745
24020,311.1700587,340.0197058
24030,311.4198184,340.3336233
24040,311.6495561,340.6243047
24050,311.8580432,340.8894765
24060,312.0439508,341.1266722
24070,312.2035493,341.3309417
24080,312.3338808,341.4985074
24090,312.4370067,341.631298
24100,312.515043,341.7313915
24110,312.5699956,341.8009562
24120,312.6057116,341.8443859
24130,312.6262235,341.8663653
24140,312.6379194,341.8741205
24150,312.6462146,341.8737181
24160,312.653178,341.867673
24170,312.6627533,341.8607839
24180,312.6792443,341.8583421
24190,312.7074039,341.866208
24200,312.7526488,341.8910277
24210,312.8171477,341.9359939
24220,312.9051169,342.006709
24230,313.0214728,342.1095571
24240,313.1679443,342.2474957
24250,313.3484889,342.425986
24260,313.5659487,342.6491993
24270,313.8219464,342.9198114
24280,314.1188724,343.2410677
24290,314.4561855,343.6127304
24300,314.8297576,344.0304201
24310,315.2372703,344.4915229
24320,315.6748006,344.9913662
24330,316.1341327,345.5205302
24340,316.6099981,346.0727862
24350,317.0966238,346.6412454
24360,317.5874799,347.2178586
24370,318.0778066,347.796682
24380,318.5620984,348.3707178
24390,319.0341173,348.9321272
24400,319.4887178,349.4742347
24410,319.9221482,349.9921799
24420,320.3293103,350.4793129
24430,320.7063955,350.9306962
24440,321.0527498,351.3449366
24450,321.3674374,351.7204352
24460,321.6488597,352.0551553
24470,321.8986415,352.3508015
24480,322.1203119,352.6112567
24490,322.317801,352.8408532
24500,322.4933965,353.0421752
24510,322.6514799,353.2201906
24520,322.7949176,353.3782961
24530,322.9266095,353.5201167
24540,323.0517171,353.6518033
24550,323.1740422,353.7780838
24560,323.2978426,353.9042638
24570,323.4258278,354.0340611
24580,323.5629847,354.1737388
24590,323.7132079,354.3282769
24600,323.8791332,354.5011726
24610,324.0640072,354.6965172
24620,324.2678226,354.9147676
24630,324.4906325,355.156389
24640,324.7349277,355.4242935
24650,324.9980075,355.715579
24660,325.2767408,356.026978
24670,325.569626,356.3569909
24680,325.8750982,356.7040013
24690,326.1916933,357.0663677
24700,326.5158933,357.4401529
24710,326.8458649,357.8232008
24720,327.1776456,358.2109951
24730,327.5087664,358.6006282
24740,327.8365951,358.9889062
24750,328.1582697,359.3723112
24760,328.4706321,359.746958
24770,328.7700681,360.1084509
24780,329.0544307,360.4539845
24790,329.3213187,360.7804408
24800,329.5679212,361.084254
24810,329.7929414,361.3635172
24820,329.9948785,361.6160893
24830,330.1718716,361.8394695
24840,330.3236169,362.0329135
24850,330.4496692,362.1955538
24860,330.5492598,362.3262922
24870,330.6231635,362.4259228
24880,330.6719066,362.4951802
24890,330.6976703,362.5368004
24900,330.7047546,362.5559321
24910,330.695931,362.5561843
24920,330.674148,362.5414582
24930,330.6446373,362.5181497
24940,330.6116567,362.4914212
24950,330.5761342,362.4628077
24960,330.541148,362.4361476
24970,330.5084782,362.4136501
24980,330.4805462,362.3979443
24990,330.4565529,362.3879297
25000,330.433706,362.3802692
25010,330.4108817,362.3733294
25020,330.3870274,362.3653878
25030,330.3591275,362.3524808
25040,330.3235887,362.3300865
25050,330.2791511,362.2962555
25060,330.2242924,362.2487626
25070,330.1581486,362.1861244
25080,330.0795153,362.1065645
25090,329.9888082,362.0101254
25100,329.8863064,361.8967752
25110,329.7730961,361.7674719
25120,329.6501052,361.6231423
25130,329.5200849,361.466839
25140,329.3860001,361.3019096
25150,329.2510582,361.1320283
25160,329.1188202,360.9612931
25170,328.9922028,360.793187
25180,328.8743886,360.6315613
25190,328.7688643,360.4806759
25200,328.6796395,360.3453557
25210,328.6093254,360.2288942
25220,328.560944,360.1350626
25230,328.5359032,360.0659956
25240,328.5356648,360.0240427
25250,328.5628044,360.0128689
25260,328.6204254,360.0366977
25270,328.7092336,360.0971873
25280,328.8301124,360.1962828
25290,328.984143,360.3362498
25300,329.1728549,360.5197884
25310,329.3963362,360.7479345
25320,329.6552382,361.0221189
25330,329.9468433,361.3399045
25340,330.2685697,361.6987867
25350,330.6160615,362.0940363
25360,330.9849998,362.5206576
25370,331.3680948,362.9701183
25380,331.7573698,363.432994
25390,332.1451154,363.8999582
25400,332.5227263,364.3606274
25410,332.8826057,364.8056112
25420,333.216027,365.2243232
25430,333.5170156,365.6091765
25440,333.7785844,365.9515478
25450,333.9966527,366.2459896
25460,334.1663461,366.4862732
25470,334.2848508,366.6685358
25480,334.3484953,366.7881973
25490,334.3576702,366.8452768
25500,334.3125259,366.8396488
25510,334.2148853,366.7731717
25520,334.0664796,366.6477281
25530,333.8709194,366.4673064
25540,333.6321884,366.2362559
25550,333.3527011,365.9572398
25560,333.0349344,365.6330919
25570,332.6824529,365.2679208
25580,332.2991869,364.8662726
25590,331.8884334,364.4320889
25600,331.4537423,363.9696833
25610,330.998934,363.4837775
25620,330.528266,362.9796087
25630,330.045477,362.4618992
25640,329.5548654,361.9359517
25650,329.0593324,361.4055397
25660,328.5622879,360.8749291
25670,328.0656971,360.3467588
25680,327.5719787,359.8240485
25690,327.0820445,359.3080668
25700,326.597193,358.8003189
25710,326.1171878,358.3004044
25720,325.6421308,357.8080273
25730,325.1694804,357.3197529
25740,324.6964659,356.8317639
25750,324.2200345,356.339817
25760,323.7366308,355.8390802
25770,323.2441871,355.3262418
25780,322.7402611,354.7975347
25790,322.2229184,354.2497655
25800,321.6895733,353.6791306
25810,321.1409456,353.0854886
25820,320.5776044,352.4686015
25830,320.0009727,351.8294927
25840,319.4114859,351.1682509
25850,318.8133445,350.4894161
25860,318.2107705,349.7978492
25870,317.6099784,349.1009217
25880,317.0175606,348.4066993
25890,316.4415431,347.7250981
25900,315.890858,347.0671742
25910,315.3735142,346.4431091
25920,314.8987483,345.8643982
25930,314.4720841,345.3381341
25940,314.1004199,344.873572
25950,313.7884619,344.4772986
25960,313.5420897,344.1570064
25970,313.362447,343.9151183
25980,313.2512612,343.7545921
25990,313.2079273,343.6757252
26000,313.2323217,343.6790955
26010,313.321142,343.7615066
26020,313.4712824,343.9196711
26030,313.6759815,344.146091
26040,313.9278491,344.4325699
26050,314.2196855,344.7711027
26060,314.54343,345.1527464
26070,314.8931973,345.5708032
26080,315.2627407,346.0179904
26090,315.644385,346.485295
26100,316.0295094,346.9626468
26110,316.4114853,347.4420624
26120,316.7829036,347.9146287
26130,317.1375391,348.372577
26140,317.4683511,348.8072023
26150,317.7693575,349.210928
26160,318.0334831,349.5750803
26170,318.257495,349.8951865
26180,318.437587,350.1661283
26190,318.5713084,350.3842342
26200,318.6555862,350.5452036
26210,318.6896377,350.6472787
26220,318.6722459,350.6882827
26230,318.6047512,350.6688539
26240,318.488467,350.5896223
26250,318.3254924,350.4521163
26260,318.1177653,350.2577061
26270,317.8681793,350.008794
26280,317.5796831,349.7079109
26290,317.2562119,349.3587911
26300,316.9017106,348.965362
26310,316.5221319,348.5339244
26320,316.1237942,348.0713493
26330,315.7133714,347.585136
26340,315.2978974,347.0834573
26350,314.8857443,346.5763082
26360,314.4860019,346.0747062
26370,314.1085989,345.5908021
26380,313.7648574,345.1382914
26390,313.4625872,344.7271688
26400,313.2106767,344.3686899
26410,313.0162062,344.0722663
26420,312.8875221,343.8486389
26430,312.8294291,343.7046272
26440,312.8478689,343.6481485
26450,312.9439722,343.6818408
26460,313.1193859,343.8087851
26470,313.3746734,344.0305674
26480,313.7116311,344.3496548
26490,314.1243748,344.7598398
26500,314.6064977,345.2543283
26510,315.1521746,345.8267574
26520,315.7553876,346.470311
26530,316.4069291,347.1743315
26540,317.096754,347.9273858
26550,317.8165041,348.7198837
26560,318.5567464,349.5411302
26570,319.3109168,350.3835142
26580,320.071798,351.2386452
26590,320.8324446,352.0983471
26600,321.584995,352.9534841
26610,322.3235735,353.7970858
26620,323.0414803,354.6213244
26630,323.734119,355.4206515
26640,324.3962618,356.188836
26650,325.0240025,356.9210455
26660,325.6128423,357.6118207
26670,326.1596014,358.2571601
26680,326.6604714,358.8524536
26690,327.1140574,359.3956562
26700,327.518776,359.8844422
26710,327.8728246,360.3162215
26720,328.1736732,360.6880803
26730,328.4214636,360.9993458
26740,328.61634,361.2495281
26750,328.7573587,361.4369746
26760,328.8430023,361.5595904
26770,328.8751635,361.6191062
26780,328.8557886,361.6173758
26790,328.7868013,361.5563834
26800,328.6699169,361.4381161
26810,328.5095605,361.2676985
26820,328.310507,361.0506969
26830,328.0769409,360.7921555
26840,327.8133919,360.4976118
26850,327.5247943,360.17316
26860,327.2167331,359.8256183
26870,326.8934874,359.4604433
26880,326.559956,359.083755
26890,326.219786,358.7002529
26900,325.8773592,358.3153372
26910,325.5337615,357.9308517
26920,325.1901572,357.5487983
26930,324.848917,357.1724411
26940,324.5131865,356.8056618
26950,324.1818658,356.4476143
26960,323.8537833,356.097336
26970,323.5288191,355.7548249
26980,323.20741,355.4203403
26990,322.8855624,355.0890362
27000,322.5588458,354.7555125
27010,322.2233719,354.4148341
27020,321.8747748,354.0614829
27030,321.5091369,353.6903667
27040,321.1218436,353.2956738
27050,320.7105169,352.8740207
27060,320.2722944,352.4215098
27070,319.8057968,351.9358295
27080,319.3092203,351.4142518
27090,318.782281,350.8557412
27100,318.2243129,350.2589166
27110,317.637389,349.6253079
27120,317.0238632,348.9567555
27130,316.3839367,348.2527536
27140,315.7174171,347.5126189
27150,315.0285206,346.7406374
27160,314.3218119,345.9415071
27170,313.6012089,345.1193123
27180,312.8707207,344.2784487
27190,312.1353936,343.4247267
27200,311.400423,342.5644246
27210,310.6731459,341.7064822
27220,309.961636,340.8608085
27230,309.2738126,340.037317
27240,308.6187207,339.2471724
27250,308.0026637,338.498638
27260,307.4328781,337.8010417
27270,306.9147026,337.1616898
27280,306.4545583,336.5889396
27290,306.0550407,336.0863974
27300,305.7202104,335.6598207
27310,305.4497954,335.3097855
27320,305.2439952,335.0372033
27330,305.1006488,334.8401405
27340,305.0179886,334.7168354
27350,304.9896096,334.6603272
27360,305.0082749,334.6628196
27370,305.0688294,334.718748
27380,305.1659321,334.8222723
27390,305.2939239,334.967159
27400,305.4465358,335.1464907
27410,305.6178505,335.3536927
27420,305.8012816,335.5814554
27430,305.9915269,335.8238152
27440,306.1827792,336.0741761
27450,306.3696823,336.3263169
27460,306.5463536,336.5733335
27470,306.7073584,336.8086419
27480,306.8466956,337.024912
27490,306.958692,337.2150567
27500,307.0368819,337.3710638
27510,307.0770053,337.4871256
27520,307.074329,337.5567731
27530,307.0234655,337.5727967
27540,306.9178431,337.5268763
27550,306.7565514,337.4169072
27560,306.5383681,337.2404212
27570,306.2615418,336.9944771
27580,305.9232992,336.6753293
27590,305.5267054,336.2858183
27600,305.0749346,335.8289406
27610,304.5721454,335.3089176
27620,304.0226472,334.7302486
27630,303.432965,334.1000108
27640,302.8100813,333.425665
27650,302.1588513,332.7124401
27660,301.4842856,331.9659203
27670,300.7935914,331.1942267
27680,300.0948167,330.4063965
27690,299.3939466,329.6092716
27700,298.697479,328.8104104
27710,298.0113561,328.0170817
27720,297.3418686,327.2371985
27730,296.6978038,326.4815345
27740,296.0894326,325.76234
27750,295.5215658,325.0859959
27760,294.9995775,324.4596001
27770,294.529517,323.8910413
27780,294.1187963,323.389455
27790,293.7692596,322.9578112
27800,293.4834816,322.5993338
27810,293.2627132,322.3163233
27820,293.1089895,322.1113118
27830,293.0192857,321.9810524
27840,292.990503,321.9220844
27850,293.0184963,321.9296173
27860,293.0988486,321.998434
27870,293.2258919,322.1218652
27880,293.3933382,322.292627
27890,293.5970974,322.5058463
27900,293.8326093,322.7561396
27910,294.0957801,323.0386064
27920,294.3819081,323.3477644
27930,294.6875453,323.6796333
27940,295.0085688,324.0296494
27950,295.3441975,324.396913
27960,295.6937688,324.780562
27970,296.0546814,325.1776207
27980,296.4238057,325.5846784
27990,296.8004528,326.0010732
28000,297.1838981,326.4260999
28010,297.5733748,326.8590046
28020,297.9680869,327.2989786
28030,298.3672355,327.7451543
28040,298.7700611,328.1966454
28050,299.1748344,328.6514671
28060,299.5795757,329.1073938
28070,299.9830138,329.5630076
28080,300.383701,330.0167035
28090,300.7810239,330.4677477
28100,301.1744442,330.9153871
28110,301.562513,331.357773
28120,301.9436511,331.7928639
28130,302.3161337,332.2184061
28140,302.6779694,332.6318527
28150,303.0278603,333.0314083
28160,303.364267,333.4150232
28170,303.6864199,333.7814474
28180,303.9933888,334.1292806
28190,304.2839856,334.4569526
28200,304.5564533,334.762505
28210,304.8124187,335.0478506
28220,305.0536114,335.3150846
28230,305.281865,335.5665039
28240,305.4991472,335.8046385
28250,305.7075476,336.0322732
28260,305.9093529,336.2524877
28270,306.1070982,336.4686896
28280,306.3037823,336.6847606
28290,306.5008883,336.9029544
28300,306.7002118,337.1258345
28310,306.9029845,337.3552405
28320,307.1109831,337.5934375
28330,307.322505,337.8388575
28340,307.5356023,338.0897
28350,307.7501533,338.3460592
28360,307.9665034,338.6082658
28370,308.1815218,338.8726186
28380,308.3918494,339.1350445
28390,308.5938991,339.3910612
28400,308.7837438,339.6357136
28410,308.9571044,339.8635276
28420,309.1090309,340.0683393
28430,309.2356956,340.2453525
28440,309.3323101,340.3889395
28450,309.3991064,340.4989801
28460,309.4364254,340.5753927
28470,309.4425908,340.6159903
28480,309.4152083,340.6180553
28490,309.35712,340.5846895
28500,309.2716382,340.5193855
28510,309.1595876,340.4228631
28520,309.0216822,340.2957741
28530,308.8595298,340.1397778
28540,308.6748602,339.9566682
28550,308.4695277,339.7483928
28560,308.2455391,339.517067
28570,308.0050793,339.2649882
28580,307.7505947,338.9947045
28590,307.4838102,338.7079666
28600,307.2065603,338.4066705
28610,306.9207925,338.0928733
28620,306.6285809,337.7688149
28630,306.3321267,337.4369376
28640,306.0337774,337.0999152
28650,305.7360329,336.7606773
28660,305.4415809,336.422449
28670,305.1532815,336.0887782
28680,304.8742633,335.7635857
28690,304.6080006,335.451207
28700,304.3585768,335.1566005
28710,304.1277169,334.8821927
28720,303.9173265,334.6306971
28730,303.7295373,334.4051441
28740,303.5669186,334.2090284
28750,303.4305129,334.0442131
28760,303.3216494,333.9128651
28770,303.2410248,333.8164201
28780,303.1897911,333.7566773
28790,303.1666168,333.7326189
28800,303.170217,333.743153
28810,303.198414,333.7860764
28820,303.2492415,333.8592724
28830,303.3189497,333.9584657
28840,303.4035653,334.0789807
28850,303.4978697,334.2146596
28860,303.5959941,334.3586249
28870,303.6933814,334.5053501
28880,303.7849195,334.6486925
28890,303.8657876,334.7828886
28900,303.9302304,334.9013214
28910,303.9764692,335.0017705
28920,304.0025254,335.0817616
28930,304.0061385,335.1385321
28940,303.984559,335.1688671
28950,303.9374791,335.1722454
28960,303.8645746,335.148063
28970,303.7654453,335.0956053
28980,303.6395937,335.0139708
28990,303.4874733,334.9030995
29000,303.3098563,334.7629722
29010,303.1049202,334.590469
29020,302.8705481,334.3820149
29030,302.6053336,334.1345952
29040,302.3075727,333.8447821
29050,301.9751332,333.5086793
29060,301.6048884,333.1215848
29070,301.1985073,332.6843387
29080,300.7561676,332.1965786
29090,300.2834605,331.6646766
29100,299.7857443,331.0950549
29110,299.2744389,330.5011042
29120,298.7625125,329.8978418
29130,298.2586397,329.2956968
29140,297.7724474,328.706268
29150,297.312626,328.1403171
29160,296.8890747,327.6099467
29170,296.5090228,327.124478
29180,296.1807866,326.6944749
29190,295.9098115,326.327558
29200,295.7028533,326.0323125
29210,295.5651712,325.8165947
29220,295.5035379,325.6893056
29230,295.5193139,325.6532318
29240,295.614617,325.7117042
29250,295.7875962,325.8633952
29260,296.0371116,326.1073409
29270,296.3580997,326.4378198
29280,296.745596,326.8488846
29290,297.1897015,327.3289209
29300,297.679179,327.8648926
29310,298.2053908,328.4463909
29320,298.7588924,329.0622439
29330,299.3318866,329.7030674
29340,299.9154228,330.3583024
29350,300.5043359,331.0214364
29360,301.0929323,331.6852966
29370,301.6748586,332.3419748
29380,302.2425127,332.9824516
29390,302.7928416,333.6028828
29400,303.3220696,334.1988199
29410,303.8295987,334.7694179
29420,304.3146295,335.3136834
29430,304.777038,335.8315112
29440,305.2164254,336.3226705
29450,305.635152,336.7903265
29460,306.0354162,337.2371341
29470,306.4191415,337.6654826
29480,306.7887091,338.078164
29490,307.1439228,338.4751797
29500,307.4844065,338.8564342
29510,307.8116564,339.2238823
29520,308.127628,339.5798416
29530,308.4317637,339.9238003
29540,308.7234641,340.2552008
29550,309.0020901,340.573435
29560,309.2669581,340.877838
29570,309.5173298,341.1676811
29580,309.7524128,341.4421617
29590,309.9714014,341.7004005
29600,310.1734778,341.9414764
29610,310.3567347,342.1633391
29620,310.5187932,342.3635736
29630,310.6597995,342.5425898
29640,310.7800157,342.7008855
29650,310.8787882,342.8379756
29660,310.9553645,342.9532693
29670,311.0099594,343.0471404
29680,311.0431187,343.1201302
29690,311.052736,343.1697479
29700,311.0364357,343.1931794
29710,310.9925599,343.1883221
29720,310.9193035,343.1528265
29730,310.8146825,343.0840636
29740,310.6764298,342.9790424
29750,310.5029745,342.8354283
29760,310.2925179,342.6505752
29770,310.0429689,342.4214783
29780,309.7516523,342.1446016
29790,309.4181662,341.8190089
29800,309.0417284,341.4434435
29810,308.6241705,341.0195162
29820,308.1675085,340.548981
29830,307.6728877,340.0326601
29840,307.1412903,339.4712809
29850,306.5754659,338.867618
29860,305.9782999,338.2246508
29870,305.3538485,337.5467964
29880,304.7062214,336.838454
29890,304.0391569,336.1036085
29900,303.3567455,335.3466453
29910,302.6624088,334.5713114
29920,301.9597315,333.7816443
29930,301.2535046,332.9830815
29940,300.5491094,332.1816896
29950,299.8505572,331.3820748
29960,299.1622829,330.5893534
29970,298.4881646,329.8081262
29980,297.8324941,329.0435217
29990,297.1989994,328.3001697
30000,296.5918327,327.5832548
30010,296.0145071,326.8974824
30020,295.4709046,326.2480998
30030,294.9652501,325.6408888
30040,294.5025676,325.0820715
30050,294.0862957,324.5766007
30060,293.7203957,324.1295924
30070,293.4046916,323.7416013
30080,293.1391989,323.4133254
30090,292.9242936,323.1456288
30100,292.761237,322.9399
30110,292.6451996,322.7905219
30120,292.5709969,322.6913558
30130,292.5330839,322.6356879
30140,292.525355,322.6160917
30150,292.5420005,322.6253824
30160,292.5764427,322.6554869
30170,292.6244815,322.7007316
30180,292.6815164,322.7548866
30190,292.7413408,322.8099785
30200,292.7962837,322.8567652
30210,292.8451691,322.8932951
30220,292.8864505,322.9172896
30230,292.920211,322.9282787
30240,292.9463491,322.9256658
30250,292.9654815,322.9097638
30260,292.9778971,322.8807361
30270,292.9865331,322.8418233
30280,292.9945092,322.7965963
30290,293.0051044,322.7489858
30300,293.0217534,322.7032895
30310,293.0490525,322.6652919
30320,293.0921183,322.6414502
30330,293.155676,322.6378918
30340,293.2451969,322.6615579
30350,293.3639787,322.7170677
30360,293.5159066,322.8096808
30370,293.7036032,322.9432474
30380,293.9304343,323.1223119
30390,294.1965395,323.3478787
30400,294.5023276,323.6211996
30410,294.847604,323.9427273
30420,295.2327857,324.3133075
30430,295.6538865,324.7287881
30440,296.1066724,325.1846702
30450,296.5866925,325.6760787
30460,297.0892674,326.1977587
30470,297.6084301,326.7429434
30480,298.1375245,327.3041154
30490,298.6711938,327.8751103
30500,299.2035146,328.4491093
30510,299.7289239,329.0196572
30520,300.2410789,329.5794913
30530,300.7358426,330.1237287
30540,301.2086275,330.6469276
30550,301.6553786,331.1441195
30560,302.0715598,331.6097477
30570,302.4531182,332.0386952
30580,302.7953765,332.4251715
30590,303.0949726,332.7648179
30600,303.347875,333.0526162
30610,303.5523443,333.2860853
30620,303.7062223,333.4623233
30630,303.8089218,333.5801427
30640,303.8596167,333.6381214
30650,303.8582046,333.6356659
30660,303.8042699,333.5719686
30670,303.6990215,333.448126
30680,303.5434485,333.2651569
30690,303.3402626,333.0261334
30700,303.0922175,332.7343107
30710,302.8031605,332.3942563
30720,302.4773075,332.0110276
30730,302.1182092,331.5891312
30740,301.729629,331.1334704
30750,301.3166036,330.6504775
30760,300.8849589,330.147402
30770,300.4383732,329.6291176
30780,299.9811972,329.1011661
30790,299.5154358,328.5665398
30800,299.04348,328.0286063
30810,298.5672272,327.4900598
30820,298.0893221,326.954147
30830,297.608119,326.419248
30840,297.1218924,325.8835778
30850,296.6288511,325.3451687
30860,296.127213,324.8018888
30870,295.6142412,324.2503332
30880,295.0870779,323.6867635
30890,294.5416828,323.1059743
30900,293.9734655,322.502057
30910,293.3793685,321.8705247
30920,292.7560521,321.2063884
30930,292.0987855,320.5030035
30940,291.4016886,319.7526116
30950,290.6638386,318.9528413
30960,289.8838897,318.1009323
30970,289.0609423,317.1945667
30980,288.1933856,316.2308982
30990,287.283789,315.211854
31000,286.3344314,314.1392765
31010,285.3503027,313.0181934
31020,284.3364157,311.853941
31030,283.2997397,310.6543752
31040,282.2474574,309.427936
31050,281.190088,308.1869945
31060,280.139437,306.9453709
31070,279.1046068,305.7141136
31080,278.0957095,304.5055226
31090,277.1219487,303.3310978
31100,276.1938268,302.2037828
31110,275.3191814,301.1337419
31120,274.5071298,300.1324801
31130,273.7642602,299.2086228
31140,273.0987138,298.372205
31150,272.5121951,297.626079
31160,272.0070288,296.9736276
31170,271.5834576,296.4152528
31180,271.2424856,295.9526631
31190,270.9796561,295.5811216
31200,270.7900322,295.2954103
31210,270.6702677,295.0919797
31220,270.6169969,294.9671146
31230,270.6247473,294.9147098
31240,270.6874104,294.9279904
31250,270.8002536,295.0016278
31260,270.9581792,295.1298377
31270,271.1556983,295.3063849
31280,271.386586,295.5243531
31290,271.6467757,295.7792791
31300,271.931679,296.06617
31310,272.2382363,296.3816506
31320,272.5632418,296.7220855
31330,272.9022873,297.0824508
31340,273.2503738,297.457124
31350,273.6038851,297.8420218
31360,273.9587343,298.2325502
31370,274.3124108,298.625758
31380,274.6623269,299.0184437
31390,275.0048136,299.40603
31400,275.3358217,299.7834467
31410,275.6508403,300.1450758
31420,275.9444767,300.4844711
31430,276.2144279,300.7986778
31440,276.457877,301.084232
31450,276.6745974,301.3404238
31460,276.8644722,301.5665206
31470,277.0254164,301.7595588
31480,277.1547201,301.916051
31490,277.251987,302.0352333
31500,277.3163274,302.1160112
31510,277.3504289,302.1613268
31520,277.3572579,302.174414
31530,277.33906,302.1577234
31540,277.2982105,302.1138955
31550,277.2371763,302.0457858
31560,277.1585545,301.956456
31570,277.0662048,301.8503087
31580,276.9646963,301.732379
31590,276.8552101,301.6039995
31600,276.738818,301.4665157
31610,276.6185549,301.323491
31620,276.4979326,301.178946
31630,276.3789408,301.0352077
31640,276.2638288,300.8948867
31650,276.1540998,300.7598059
31660,276.0513815,300.6319771
31670,275.9574139,300.5136179
31680,275.8741366,300.407183
31690,275.8037675,300.3153962
31700,275.7490459,300.2414268
31710,275.7101988,300.1856362
31720,275.6874808,300.1484379
31730,275.6811714,300.1303019
31740,275.6916071,300.1317641
31750,275.7191995,300.1534354
31760,275.7645349,300.1960572
31770,275.8273942,300.2594215
31780,275.9076436,300.3433656
31790,276.0042055,300.4466783
31800,276.115826,300.5679909
31810,276.2420639,300.7068549
31820,276.3824778,300.8627873
31830,276.5366988,301.0352756
31840,276.7044878,301.2238638
31850,276.8835986,301.4259477
31860,277.071198,301.6384571
31870,277.2679603,301.8622131
31880,277.47484,302.0982287
31890,277.6910581,302.3455278
31900,277.9157454,302.603036
31910,278.14788,302.8695631
31920,278.38617,303.1436932
31930,278.6311435,303.4259744
31940,278.8835841,303.7171128
31950,279.1424698,304.0157794
31960,279.4065746,304.3204481
31970,279.6754941,304.6304821
31980,279.9487524,304.9451699
31990,280.2257526,305.2637122
32000,280.5056504,305.5851154
32010,280.7893987,305.9103833
32020,281.0781652,306.2406654
32030,281.3723919,306.5761751
32040,281.6727082,306.9172389
32050,281.9777793,307.2620854
32060,282.2857251,307.6085379
32070,282.5982633,307.9584059
32080,282.9174448,308.3137817
32090,283.2435454,308.6748508
32100,283.5766673,309.0417071
32110,283.9188801,309.4165678
32120,284.2726841,309.8020351
32130,284.6378394,310.1978053
32140,285.0136802,310.6033411
32150,285.4032635,311.0222848
32160,285.81023,311.45883
32170,286.235763,311.9144574
32180,286.6811455,312.3908289
32190,287.1477059,312.8898013
32200,287.636872,313.4134096
32210,288.1513318,313.9650074
32220,288.6945587,314.5486065
32230,289.2656431,315.1633889
32240,289.8634404,315.808394
32250,290.4886615,316.4847294
32260,291.1423659,317.1937786
32270,291.8239342,317.9350064
32280,292.5328633,318.7079275
32290,293.2677696,319.5110011
32300,294.0272793,320.3426263
32310,294.8089781,321.2000214
32320,295.6101377,322.080102
32330,296.428719,322.9805634
32340,297.2624063,323.898846
32350,298.1095946,324.8332213
32360,298.968463,325.7817639
32370,299.8380354,326.7434502
32380,300.7173535,327.7172401
32390,301.6043926,328.7009568
32400,302.49676,329.6921223
32410,303.3937748,330.6901606
32420,304.2948148,331.6945239
32430,305.1982587,332.7035783
32440,306.1022555,333.7154977
32450,307.0057488,334.7293598
32460,307.9076301,335.7441795
32470,308.806726,336.7588994
32480,309.7018396,337.7723821
32490,310.5917952,338.7834043
32500,311.475576,339.7907436
32510,312.3502773,340.7909464
32520,313.2127307,341.7802038
32530,314.0594567,342.7543125
32540,314.886442,343.7085135
32550,315.6911682,344.6396679
32560,316.4707582,345.5442336
32570,317.2229955,346.4193425
32580,317.9452909,347.2617413
32590,318.6356311,348.0688643
32600,319.2914576,348.8376767
32610,319.9127629,349.5679811
32620,320.4994795,350.2595196
32630,321.0514262,350.9119635
32640,321.5681697,351.5248015
32650,322.0511083,352.0995584
32660,322.501851,352.6379338
32670,322.9211879,353.140702
32680,323.3099445,353.6086787
32690,323.6689935,354.0427258
32700,323.999242,354.4437579
32710,324.301594,354.8127437
32720,324.5769175,355.1506627
32730,324.8271367,355.4596301
32740,325.0545051,355.7420575
32750,325.2594947,355.9984415
32760,325.4423825,356.2291926
32770,325.605329,356.4368656
32780,325.7507904,356.624314
32790,325.8805208,356.7936032
32800,325.9965292,356.9470514
32810,326.1000397,357.0861343
32820,326.1924022,357.2124673
32830,326.2751487,357.3278244
32840,326.3501398,357.4342606
32850,326.4174837,357.531899
32860,326.4771819,357.6208106
32870,326.5301461,357.7021271
32880,326.5773957,357.7770912
32890,326.6201205,357.847072
32900,326.6598285,357.9136833
32910,326.6962468,357.9765634
32920,326.7289882,358.0352487
32930,326.7586527,358.0902903
32940,326.7860636,358.1423927
32950,326.8101212,358.1901817
32960,326.8293195,358.2319664
32970,326.8448856,358.2690715
32980,326.858346,358.3030528
32990,326.8694595,358.3334821
33000,326.8778344,358.3598226
33010,326.8839121,358.3825303
33020,326.8880972,358.4020449
33030,326.8918782,358.4199144
33040,326.8971396,358.4379919
33050,326.9030078,358.4551115
33060,326.9081891,358.4698201
33070,326.9140412,358.4836963
33080,326.922064,358.4984792
33090,326.9339594,358.5160917
33100,326.9517795,358.5387607
33110,326.9758412,358.5668126
33120,327.0063878,358.6005588
33130,327.044648,358.6414147
33140,327.0920702,358.6910036
33150,327.149286,358.7500604
33160,327.2169889,358.8194074
33170,327.2959769,358.8999682
33180,327.3872014,358.9928317
33190,327.4906689,359.0981437
33200,327.6062153,359.2159808
33210,327.7356518,359.3485929
33220,327.8812822,359.4986534
33230,328.0427769,359.6659362
33240,328.2196991,359.850169
33250,328.4125539,360.0521532
33260,328.6220371,360.2728637
33270,328.8480339,360.5123462
33280,329.090544,360.7707432
33290,329.3486033,361.0471754
33300,329.6211021,361.3406552
33310,329.9078822,361.6512069
33320,330.2089975,361.9790052
33330,330.5225761,362.3221339
33340,330.8464157,362.6784044
33350,331.1801099,363.0475846
33360,331.5234676,363.429564
33370,331.8744007,363.8221092
33380,332.230567,364.2227279
33390,332.5904488,364.629772
33400,332.9525205,365.0415007
33410,333.3141337,365.4549354
33420,333.6722494,365.8666904
33430,334.0256159,366.2751935
33440,334.3731563,366.6788752
33450,334.710716,367.0727746
33460,335.0332498,367.4511281
33470,335.340068,367.8129298
33480,335.6306214,368.1571595
33490,335.9023779,368.4805227
33500,336.1523241,368.7792384
33510,336.3790256,369.0512454
33520,336.5807468,369.294172
33530,336.7564469,369.5064302
33540,336.9047184,369.6861126
33550,337.0258285,369.8332143
33560,337.1198956,369.94763
33570,337.1879647,370.0302774
33580,337.2310755,370.0821321
33590,337.2501216,370.1042224
33600,337.245674,370.0974426
33610,337.2223133,370.06706
33620,337.1855783,370.0191846
33630,337.1356142,369.9540951
33640,337.0720611,369.8718217
33650,336.9993233,369.7777566
33660,336.9226712,369.67808
33670,336.8441505,369.5753361
33680,336.7661949,369.4724551
33690,336.6895215,369.370533
33700,336.6148483,369.2707467
33710,336.5439651,369.1754922
33720,336.4791131,369.0875494
33730,336.4209925,369.0078716
33740,336.3706854,368.9376956
33750,336.3264918,368.8751824
33760,336.2863595,368.8182162
33770,336.2499456,368.7666291
33780,336.2169346,368.720259
33790,336.1870946,368.6789549
33800,336.1604065,368.6426763
33810,336.1349592,368.6092453
33820,336.1085756,368.5762146
33830,336.0798511,368.5419681
33840,336.0472491,368.5047266
33850,336.0090805,368.4625294
33860,335.9633893,368.4131588
33870,335.9089552,368.3552393
33880,335.844355,368.2871952
33890,335.7690401,368.2083633
33900,335.6824976,368.1180582
33910,335.5831505,368.014435
33920,335.4690647,367.8953365
33930,335.3400645,367.7605235
33940,335.1960357,367.6097719
33950,335.035826,367.4417376
33960,334.8579607,367.25481
33970,334.6627573,367.0493493
33980,334.4506552,366.8257899
33990,334.2211438,366.5835125
34000,333.9735589,366.3217571
34010,333.7081585,366.0407432
34020,333.4253102,365.7407435
34030,333.1244184,365.4209532
34040,332.8046946,365.0803983
34050,332.4662186,364.7190536
34060,332.1090323,364.3368617
34070,331.7330713,363.9337228
34080,331.3380677,363.5093869
34090,330.9257274,363.0657154
34100,330.4981973,362.6048999
34110,330.0548861,362.1260856
34120,329.5948987,361.6281836
34130,329.1191199,361.1121182
34140,328.6284995,360.5788778
34150,328.1240907,360.0295253
34160,327.6070937,359.465258
34170,327.0777534,358.8862802
34180,326.5360934,358.2926771
34190,325.9840401,357.6866781
34200,325.4237904,357.0707798
34210,324.8567563,356.4466344
34220,324.2844907,355.8160485
34230,323.7087434,355.1810027
34240,323.1316143,354.5437793
34250,322.5534363,353.9047152
34260,321.9744396,353.2641115
34270,321.3957972,352.6233665
34280,320.8187956,351.984016
34290,320.2448544,351.3477472
34300,319.6756407,350.7164732
34310,319.1120545,350.0912198
34320,318.5551689,349.4731699
34330,318.0051498,348.8625378
34340,317.4620742,348.2595006
34350,316.927009,347.6653348
34360,316.4012396,347.0815066
34370,315.8852099,346.5085503
34380,315.379437,345.947055
34390,314.8845722,345.3976761
34400,314.4015192,344.8612448
34410,313.9292877,344.3365038
34420,313.4665683,343.8219466
34430,313.0138233,343.3180709
34440,312.5715699,342.8254234
34450,312.1404194,342.3446074
34460,311.7211434,341.8763423
34470,311.3135858,341.4203314
34480,310.9174862,340.9761859
34490,310.5335978,340.5445619
34500,310.1629148,340.1262887
34510,309.8044919,339.7200993
34520,309.4569583,339.3244202
34530,309.1216985,338.940765
34540,308.800333,338.5708625
34550,308.4936624,338.2155369
34560,308.2025611,337.8757006
34570,307.9280151,337.5523677
34580,307.6711683,337.2467194
34590,307.4322181,336.9589758
34600,307.2111574,336.6892819
34610,307.009904,336.4399848
34620,306.8306892,336.2137594
34630,306.6750194,336.0125001
34640,306.5446888,335.8383872
34650,306.4407884,335.6927793
34660,306.3647104,335.5773242
34670,306.3159933,335.4916996
34680,306.2939454,335.4354817
34690,306.2997496,335.4104184
34700,306.334884,335.4185495
34710,306.4001621,335.4611015
34720,306.4968237,335.5396524
34730,306.6233087,335.6527365
34740,306.7777733,335.7986824
34750,306.960273,335.9778822
34760,307.1712234,336.1909952
34770,307.408185,336.4355391
34780,307.6683326,336.7087153
34790,307.9505744,337.0096648
34800,308.2539056,337.3375502
34810,308.5763785,337.6904145
34820,308.9160156,338.0661984
34830,309.269742,338.4615826
34840,309.63414,338.8728826
34850,310.0064533,339.2971494
34860,310.3836775,339.7310975
34870,310.7636926,340.1722212
34880,311.1445585,340.61793
34890,311.5212518,341.0620947
34900,311.8879972,341.4977614
34910,312.2414605,341.9205019
34920,312.5779934,342.3253923
34930,312.8936145,342.7069597
34940,313.1837833,343.058983
34950,313.4454888,343.3767179
34960,313.6753661,343.6549194
34970,313.8677366,343.8855299
34980,314.0151849,344.0593109
34990,314.1115561,344.1702038
35000,314.146227,344.2092977