Gas age [ka BP]	δ13C CO2 [‰ PDB]	δ13C CO2 std dev [±]
0.445	-6.349	0.061
0.446	-6.349	0.061
0.447	-6.349	0.061
0.448	-6.349	0.061
0.449	-6.350	0.061
0.450	-6.350	0.061
0.451	-6.350	0.061
0.452	-6.350	0.061
0.453	-6.350	0.061
0.454	-6.350	0.060
0.455	-6.350	0.060
0.456	-6.350	0.060
0.457	-6.350	0.060
0.458	-6.350	0.060
0.459	-6.350	0.060
0.460	-6.350	0.060
0.461	-6.350	0.060
0.462	-6.350	0.060
0.463	-6.350	0.059
0.464	-6.350	0.059
0.465	-6.350	0.059
0.466	-6.350	0.059
0.467	-6.350	0.059
0.468	-6.350	0.059
0.469	-6.350	0.059
0.470	-6.350	0.059
0.471	-6.350	0.059
0.472	-6.350	0.059
0.473	-6.350	0.058
0.474	-6.350	0.058
0.475	-6.350	0.058
0.476	-6.351	0.058
0.477	-6.351	0.058
0.478	-6.351	0.058
0.479	-6.351	0.058
0.480	-6.351	0.058
0.481	-6.351	0.058
0.482	-6.351	0.058
0.483	-6.351	0.057
0.484	-6.351	0.057
0.485	-6.351	0.057
0.486	-6.351	0.057
0.487	-6.351	0.057
0.488	-6.351	0.057
0.489	-6.351	0.057
0.490	-6.351	0.057
0.491	-6.351	0.057
0.492	-6.351	0.057
0.493	-6.351	0.056
0.494	-6.351	0.056
0.495	-6.351	0.056
0.496	-6.351	0.056
0.497	-6.351	0.056
0.498	-6.351	0.056
0.499	-6.351	0.056
0.500	-6.351	0.056
0.501	-6.351	0.056
0.502	-6.351	0.056
0.503	-6.352	0.056
0.504	-6.352	0.055
0.505	-6.352	0.055
0.506	-6.352	0.055
0.507	-6.352	0.055
0.508	-6.352	0.055
0.509	-6.352	0.055
0.510	-6.352	0.055
0.511	-6.352	0.055
0.512	-6.352	0.055
0.513	-6.352	0.055
0.514	-6.352	0.055
0.515	-6.352	0.054
0.516	-6.352	0.054
0.517	-6.352	0.054
0.518	-6.352	0.054
0.519	-6.352	0.054
0.520	-6.352	0.054
0.521	-6.352	0.054
0.522	-6.352	0.054
0.523	-6.352	0.054
0.524	-6.352	0.054
0.525	-6.352	0.054
0.526	-6.352	0.054
0.527	-6.352	0.053
0.528	-6.352	0.053
0.529	-6.352	0.053
0.530	-6.352	0.053
0.531	-6.352	0.053
0.532	-6.352	0.053
0.533	-6.353	0.053
0.534	-6.353	0.053
0.535	-6.353	0.053
0.536	-6.353	0.053
0.537	-6.353	0.053
0.538	-6.353	0.053
0.539	-6.353	0.052
0.540	-6.353	0.052
0.541	-6.353	0.052
0.542	-6.353	0.052
0.543	-6.353	0.052
0.544	-6.353	0.052
0.545	-6.353	0.052
0.546	-6.353	0.052
0.547	-6.353	0.052
0.548	-6.353	0.052
0.549	-6.353	0.052
0.550	-6.353	0.052
0.551	-6.353	0.052
0.552	-6.353	0.051
0.553	-6.353	0.051
0.554	-6.353	0.051
0.555	-6.353	0.051
0.556	-6.353	0.051
0.557	-6.353	0.051
0.558	-6.353	0.051
0.559	-6.353	0.051
0.560	-6.353	0.051
0.561	-6.353	0.051
0.562	-6.353	0.051
0.563	-6.353	0.051
0.564	-6.353	0.051
0.565	-6.354	0.051
0.566	-6.354	0.050
0.567	-6.354	0.050
0.568	-6.354	0.050
0.569	-6.354	0.050
0.570	-6.354	0.050
0.571	-6.354	0.050
0.572	-6.354	0.050
0.573	-6.354	0.050
0.574	-6.354	0.050
0.575	-6.354	0.050
0.576	-6.354	0.050
0.577	-6.354	0.050
0.578	-6.354	0.050
0.579	-6.354	0.050
0.580	-6.354	0.050
0.581	-6.354	0.049
0.582	-6.354	0.049
0.583	-6.354	0.049
0.584	-6.354	0.049
0.585	-6.354	0.049
0.586	-6.354	0.049
0.587	-6.354	0.049
0.588	-6.354	0.049
0.589	-6.354	0.049
0.590	-6.354	0.049
0.591	-6.354	0.049
0.592	-6.354	0.049
0.593	-6.354	0.049
0.594	-6.354	0.049
0.595	-6.354	0.049
0.596	-6.354	0.049
0.597	-6.354	0.048
0.598	-6.355	0.048
0.599	-6.355	0.048
0.600	-6.355	0.048
0.601	-6.355	0.048
0.602	-6.355	0.048
0.603	-6.355	0.048
0.604	-6.355	0.048
0.605	-6.355	0.048
0.606	-6.355	0.048
0.607	-6.355	0.048
0.608	-6.355	0.048
0.609	-6.355	0.048
0.610	-6.355	0.048
0.611	-6.355	0.048
0.612	-6.355	0.048
0.613	-6.355	0.048
0.614	-6.355	0.047
0.615	-6.355	0.047
0.616	-6.355	0.047
0.617	-6.355	0.047
0.618	-6.355	0.047
0.619	-6.355	0.047
0.620	-6.355	0.047
0.621	-6.355	0.047
0.622	-6.355	0.047
0.623	-6.355	0.047
0.624	-6.355	0.047
0.625	-6.355	0.047
0.626	-6.355	0.047
0.627	-6.355	0.047
0.628	-6.355	0.047
0.629	-6.355	0.047
0.630	-6.355	0.047
0.631	-6.355	0.047
0.632	-6.355	0.046
0.633	-6.355	0.046
0.634	-6.355	0.046
0.635	-6.356	0.046
0.636	-6.356	0.046
0.637	-6.356	0.046
0.638	-6.356	0.046
0.639	-6.356	0.046
0.640	-6.356	0.046
0.641	-6.356	0.046
0.642	-6.356	0.046
0.643	-6.356	0.046
0.644	-6.356	0.046
0.645	-6.356	0.046
0.646	-6.356	0.046
0.647	-6.356	0.046
0.648	-6.356	0.046
0.649	-6.356	0.046
0.650	-6.356	0.046
0.651	-6.356	0.046
0.652	-6.356	0.045
0.653	-6.356	0.045
0.654	-6.356	0.045
0.655	-6.356	0.045
0.656	-6.356	0.045
0.657	-6.356	0.045
0.658	-6.356	0.045
0.659	-6.356	0.045
0.660	-6.356	0.045
0.661	-6.356	0.045
0.662	-6.356	0.045
0.663	-6.356	0.045
0.664	-6.356	0.045
0.665	-6.356	0.045
0.666	-6.356	0.045
0.667	-6.356	0.045
0.668	-6.356	0.045
0.669	-6.356	0.045
0.670	-6.356	0.045
0.671	-6.356	0.045
0.672	-6.356	0.045
0.673	-6.356	0.045
0.674	-6.356	0.044
0.675	-6.357	0.044
0.676	-6.357	0.044
0.677	-6.357	0.044
0.678	-6.357	0.044
0.679	-6.357	0.044
0.680	-6.357	0.044
0.681	-6.357	0.044
0.682	-6.357	0.044
0.683	-6.357	0.044
0.684	-6.357	0.044
0.685	-6.357	0.044
0.686	-6.357	0.044
0.687	-6.357	0.044
0.688	-6.357	0.044
0.689	-6.357	0.044
0.690	-6.357	0.044
0.691	-6.357	0.044
0.692	-6.357	0.044
0.693	-6.357	0.044
0.694	-6.357	0.044
0.695	-6.357	0.044
0.696	-6.357	0.044
0.697	-6.357	0.043
0.698	-6.357	0.043
0.699	-6.357	0.043
0.700	-6.357	0.043
0.701	-6.357	0.043
0.702	-6.357	0.043
0.703	-6.357	0.043
0.704	-6.357	0.043
0.705	-6.357	0.043
0.706	-6.357	0.043
0.707	-6.357	0.043
0.708	-6.357	0.043
0.709	-6.357	0.043
0.710	-6.357	0.043
0.711	-6.357	0.043
0.712	-6.357	0.043
0.713	-6.357	0.043
0.714	-6.357	0.043
0.715	-6.357	0.043
0.716	-6.357	0.043
0.717	-6.357	0.043
0.718	-6.357	0.043
0.719	-6.357	0.043
0.720	-6.358	0.043
0.721	-6.358	0.043
0.722	-6.358	0.043
0.723	-6.358	0.042
0.724	-6.358	0.042
0.725	-6.358	0.042
0.726	-6.358	0.042
0.727	-6.358	0.042
0.728	-6.358	0.042
0.729	-6.358	0.042
0.730	-6.358	0.042
0.731	-6.358	0.042
0.732	-6.358	0.042
0.733	-6.358	0.042
0.734	-6.358	0.042
0.735	-6.358	0.042
0.736	-6.358	0.042
0.737	-6.358	0.042
0.738	-6.358	0.042
0.739	-6.358	0.042
0.740	-6.358	0.042
0.741	-6.358	0.042
0.742	-6.358	0.042
0.743	-6.358	0.042
0.744	-6.358	0.042
0.745	-6.358	0.042
0.746	-6.358	0.042
0.747	-6.358	0.042
0.748	-6.358	0.042
0.749	-6.358	0.042
0.750	-6.358	0.042
0.751	-6.358	0.042
0.752	-6.358	0.041
0.753	-6.358	0.041
0.754	-6.358	0.041
0.755	-6.358	0.041
0.756	-6.358	0.041
0.757	-6.358	0.041
0.758	-6.358	0.041
0.759	-6.358	0.041
0.760	-6.358	0.041
0.761	-6.358	0.041
0.762	-6.358	0.041
0.763	-6.358	0.041
0.764	-6.358	0.041
0.765	-6.358	0.041
0.766	-6.358	0.041
0.767	-6.358	0.041
0.768	-6.358	0.041
0.769	-6.358	0.041
0.770	-6.359	0.041
0.771	-6.359	0.041
0.772	-6.359	0.041
0.773	-6.359	0.041
0.774	-6.359	0.041
0.775	-6.359	0.041
0.776	-6.359	0.041
0.777	-6.359	0.041
0.778	-6.359	0.041
0.779	-6.359	0.041
0.780	-6.359	0.041
0.781	-6.359	0.041
0.782	-6.359	0.041
0.783	-6.359	0.040
0.784	-6.359	0.040
0.785	-6.359	0.040
0.786	-6.359	0.040
0.787	-6.359	0.040
0.788	-6.359	0.040
0.789	-6.359	0.040
0.790	-6.359	0.040
0.791	-6.359	0.040
0.792	-6.359	0.040
0.793	-6.359	0.040
0.794	-6.359	0.040
0.795	-6.359	0.040
0.796	-6.359	0.040
0.797	-6.359	0.040
0.798	-6.359	0.040
0.799	-6.359	0.040
0.800	-6.359	0.040
0.801	-6.359	0.040
0.802	-6.359	0.040
0.803	-6.359	0.040
0.804	-6.359	0.040
0.805	-6.359	0.040
0.806	-6.359	0.040
0.807	-6.359	0.040
0.808	-6.359	0.040
0.809	-6.359	0.040
0.810	-6.359	0.040
0.811	-6.359	0.040
0.812	-6.359	0.040
0.813	-6.359	0.040
0.814	-6.359	0.040
0.815	-6.359	0.040
0.816	-6.359	0.040
0.817	-6.359	0.040
0.818	-6.359	0.040
0.819	-6.359	0.039
0.820	-6.359	0.039
0.821	-6.359	0.039
0.822	-6.359	0.039
0.823	-6.359	0.039
0.824	-6.359	0.039
0.825	-6.359	0.039
0.826	-6.359	0.039
0.827	-6.359	0.039
0.828	-6.360	0.039
0.829	-6.360	0.039
0.830	-6.360	0.039
0.831	-6.360	0.039
0.832	-6.360	0.039
0.833	-6.360	0.039
0.834	-6.360	0.039
0.835	-6.360	0.039
0.836	-6.360	0.039
0.837	-6.360	0.039
0.838	-6.360	0.039
0.839	-6.360	0.039
0.840	-6.360	0.039
0.841	-6.360	0.039
0.842	-6.360	0.039
0.843	-6.360	0.039
0.844	-6.360	0.039
0.845	-6.360	0.039
0.846	-6.360	0.039
0.847	-6.360	0.039
0.848	-6.360	0.039
0.849	-6.360	0.039
0.850	-6.360	0.039
0.851	-6.360	0.039
0.852	-6.360	0.039
0.853	-6.360	0.039
0.854	-6.360	0.039
0.855	-6.360	0.039
0.856	-6.360	0.039
0.857	-6.360	0.039
0.858	-6.360	0.039
0.859	-6.360	0.038
0.860	-6.360	0.038
0.861	-6.360	0.038
0.862	-6.360	0.038
0.863	-6.360	0.038
0.864	-6.360	0.038
0.865	-6.360	0.038
0.866	-6.360	0.038
0.867	-6.360	0.038
0.868	-6.360	0.038
0.869	-6.360	0.038
0.870	-6.360	0.038
0.871	-6.360	0.038
0.872	-6.360	0.038
0.873	-6.360	0.038
0.874	-6.360	0.038
0.875	-6.360	0.038
0.876	-6.360	0.038
0.877	-6.360	0.038
0.878	-6.360	0.038
0.879	-6.360	0.038
0.880	-6.360	0.038
0.881	-6.360	0.038
0.882	-6.360	0.038
0.883	-6.360	0.038
0.884	-6.360	0.038
0.885	-6.360	0.038
0.886	-6.360	0.038
0.887	-6.360	0.038
0.888	-6.360	0.038
0.889	-6.360	0.038
0.890	-6.360	0.038
0.891	-6.360	0.038
0.892	-6.360	0.038
0.893	-6.360	0.038
0.894	-6.360	0.038
0.895	-6.360	0.038
0.896	-6.360	0.038
0.897	-6.360	0.038
0.898	-6.361	0.038
0.899	-6.361	0.038
0.900	-6.361	0.038
0.901	-6.361	0.038
0.902	-6.361	0.038
0.903	-6.361	0.038
0.904	-6.361	0.038
0.905	-6.361	0.037
0.906	-6.361	0.037
0.907	-6.361	0.037
0.908	-6.361	0.037
0.909	-6.361	0.037
0.910	-6.361	0.037
0.911	-6.361	0.037
0.912	-6.361	0.037
0.913	-6.361	0.037
0.914	-6.361	0.037
0.915	-6.361	0.037
0.916	-6.361	0.037
0.917	-6.361	0.037
0.918	-6.361	0.037
0.919	-6.361	0.037
0.920	-6.361	0.037
0.921	-6.361	0.037
0.922	-6.361	0.037
0.923	-6.361	0.037
0.924	-6.361	0.037
0.925	-6.361	0.037
0.926	-6.361	0.037
0.927	-6.361	0.037
0.928	-6.361	0.037
0.929	-6.361	0.037
0.930	-6.361	0.037
0.931	-6.361	0.037
0.932	-6.361	0.037
0.933	-6.361	0.037
0.934	-6.361	0.037
0.935	-6.361	0.037
0.936	-6.361	0.037
0.937	-6.361	0.037
0.938	-6.361	0.037
0.939	-6.361	0.037
0.940	-6.361	0.037
0.941	-6.361	0.037
0.942	-6.361	0.037
0.943	-6.361	0.037
0.944	-6.361	0.037
0.945	-6.361	0.037
0.946	-6.361	0.037
0.947	-6.361	0.037
0.948	-6.361	0.037
0.949	-6.361	0.037
0.950	-6.361	0.037
0.951	-6.361	0.037
0.952	-6.361	0.037
0.953	-6.361	0.037
0.954	-6.361	0.037
0.955	-6.361	0.037
0.956	-6.361	0.037
0.957	-6.361	0.037
0.958	-6.361	0.037
0.959	-6.361	0.036
0.960	-6.361	0.036
0.961	-6.361	0.036
0.962	-6.361	0.036
0.963	-6.361	0.036
0.964	-6.361	0.036
0.965	-6.361	0.036
0.966	-6.361	0.036
0.967	-6.361	0.036
0.968	-6.361	0.036
0.969	-6.361	0.036
0.970	-6.361	0.036
0.971	-6.361	0.036
0.972	-6.361	0.036
0.973	-6.361	0.036
0.974	-6.361	0.036
0.975	-6.361	0.036
0.976	-6.361	0.036
0.977	-6.361	0.036
0.978	-6.361	0.036
0.979	-6.361	0.036
0.980	-6.361	0.036
0.981	-6.361	0.036
0.982	-6.361	0.036
0.983	-6.361	0.036
0.984	-6.361	0.036
0.985	-6.361	0.036
0.986	-6.361	0.036
0.987	-6.361	0.036
0.988	-6.361	0.036
0.989	-6.362	0.036
0.990	-6.362	0.036
0.991	-6.362	0.036
0.992	-6.362	0.036
0.993	-6.362	0.036
0.994	-6.362	0.036
0.995	-6.362	0.036
0.996	-6.362	0.036
0.997	-6.362	0.036
0.998	-6.362	0.036
0.999	-6.362	0.036
1.000	-6.362	0.036
1.001	-6.362	0.036
1.002	-6.362	0.036
1.003	-6.362	0.036
1.004	-6.362	0.036
1.005	-6.362	0.036
1.006	-6.362	0.036
1.007	-6.362	0.036
1.008	-6.362	0.036
1.009	-6.362	0.036
1.010	-6.362	0.036
1.011	-6.362	0.036
1.012	-6.362	0.036
1.013	-6.362	0.036
1.014	-6.362	0.036
1.015	-6.362	0.036
1.016	-6.362	0.036
1.017	-6.362	0.036
1.018	-6.362	0.036
1.019	-6.362	0.036
1.020	-6.362	0.036
1.021	-6.362	0.036
1.022	-6.362	0.036
1.023	-6.362	0.036
1.024	-6.362	0.035
1.025	-6.362	0.035
1.026	-6.362	0.035
1.027	-6.362	0.035
1.028	-6.362	0.035
1.029	-6.362	0.035
1.030	-6.362	0.035
1.031	-6.362	0.035
1.032	-6.362	0.035
1.033	-6.362	0.035
1.034	-6.362	0.035
1.035	-6.362	0.035
1.036	-6.362	0.035
1.037	-6.362	0.035
1.038	-6.362	0.035
1.039	-6.362	0.035
1.040	-6.362	0.035
1.041	-6.362	0.035
1.042	-6.362	0.035
1.043	-6.362	0.035
1.044	-6.362	0.035
1.045	-6.362	0.035
1.046	-6.362	0.035
1.047	-6.362	0.035
1.048	-6.362	0.035
1.049	-6.362	0.035
1.050	-6.362	0.035
1.051	-6.362	0.035
1.052	-6.362	0.035
1.053	-6.362	0.035
1.054	-6.362	0.035
1.055	-6.362	0.035
1.056	-6.362	0.035
1.057	-6.362	0.035
1.058	-6.362	0.035
1.059	-6.362	0.035
1.060	-6.362	0.035
1.061	-6.362	0.035
1.062	-6.362	0.035
1.063	-6.362	0.035
1.064	-6.362	0.035
1.065	-6.362	0.035
1.066	-6.362	0.035
1.067	-6.362	0.035
1.068	-6.362	0.035
1.069	-6.362	0.035
1.070	-6.362	0.035
1.071	-6.362	0.035
1.072	-6.362	0.035
1.073	-6.362	0.035
1.074	-6.362	0.035
1.075	-6.362	0.035
1.076	-6.362	0.035
1.077	-6.362	0.035
1.078	-6.362	0.035
1.079	-6.362	0.035
1.080	-6.362	0.035
1.081	-6.362	0.035
1.082	-6.362	0.035
1.083	-6.362	0.035
1.084	-6.362	0.035
1.085	-6.362	0.035
1.086	-6.362	0.035
1.087	-6.362	0.035
1.088	-6.362	0.035
1.089	-6.362	0.035
1.090	-6.362	0.035
1.091	-6.362	0.035
1.092	-6.362	0.035
1.093	-6.362	0.035
1.094	-6.362	0.035
1.095	-6.362	0.035
1.096	-6.362	0.035
1.097	-6.362	0.035
1.098	-6.362	0.035
1.099	-6.362	0.035
1.100	-6.362	0.035
1.101	-6.362	0.035
1.102	-6.362	0.035
1.103	-6.362	0.035
1.104	-6.362	0.035
1.105	-6.362	0.034
1.106	-6.362	0.034
1.107	-6.362	0.034
1.108	-6.362	0.034
1.109	-6.362	0.034
1.110	-6.362	0.034
1.111	-6.362	0.034
1.112	-6.362	0.034
1.113	-6.362	0.034
1.114	-6.362	0.034
1.115	-6.362	0.034
1.116	-6.362	0.034
1.117	-6.362	0.034
1.118	-6.362	0.034
1.119	-6.362	0.034
1.120	-6.362	0.034
1.121	-6.362	0.034
1.122	-6.362	0.034
1.123	-6.363	0.034
1.124	-6.363	0.034
1.125	-6.363	0.034
1.126	-6.363	0.034
1.127	-6.363	0.034
1.128	-6.363	0.034
1.129	-6.363	0.034
1.130	-6.363	0.034
1.131	-6.363	0.034
1.132	-6.363	0.034
1.133	-6.363	0.034
1.134	-6.363	0.034
1.135	-6.363	0.034
1.136	-6.363	0.034
1.137	-6.363	0.034
1.138	-6.363	0.034
1.139	-6.363	0.034
1.140	-6.363	0.034
1.141	-6.363	0.034
1.142	-6.363	0.034
1.143	-6.363	0.034
1.144	-6.363	0.034
1.145	-6.363	0.034
1.146	-6.363	0.034
1.147	-6.363	0.034
1.148	-6.363	0.034
1.149	-6.363	0.034
1.150	-6.363	0.034
1.151	-6.363	0.034
1.152	-6.363	0.034
1.153	-6.363	0.034
1.154	-6.363	0.034
1.155	-6.363	0.034
1.156	-6.363	0.034
1.157	-6.363	0.034
1.158	-6.363	0.034
1.159	-6.363	0.034
1.160	-6.363	0.034
1.161	-6.363	0.034
1.162	-6.363	0.034
1.163	-6.363	0.034
1.164	-6.363	0.034
1.165	-6.363	0.034
1.166	-6.363	0.034
1.167	-6.363	0.034
1.168	-6.363	0.034
1.169	-6.363	0.034
1.170	-6.363	0.034
1.171	-6.363	0.034
1.172	-6.363	0.034
1.173	-6.363	0.034
1.174	-6.363	0.034
1.175	-6.363	0.034
1.176	-6.363	0.034
1.177	-6.363	0.034
1.178	-6.363	0.034
1.179	-6.363	0.034
1.180	-6.363	0.034
1.181	-6.363	0.034
1.182	-6.363	0.034
1.183	-6.363	0.034
1.184	-6.363	0.034
1.185	-6.363	0.034
1.186	-6.363	0.034
1.187	-6.363	0.034
1.188	-6.363	0.034
1.189	-6.363	0.034
1.190	-6.363	0.034
1.191	-6.363	0.034
1.192	-6.363	0.034
1.193	-6.363	0.034
1.194	-6.363	0.034
1.195	-6.363	0.034
1.196	-6.363	0.034
1.197	-6.363	0.034
1.198	-6.363	0.034
1.199	-6.363	0.034
1.200	-6.363	0.034
1.201	-6.363	0.034
1.202	-6.363	0.034
1.203	-6.363	0.034
1.204	-6.363	0.034
1.205	-6.363	0.034
1.206	-6.363	0.034
1.207	-6.363	0.034
1.208	-6.363	0.034
1.209	-6.363	0.034
1.210	-6.363	0.034
1.211	-6.363	0.034
1.212	-6.363	0.034
1.213	-6.363	0.034
1.214	-6.363	0.034
1.215	-6.363	0.033
1.216	-6.363	0.033
1.217	-6.363	0.033
1.218	-6.363	0.033
1.219	-6.363	0.033
1.220	-6.363	0.033
1.221	-6.363	0.033
1.222	-6.363	0.033
1.223	-6.363	0.033
1.224	-6.363	0.033
1.225	-6.363	0.033
1.226	-6.363	0.033
1.227	-6.363	0.033
1.228	-6.363	0.033
1.229	-6.363	0.033
1.230	-6.363	0.033
1.231	-6.363	0.033
1.232	-6.363	0.033
1.233	-6.363	0.033
1.234	-6.363	0.033
1.235	-6.363	0.033
1.236	-6.363	0.033
1.237	-6.363	0.033
1.238	-6.363	0.033
1.239	-6.363	0.033
1.240	-6.363	0.033
1.241	-6.363	0.033
1.242	-6.363	0.033
1.243	-6.363	0.033
1.244	-6.363	0.033
1.245	-6.363	0.033
1.246	-6.363	0.033
1.247	-6.363	0.033
1.248	-6.363	0.033
1.249	-6.363	0.033
1.250	-6.363	0.033
1.251	-6.363	0.033
1.252	-6.363	0.033
1.253	-6.363	0.033
1.254	-6.363	0.033
1.255	-6.363	0.033
1.256	-6.363	0.033
1.257	-6.363	0.033
1.258	-6.363	0.033
1.259	-6.363	0.033
1.260	-6.363	0.033
1.261	-6.363	0.033
1.262	-6.363	0.033
1.263	-6.363	0.033
1.264	-6.363	0.033
1.265	-6.363	0.033
1.266	-6.363	0.033
1.267	-6.363	0.033
1.268	-6.363	0.033
1.269	-6.363	0.033
1.270	-6.363	0.033
1.271	-6.363	0.033
1.272	-6.363	0.033
1.273	-6.363	0.033
1.274	-6.363	0.033
1.275	-6.363	0.033
1.276	-6.363	0.033
1.277	-6.363	0.033
1.278	-6.363	0.033
1.279	-6.363	0.033
1.280	-6.363	0.033
1.281	-6.363	0.033
1.282	-6.363	0.033
1.283	-6.363	0.033
1.284	-6.363	0.033
1.285	-6.363	0.033
1.286	-6.363	0.033
1.287	-6.363	0.033
1.288	-6.363	0.033
1.289	-6.363	0.033
1.290	-6.363	0.033
1.291	-6.363	0.033
1.292	-6.363	0.033
1.293	-6.363	0.033
1.294	-6.363	0.033
1.295	-6.363	0.033
1.296	-6.363	0.033
1.297	-6.363	0.033
1.298	-6.363	0.033
1.299	-6.363	0.033
1.300	-6.363	0.033
1.301	-6.363	0.033
1.302	-6.363	0.033
1.303	-6.363	0.033
1.304	-6.363	0.033
1.305	-6.363	0.033
1.306	-6.363	0.033
1.307	-6.363	0.033
1.308	-6.363	0.033
1.309	-6.363	0.033
1.310	-6.363	0.033
1.311	-6.363	0.033
1.312	-6.363	0.033
1.313	-6.363	0.033
1.314	-6.363	0.033
1.315	-6.363	0.033
1.316	-6.363	0.033
1.317	-6.363	0.033
1.318	-6.363	0.033
1.319	-6.363	0.033
1.320	-6.363	0.033
1.321	-6.363	0.033
1.322	-6.363	0.033
1.323	-6.363	0.033
1.324	-6.363	0.033
1.325	-6.363	0.033
1.326	-6.363	0.033
1.327	-6.363	0.033
1.328	-6.363	0.033
1.329	-6.363	0.033
1.330	-6.363	0.033
1.331	-6.363	0.033
1.332	-6.363	0.033
1.333	-6.363	0.033
1.334	-6.363	0.033
1.335	-6.363	0.033
1.336	-6.363	0.033
1.337	-6.363	0.033
1.338	-6.363	0.033
1.339	-6.363	0.033
1.340	-6.363	0.033
1.341	-6.363	0.033
1.342	-6.363	0.033
1.343	-6.363	0.033
1.344	-6.363	0.033
1.345	-6.363	0.033
1.346	-6.363	0.033
1.347	-6.363	0.033
1.348	-6.363	0.033
1.349	-6.363	0.033
1.350	-6.363	0.033
1.351	-6.363	0.033
1.352	-6.363	0.033
1.353	-6.363	0.033
1.354	-6.363	0.033
1.355	-6.363	0.033
1.356	-6.363	0.033
1.357	-6.363	0.033
1.358	-6.363	0.033
1.359	-6.363	0.033
1.360	-6.363	0.033
1.361	-6.363	0.033
1.362	-6.363	0.033
1.363	-6.363	0.033
1.364	-6.363	0.033
1.365	-6.363	0.033
1.366	-6.363	0.033
1.367	-6.363	0.033
1.368	-6.363	0.033
1.369	-6.363	0.033
1.370	-6.363	0.033
1.371	-6.363	0.033
1.372	-6.363	0.033
1.373	-6.363	0.033
1.374	-6.363	0.033
1.375	-6.363	0.033
1.376	-6.363	0.033
1.377	-6.363	0.033
1.378	-6.363	0.033
1.379	-6.363	0.033
1.380	-6.363	0.033
1.381	-6.363	0.033
1.382	-6.363	0.033
1.383	-6.363	0.033
1.384	-6.363	0.033
1.385	-6.363	0.033
1.386	-6.363	0.033
1.387	-6.363	0.033
1.388	-6.363	0.033
1.389	-6.363	0.033
1.390	-6.363	0.033
1.391	-6.363	0.033
1.392	-6.363	0.033
1.393	-6.363	0.033
1.394	-6.363	0.033
1.395	-6.363	0.033
1.396	-6.363	0.033
1.397	-6.363	0.033
1.398	-6.363	0.033
1.399	-6.363	0.033
1.400	-6.363	0.033
1.401	-6.363	0.033
1.402	-6.363	0.033
1.403	-6.363	0.033
1.404	-6.363	0.033
1.405	-6.363	0.033
1.406	-6.363	0.033
1.407	-6.363	0.033
1.408	-6.363	0.033
1.409	-6.363	0.033
1.410	-6.363	0.033
1.411	-6.363	0.033
1.412	-6.363	0.033
1.413	-6.363	0.033
1.414	-6.363	0.033
1.415	-6.363	0.033
1.416	-6.363	0.033
1.417	-6.363	0.033
1.418	-6.363	0.033
1.419	-6.363	0.033
1.420	-6.363	0.033
1.421	-6.363	0.033
1.422	-6.363	0.033
1.423	-6.363	0.033
1.424	-6.363	0.033
1.425	-6.363	0.033
1.426	-6.363	0.033
1.427	-6.363	0.033
1.428	-6.363	0.033
1.429	-6.363	0.033
1.430	-6.363	0.033
1.431	-6.363	0.033
1.432	-6.363	0.033
1.433	-6.363	0.033
1.434	-6.363	0.033
1.435	-6.363	0.033
1.436	-6.363	0.033
1.437	-6.363	0.033
1.438	-6.363	0.033
1.439	-6.363	0.033
1.440	-6.363	0.033
1.441	-6.363	0.033
1.442	-6.363	0.033
1.443	-6.363	0.033
1.444	-6.363	0.033
1.445	-6.363	0.033
1.446	-6.363	0.033
1.447	-6.363	0.033
1.448	-6.363	0.033
1.449	-6.363	0.033
1.450	-6.363	0.033
1.451	-6.363	0.033
1.452	-6.363	0.033
1.453	-6.363	0.033
1.454	-6.363	0.033
1.455	-6.363	0.033
1.456	-6.363	0.033
1.457	-6.363	0.033
1.458	-6.363	0.033
1.459	-6.363	0.033
1.460	-6.363	0.033
1.461	-6.363	0.033
1.462	-6.363	0.033
1.463	-6.363	0.033
1.464	-6.363	0.033
1.465	-6.363	0.033
1.466	-6.363	0.033
1.467	-6.363	0.033
1.468	-6.363	0.033
1.469	-6.363	0.033
1.470	-6.363	0.033
1.471	-6.363	0.033
1.472	-6.363	0.033
1.473	-6.363	0.033
1.474	-6.363	0.033
1.475	-6.363	0.033
1.476	-6.363	0.033
1.477	-6.363	0.033
1.478	-6.363	0.033
1.479	-6.363	0.033
1.480	-6.363	0.033
1.481	-6.363	0.033
1.482	-6.363	0.033
1.483	-6.363	0.033
1.484	-6.363	0.033
1.485	-6.363	0.033
1.486	-6.363	0.033
1.487	-6.363	0.033
1.488	-6.363	0.033
1.489	-6.363	0.033
1.490	-6.363	0.033
1.491	-6.363	0.033
1.492	-6.363	0.033
1.493	-6.363	0.033
1.494	-6.363	0.033
1.495	-6.363	0.033
1.496	-6.363	0.033
1.497	-6.363	0.033
1.498	-6.363	0.033
1.499	-6.363	0.033
1.500	-6.363	0.033
1.501	-6.363	0.033
1.502	-6.363	0.033
1.503	-6.363	0.033
1.504	-6.363	0.033
1.505	-6.363	0.033
1.506	-6.363	0.033
1.507	-6.363	0.033
1.508	-6.363	0.033
1.509	-6.363	0.033
1.510	-6.363	0.033
1.511	-6.363	0.033
1.512	-6.363	0.033
1.513	-6.363	0.033
1.514	-6.363	0.033
1.515	-6.363	0.033
1.516	-6.363	0.032
1.517	-6.363	0.032
1.518	-6.363	0.032
1.519	-6.363	0.032
1.520	-6.363	0.032
1.521	-6.363	0.032
1.522	-6.363	0.032
1.523	-6.363	0.032
1.524	-6.363	0.032
1.525	-6.363	0.032
1.526	-6.363	0.032
1.527	-6.363	0.032
1.528	-6.363	0.032
1.529	-6.363	0.032
1.530	-6.363	0.032
1.531	-6.363	0.032
1.532	-6.363	0.032
1.533	-6.363	0.032
1.534	-6.363	0.032
1.535	-6.363	0.032
1.536	-6.363	0.032
1.537	-6.363	0.032
1.538	-6.363	0.032
1.539	-6.363	0.032
1.540	-6.363	0.032
1.541	-6.363	0.032
1.542	-6.363	0.032
1.543	-6.363	0.032
1.544	-6.363	0.032
1.545	-6.363	0.032
1.546	-6.363	0.032
1.547	-6.363	0.032
1.548	-6.363	0.032
1.549	-6.363	0.032
1.550	-6.363	0.032
1.551	-6.363	0.032
1.552	-6.363	0.032
1.553	-6.363	0.032
1.554	-6.363	0.032
1.555	-6.363	0.032
1.556	-6.363	0.032
1.557	-6.363	0.032
1.558	-6.363	0.032
1.559	-6.363	0.032
1.560	-6.363	0.032
1.561	-6.363	0.032
1.562	-6.363	0.032
1.563	-6.363	0.032
1.564	-6.363	0.032
1.565	-6.363	0.032
1.566	-6.363	0.032
1.567	-6.363	0.032
1.568	-6.363	0.032
1.569	-6.363	0.032
1.570	-6.363	0.032
1.571	-6.363	0.032
1.572	-6.363	0.032
1.573	-6.363	0.032
1.574	-6.363	0.032
1.575	-6.363	0.032
1.576	-6.363	0.032
1.577	-6.363	0.032
1.578	-6.363	0.032
1.579	-6.363	0.032
1.580	-6.363	0.032
1.581	-6.363	0.032
1.582	-6.363	0.032
1.583	-6.363	0.032
1.584	-6.363	0.032
1.585	-6.363	0.032
1.586	-6.363	0.032
1.587	-6.363	0.032
1.588	-6.363	0.032
1.589	-6.363	0.032
1.590	-6.363	0.032
1.591	-6.363	0.032
1.592	-6.363	0.032
1.593	-6.363	0.032
1.594	-6.363	0.032
1.595	-6.363	0.032
1.596	-6.363	0.032
1.597	-6.363	0.032
1.598	-6.363	0.032
1.599	-6.363	0.032
1.600	-6.363	0.032
1.601	-6.363	0.032
1.602	-6.363	0.032
1.603	-6.363	0.032
1.604	-6.363	0.032
1.605	-6.363	0.032
1.606	-6.363	0.032
1.607	-6.363	0.032
1.608	-6.363	0.032
1.609	-6.363	0.032
1.610	-6.363	0.032
1.611	-6.363	0.032
1.612	-6.363	0.032
1.613	-6.363	0.032
1.614	-6.363	0.032
1.615	-6.363	0.032
1.616	-6.363	0.032
1.617	-6.363	0.032
1.618	-6.363	0.032
1.619	-6.363	0.032
1.620	-6.363	0.032
1.621	-6.363	0.032
1.622	-6.363	0.032
1.623	-6.363	0.032
1.624	-6.363	0.032
1.625	-6.363	0.032
1.626	-6.363	0.032
1.627	-6.363	0.032
1.628	-6.363	0.032
1.629	-6.363	0.032
1.630	-6.363	0.032
1.631	-6.363	0.032
1.632	-6.363	0.032
1.633	-6.363	0.032
1.634	-6.363	0.032
1.635	-6.363	0.032
1.636	-6.363	0.032
1.637	-6.363	0.032
1.638	-6.363	0.032
1.639	-6.363	0.032
1.640	-6.363	0.032
1.641	-6.363	0.032
1.642	-6.363	0.032
1.643	-6.363	0.032
1.644	-6.363	0.032
1.645	-6.363	0.032
1.646	-6.363	0.032
1.647	-6.363	0.032
1.648	-6.363	0.032
1.649	-6.363	0.032
1.650	-6.363	0.032
1.651	-6.363	0.032
1.652	-6.363	0.032
1.653	-6.363	0.032
1.654	-6.363	0.032
1.655	-6.363	0.032
1.656	-6.363	0.032
1.657	-6.363	0.032
1.658	-6.363	0.032
1.659	-6.363	0.032
1.660	-6.363	0.032
1.661	-6.363	0.032
1.662	-6.363	0.032
1.663	-6.363	0.032
1.664	-6.363	0.032
1.665	-6.363	0.032
1.666	-6.363	0.032
1.667	-6.363	0.032
1.668	-6.363	0.032
1.669	-6.363	0.032
1.670	-6.363	0.032
1.671	-6.363	0.032
1.672	-6.363	0.032
1.673	-6.363	0.032
1.674	-6.363	0.032
1.675	-6.363	0.032
1.676	-6.363	0.032
1.677	-6.363	0.032
1.678	-6.363	0.032
1.679	-6.363	0.032
1.680	-6.363	0.032
1.681	-6.363	0.032
1.682	-6.363	0.032
1.683	-6.363	0.032
1.684	-6.363	0.032
1.685	-6.363	0.032
1.686	-6.363	0.032
1.687	-6.363	0.032
1.688	-6.363	0.032
1.689	-6.363	0.032
1.690	-6.363	0.032
1.691	-6.363	0.032
1.692	-6.363	0.032
1.693	-6.363	0.032
1.694	-6.363	0.032
1.695	-6.363	0.032
1.696	-6.363	0.032
1.697	-6.363	0.032
1.698	-6.363	0.032
1.699	-6.363	0.032
1.700	-6.363	0.032
1.701	-6.363	0.032
1.702	-6.363	0.032
1.703	-6.363	0.032
1.704	-6.363	0.032
1.705	-6.363	0.032
1.706	-6.363	0.032
1.707	-6.363	0.032
1.708	-6.363	0.032
1.709	-6.363	0.032
1.710	-6.363	0.032
1.711	-6.363	0.032
1.712	-6.363	0.032
1.713	-6.363	0.032
1.714	-6.363	0.032
1.715	-6.363	0.032
1.716	-6.363	0.032
1.717	-6.363	0.032
1.718	-6.363	0.032
1.719	-6.363	0.032
1.720	-6.363	0.032
1.721	-6.363	0.032
1.722	-6.363	0.032
1.723	-6.363	0.032
1.724	-6.363	0.032
1.725	-6.363	0.032
1.726	-6.363	0.032
1.727	-6.363	0.032
1.728	-6.363	0.032
1.729	-6.363	0.032
1.730	-6.363	0.032
1.731	-6.363	0.032
1.732	-6.363	0.032
1.733	-6.363	0.032
1.734	-6.363	0.032
1.735	-6.363	0.032
1.736	-6.363	0.032
1.737	-6.363	0.032
1.738	-6.363	0.032
1.739	-6.363	0.032
1.740	-6.363	0.032
1.741	-6.363	0.032
1.742	-6.363	0.032
1.743	-6.363	0.032
1.744	-6.363	0.032
1.745	-6.363	0.032
1.746	-6.363	0.032
1.747	-6.363	0.032
1.748	-6.363	0.032
1.749	-6.363	0.032
1.750	-6.363	0.032
1.751	-6.363	0.032
1.752	-6.363	0.032
1.753	-6.363	0.032
1.754	-6.363	0.032
1.755	-6.363	0.032
1.756	-6.363	0.032
1.757	-6.363	0.032
1.758	-6.363	0.032
1.759	-6.363	0.032
1.760	-6.363	0.031
1.761	-6.363	0.031
1.762	-6.363	0.031
1.763	-6.363	0.031
1.764	-6.363	0.031
1.765	-6.363	0.031
1.766	-6.363	0.031
1.767	-6.363	0.031
1.768	-6.363	0.031
1.769	-6.363	0.031
1.770	-6.363	0.031
1.771	-6.363	0.031
1.772	-6.363	0.031
1.773	-6.363	0.031
1.774	-6.363	0.031
1.775	-6.363	0.031
1.776	-6.363	0.031
1.777	-6.363	0.031
1.778	-6.363	0.031
1.779	-6.363	0.031
1.780	-6.363	0.031
1.781	-6.363	0.031
1.782	-6.363	0.031
1.783	-6.363	0.031
1.784	-6.363	0.031
1.785	-6.363	0.031
1.786	-6.363	0.031
1.787	-6.363	0.031
1.788	-6.363	0.031
1.789	-6.363	0.031
1.790	-6.363	0.031
1.791	-6.363	0.031
1.792	-6.363	0.031
1.793	-6.363	0.031
1.794	-6.363	0.031
1.795	-6.363	0.031
1.796	-6.363	0.031
1.797	-6.363	0.031
1.798	-6.363	0.031
1.799	-6.363	0.031
1.800	-6.363	0.031
1.801	-6.363	0.031
1.802	-6.363	0.031
1.803	-6.363	0.031
1.804	-6.363	0.031
1.805	-6.363	0.031
1.806	-6.363	0.031
1.807	-6.363	0.031
1.808	-6.363	0.031
1.809	-6.363	0.031
1.810	-6.363	0.031
1.811	-6.363	0.031
1.812	-6.363	0.031
1.813	-6.363	0.031
1.814	-6.363	0.031
1.815	-6.363	0.031
1.816	-6.363	0.031
1.817	-6.363	0.031
1.818	-6.363	0.031
1.819	-6.363	0.031
1.820	-6.363	0.031
1.821	-6.363	0.031
1.822	-6.363	0.031
1.823	-6.363	0.031
1.824	-6.363	0.031
1.825	-6.363	0.031
1.826	-6.363	0.031
1.827	-6.363	0.031
1.828	-6.363	0.031
1.829	-6.363	0.031
1.830	-6.363	0.031
1.831	-6.363	0.031
1.832	-6.363	0.031
1.833	-6.363	0.031
1.834	-6.363	0.031
1.835	-6.363	0.031
1.836	-6.363	0.031
1.837	-6.363	0.031
1.838	-6.363	0.031
1.839	-6.363	0.031
1.840	-6.363	0.031
1.841	-6.363	0.031
1.842	-6.363	0.031
1.843	-6.363	0.031
1.844	-6.363	0.031
1.845	-6.363	0.031
1.846	-6.363	0.031
1.847	-6.363	0.031
1.848	-6.363	0.031
1.849	-6.363	0.031
1.850	-6.363	0.031
1.851	-6.363	0.031
1.852	-6.363	0.031
1.853	-6.363	0.031
1.854	-6.363	0.031
1.855	-6.363	0.031
1.856	-6.363	0.031
1.857	-6.363	0.031
1.858	-6.363	0.031
1.859	-6.363	0.031
1.860	-6.363	0.031
1.861	-6.363	0.031
1.862	-6.363	0.031
1.863	-6.363	0.031
1.864	-6.363	0.031
1.865	-6.363	0.031
1.866	-6.363	0.031
1.867	-6.363	0.031
1.868	-6.363	0.031
1.869	-6.363	0.031
1.870	-6.363	0.031
1.871	-6.363	0.031
1.872	-6.363	0.031
1.873	-6.363	0.031
1.874	-6.363	0.031
1.875	-6.363	0.031
1.876	-6.363	0.031
1.877	-6.363	0.031
1.878	-6.363	0.031
1.879	-6.363	0.031
1.880	-6.363	0.031
1.881	-6.363	0.031
1.882	-6.363	0.031
1.883	-6.363	0.031
1.884	-6.363	0.031
1.885	-6.363	0.031
1.886	-6.363	0.031
1.887	-6.363	0.031
1.888	-6.363	0.031
1.889	-6.363	0.031
1.890	-6.363	0.031
1.891	-6.363	0.031
1.892	-6.363	0.031
1.893	-6.363	0.031
1.894	-6.363	0.031
1.895	-6.363	0.031
1.896	-6.363	0.031
1.897	-6.363	0.031
1.898	-6.363	0.031
1.899	-6.363	0.031
1.900	-6.363	0.031
1.901	-6.363	0.031
1.902	-6.363	0.031
1.903	-6.363	0.031
1.904	-6.363	0.031
1.905	-6.363	0.031
1.906	-6.363	0.031
1.907	-6.363	0.031
1.908	-6.363	0.031
1.909	-6.363	0.031
1.910	-6.363	0.031
1.911	-6.363	0.031
1.912	-6.363	0.031
1.913	-6.363	0.031
1.914	-6.363	0.031
1.915	-6.363	0.031
1.916	-6.363	0.031
1.917	-6.363	0.031
1.918	-6.363	0.031
1.919	-6.363	0.031
1.920	-6.363	0.031
1.921	-6.363	0.031
1.922	-6.363	0.031
1.923	-6.363	0.031
1.924	-6.363	0.031
1.925	-6.363	0.031
1.926	-6.363	0.031
1.927	-6.363	0.031
1.928	-6.363	0.031
1.929	-6.363	0.031
1.930	-6.363	0.031
1.931	-6.363	0.031
1.932	-6.363	0.031
1.933	-6.363	0.031
1.934	-6.363	0.031
1.935	-6.363	0.031
1.936	-6.363	0.031
1.937	-6.363	0.031
1.938	-6.363	0.031
1.939	-6.363	0.031
1.940	-6.363	0.031
1.941	-6.363	0.031
1.942	-6.363	0.031
1.943	-6.363	0.031
1.944	-6.363	0.031
1.945	-6.363	0.031
1.946	-6.363	0.031
1.947	-6.363	0.031
1.948	-6.363	0.031
1.949	-6.363	0.031
1.950	-6.363	0.031
1.951	-6.363	0.031
1.952	-6.363	0.031
1.953	-6.363	0.031
1.954	-6.363	0.031
1.955	-6.363	0.031
1.956	-6.363	0.031
1.957	-6.363	0.031
1.958	-6.363	0.031
1.959	-6.363	0.031
1.960	-6.363	0.031
1.961	-6.363	0.031
1.962	-6.363	0.031
1.963	-6.363	0.031
1.964	-6.363	0.031
1.965	-6.363	0.031
1.966	-6.363	0.031
1.967	-6.363	0.031
1.968	-6.363	0.031
1.969	-6.363	0.030
1.970	-6.363	0.030
1.971	-6.363	0.030
1.972	-6.363	0.030
1.973	-6.363	0.030
1.974	-6.363	0.030
1.975	-6.363	0.030
1.976	-6.363	0.030
1.977	-6.363	0.030
1.978	-6.363	0.030
1.979	-6.363	0.030
1.980	-6.363	0.030
1.981	-6.363	0.030
1.982	-6.363	0.030
1.983	-6.363	0.030
1.984	-6.363	0.030
1.985	-6.363	0.030
1.986	-6.363	0.030
1.987	-6.363	0.030
1.988	-6.363	0.030
1.989	-6.363	0.030
1.990	-6.363	0.030
1.991	-6.363	0.030
1.992	-6.363	0.030
1.993	-6.363	0.030
1.994	-6.363	0.030
1.995	-6.363	0.030
1.996	-6.363	0.030
1.997	-6.363	0.030
1.998	-6.363	0.030
1.999	-6.363	0.030
2.000	-6.363	0.030
2.001	-6.363	0.030
2.002	-6.363	0.030
2.003	-6.363	0.030
2.004	-6.363	0.030
2.005	-6.363	0.030
2.006	-6.363	0.030
2.007	-6.363	0.030
2.008	-6.363	0.030
2.009	-6.363	0.030
2.010	-6.363	0.030
2.011	-6.363	0.030
2.012	-6.363	0.030
2.013	-6.363	0.030
2.014	-6.363	0.030
2.015	-6.363	0.030
2.016	-6.363	0.030
2.017	-6.363	0.030
2.018	-6.363	0.030
2.019	-6.363	0.030
2.020	-6.363	0.030
2.021	-6.363	0.030
2.022	-6.363	0.030
2.023	-6.363	0.030
2.024	-6.363	0.030
2.025	-6.363	0.030
2.026	-6.362	0.030
2.027	-6.362	0.030
2.028	-6.362	0.030
2.029	-6.362	0.030
2.030	-6.362	0.030
2.031	-6.362	0.030
2.032	-6.362	0.030
2.033	-6.362	0.030
2.034	-6.362	0.030
2.035	-6.362	0.030
2.036	-6.362	0.030
2.037	-6.362	0.030
2.038	-6.362	0.030
2.039	-6.362	0.030
2.040	-6.362	0.030
2.041	-6.362	0.030
2.042	-6.362	0.030
2.043	-6.362	0.030
2.044	-6.362	0.030
2.045	-6.362	0.030
2.046	-6.362	0.030
2.047	-6.362	0.030
2.048	-6.362	0.030
2.049	-6.362	0.030
2.050	-6.362	0.030
2.051	-6.362	0.030
2.052	-6.362	0.030
2.053	-6.362	0.030
2.054	-6.362	0.030
2.055	-6.362	0.030
2.056	-6.362	0.030
2.057	-6.362	0.030
2.058	-6.362	0.030
2.059	-6.362	0.030
2.060	-6.362	0.030
2.061	-6.362	0.030
2.062	-6.362	0.030
2.063	-6.362	0.030
2.064	-6.362	0.030
2.065	-6.362	0.030
2.066	-6.362	0.030
2.067	-6.362	0.030
2.068	-6.362	0.030
2.069	-6.362	0.030
2.070	-6.362	0.030
2.071	-6.362	0.030
2.072	-6.362	0.030
2.073	-6.362	0.030
2.074	-6.362	0.030
2.075	-6.362	0.030
2.076	-6.362	0.030
2.077	-6.362	0.030
2.078	-6.362	0.030
2.079	-6.362	0.030
2.080	-6.362	0.030
2.081	-6.362	0.030
2.082	-6.362	0.030
2.083	-6.362	0.030
2.084	-6.362	0.030
2.085	-6.362	0.030
2.086	-6.362	0.030
2.087	-6.362	0.030
2.088	-6.362	0.030
2.089	-6.362	0.030
2.090	-6.362	0.030
2.091	-6.362	0.030
2.092	-6.362	0.030
2.093	-6.362	0.030
2.094	-6.362	0.030
2.095	-6.362	0.030
2.096	-6.362	0.030
2.097	-6.362	0.030
2.098	-6.362	0.030
2.099	-6.362	0.030
2.100	-6.362	0.030
2.101	-6.362	0.030
2.102	-6.362	0.030
2.103	-6.362	0.030
2.104	-6.362	0.030
2.105	-6.362	0.030
2.106	-6.362	0.030
2.107	-6.362	0.030
2.108	-6.362	0.030
2.109	-6.362	0.030
2.110	-6.362	0.030
2.111	-6.362	0.030
2.112	-6.362	0.030
2.113	-6.362	0.030
2.114	-6.362	0.030
2.115	-6.362	0.030
2.116	-6.362	0.030
2.117	-6.362	0.030
2.118	-6.362	0.030
2.119	-6.362	0.030
2.120	-6.362	0.030
2.121	-6.362	0.030
2.122	-6.362	0.030
2.123	-6.362	0.030
2.124	-6.362	0.030
2.125	-6.362	0.030
2.126	-6.362	0.030
2.127	-6.362	0.030
2.128	-6.362	0.030
2.129	-6.362	0.030
2.130	-6.362	0.030
2.131	-6.362	0.030
2.132	-6.362	0.030
2.133	-6.362	0.030
2.134	-6.362	0.030
2.135	-6.362	0.030
2.136	-6.362	0.030
2.137	-6.362	0.030
2.138	-6.362	0.030
2.139	-6.362	0.030
2.140	-6.362	0.030
2.141	-6.362	0.030
2.142	-6.362	0.030
2.143	-6.362	0.030
2.144	-6.362	0.030
2.145	-6.362	0.030
2.146	-6.362	0.030
2.147	-6.362	0.030
2.148	-6.362	0.030
2.149	-6.362	0.030
2.150	-6.362	0.030
2.151	-6.362	0.030
2.152	-6.362	0.030
2.153	-6.362	0.030
2.154	-6.362	0.030
2.155	-6.362	0.030
2.156	-6.362	0.030
2.157	-6.362	0.030
2.158	-6.362	0.030
2.159	-6.362	0.030
2.160	-6.362	0.030
2.161	-6.362	0.030
2.162	-6.362	0.030
2.163	-6.362	0.030
2.164	-6.362	0.030
2.165	-6.362	0.030
2.166	-6.362	0.030
2.167	-6.362	0.030
2.168	-6.362	0.030
2.169	-6.362	0.030
2.170	-6.362	0.030
2.171	-6.362	0.030
2.172	-6.362	0.030
2.173	-6.362	0.030
2.174	-6.362	0.030
2.175	-6.362	0.030
2.176	-6.362	0.030
2.177	-6.362	0.030
2.178	-6.362	0.030
2.179	-6.362	0.030
2.180	-6.362	0.030
2.181	-6.362	0.030
2.182	-6.362	0.030
2.183	-6.362	0.030
2.184	-6.362	0.030
2.185	-6.362	0.030
2.186	-6.362	0.030
2.187	-6.362	0.030
2.188	-6.362	0.030
2.189	-6.362	0.030
2.190	-6.362	0.030
2.191	-6.362	0.030
2.192	-6.362	0.030
2.193	-6.362	0.030
2.194	-6.362	0.030
2.195	-6.362	0.030
2.196	-6.362	0.030
2.197	-6.362	0.030
2.198	-6.362	0.030
2.199	-6.362	0.030
2.200	-6.362	0.030
2.201	-6.362	0.030
2.202	-6.362	0.030
2.203	-6.362	0.030
2.204	-6.362	0.030
2.205	-6.362	0.030
2.206	-6.362	0.030
2.207	-6.362	0.030
2.208	-6.362	0.030
2.209	-6.362	0.030
2.210	-6.361	0.030
2.211	-6.361	0.030
2.212	-6.361	0.030
2.213	-6.361	0.030
2.214	-6.361	0.030
2.215	-6.361	0.030
2.216	-6.361	0.030
2.217	-6.361	0.030
2.218	-6.361	0.030
2.219	-6.361	0.030
2.220	-6.361	0.030
2.221	-6.361	0.030
2.222	-6.361	0.030
2.223	-6.361	0.030
2.224	-6.361	0.030
2.225	-6.361	0.030
2.226	-6.361	0.031
2.227	-6.361	0.031
2.228	-6.361	0.031
2.229	-6.361	0.031
2.230	-6.361	0.031
2.231	-6.361	0.031
2.232	-6.361	0.031
2.233	-6.361	0.031
2.234	-6.361	0.031
2.235	-6.361	0.031
2.236	-6.361	0.031
2.237	-6.361	0.031
2.238	-6.361	0.031
2.239	-6.361	0.031
2.240	-6.361	0.031
2.241	-6.361	0.031
2.242	-6.361	0.031
2.243	-6.361	0.031
2.244	-6.361	0.031
2.245	-6.361	0.031
2.246	-6.361	0.031
2.247	-6.361	0.031
2.248	-6.361	0.031
2.249	-6.361	0.031
2.250	-6.361	0.031
2.251	-6.361	0.031
2.252	-6.361	0.031
2.253	-6.361	0.031
2.254	-6.361	0.031
2.255	-6.361	0.031
2.256	-6.361	0.031
2.257	-6.361	0.031
2.258	-6.361	0.031
2.259	-6.361	0.031
2.260	-6.361	0.031
2.261	-6.361	0.031
2.262	-6.361	0.031
2.263	-6.361	0.031
2.264	-6.361	0.031
2.265	-6.361	0.031
2.266	-6.361	0.031
2.267	-6.361	0.031
2.268	-6.361	0.031
2.269	-6.361	0.031
2.270	-6.361	0.031
2.271	-6.361	0.031
2.272	-6.361	0.031
2.273	-6.361	0.031
2.274	-6.361	0.031
2.275	-6.361	0.031
2.276	-6.361	0.031
2.277	-6.361	0.031
2.278	-6.361	0.031
2.279	-6.361	0.031
2.280	-6.361	0.031
2.281	-6.361	0.031
2.282	-6.361	0.031
2.283	-6.361	0.031
2.284	-6.361	0.031
2.285	-6.361	0.031
2.286	-6.361	0.031
2.287	-6.361	0.031
2.288	-6.361	0.031
2.289	-6.361	0.031
2.290	-6.361	0.031
2.291	-6.361	0.031
2.292	-6.361	0.031
2.293	-6.361	0.031
2.294	-6.361	0.031
2.295	-6.361	0.031
2.296	-6.361	0.031
2.297	-6.361	0.031
2.298	-6.361	0.031
2.299	-6.361	0.031
2.300	-6.361	0.031
2.301	-6.361	0.031
2.302	-6.361	0.031
2.303	-6.361	0.031
2.304	-6.361	0.031
2.305	-6.361	0.031
2.306	-6.361	0.031
2.307	-6.361	0.031
2.308	-6.361	0.031
2.309	-6.361	0.031
2.310	-6.361	0.031
2.311	-6.361	0.031
2.312	-6.361	0.031
2.313	-6.361	0.031
2.314	-6.361	0.031
2.315	-6.361	0.031
2.316	-6.361	0.031
2.317	-6.361	0.031
2.318	-6.361	0.031
2.319	-6.361	0.031
2.320	-6.361	0.031
2.321	-6.361	0.031
2.322	-6.361	0.031
2.323	-6.361	0.031
2.324	-6.361	0.031
2.325	-6.361	0.031
2.326	-6.361	0.031
2.327	-6.361	0.031
2.328	-6.361	0.031
2.329	-6.361	0.031
2.330	-6.361	0.031
2.331	-6.361	0.031
2.332	-6.361	0.031
2.333	-6.361	0.031
2.334	-6.361	0.031
2.335	-6.361	0.031
2.336	-6.361	0.031
2.337	-6.361	0.031
2.338	-6.361	0.031
2.339	-6.360	0.031
2.340	-6.360	0.031
2.341	-6.360	0.031
2.342	-6.360	0.031
2.343	-6.360	0.031
2.344	-6.360	0.031
2.345	-6.360	0.031
2.346	-6.360	0.031
2.347	-6.360	0.031
2.348	-6.360	0.031
2.349	-6.360	0.031
2.350	-6.360	0.031
2.351	-6.360	0.031
2.352	-6.360	0.031
2.353	-6.360	0.031
2.354	-6.360	0.031
2.355	-6.360	0.031
2.356	-6.360	0.031
2.357	-6.360	0.031
2.358	-6.360	0.031
2.359	-6.360	0.031
2.360	-6.360	0.031
2.361	-6.360	0.031
2.362	-6.360	0.031
2.363	-6.360	0.031
2.364	-6.360	0.031
2.365	-6.360	0.031
2.366	-6.360	0.031
2.367	-6.360	0.031
2.368	-6.360	0.031
2.369	-6.360	0.031
2.370	-6.360	0.031
2.371	-6.360	0.031
2.372	-6.360	0.031
2.373	-6.360	0.031
2.374	-6.360	0.031
2.375	-6.360	0.031
2.376	-6.360	0.031
2.377	-6.360	0.031
2.378	-6.360	0.031
2.379	-6.360	0.031
2.380	-6.360	0.031
2.381	-6.360	0.031
2.382	-6.360	0.031
2.383	-6.360	0.031
2.384	-6.360	0.031
2.385	-6.360	0.031
2.386	-6.360	0.031
2.387	-6.360	0.031
2.388	-6.360	0.031
2.389	-6.360	0.031
2.390	-6.360	0.031
2.391	-6.360	0.031
2.392	-6.360	0.031
2.393	-6.360	0.031
2.394	-6.360	0.031
2.395	-6.360	0.031
2.396	-6.360	0.031
2.397	-6.360	0.031
2.398	-6.360	0.031
2.399	-6.360	0.031
2.400	-6.360	0.031
2.401	-6.360	0.031
2.402	-6.360	0.031
2.403	-6.360	0.031
2.404	-6.360	0.031
2.405	-6.360	0.031
2.406	-6.360	0.031
2.407	-6.360	0.031
2.408	-6.360	0.031
2.409	-6.360	0.031
2.410	-6.360	0.031
2.411	-6.360	0.031
2.412	-6.360	0.031
2.413	-6.360	0.031
2.414	-6.360	0.031
2.415	-6.360	0.031
2.416	-6.360	0.031
2.417	-6.360	0.031
2.418	-6.360	0.031
2.419	-6.360	0.031
2.420	-6.360	0.031
2.421	-6.360	0.031
2.422	-6.360	0.031
2.423	-6.360	0.031
2.424	-6.360	0.031
2.425	-6.360	0.031
2.426	-6.360	0.031
2.427	-6.360	0.031
2.428	-6.360	0.031
2.429	-6.360	0.031
2.430	-6.360	0.031
2.431	-6.360	0.031
2.432	-6.360	0.031
2.433	-6.360	0.031
2.434	-6.360	0.031
2.435	-6.360	0.031
2.436	-6.360	0.031
2.437	-6.360	0.031
2.438	-6.360	0.031
2.439	-6.360	0.031
2.440	-6.360	0.031
2.441	-6.360	0.031
2.442	-6.360	0.031
2.443	-6.359	0.031
2.444	-6.359	0.031
2.445	-6.359	0.031
2.446	-6.359	0.031
2.447	-6.359	0.031
2.448	-6.359	0.031
2.449	-6.359	0.031
2.450	-6.359	0.031
2.451	-6.359	0.031
2.452	-6.359	0.031
2.453	-6.359	0.031
2.454	-6.359	0.031
2.455	-6.359	0.031
2.456	-6.359	0.031
2.457	-6.359	0.031
2.458	-6.359	0.031
2.459	-6.359	0.031
2.460	-6.359	0.031
2.461	-6.359	0.031
2.462	-6.359	0.031
2.463	-6.359	0.031
2.464	-6.359	0.031
2.465	-6.359	0.031
2.466	-6.359	0.031
2.467	-6.359	0.031
2.468	-6.359	0.031
2.469	-6.359	0.031
2.470	-6.359	0.031
2.471	-6.359	0.031
2.472	-6.359	0.031
2.473	-6.359	0.031
2.474	-6.359	0.031
2.475	-6.359	0.031
2.476	-6.359	0.031
2.477	-6.359	0.031
2.478	-6.359	0.031
2.479	-6.359	0.031
2.480	-6.359	0.031
2.481	-6.359	0.031
2.482	-6.359	0.031
2.483	-6.359	0.031
2.484	-6.359	0.031
2.485	-6.359	0.031
2.486	-6.359	0.031
2.487	-6.359	0.031
2.488	-6.359	0.031
2.489	-6.359	0.031
2.490	-6.359	0.031
2.491	-6.359	0.031
2.492	-6.359	0.031
2.493	-6.359	0.031
2.494	-6.359	0.031
2.495	-6.359	0.031
2.496	-6.359	0.031
2.497	-6.359	0.031
2.498	-6.359	0.031
2.499	-6.359	0.031
2.500	-6.359	0.031
2.501	-6.359	0.031
2.502	-6.359	0.031
2.503	-6.359	0.031
2.504	-6.359	0.031
2.505	-6.359	0.031
2.506	-6.359	0.031
2.507	-6.359	0.031
2.508	-6.359	0.031
2.509	-6.359	0.031
2.510	-6.359	0.031
2.511	-6.359	0.031
2.512	-6.359	0.031
2.513	-6.359	0.031
2.514	-6.359	0.031
2.515	-6.359	0.031
2.516	-6.359	0.031
2.517	-6.359	0.031
2.518	-6.359	0.031
2.519	-6.359	0.031
2.520	-6.359	0.031
2.521	-6.359	0.031
2.522	-6.359	0.031
2.523	-6.359	0.031
2.524	-6.359	0.031
2.525	-6.359	0.031
2.526	-6.359	0.031
2.527	-6.359	0.031
2.528	-6.359	0.031
2.529	-6.359	0.031
2.530	-6.359	0.031
2.531	-6.358	0.031
2.532	-6.358	0.031
2.533	-6.358	0.031
2.534	-6.358	0.031
2.535	-6.358	0.031
2.536	-6.358	0.031
2.537	-6.358	0.031
2.538	-6.358	0.031
2.539	-6.358	0.031
2.540	-6.358	0.031
2.541	-6.358	0.031
2.542	-6.358	0.031
2.543	-6.358	0.031
2.544	-6.358	0.031
2.545	-6.358	0.031
2.546	-6.358	0.031
2.547	-6.358	0.031
2.548	-6.358	0.031
2.549	-6.358	0.031
2.550	-6.358	0.031
2.551	-6.358	0.031
2.552	-6.358	0.031
2.553	-6.358	0.031
2.554	-6.358	0.031
2.555	-6.358	0.031
2.556	-6.358	0.031
2.557	-6.358	0.031
2.558	-6.358	0.031
2.559	-6.358	0.031
2.560	-6.358	0.031
2.561	-6.358	0.031
2.562	-6.358	0.031
2.563	-6.358	0.031
2.564	-6.358	0.031
2.565	-6.358	0.031
2.566	-6.358	0.031
2.567	-6.358	0.031
2.568	-6.358	0.031
2.569	-6.358	0.031
2.570	-6.358	0.031
2.571	-6.358	0.031
2.572	-6.358	0.031
2.573	-6.358	0.031
2.574	-6.358	0.031
2.575	-6.358	0.031
2.576	-6.358	0.031
2.577	-6.358	0.031
2.578	-6.358	0.031
2.579	-6.358	0.031
2.580	-6.358	0.031
2.581	-6.358	0.031
2.582	-6.358	0.031
2.583	-6.358	0.031
2.584	-6.358	0.031
2.585	-6.358	0.031
2.586	-6.358	0.031
2.587	-6.358	0.031
2.588	-6.358	0.031
2.589	-6.358	0.031
2.590	-6.358	0.031
2.591	-6.358	0.031
2.592	-6.358	0.031
2.593	-6.358	0.031
2.594	-6.358	0.031
2.595	-6.358	0.031
2.596	-6.358	0.031
2.597	-6.358	0.031
2.598	-6.358	0.031
2.599	-6.358	0.031
2.600	-6.358	0.031
2.601	-6.358	0.031
2.602	-6.358	0.031
2.603	-6.358	0.031
2.604	-6.358	0.031
2.605	-6.358	0.031
2.606	-6.358	0.031
2.607	-6.358	0.031
2.608	-6.358	0.031
2.609	-6.357	0.031
2.610	-6.357	0.031
2.611	-6.357	0.031
2.612	-6.357	0.031
2.613	-6.357	0.031
2.614	-6.357	0.031
2.615	-6.357	0.031
2.616	-6.357	0.031
2.617	-6.357	0.031
2.618	-6.357	0.031
2.619	-6.357	0.031
2.620	-6.357	0.031
2.621	-6.357	0.031
2.622	-6.357	0.031
2.623	-6.357	0.031
2.624	-6.357	0.031
2.625	-6.357	0.031
2.626	-6.357	0.031
2.627	-6.357	0.031
2.628	-6.357	0.031
2.629	-6.357	0.031
2.630	-6.357	0.031
2.631	-6.357	0.031
2.632	-6.357	0.031
2.633	-6.357	0.031
2.634	-6.357	0.031
2.635	-6.357	0.031
2.636	-6.357	0.031
2.637	-6.357	0.031
2.638	-6.357	0.031
2.639	-6.357	0.031
2.640	-6.357	0.031
2.641	-6.357	0.031
2.642	-6.357	0.031
2.643	-6.357	0.031
2.644	-6.357	0.031
2.645	-6.357	0.031
2.646	-6.357	0.031
2.647	-6.357	0.031
2.648	-6.357	0.031
2.649	-6.357	0.031
2.650	-6.357	0.031
2.651	-6.357	0.031
2.652	-6.357	0.031
2.653	-6.357	0.031
2.654	-6.357	0.031
2.655	-6.357	0.031
2.656	-6.357	0.031
2.657	-6.357	0.031
2.658	-6.357	0.031
2.659	-6.357	0.031
2.660	-6.357	0.031
2.661	-6.357	0.031
2.662	-6.357	0.031
2.663	-6.357	0.031
2.664	-6.357	0.031
2.665	-6.357	0.031
2.666	-6.357	0.031
2.667	-6.357	0.031
2.668	-6.357	0.031
2.669	-6.357	0.031
2.670	-6.357	0.031
2.671	-6.357	0.031
2.672	-6.357	0.031
2.673	-6.357	0.031
2.674	-6.357	0.031
2.675	-6.357	0.031
2.676	-6.357	0.031
2.677	-6.357	0.031
2.678	-6.356	0.031
2.679	-6.356	0.031
2.680	-6.356	0.031
2.681	-6.356	0.031
2.682	-6.356	0.031
2.683	-6.356	0.031
2.684	-6.356	0.031
2.685	-6.356	0.031
2.686	-6.356	0.031
2.687	-6.356	0.031
2.688	-6.356	0.031
2.689	-6.356	0.031
2.690	-6.356	0.031
2.691	-6.356	0.031
2.692	-6.356	0.031
2.693	-6.356	0.031
2.694	-6.356	0.031
2.695	-6.356	0.031
2.696	-6.356	0.031
2.697	-6.356	0.031
2.698	-6.356	0.031
2.699	-6.356	0.031
2.700	-6.356	0.031
2.701	-6.356	0.031
2.702	-6.356	0.031
2.703	-6.356	0.031
2.704	-6.356	0.031
2.705	-6.356	0.031
2.706	-6.356	0.031
2.707	-6.356	0.031
2.708	-6.356	0.031
2.709	-6.356	0.031
2.710	-6.356	0.031
2.711	-6.356	0.031
2.712	-6.356	0.031
2.713	-6.356	0.031
2.714	-6.356	0.031
2.715	-6.356	0.031
2.716	-6.356	0.031
2.717	-6.356	0.031
2.718	-6.356	0.031
2.719	-6.356	0.031
2.720	-6.356	0.031
2.721	-6.356	0.031
2.722	-6.356	0.031
2.723	-6.356	0.031
2.724	-6.356	0.031
2.725	-6.356	0.031
2.726	-6.356	0.031
2.727	-6.356	0.031
2.728	-6.356	0.031
2.729	-6.356	0.031
2.730	-6.356	0.031
2.731	-6.356	0.031
2.732	-6.356	0.031
2.733	-6.356	0.031
2.734	-6.356	0.031
2.735	-6.356	0.031
2.736	-6.356	0.031
2.737	-6.356	0.031
2.738	-6.356	0.031
2.739	-6.356	0.031
2.740	-6.356	0.031
2.741	-6.356	0.031
2.742	-6.356	0.031
2.743	-6.355	0.031
2.744	-6.355	0.031
2.745	-6.355	0.031
2.746	-6.355	0.031
2.747	-6.355	0.031
2.748	-6.355	0.031
2.749	-6.355	0.031
2.750	-6.355	0.031
2.751	-6.355	0.031
2.752	-6.355	0.031
2.753	-6.355	0.031
2.754	-6.355	0.031
2.755	-6.355	0.031
2.756	-6.355	0.031
2.757	-6.355	0.031
2.758	-6.355	0.031
2.759	-6.355	0.031
2.760	-6.355	0.031
2.761	-6.355	0.031
2.762	-6.355	0.031
2.763	-6.355	0.031
2.764	-6.355	0.031
2.765	-6.355	0.031
2.766	-6.355	0.031
2.767	-6.355	0.031
2.768	-6.355	0.030
2.769	-6.355	0.030
2.770	-6.355	0.030
2.771	-6.355	0.030
2.772	-6.355	0.030
2.773	-6.355	0.030
2.774	-6.355	0.030
2.775	-6.355	0.030
2.776	-6.355	0.030
2.777	-6.355	0.030
2.778	-6.355	0.030
2.779	-6.355	0.030
2.780	-6.355	0.030
2.781	-6.355	0.030
2.782	-6.355	0.030
2.783	-6.355	0.030
2.784	-6.355	0.030
2.785	-6.355	0.030
2.786	-6.355	0.030
2.787	-6.355	0.030
2.788	-6.355	0.030
2.789	-6.355	0.030
2.790	-6.355	0.030
2.791	-6.355	0.030
2.792	-6.355	0.030
2.793	-6.355	0.030
2.794	-6.355	0.030
2.795	-6.355	0.030
2.796	-6.355	0.030
2.797	-6.355	0.030
2.798	-6.355	0.030
2.799	-6.355	0.030
2.800	-6.355	0.030
2.801	-6.355	0.030
2.802	-6.355	0.030
2.803	-6.355	0.030
2.804	-6.354	0.030
2.805	-6.354	0.030
2.806	-6.354	0.030
2.807	-6.354	0.030
2.808	-6.354	0.030
2.809	-6.354	0.030
2.810	-6.354	0.030
2.811	-6.354	0.030
2.812	-6.354	0.030
2.813	-6.354	0.030
2.814	-6.354	0.030
2.815	-6.354	0.030
2.816	-6.354	0.030
2.817	-6.354	0.030
2.818	-6.354	0.030
2.819	-6.354	0.030
2.820	-6.354	0.030
2.821	-6.354	0.030
2.822	-6.354	0.030
2.823	-6.354	0.030
2.824	-6.354	0.030
2.825	-6.354	0.030
2.826	-6.354	0.030
2.827	-6.354	0.030
2.828	-6.354	0.030
2.829	-6.354	0.030
2.830	-6.354	0.030
2.831	-6.354	0.030
2.832	-6.354	0.030
2.833	-6.354	0.030
2.834	-6.354	0.030
2.835	-6.354	0.030
2.836	-6.354	0.030
2.837	-6.354	0.030
2.838	-6.354	0.030
2.839	-6.354	0.030
2.840	-6.354	0.030
2.841	-6.354	0.030
2.842	-6.354	0.030
2.843	-6.354	0.030
2.844	-6.354	0.030
2.845	-6.354	0.030
2.846	-6.354	0.030
2.847	-6.354	0.030
2.848	-6.354	0.030
2.849	-6.354	0.030
2.850	-6.354	0.030
2.851	-6.354	0.030
2.852	-6.354	0.030
2.853	-6.354	0.030
2.854	-6.354	0.030
2.855	-6.354	0.030
2.856	-6.354	0.030
2.857	-6.354	0.030
2.858	-6.354	0.030
2.859	-6.354	0.030
2.860	-6.354	0.030
2.861	-6.354	0.030
2.862	-6.354	0.030
2.863	-6.354	0.030
2.864	-6.353	0.030
2.865	-6.353	0.030
2.866	-6.353	0.030
2.867	-6.353	0.030
2.868	-6.353	0.030
2.869	-6.353	0.030
2.870	-6.353	0.030
2.871	-6.353	0.030
2.872	-6.353	0.030
2.873	-6.353	0.030
2.874	-6.353	0.030
2.875	-6.353	0.030
2.876	-6.353	0.030
2.877	-6.353	0.030
2.878	-6.353	0.030
2.879	-6.353	0.030
2.880	-6.353	0.030
2.881	-6.353	0.030
2.882	-6.353	0.030
2.883	-6.353	0.030
2.884	-6.353	0.030
2.885	-6.353	0.030
2.886	-6.353	0.030
2.887	-6.353	0.030
2.888	-6.353	0.030
2.889	-6.353	0.030
2.890	-6.353	0.030
2.891	-6.353	0.030
2.892	-6.353	0.030
2.893	-6.353	0.030
2.894	-6.353	0.030
2.895	-6.353	0.030
2.896	-6.353	0.030
2.897	-6.353	0.030
2.898	-6.353	0.030
2.899	-6.353	0.030
2.900	-6.353	0.030
2.901	-6.353	0.030
2.902	-6.353	0.030
2.903	-6.353	0.030
2.904	-6.353	0.030
2.905	-6.353	0.030
2.906	-6.353	0.030
2.907	-6.353	0.030
2.908	-6.353	0.030
2.909	-6.353	0.030
2.910	-6.353	0.030
2.911	-6.353	0.030
2.912	-6.353	0.030
2.913	-6.353	0.030
2.914	-6.353	0.030
2.915	-6.353	0.030
2.916	-6.353	0.030
2.917	-6.353	0.030
2.918	-6.353	0.030
2.919	-6.353	0.030
2.920	-6.353	0.030
2.921	-6.353	0.030
2.922	-6.352	0.030
2.923	-6.352	0.030
2.924	-6.352	0.030
2.925	-6.352	0.030
2.926	-6.352	0.030
2.927	-6.352	0.030
2.928	-6.352	0.030
2.929	-6.352	0.030
2.930	-6.352	0.030
2.931	-6.352	0.030
2.932	-6.352	0.030
2.933	-6.352	0.030
2.934	-6.352	0.030
2.935	-6.352	0.030
2.936	-6.352	0.030
2.937	-6.352	0.030
2.938	-6.352	0.030
2.939	-6.352	0.030
2.940	-6.352	0.030
2.941	-6.352	0.030
2.942	-6.352	0.030
2.943	-6.352	0.030
2.944	-6.352	0.030
2.945	-6.352	0.030
2.946	-6.352	0.030
2.947	-6.352	0.030
2.948	-6.352	0.030
2.949	-6.352	0.030
2.950	-6.352	0.030
2.951	-6.352	0.030
2.952	-6.352	0.030
2.953	-6.352	0.030
2.954	-6.352	0.030
2.955	-6.352	0.030
2.956	-6.352	0.030
2.957	-6.352	0.030
2.958	-6.352	0.030
2.959	-6.352	0.030
2.960	-6.352	0.030
2.961	-6.352	0.030
2.962	-6.352	0.030
2.963	-6.352	0.030
2.964	-6.352	0.030
2.965	-6.352	0.030
2.966	-6.352	0.030
2.967	-6.352	0.030
2.968	-6.352	0.030
2.969	-6.352	0.030
2.970	-6.352	0.030
2.971	-6.352	0.030
2.972	-6.352	0.030
2.973	-6.352	0.030
2.974	-6.352	0.030
2.975	-6.352	0.030
2.976	-6.352	0.030
2.977	-6.352	0.030
2.978	-6.352	0.030
2.979	-6.351	0.030
2.980	-6.351	0.030
2.981	-6.351	0.030
2.982	-6.351	0.030
2.983	-6.351	0.030
2.984	-6.351	0.030
2.985	-6.351	0.030
2.986	-6.351	0.030
2.987	-6.351	0.030
2.988	-6.351	0.030
2.989	-6.351	0.030
2.990	-6.351	0.030
2.991	-6.351	0.030
2.992	-6.351	0.030
2.993	-6.351	0.030
2.994	-6.351	0.030
2.995	-6.351	0.030
2.996	-6.351	0.030
2.997	-6.351	0.030
2.998	-6.351	0.030
2.999	-6.351	0.030
3.000	-6.351	0.030
3.001	-6.351	0.030
3.002	-6.351	0.030
3.003	-6.351	0.030
3.004	-6.351	0.030
3.005	-6.351	0.030
3.006	-6.351	0.030
3.007	-6.351	0.030
3.008	-6.351	0.030
3.009	-6.351	0.030
3.010	-6.351	0.030
3.011	-6.351	0.030
3.012	-6.351	0.030
3.013	-6.351	0.030
3.014	-6.351	0.030
3.015	-6.351	0.030
3.016	-6.351	0.030
3.017	-6.351	0.030
3.018	-6.351	0.030
3.019	-6.351	0.030
3.020	-6.351	0.030
3.021	-6.351	0.030
3.022	-6.351	0.030
3.023	-6.351	0.030
3.024	-6.351	0.030
3.025	-6.351	0.030
3.026	-6.351	0.030
3.027	-6.351	0.030
3.028	-6.351	0.030
3.029	-6.351	0.030
3.030	-6.351	0.030
3.031	-6.351	0.030
3.032	-6.351	0.030
3.033	-6.351	0.030
3.034	-6.351	0.030
3.035	-6.351	0.030
3.036	-6.350	0.030
3.037	-6.350	0.030
3.038	-6.350	0.030
3.039	-6.350	0.030
3.040	-6.350	0.030
3.041	-6.350	0.030
3.042	-6.350	0.030
3.043	-6.350	0.030
3.044	-6.350	0.030
3.045	-6.350	0.030
3.046	-6.350	0.030
3.047	-6.350	0.030
3.048	-6.350	0.029
3.049	-6.350	0.029
3.050	-6.350	0.029
3.051	-6.350	0.029
3.052	-6.350	0.029
3.053	-6.350	0.029
3.054	-6.350	0.029
3.055	-6.350	0.029
3.056	-6.350	0.029
3.057	-6.350	0.029
3.058	-6.350	0.029
3.059	-6.350	0.029
3.060	-6.350	0.029
3.061	-6.350	0.029
3.062	-6.350	0.029
3.063	-6.350	0.029
3.064	-6.350	0.029
3.065	-6.350	0.029
3.066	-6.350	0.029
3.067	-6.350	0.029
3.068	-6.350	0.029
3.069	-6.350	0.029
3.070	-6.350	0.029
3.071	-6.350	0.029
3.072	-6.350	0.029
3.073	-6.350	0.029
3.074	-6.350	0.029
3.075	-6.350	0.029
3.076	-6.350	0.029
3.077	-6.350	0.029
3.078	-6.350	0.029
3.079	-6.350	0.029
3.080	-6.350	0.029
3.081	-6.350	0.029
3.082	-6.350	0.029
3.083	-6.350	0.029
3.084	-6.350	0.029
3.085	-6.350	0.029
3.086	-6.350	0.029
3.087	-6.350	0.029
3.088	-6.350	0.029
3.089	-6.350	0.029
3.090	-6.350	0.029
3.091	-6.350	0.029
3.092	-6.350	0.029
3.093	-6.350	0.029
3.094	-6.349	0.029
3.095	-6.349	0.029
3.096	-6.349	0.029
3.097	-6.349	0.029
3.098	-6.349	0.029
3.099	-6.349	0.029
3.100	-6.349	0.029
3.101	-6.349	0.029
3.102	-6.349	0.029
3.103	-6.349	0.029
3.104	-6.349	0.029
3.105	-6.349	0.029
3.106	-6.349	0.029
3.107	-6.349	0.029
3.108	-6.349	0.029
3.109	-6.349	0.029
3.110	-6.349	0.029
3.111	-6.349	0.029
3.112	-6.349	0.029
3.113	-6.349	0.029
3.114	-6.349	0.029
3.115	-6.349	0.029
3.116	-6.349	0.029
3.117	-6.349	0.029
3.118	-6.349	0.029
3.119	-6.349	0.029
3.120	-6.349	0.029
3.121	-6.349	0.029
3.122	-6.349	0.029
3.123	-6.349	0.029
3.124	-6.349	0.029
3.125	-6.349	0.029
3.126	-6.349	0.029
3.127	-6.349	0.029
3.128	-6.349	0.029
3.129	-6.349	0.029
3.130	-6.349	0.029
3.131	-6.349	0.029
3.132	-6.349	0.029
3.133	-6.349	0.029
3.134	-6.349	0.029
3.135	-6.349	0.029
3.136	-6.349	0.029
3.137	-6.349	0.029
3.138	-6.349	0.029
3.139	-6.349	0.029
3.140	-6.349	0.029
3.141	-6.349	0.029
3.142	-6.349	0.029
3.143	-6.349	0.029
3.144	-6.349	0.029
3.145	-6.349	0.029
3.146	-6.349	0.029
3.147	-6.349	0.029
3.148	-6.349	0.029
3.149	-6.349	0.029
3.150	-6.349	0.029
3.151	-6.349	0.029
3.152	-6.348	0.029
3.153	-6.348	0.029
3.154	-6.348	0.029
3.155	-6.348	0.029
3.156	-6.348	0.029
3.157	-6.348	0.029
3.158	-6.348	0.029
3.159	-6.348	0.029
3.160	-6.348	0.029
3.161	-6.348	0.029
3.162	-6.348	0.029
3.163	-6.348	0.029
3.164	-6.348	0.029
3.165	-6.348	0.029
3.166	-6.348	0.029
3.167	-6.348	0.029
3.168	-6.348	0.029
3.169	-6.348	0.029
3.170	-6.348	0.029
3.171	-6.348	0.029
3.172	-6.348	0.029
3.173	-6.348	0.029
3.174	-6.348	0.029
3.175	-6.348	0.029
3.176	-6.348	0.029
3.177	-6.348	0.029
3.178	-6.348	0.029
3.179	-6.348	0.030
3.180	-6.348	0.030
3.181	-6.348	0.030
3.182	-6.348	0.030
3.183	-6.348	0.030
3.184	-6.348	0.030
3.185	-6.348	0.030
3.186	-6.348	0.030
3.187	-6.348	0.030
3.188	-6.348	0.030
3.189	-6.348	0.030
3.190	-6.348	0.030
3.191	-6.348	0.030
3.192	-6.348	0.030
3.193	-6.348	0.030
3.194	-6.348	0.030
3.195	-6.348	0.030
3.196	-6.348	0.030
3.197	-6.348	0.030
3.198	-6.348	0.030
3.199	-6.348	0.030
3.200	-6.348	0.030
3.201	-6.348	0.030
3.202	-6.348	0.030
3.203	-6.348	0.030
3.204	-6.348	0.030
3.205	-6.348	0.030
3.206	-6.348	0.030
3.207	-6.348	0.030
3.208	-6.348	0.030
3.209	-6.348	0.030
3.210	-6.348	0.030
3.211	-6.348	0.030
3.212	-6.347	0.030
3.213	-6.347	0.030
3.214	-6.347	0.030
3.215	-6.347	0.030
3.216	-6.347	0.030
3.217	-6.347	0.030
3.218	-6.347	0.030
3.219	-6.347	0.030
3.220	-6.347	0.030
3.221	-6.347	0.030
3.222	-6.347	0.030
3.223	-6.347	0.030
3.224	-6.347	0.030
3.225	-6.347	0.030
3.226	-6.347	0.030
3.227	-6.347	0.030
3.228	-6.347	0.030
3.229	-6.347	0.030
3.230	-6.347	0.030
3.231	-6.347	0.030
3.232	-6.347	0.030
3.233	-6.347	0.030
3.234	-6.347	0.030
3.235	-6.347	0.030
3.236	-6.347	0.030
3.237	-6.347	0.030
3.238	-6.347	0.030
3.239	-6.347	0.030
3.240	-6.347	0.030
3.241	-6.347	0.030
3.242	-6.347	0.030
3.243	-6.347	0.030
3.244	-6.347	0.030
3.245	-6.347	0.030
3.246	-6.347	0.030
3.247	-6.347	0.030
3.248	-6.347	0.030
3.249	-6.347	0.030
3.250	-6.347	0.030
3.251	-6.347	0.030
3.252	-6.347	0.030
3.253	-6.347	0.030
3.254	-6.347	0.030
3.255	-6.347	0.030
3.256	-6.347	0.030
3.257	-6.347	0.030
3.258	-6.347	0.030
3.259	-6.347	0.030
3.260	-6.347	0.030
3.261	-6.347	0.030
3.262	-6.347	0.030
3.263	-6.347	0.030
3.264	-6.347	0.030
3.265	-6.347	0.030
3.266	-6.347	0.030
3.267	-6.347	0.030
3.268	-6.347	0.030
3.269	-6.347	0.030
3.270	-6.347	0.030
3.271	-6.347	0.030
3.272	-6.347	0.030
3.273	-6.346	0.030
3.274	-6.346	0.030
3.275	-6.346	0.030
3.276	-6.346	0.030
3.277	-6.346	0.030
3.278	-6.346	0.030
3.279	-6.346	0.030
3.280	-6.346	0.030
3.281	-6.346	0.030
3.282	-6.346	0.030
3.283	-6.346	0.030
3.284	-6.346	0.030
3.285	-6.346	0.030
3.286	-6.346	0.030
3.287	-6.346	0.030
3.288	-6.346	0.030
3.289	-6.346	0.030
3.290	-6.346	0.030
3.291	-6.346	0.030
3.292	-6.346	0.030
3.293	-6.346	0.030
3.294	-6.346	0.030
3.295	-6.346	0.030
3.296	-6.346	0.030
3.297	-6.346	0.030
3.298	-6.346	0.030
3.299	-6.346	0.030
3.300	-6.346	0.030
3.301	-6.346	0.030
3.302	-6.346	0.030
3.303	-6.346	0.030
3.304	-6.346	0.030
3.305	-6.346	0.030
3.306	-6.346	0.030
3.307	-6.346	0.030
3.308	-6.346	0.030
3.309	-6.346	0.030
3.310	-6.346	0.030
3.311	-6.346	0.030
3.312	-6.346	0.030
3.313	-6.346	0.030
3.314	-6.346	0.030
3.315	-6.346	0.030
3.316	-6.346	0.030
3.317	-6.346	0.030
3.318	-6.346	0.030
3.319	-6.346	0.030
3.320	-6.346	0.030
3.321	-6.346	0.030
3.322	-6.346	0.030
3.323	-6.346	0.030
3.324	-6.346	0.030
3.325	-6.346	0.030
3.326	-6.346	0.030
3.327	-6.346	0.030
3.328	-6.346	0.030
3.329	-6.346	0.030
3.330	-6.346	0.030
3.331	-6.346	0.030
3.332	-6.346	0.030
3.333	-6.346	0.030
3.334	-6.346	0.030
3.335	-6.346	0.030
3.336	-6.345	0.030
3.337	-6.345	0.030
3.338	-6.345	0.030
3.339	-6.345	0.030
3.340	-6.345	0.030
3.341	-6.345	0.030
3.342	-6.345	0.030
3.343	-6.345	0.030
3.344	-6.345	0.030
3.345	-6.345	0.030
3.346	-6.345	0.030
3.347	-6.345	0.030
3.348	-6.345	0.030
3.349	-6.345	0.030
3.350	-6.345	0.030
3.351	-6.345	0.030
3.352	-6.345	0.030
3.353	-6.345	0.030
3.354	-6.345	0.030
3.355	-6.345	0.030
3.356	-6.345	0.030
3.357	-6.345	0.030
3.358	-6.345	0.030
3.359	-6.345	0.030
3.360	-6.345	0.030
3.361	-6.345	0.030
3.362	-6.345	0.030
3.363	-6.345	0.030
3.364	-6.345	0.030
3.365	-6.345	0.030
3.366	-6.345	0.030
3.367	-6.345	0.030
3.368	-6.345	0.030
3.369	-6.345	0.030
3.370	-6.345	0.030
3.371	-6.345	0.030
3.372	-6.345	0.030
3.373	-6.345	0.030
3.374	-6.345	0.030
3.375	-6.345	0.030
3.376	-6.345	0.030
3.377	-6.345	0.030
3.378	-6.345	0.030
3.379	-6.345	0.030
3.380	-6.345	0.030
3.381	-6.345	0.030
3.382	-6.345	0.030
3.383	-6.345	0.030
3.384	-6.345	0.030
3.385	-6.345	0.030
3.386	-6.345	0.030
3.387	-6.345	0.030
3.388	-6.345	0.030
3.389	-6.345	0.030
3.390	-6.345	0.030
3.391	-6.345	0.030
3.392	-6.345	0.030
3.393	-6.345	0.030
3.394	-6.345	0.030
3.395	-6.345	0.030
3.396	-6.345	0.030
3.397	-6.345	0.030
3.398	-6.345	0.030
3.399	-6.345	0.030
3.400	-6.345	0.030
3.401	-6.345	0.030
3.402	-6.344	0.030
3.403	-6.344	0.030
3.404	-6.344	0.030
3.405	-6.344	0.030
3.406	-6.344	0.030
3.407	-6.344	0.030
3.408	-6.344	0.030
3.409	-6.344	0.030
3.410	-6.344	0.030
3.411	-6.344	0.030
3.412	-6.344	0.030
3.413	-6.344	0.030
3.414	-6.344	0.030
3.415	-6.344	0.030
3.416	-6.344	0.030
3.417	-6.344	0.030
3.418	-6.344	0.030
3.419	-6.344	0.030
3.420	-6.344	0.030
3.421	-6.344	0.030
3.422	-6.344	0.030
3.423	-6.344	0.030
3.424	-6.344	0.030
3.425	-6.344	0.030
3.426	-6.344	0.030
3.427	-6.344	0.030
3.428	-6.344	0.030
3.429	-6.344	0.030
3.430	-6.344	0.030
3.431	-6.344	0.030
3.432	-6.344	0.030
3.433	-6.344	0.030
3.434	-6.344	0.030
3.435	-6.344	0.030
3.436	-6.344	0.030
3.437	-6.344	0.030
3.438	-6.344	0.030
3.439	-6.344	0.030
3.440	-6.344	0.030
3.441	-6.344	0.030
3.442	-6.344	0.030
3.443	-6.344	0.030
3.444	-6.344	0.030
3.445	-6.344	0.030
3.446	-6.344	0.030
3.447	-6.344	0.030
3.448	-6.344	0.030
3.449	-6.344	0.030
3.450	-6.344	0.030
3.451	-6.344	0.030
3.452	-6.344	0.030
3.453	-6.344	0.030
3.454	-6.344	0.030
3.455	-6.344	0.030
3.456	-6.344	0.030
3.457	-6.344	0.030
3.458	-6.344	0.030
3.459	-6.344	0.030
3.460	-6.344	0.030
3.461	-6.344	0.030
3.462	-6.344	0.030
3.463	-6.344	0.030
3.464	-6.344	0.030
3.465	-6.344	0.030
3.466	-6.344	0.030
3.467	-6.344	0.030
3.468	-6.344	0.030
3.469	-6.344	0.030
3.470	-6.344	0.030
3.471	-6.343	0.030
3.472	-6.343	0.030
3.473	-6.343	0.030
3.474	-6.343	0.030
3.475	-6.343	0.030
3.476	-6.343	0.030
3.477	-6.343	0.030
3.478	-6.343	0.030
3.479	-6.343	0.030
3.480	-6.343	0.030
3.481	-6.343	0.030
3.482	-6.343	0.030
3.483	-6.343	0.030
3.484	-6.343	0.030
3.485	-6.343	0.030
3.486	-6.343	0.030
3.487	-6.343	0.030
3.488	-6.343	0.030
3.489	-6.343	0.030
3.490	-6.343	0.030
3.491	-6.343	0.030
3.492	-6.343	0.030
3.493	-6.343	0.030
3.494	-6.343	0.030
3.495	-6.343	0.030
3.496	-6.343	0.030
3.497	-6.343	0.030
3.498	-6.343	0.030
3.499	-6.343	0.030
3.500	-6.343	0.030
3.501	-6.343	0.030
3.502	-6.343	0.030
3.503	-6.343	0.030
3.504	-6.343	0.030
3.505	-6.343	0.030
3.506	-6.343	0.030
3.507	-6.343	0.030
3.508	-6.343	0.030
3.509	-6.343	0.030
3.510	-6.343	0.030
3.511	-6.343	0.030
3.512	-6.343	0.030
3.513	-6.343	0.030
3.514	-6.343	0.030
3.515	-6.343	0.030
3.516	-6.343	0.030
3.517	-6.343	0.030
3.518	-6.343	0.030
3.519	-6.343	0.030
3.520	-6.343	0.030
3.521	-6.343	0.030
3.522	-6.343	0.030
3.523	-6.343	0.030
3.524	-6.343	0.030
3.525	-6.343	0.030
3.526	-6.343	0.030
3.527	-6.343	0.030
3.528	-6.343	0.030
3.529	-6.343	0.030
3.530	-6.343	0.030
3.531	-6.343	0.030
3.532	-6.343	0.030
3.533	-6.343	0.030
3.534	-6.343	0.030
3.535	-6.343	0.030
3.536	-6.343	0.030
3.537	-6.343	0.030
3.538	-6.343	0.030
3.539	-6.343	0.030
3.540	-6.343	0.030
3.541	-6.343	0.030
3.542	-6.343	0.030
3.543	-6.342	0.030
3.544	-6.342	0.030
3.545	-6.342	0.030
3.546	-6.342	0.030
3.547	-6.342	0.030
3.548	-6.342	0.030
3.549	-6.342	0.030
3.550	-6.342	0.030
3.551	-6.342	0.030
3.552	-6.342	0.030
3.553	-6.342	0.030
3.554	-6.342	0.030
3.555	-6.342	0.030
3.556	-6.342	0.030
3.557	-6.342	0.030
3.558	-6.342	0.030
3.559	-6.342	0.030
3.560	-6.342	0.030
3.561	-6.342	0.030
3.562	-6.342	0.030
3.563	-6.342	0.030
3.564	-6.342	0.030
3.565	-6.342	0.030
3.566	-6.342	0.030
3.567	-6.342	0.030
3.568	-6.342	0.030
3.569	-6.342	0.030
3.570	-6.342	0.030
3.571	-6.342	0.030
3.572	-6.342	0.030
3.573	-6.342	0.030
3.574	-6.342	0.030
3.575	-6.342	0.030
3.576	-6.342	0.030
3.577	-6.342	0.030
3.578	-6.342	0.030
3.579	-6.342	0.030
3.580	-6.342	0.030
3.581	-6.342	0.030
3.582	-6.342	0.030
3.583	-6.342	0.030
3.584	-6.342	0.030
3.585	-6.342	0.030
3.586	-6.342	0.030
3.587	-6.342	0.030
3.588	-6.342	0.030
3.589	-6.342	0.030
3.590	-6.342	0.030
3.591	-6.342	0.030
3.592	-6.342	0.030
3.593	-6.342	0.030
3.594	-6.342	0.030
3.595	-6.342	0.030
3.596	-6.342	0.030
3.597	-6.342	0.030
3.598	-6.342	0.030
3.599	-6.342	0.030
3.600	-6.342	0.030
3.601	-6.342	0.030
3.602	-6.342	0.030
3.603	-6.342	0.030
3.604	-6.342	0.030
3.605	-6.342	0.030
3.606	-6.342	0.030
3.607	-6.342	0.030
3.608	-6.342	0.030
3.609	-6.342	0.030
3.610	-6.342	0.030
3.611	-6.342	0.030
3.612	-6.342	0.030
3.613	-6.342	0.030
3.614	-6.342	0.030
3.615	-6.342	0.030
3.616	-6.342	0.030
3.617	-6.342	0.030
3.618	-6.342	0.030
3.619	-6.342	0.030
3.620	-6.341	0.030
3.621	-6.341	0.030
3.622	-6.341	0.030
3.623	-6.341	0.030
3.624	-6.341	0.030
3.625	-6.341	0.030
3.626	-6.341	0.030
3.627	-6.341	0.030
3.628	-6.341	0.030
3.629	-6.341	0.030
3.630	-6.341	0.030
3.631	-6.341	0.030
3.632	-6.341	0.030
3.633	-6.341	0.030
3.634	-6.341	0.030
3.635	-6.341	0.030
3.636	-6.341	0.030
3.637	-6.341	0.030
3.638	-6.341	0.030
3.639	-6.341	0.030
3.640	-6.341	0.030
3.641	-6.341	0.030
3.642	-6.341	0.030
3.643	-6.341	0.030
3.644	-6.341	0.030
3.645	-6.341	0.030
3.646	-6.341	0.030
3.647	-6.341	0.030
3.648	-6.341	0.030
3.649	-6.341	0.030
3.650	-6.341	0.030
3.651	-6.341	0.030
3.652	-6.341	0.030
3.653	-6.341	0.030
3.654	-6.341	0.030
3.655	-6.341	0.030
3.656	-6.341	0.030
3.657	-6.341	0.030
3.658	-6.341	0.030
3.659	-6.341	0.030
3.660	-6.341	0.030
3.661	-6.341	0.030
3.662	-6.341	0.030
3.663	-6.341	0.030
3.664	-6.341	0.030
3.665	-6.341	0.030
3.666	-6.341	0.030
3.667	-6.341	0.030
3.668	-6.341	0.030
3.669	-6.341	0.030
3.670	-6.341	0.030
3.671	-6.341	0.030
3.672	-6.341	0.030
3.673	-6.341	0.030
3.674	-6.341	0.030
3.675	-6.341	0.030
3.676	-6.341	0.030
3.677	-6.341	0.030
3.678	-6.341	0.030
3.679	-6.341	0.030
3.680	-6.341	0.030
3.681	-6.341	0.030
3.682	-6.341	0.030
3.683	-6.341	0.030
3.684	-6.341	0.030
3.685	-6.341	0.030
3.686	-6.341	0.030
3.687	-6.341	0.030
3.688	-6.341	0.030
3.689	-6.341	0.030
3.690	-6.341	0.030
3.691	-6.341	0.030
3.692	-6.341	0.030
3.693	-6.341	0.030
3.694	-6.341	0.030
3.695	-6.341	0.030
3.696	-6.341	0.030
3.697	-6.341	0.030
3.698	-6.341	0.030
3.699	-6.341	0.030
3.700	-6.341	0.030
3.701	-6.340	0.030
3.702	-6.340	0.030
3.703	-6.340	0.030
3.704	-6.340	0.030
3.705	-6.340	0.030
3.706	-6.340	0.030
3.707	-6.340	0.030
3.708	-6.340	0.030
3.709	-6.340	0.030
3.710	-6.340	0.030
3.711	-6.340	0.030
3.712	-6.340	0.030
3.713	-6.340	0.030
3.714	-6.340	0.030
3.715	-6.340	0.030
3.716	-6.340	0.030
3.717	-6.340	0.030
3.718	-6.340	0.030
3.719	-6.340	0.030
3.720	-6.340	0.030
3.721	-6.340	0.030
3.722	-6.340	0.030
3.723	-6.340	0.030
3.724	-6.340	0.030
3.725	-6.340	0.030
3.726	-6.340	0.030
3.727	-6.340	0.030
3.728	-6.340	0.030
3.729	-6.340	0.030
3.730	-6.340	0.030
3.731	-6.340	0.030
3.732	-6.340	0.030
3.733	-6.340	0.030
3.734	-6.340	0.030
3.735	-6.340	0.030
3.736	-6.340	0.030
3.737	-6.340	0.030
3.738	-6.340	0.030
3.739	-6.340	0.030
3.740	-6.340	0.030
3.741	-6.340	0.030
3.742	-6.340	0.030
3.743	-6.340	0.030
3.744	-6.340	0.030
3.745	-6.340	0.030
3.746	-6.340	0.030
3.747	-6.340	0.030
3.748	-6.340	0.030
3.749	-6.340	0.030
3.750	-6.340	0.030
3.751	-6.340	0.030
3.752	-6.340	0.030
3.753	-6.340	0.030
3.754	-6.340	0.030
3.755	-6.340	0.030
3.756	-6.340	0.030
3.757	-6.340	0.030
3.758	-6.340	0.030
3.759	-6.340	0.030
3.760	-6.340	0.030
3.761	-6.340	0.030
3.762	-6.340	0.030
3.763	-6.340	0.030
3.764	-6.340	0.030
3.765	-6.340	0.030
3.766	-6.340	0.030
3.767	-6.340	0.030
3.768	-6.340	0.030
3.769	-6.340	0.030
3.770	-6.340	0.030
3.771	-6.340	0.030
3.772	-6.340	0.030
3.773	-6.340	0.030
3.774	-6.340	0.030
3.775	-6.340	0.030
3.776	-6.340	0.030
3.777	-6.340	0.030
3.778	-6.340	0.030
3.779	-6.340	0.030
3.780	-6.340	0.030
3.781	-6.340	0.030
3.782	-6.340	0.030
3.783	-6.340	0.030
3.784	-6.340	0.030
3.785	-6.340	0.030
3.786	-6.340	0.030
3.787	-6.339	0.030
3.788	-6.339	0.030
3.789	-6.339	0.030
3.790	-6.339	0.030
3.791	-6.339	0.030
3.792	-6.339	0.030
3.793	-6.339	0.030
3.794	-6.339	0.030
3.795	-6.339	0.030
3.796	-6.339	0.030
3.797	-6.339	0.030
3.798	-6.339	0.030
3.799	-6.339	0.030
3.800	-6.339	0.030
3.801	-6.339	0.030
3.802	-6.339	0.030
3.803	-6.339	0.030
3.804	-6.339	0.030
3.805	-6.339	0.030
3.806	-6.339	0.030
3.807	-6.339	0.030
3.808	-6.339	0.030
3.809	-6.339	0.030
3.810	-6.339	0.030
3.811	-6.339	0.030
3.812	-6.339	0.030
3.813	-6.339	0.030
3.814	-6.339	0.030
3.815	-6.339	0.030
3.816	-6.339	0.030
3.817	-6.339	0.030
3.818	-6.339	0.030
3.819	-6.339	0.030
3.820	-6.339	0.030
3.821	-6.339	0.030
3.822	-6.339	0.030
3.823	-6.339	0.030
3.824	-6.339	0.030
3.825	-6.339	0.030
3.826	-6.339	0.030
3.827	-6.339	0.030
3.828	-6.339	0.030
3.829	-6.339	0.030
3.830	-6.339	0.030
3.831	-6.339	0.030
3.832	-6.339	0.030
3.833	-6.339	0.030
3.834	-6.339	0.030
3.835	-6.339	0.030
3.836	-6.339	0.030
3.837	-6.339	0.030
3.838	-6.339	0.030
3.839	-6.339	0.030
3.840	-6.339	0.030
3.841	-6.339	0.030
3.842	-6.339	0.030
3.843	-6.339	0.030
3.844	-6.339	0.030
3.845	-6.339	0.030
3.846	-6.339	0.030
3.847	-6.339	0.030
3.848	-6.339	0.030
3.849	-6.339	0.030
3.850	-6.339	0.030
3.851	-6.339	0.030
3.852	-6.339	0.030
3.853	-6.339	0.030
3.854	-6.339	0.030
3.855	-6.339	0.030
3.856	-6.339	0.030
3.857	-6.339	0.030
3.858	-6.339	0.030
3.859	-6.339	0.030
3.860	-6.339	0.030
3.861	-6.339	0.030
3.862	-6.339	0.030
3.863	-6.339	0.030
3.864	-6.339	0.030
3.865	-6.339	0.030
3.866	-6.339	0.030
3.867	-6.339	0.030
3.868	-6.339	0.030
3.869	-6.339	0.030
3.870	-6.339	0.030
3.871	-6.339	0.030
3.872	-6.339	0.030
3.873	-6.339	0.030
3.874	-6.339	0.030
3.875	-6.339	0.030
3.876	-6.338	0.030
3.877	-6.338	0.030
3.878	-6.338	0.030
3.879	-6.338	0.030
3.880	-6.338	0.030
3.881	-6.338	0.030
3.882	-6.338	0.030
3.883	-6.338	0.030
3.884	-6.338	0.030
3.885	-6.338	0.030
3.886	-6.338	0.030
3.887	-6.338	0.030
3.888	-6.338	0.030
3.889	-6.338	0.030
3.890	-6.338	0.030
3.891	-6.338	0.030
3.892	-6.338	0.030
3.893	-6.338	0.030
3.894	-6.338	0.030
3.895	-6.338	0.030
3.896	-6.338	0.030
3.897	-6.338	0.030
3.898	-6.338	0.030
3.899	-6.338	0.030
3.900	-6.338	0.030
3.901	-6.338	0.030
3.902	-6.338	0.030
3.903	-6.338	0.030
3.904	-6.338	0.030
3.905	-6.338	0.030
3.906	-6.338	0.030
3.907	-6.338	0.030
3.908	-6.338	0.030
3.909	-6.338	0.030
3.910	-6.338	0.030
3.911	-6.338	0.030
3.912	-6.338	0.030
3.913	-6.338	0.030
3.914	-6.338	0.030
3.915	-6.338	0.030
3.916	-6.338	0.030
3.917	-6.338	0.030
3.918	-6.338	0.030
3.919	-6.338	0.030
3.920	-6.338	0.030
3.921	-6.338	0.030
3.922	-6.338	0.030
3.923	-6.338	0.030
3.924	-6.338	0.030
3.925	-6.338	0.030
3.926	-6.338	0.030
3.927	-6.338	0.030
3.928	-6.338	0.030
3.929	-6.338	0.030
3.930	-6.338	0.030
3.931	-6.338	0.030
3.932	-6.338	0.030
3.933	-6.338	0.030
3.934	-6.338	0.030
3.935	-6.338	0.030
3.936	-6.338	0.030
3.937	-6.338	0.030
3.938	-6.338	0.030
3.939	-6.338	0.030
3.940	-6.338	0.030
3.941	-6.338	0.030
3.942	-6.338	0.030
3.943	-6.338	0.030
3.944	-6.338	0.030
3.945	-6.338	0.030
3.946	-6.338	0.030
3.947	-6.338	0.030
3.948	-6.338	0.030
3.949	-6.338	0.030
3.950	-6.338	0.030
3.951	-6.338	0.030
3.952	-6.338	0.030
3.953	-6.338	0.030
3.954	-6.338	0.030
3.955	-6.338	0.030
3.956	-6.338	0.030
3.957	-6.338	0.030
3.958	-6.338	0.030
3.959	-6.338	0.030
3.960	-6.338	0.030
3.961	-6.338	0.030
3.962	-6.338	0.030
3.963	-6.338	0.030
3.964	-6.338	0.030
3.965	-6.338	0.030
3.966	-6.338	0.030
3.967	-6.337	0.030
3.968	-6.337	0.030
3.969	-6.337	0.030
3.970	-6.337	0.030
3.971	-6.337	0.030
3.972	-6.337	0.030
3.973	-6.337	0.030
3.974	-6.337	0.030
3.975	-6.337	0.030
3.976	-6.337	0.030
3.977	-6.337	0.030
3.978	-6.337	0.030
3.979	-6.337	0.030
3.980	-6.337	0.030
3.981	-6.337	0.030
3.982	-6.337	0.030
3.983	-6.337	0.030
3.984	-6.337	0.030
3.985	-6.337	0.030
3.986	-6.337	0.030
3.987	-6.337	0.030
3.988	-6.337	0.030
3.989	-6.337	0.030
3.990	-6.337	0.030
3.991	-6.337	0.030
3.992	-6.337	0.030
3.993	-6.337	0.030
3.994	-6.337	0.031
3.995	-6.337	0.031
3.996	-6.337	0.031
3.997	-6.337	0.031
3.998	-6.337	0.031
3.999	-6.337	0.031
4.000	-6.337	0.031
4.001	-6.337	0.031
4.002	-6.337	0.031
4.003	-6.337	0.031
4.004	-6.337	0.031
4.005	-6.337	0.031
4.006	-6.337	0.031
4.007	-6.337	0.031
4.008	-6.337	0.031
4.009	-6.337	0.031
4.010	-6.337	0.031
4.011	-6.337	0.031
4.012	-6.337	0.031
4.013	-6.337	0.031
4.014	-6.337	0.031
4.015	-6.337	0.031
4.016	-6.337	0.031
4.017	-6.337	0.031
4.018	-6.337	0.031
4.019	-6.337	0.031
4.020	-6.337	0.031
4.021	-6.337	0.031
4.022	-6.337	0.031
4.023	-6.337	0.031
4.024	-6.337	0.031
4.025	-6.337	0.031
4.026	-6.337	0.031
4.027	-6.337	0.031
4.028	-6.337	0.031
4.029	-6.337	0.031
4.030	-6.337	0.031
4.031	-6.337	0.031
4.032	-6.337	0.031
4.033	-6.337	0.031
4.034	-6.337	0.031
4.035	-6.337	0.031
4.036	-6.337	0.031
4.037	-6.337	0.031
4.038	-6.337	0.031
4.039	-6.337	0.031
4.040	-6.337	0.031
4.041	-6.337	0.031
4.042	-6.337	0.031
4.043	-6.337	0.031
4.044	-6.337	0.031
4.045	-6.337	0.031
4.046	-6.337	0.031
4.047	-6.337	0.031
4.048	-6.337	0.031
4.049	-6.337	0.031
4.050	-6.337	0.031
4.051	-6.337	0.031
4.052	-6.337	0.031
4.053	-6.337	0.031
4.054	-6.337	0.031
4.055	-6.337	0.031
4.056	-6.337	0.031
4.057	-6.337	0.031
4.058	-6.337	0.031
4.059	-6.337	0.031
4.060	-6.337	0.031
4.061	-6.336	0.031
4.062	-6.336	0.031
4.063	-6.336	0.031
4.064	-6.336	0.031
4.065	-6.336	0.031
4.066	-6.336	0.031
4.067	-6.336	0.031
4.068	-6.336	0.031
4.069	-6.336	0.031
4.070	-6.336	0.031
4.071	-6.336	0.031
4.072	-6.336	0.031
4.073	-6.336	0.031
4.074	-6.336	0.031
4.075	-6.336	0.031
4.076	-6.336	0.031
4.077	-6.336	0.031
4.078	-6.336	0.031
4.079	-6.336	0.031
4.080	-6.336	0.031
4.081	-6.336	0.031
4.082	-6.336	0.031
4.083	-6.336	0.031
4.084	-6.336	0.031
4.085	-6.336	0.031
4.086	-6.336	0.031
4.087	-6.336	0.031
4.088	-6.336	0.031
4.089	-6.336	0.031
4.090	-6.336	0.031
4.091	-6.336	0.031
4.092	-6.336	0.031
4.093	-6.336	0.031
4.094	-6.336	0.031
4.095	-6.336	0.031
4.096	-6.336	0.031
4.097	-6.336	0.031
4.098	-6.336	0.031
4.099	-6.336	0.031
4.100	-6.336	0.031
4.101	-6.336	0.031
4.102	-6.336	0.031
4.103	-6.336	0.031
4.104	-6.336	0.031
4.105	-6.336	0.031
4.106	-6.336	0.031
4.107	-6.336	0.031
4.108	-6.336	0.031
4.109	-6.336	0.031
4.110	-6.336	0.031
4.111	-6.336	0.031
4.112	-6.336	0.031
4.113	-6.336	0.031
4.114	-6.336	0.031
4.115	-6.336	0.031
4.116	-6.336	0.031
4.117	-6.336	0.031
4.118	-6.336	0.031
4.119	-6.336	0.031
4.120	-6.336	0.031
4.121	-6.336	0.031
4.122	-6.336	0.031
4.123	-6.336	0.031
4.124	-6.336	0.031
4.125	-6.336	0.031
4.126	-6.336	0.031
4.127	-6.336	0.031
4.128	-6.336	0.031
4.129	-6.336	0.031
4.130	-6.336	0.031
4.131	-6.336	0.031
4.132	-6.336	0.031
4.133	-6.336	0.031
4.134	-6.336	0.031
4.135	-6.336	0.031
4.136	-6.336	0.031
4.137	-6.336	0.031
4.138	-6.336	0.031
4.139	-6.336	0.031
4.140	-6.336	0.031
4.141	-6.336	0.031
4.142	-6.336	0.031
4.143	-6.336	0.031
4.144	-6.336	0.031
4.145	-6.336	0.031
4.146	-6.336	0.031
4.147	-6.336	0.031
4.148	-6.336	0.031
4.149	-6.336	0.031
4.150	-6.336	0.031
4.151	-6.336	0.031
4.152	-6.336	0.031
4.153	-6.336	0.031
4.154	-6.336	0.031
4.155	-6.335	0.031
4.156	-6.335	0.031
4.157	-6.335	0.031
4.158	-6.335	0.031
4.159	-6.335	0.031
4.160	-6.335	0.031
4.161	-6.335	0.031
4.162	-6.335	0.031
4.163	-6.335	0.031
4.164	-6.335	0.031
4.165	-6.335	0.031
4.166	-6.335	0.031
4.167	-6.335	0.031
4.168	-6.335	0.031
4.169	-6.335	0.031
4.170	-6.335	0.031
4.171	-6.335	0.031
4.172	-6.335	0.031
4.173	-6.335	0.031
4.174	-6.335	0.031
4.175	-6.335	0.031
4.176	-6.335	0.031
4.177	-6.335	0.031
4.178	-6.335	0.031
4.179	-6.335	0.031
4.180	-6.335	0.031
4.181	-6.335	0.031
4.182	-6.335	0.031
4.183	-6.335	0.032
4.184	-6.335	0.032
4.185	-6.335	0.032
4.186	-6.335	0.032
4.187	-6.335	0.032
4.188	-6.335	0.032
4.189	-6.335	0.032
4.190	-6.335	0.032
4.191	-6.335	0.032
4.192	-6.335	0.032
4.193	-6.335	0.032
4.194	-6.335	0.032
4.195	-6.335	0.032
4.196	-6.335	0.032
4.197	-6.335	0.032
4.198	-6.335	0.032
4.199	-6.335	0.032
4.200	-6.335	0.032
4.201	-6.335	0.032
4.202	-6.335	0.032
4.203	-6.335	0.032
4.204	-6.335	0.032
4.205	-6.335	0.032
4.206	-6.335	0.032
4.207	-6.335	0.032
4.208	-6.335	0.032
4.209	-6.335	0.032
4.210	-6.335	0.032
4.211	-6.335	0.032
4.212	-6.335	0.032
4.213	-6.335	0.032
4.214	-6.335	0.032
4.215	-6.335	0.032
4.216	-6.335	0.032
4.217	-6.335	0.032
4.218	-6.335	0.032
4.219	-6.335	0.032
4.220	-6.335	0.032
4.221	-6.335	0.032
4.222	-6.335	0.032
4.223	-6.335	0.032
4.224	-6.335	0.032
4.225	-6.335	0.032
4.226	-6.335	0.032
4.227	-6.335	0.032
4.228	-6.335	0.032
4.229	-6.335	0.032
4.230	-6.335	0.032
4.231	-6.335	0.032
4.232	-6.335	0.032
4.233	-6.335	0.032
4.234	-6.335	0.032
4.235	-6.335	0.032
4.236	-6.335	0.032
4.237	-6.335	0.032
4.238	-6.335	0.032
4.239	-6.335	0.032
4.240	-6.335	0.032
4.241	-6.335	0.032
4.242	-6.335	0.032
4.243	-6.335	0.032
4.244	-6.335	0.032
4.245	-6.335	0.032
4.246	-6.335	0.032
4.247	-6.334	0.032
4.248	-6.334	0.032
4.249	-6.334	0.032
4.250	-6.334	0.032
4.251	-6.334	0.032
4.252	-6.334	0.032
4.253	-6.334	0.032
4.254	-6.334	0.032
4.255	-6.334	0.032
4.256	-6.334	0.032
4.257	-6.334	0.032
4.258	-6.334	0.032
4.259	-6.334	0.032
4.260	-6.334	0.032
4.261	-6.334	0.032
4.262	-6.334	0.032
4.263	-6.334	0.032
4.264	-6.334	0.032
4.265	-6.334	0.032
4.266	-6.334	0.032
4.267	-6.334	0.032
4.268	-6.334	0.032
4.269	-6.334	0.032
4.270	-6.334	0.032
4.271	-6.334	0.032
4.272	-6.334	0.032
4.273	-6.334	0.032
4.274	-6.334	0.032
4.275	-6.334	0.032
4.276	-6.334	0.032
4.277	-6.334	0.032
4.278	-6.334	0.032
4.279	-6.334	0.032
4.280	-6.334	0.032
4.281	-6.334	0.032
4.282	-6.334	0.032
4.283	-6.334	0.032
4.284	-6.334	0.032
4.285	-6.334	0.032
4.286	-6.334	0.032
4.287	-6.334	0.032
4.288	-6.334	0.032
4.289	-6.334	0.032
4.290	-6.334	0.032
4.291	-6.334	0.032
4.292	-6.334	0.032
4.293	-6.334	0.032
4.294	-6.334	0.032
4.295	-6.334	0.032
4.296	-6.334	0.032
4.297	-6.334	0.032
4.298	-6.334	0.032
4.299	-6.334	0.032
4.300	-6.334	0.032
4.301	-6.334	0.032
4.302	-6.334	0.032
4.303	-6.334	0.032
4.304	-6.334	0.032
4.305	-6.334	0.032
4.306	-6.334	0.032
4.307	-6.334	0.032
4.308	-6.334	0.032
4.309	-6.334	0.032
4.310	-6.334	0.032
4.311	-6.334	0.032
4.312	-6.334	0.032
4.313	-6.334	0.032
4.314	-6.334	0.032
4.315	-6.334	0.032
4.316	-6.334	0.032
4.317	-6.334	0.032
4.318	-6.334	0.032
4.319	-6.334	0.032
4.320	-6.334	0.032
4.321	-6.334	0.032
4.322	-6.334	0.032
4.323	-6.334	0.032
4.324	-6.334	0.032
4.325	-6.334	0.032
4.326	-6.334	0.032
4.327	-6.334	0.032
4.328	-6.334	0.032
4.329	-6.334	0.032
4.330	-6.334	0.032
4.331	-6.334	0.032
4.332	-6.334	0.032
4.333	-6.334	0.032
4.334	-6.334	0.032
4.335	-6.334	0.032
4.336	-6.334	0.032
4.337	-6.334	0.032
4.338	-6.334	0.032
4.339	-6.333	0.032
4.340	-6.333	0.032
4.341	-6.333	0.032
4.342	-6.333	0.032
4.343	-6.333	0.032
4.344	-6.333	0.032
4.345	-6.333	0.032
4.346	-6.333	0.032
4.347	-6.333	0.032
4.348	-6.333	0.032
4.349	-6.333	0.032
4.350	-6.333	0.032
4.351	-6.333	0.032
4.352	-6.333	0.032
4.353	-6.333	0.032
4.354	-6.333	0.032
4.355	-6.333	0.032
4.356	-6.333	0.032
4.357	-6.333	0.032
4.358	-6.333	0.032
4.359	-6.333	0.032
4.360	-6.333	0.032
4.361	-6.333	0.032
4.362	-6.333	0.032
4.363	-6.333	0.032
4.364	-6.333	0.032
4.365	-6.333	0.032
4.366	-6.333	0.032
4.367	-6.333	0.032
4.368	-6.333	0.032
4.369	-6.333	0.032
4.370	-6.333	0.032
4.371	-6.333	0.032
4.372	-6.333	0.032
4.373	-6.333	0.032
4.374	-6.333	0.032
4.375	-6.333	0.032
4.376	-6.333	0.032
4.377	-6.333	0.032
4.378	-6.333	0.032
4.379	-6.333	0.032
4.380	-6.333	0.032
4.381	-6.333	0.032
4.382	-6.333	0.032
4.383	-6.333	0.032
4.384	-6.333	0.032
4.385	-6.333	0.032
4.386	-6.333	0.032
4.387	-6.333	0.032
4.388	-6.333	0.032
4.389	-6.333	0.032
4.390	-6.333	0.032
4.391	-6.333	0.032
4.392	-6.333	0.032
4.393	-6.333	0.032
4.394	-6.333	0.032
4.395	-6.333	0.032
4.396	-6.333	0.033
4.397	-6.333	0.033
4.398	-6.333	0.033
4.399	-6.333	0.033
4.400	-6.333	0.033
4.401	-6.333	0.033
4.402	-6.333	0.033
4.403	-6.333	0.033
4.404	-6.333	0.033
4.405	-6.333	0.033
4.406	-6.333	0.033
4.407	-6.333	0.033
4.408	-6.333	0.033
4.409	-6.333	0.033
4.410	-6.333	0.033
4.411	-6.333	0.033
4.412	-6.333	0.033
4.413	-6.333	0.033
4.414	-6.333	0.033
4.415	-6.333	0.033
4.416	-6.333	0.033
4.417	-6.333	0.033
4.418	-6.333	0.033
4.419	-6.333	0.033
4.420	-6.333	0.033
4.421	-6.333	0.033
4.422	-6.333	0.033
4.423	-6.333	0.033
4.424	-6.333	0.033
4.425	-6.333	0.033
4.426	-6.333	0.033
4.427	-6.333	0.033
4.428	-6.333	0.033
4.429	-6.333	0.033
4.430	-6.333	0.033
4.431	-6.332	0.033
4.432	-6.332	0.033
4.433	-6.332	0.033
4.434	-6.332	0.033
4.435	-6.332	0.033
4.436	-6.332	0.033
4.437	-6.332	0.033
4.438	-6.332	0.033
4.439	-6.332	0.033
4.440	-6.332	0.033
4.441	-6.332	0.033
4.442	-6.332	0.033
4.443	-6.332	0.033
4.444	-6.332	0.033
4.445	-6.332	0.033
4.446	-6.332	0.033
4.447	-6.332	0.033
4.448	-6.332	0.033
4.449	-6.332	0.033
4.450	-6.332	0.033
4.451	-6.332	0.033
4.452	-6.332	0.033
4.453	-6.332	0.033
4.454	-6.332	0.033
4.455	-6.332	0.033
4.456	-6.332	0.033
4.457	-6.332	0.033
4.458	-6.332	0.033
4.459	-6.332	0.033
4.460	-6.332	0.033
4.461	-6.332	0.033
4.462	-6.332	0.033
4.463	-6.332	0.033
4.464	-6.332	0.033
4.465	-6.332	0.033
4.466	-6.332	0.033
4.467	-6.332	0.033
4.468	-6.332	0.033
4.469	-6.332	0.033
4.470	-6.332	0.033
4.471	-6.332	0.033
4.472	-6.332	0.033
4.473	-6.332	0.033
4.474	-6.332	0.033
4.475	-6.332	0.033
4.476	-6.332	0.033
4.477	-6.332	0.033
4.478	-6.332	0.033
4.479	-6.332	0.033
4.480	-6.332	0.033
4.481	-6.332	0.033
4.482	-6.332	0.033
4.483	-6.332	0.033
4.484	-6.332	0.033
4.485	-6.332	0.033
4.486	-6.332	0.033
4.487	-6.332	0.033
4.488	-6.332	0.033
4.489	-6.332	0.033
4.490	-6.332	0.033
4.491	-6.332	0.033
4.492	-6.332	0.033
4.493	-6.332	0.033
4.494	-6.332	0.033
4.495	-6.332	0.033
4.496	-6.332	0.033
4.497	-6.332	0.033
4.498	-6.332	0.033
4.499	-6.332	0.033
4.500	-6.332	0.033
4.501	-6.332	0.033
4.502	-6.332	0.033
4.503	-6.332	0.033
4.504	-6.332	0.033
4.505	-6.332	0.033
4.506	-6.332	0.033
4.507	-6.332	0.033
4.508	-6.332	0.033
4.509	-6.332	0.033
4.510	-6.332	0.033
4.511	-6.332	0.033
4.512	-6.332	0.033
4.513	-6.332	0.033
4.514	-6.332	0.033
4.515	-6.332	0.033
4.516	-6.332	0.033
4.517	-6.332	0.033
4.518	-6.332	0.033
4.519	-6.332	0.033
4.520	-6.332	0.033
4.521	-6.332	0.033
4.522	-6.332	0.033
4.523	-6.332	0.033
4.524	-6.332	0.033
4.525	-6.331	0.033
4.526	-6.331	0.033
4.527	-6.331	0.033
4.528	-6.331	0.033
4.529	-6.331	0.033
4.530	-6.331	0.033
4.531	-6.331	0.033
4.532	-6.331	0.033
4.533	-6.331	0.033
4.534	-6.331	0.033
4.535	-6.331	0.033
4.536	-6.331	0.033
4.537	-6.331	0.033
4.538	-6.331	0.033
4.539	-6.331	0.033
4.540	-6.331	0.033
4.541	-6.331	0.033
4.542	-6.331	0.033
4.543	-6.331	0.033
4.544	-6.331	0.033
4.545	-6.331	0.033
4.546	-6.331	0.033
4.547	-6.331	0.033
4.548	-6.331	0.033
4.549	-6.331	0.033
4.550	-6.331	0.033
4.551	-6.331	0.033
4.552	-6.331	0.033
4.553	-6.331	0.033
4.554	-6.331	0.033
4.555	-6.331	0.033
4.556	-6.331	0.033
4.557	-6.331	0.033
4.558	-6.331	0.033
4.559	-6.331	0.033
4.560	-6.331	0.033
4.561	-6.331	0.033
4.562	-6.331	0.033
4.563	-6.331	0.033
4.564	-6.331	0.033
4.565	-6.331	0.033
4.566	-6.331	0.033
4.567	-6.331	0.033
4.568	-6.331	0.033
4.569	-6.331	0.033
4.570	-6.331	0.033
4.571	-6.331	0.033
4.572	-6.331	0.033
4.573	-6.331	0.033
4.574	-6.331	0.033
4.575	-6.331	0.033
4.576	-6.331	0.033
4.577	-6.331	0.033
4.578	-6.331	0.033
4.579	-6.331	0.033
4.580	-6.331	0.033
4.581	-6.331	0.033
4.582	-6.331	0.033
4.583	-6.331	0.033
4.584	-6.331	0.033
4.585	-6.331	0.033
4.586	-6.331	0.033
4.587	-6.331	0.033
4.588	-6.331	0.033
4.589	-6.331	0.033
4.590	-6.331	0.033
4.591	-6.331	0.033
4.592	-6.331	0.033
4.593	-6.331	0.033
4.594	-6.331	0.033
4.595	-6.331	0.033
4.596	-6.331	0.033
4.597	-6.331	0.033
4.598	-6.331	0.033
4.599	-6.331	0.033
4.600	-6.331	0.033
4.601	-6.331	0.033
4.602	-6.331	0.033
4.603	-6.331	0.033
4.604	-6.331	0.033
4.605	-6.331	0.033
4.606	-6.331	0.033
4.607	-6.331	0.033
4.608	-6.331	0.033
4.609	-6.331	0.033
4.610	-6.331	0.033
4.611	-6.331	0.033
4.612	-6.331	0.033
4.613	-6.331	0.033
4.614	-6.331	0.033
4.615	-6.331	0.033
4.616	-6.331	0.033
4.617	-6.331	0.033
4.618	-6.331	0.033
4.619	-6.331	0.033
4.620	-6.331	0.033
4.621	-6.331	0.033
4.622	-6.330	0.033
4.623	-6.330	0.033
4.624	-6.330	0.033
4.625	-6.330	0.033
4.626	-6.330	0.033
4.627	-6.330	0.034
4.628	-6.330	0.034
4.629	-6.330	0.034
4.630	-6.330	0.034
4.631	-6.330	0.034
4.632	-6.330	0.034
4.633	-6.330	0.034
4.634	-6.330	0.034
4.635	-6.330	0.034
4.636	-6.330	0.034
4.637	-6.330	0.034
4.638	-6.330	0.034
4.639	-6.330	0.034
4.640	-6.330	0.034
4.641	-6.330	0.034
4.642	-6.330	0.034
4.643	-6.330	0.034
4.644	-6.330	0.034
4.645	-6.330	0.034
4.646	-6.330	0.034
4.647	-6.330	0.034
4.648	-6.330	0.034
4.649	-6.330	0.034
4.650	-6.330	0.034
4.651	-6.330	0.034
4.652	-6.330	0.034
4.653	-6.330	0.034
4.654	-6.330	0.034
4.655	-6.330	0.034
4.656	-6.330	0.034
4.657	-6.330	0.034
4.658	-6.330	0.034
4.659	-6.330	0.034
4.660	-6.330	0.034
4.661	-6.330	0.034
4.662	-6.330	0.034
4.663	-6.330	0.034
4.664	-6.330	0.034
4.665	-6.330	0.034
4.666	-6.330	0.034
4.667	-6.330	0.034
4.668	-6.330	0.034
4.669	-6.330	0.034
4.670	-6.330	0.034
4.671	-6.330	0.034
4.672	-6.330	0.034
4.673	-6.330	0.034
4.674	-6.330	0.034
4.675	-6.330	0.034
4.676	-6.330	0.034
4.677	-6.330	0.034
4.678	-6.330	0.034
4.679	-6.330	0.034
4.680	-6.330	0.034
4.681	-6.330	0.034
4.682	-6.330	0.034
4.683	-6.330	0.034
4.684	-6.330	0.034
4.685	-6.330	0.034
4.686	-6.330	0.034
4.687	-6.330	0.034
4.688	-6.330	0.034
4.689	-6.330	0.034
4.690	-6.330	0.034
4.691	-6.330	0.034
4.692	-6.330	0.034
4.693	-6.330	0.034
4.694	-6.330	0.034
4.695	-6.330	0.034
4.696	-6.330	0.034
4.697	-6.330	0.034
4.698	-6.330	0.034
4.699	-6.330	0.034
4.700	-6.330	0.034
4.701	-6.330	0.034
4.702	-6.330	0.034
4.703	-6.330	0.034
4.704	-6.330	0.034
4.705	-6.330	0.034
4.706	-6.330	0.034
4.707	-6.330	0.034
4.708	-6.330	0.034
4.709	-6.330	0.034
4.710	-6.330	0.034
4.711	-6.330	0.034
4.712	-6.330	0.034
4.713	-6.330	0.034
4.714	-6.330	0.034
4.715	-6.330	0.034
4.716	-6.330	0.034
4.717	-6.330	0.034
4.718	-6.330	0.034
4.719	-6.330	0.034
4.720	-6.330	0.034
4.721	-6.330	0.034
4.722	-6.330	0.034
4.723	-6.330	0.034
4.724	-6.329	0.034
4.725	-6.329	0.034
4.726	-6.329	0.034
4.727	-6.329	0.034
4.728	-6.329	0.034
4.729	-6.329	0.034
4.730	-6.329	0.034
4.731	-6.329	0.034
4.732	-6.329	0.034
4.733	-6.329	0.034
4.734	-6.329	0.034
4.735	-6.329	0.034
4.736	-6.329	0.034
4.737	-6.329	0.034
4.738	-6.329	0.034
4.739	-6.329	0.034
4.740	-6.329	0.034
4.741	-6.329	0.034
4.742	-6.329	0.034
4.743	-6.329	0.034
4.744	-6.329	0.034
4.745	-6.329	0.034
4.746	-6.329	0.034
4.747	-6.329	0.034
4.748	-6.329	0.034
4.749	-6.329	0.034
4.750	-6.329	0.034
4.751	-6.329	0.034
4.752	-6.329	0.034
4.753	-6.329	0.034
4.754	-6.329	0.034
4.755	-6.329	0.034
4.756	-6.329	0.034
4.757	-6.329	0.034
4.758	-6.329	0.034
4.759	-6.329	0.034
4.760	-6.329	0.034
4.761	-6.329	0.034
4.762	-6.329	0.034
4.763	-6.329	0.034
4.764	-6.329	0.034
4.765	-6.329	0.034
4.766	-6.329	0.034
4.767	-6.329	0.034
4.768	-6.329	0.034
4.769	-6.329	0.034
4.770	-6.329	0.034
4.771	-6.329	0.034
4.772	-6.329	0.034
4.773	-6.329	0.034
4.774	-6.329	0.034
4.775	-6.329	0.034
4.776	-6.329	0.034
4.777	-6.329	0.034
4.778	-6.329	0.034
4.779	-6.329	0.034
4.780	-6.329	0.034
4.781	-6.329	0.034
4.782	-6.329	0.034
4.783	-6.329	0.034
4.784	-6.329	0.034
4.785	-6.329	0.034
4.786	-6.329	0.034
4.787	-6.329	0.034
4.788	-6.329	0.034
4.789	-6.329	0.034
4.790	-6.329	0.034
4.791	-6.329	0.034
4.792	-6.329	0.034
4.793	-6.329	0.034
4.794	-6.329	0.034
4.795	-6.329	0.034
4.796	-6.329	0.034
4.797	-6.329	0.034
4.798	-6.329	0.034
4.799	-6.329	0.034
4.800	-6.329	0.034
4.801	-6.329	0.034
4.802	-6.329	0.034
4.803	-6.329	0.034
4.804	-6.329	0.034
4.805	-6.329	0.034
4.806	-6.329	0.034
4.807	-6.329	0.034
4.808	-6.329	0.034
4.809	-6.329	0.034
4.810	-6.329	0.034
4.811	-6.329	0.034
4.812	-6.329	0.034
4.813	-6.329	0.034
4.814	-6.329	0.034
4.815	-6.329	0.034
4.816	-6.329	0.034
4.817	-6.329	0.034
4.818	-6.329	0.034
4.819	-6.329	0.034
4.820	-6.329	0.034
4.821	-6.329	0.034
4.822	-6.329	0.034
4.823	-6.329	0.034
4.824	-6.329	0.034
4.825	-6.329	0.034
4.826	-6.329	0.034
4.827	-6.329	0.034
4.828	-6.329	0.034
4.829	-6.329	0.034
4.830	-6.329	0.034
4.831	-6.329	0.034
4.832	-6.329	0.034
4.833	-6.329	0.034
4.834	-6.328	0.034
4.835	-6.328	0.034
4.836	-6.328	0.034
4.837	-6.328	0.034
4.838	-6.328	0.034
4.839	-6.328	0.034
4.840	-6.328	0.034
4.841	-6.328	0.034
4.842	-6.328	0.034
4.843	-6.328	0.034
4.844	-6.328	0.034
4.845	-6.328	0.034
4.846	-6.328	0.034
4.847	-6.328	0.034
4.848	-6.328	0.034
4.849	-6.328	0.034
4.850	-6.328	0.034
4.851	-6.328	0.034
4.852	-6.328	0.034
4.853	-6.328	0.034
4.854	-6.328	0.034
4.855	-6.328	0.034
4.856	-6.328	0.034
4.857	-6.328	0.034
4.858	-6.328	0.034
4.859	-6.328	0.034
4.860	-6.328	0.034
4.861	-6.328	0.034
4.862	-6.328	0.034
4.863	-6.328	0.034
4.864	-6.328	0.034
4.865	-6.328	0.034
4.866	-6.328	0.034
4.867	-6.328	0.034
4.868	-6.328	0.034
4.869	-6.328	0.034
4.870	-6.328	0.034
4.871	-6.328	0.034
4.872	-6.328	0.034
4.873	-6.328	0.034
4.874	-6.328	0.034
4.875	-6.328	0.034
4.876	-6.328	0.034
4.877	-6.328	0.034
4.878	-6.328	0.034
4.879	-6.328	0.034
4.880	-6.328	0.034
4.881	-6.328	0.034
4.882	-6.328	0.034
4.883	-6.328	0.034
4.884	-6.328	0.034
4.885	-6.328	0.034
4.886	-6.328	0.034
4.887	-6.328	0.034
4.888	-6.328	0.034
4.889	-6.328	0.034
4.890	-6.328	0.034
4.891	-6.328	0.034
4.892	-6.328	0.034
4.893	-6.328	0.034
4.894	-6.328	0.034
4.895	-6.328	0.034
4.896	-6.328	0.034
4.897	-6.328	0.034
4.898	-6.328	0.034
4.899	-6.328	0.034
4.900	-6.328	0.034
4.901	-6.328	0.034
4.902	-6.328	0.034
4.903	-6.328	0.034
4.904	-6.328	0.034
4.905	-6.328	0.034
4.906	-6.328	0.034
4.907	-6.328	0.034
4.908	-6.328	0.034
4.909	-6.328	0.034
4.910	-6.328	0.034
4.911	-6.328	0.034
4.912	-6.328	0.034
4.913	-6.328	0.034
4.914	-6.328	0.034
4.915	-6.328	0.034
4.916	-6.328	0.034
4.917	-6.328	0.034
4.918	-6.328	0.034
4.919	-6.328	0.034
4.920	-6.328	0.034
4.921	-6.328	0.034
4.922	-6.328	0.034
4.923	-6.328	0.034
4.924	-6.328	0.034
4.925	-6.328	0.034
4.926	-6.328	0.034
4.927	-6.328	0.034
4.928	-6.328	0.034
4.929	-6.328	0.034
4.930	-6.328	0.034
4.931	-6.328	0.034
4.932	-6.328	0.034
4.933	-6.328	0.034
4.934	-6.328	0.034
4.935	-6.328	0.034
4.936	-6.328	0.034
4.937	-6.328	0.034
4.938	-6.328	0.034
4.939	-6.328	0.034
4.940	-6.328	0.034
4.941	-6.328	0.034
4.942	-6.328	0.034
4.943	-6.328	0.034
4.944	-6.328	0.034
4.945	-6.328	0.034
4.946	-6.328	0.034
4.947	-6.328	0.034
4.948	-6.328	0.034
4.949	-6.328	0.034
4.950	-6.328	0.034
4.951	-6.328	0.034
4.952	-6.328	0.034
4.953	-6.328	0.034
4.954	-6.328	0.034
4.955	-6.327	0.034
4.956	-6.327	0.034
4.957	-6.327	0.034
4.958	-6.327	0.034
4.959	-6.327	0.034
4.960	-6.327	0.034
4.961	-6.327	0.033
4.962	-6.327	0.033
4.963	-6.327	0.033
4.964	-6.327	0.033
4.965	-6.327	0.033
4.966	-6.327	0.033
4.967	-6.327	0.033
4.968	-6.327	0.033
4.969	-6.327	0.033
4.970	-6.327	0.033
4.971	-6.327	0.033
4.972	-6.327	0.033
4.973	-6.327	0.033
4.974	-6.327	0.033
4.975	-6.327	0.033
4.976	-6.327	0.033
4.977	-6.327	0.033
4.978	-6.327	0.033
4.979	-6.327	0.033
4.980	-6.327	0.033
4.981	-6.327	0.033
4.982	-6.327	0.033
4.983	-6.327	0.033
4.984	-6.327	0.033
4.985	-6.327	0.033
4.986	-6.327	0.033
4.987	-6.327	0.033
4.988	-6.327	0.033
4.989	-6.327	0.033
4.990	-6.327	0.033
4.991	-6.327	0.033
4.992	-6.327	0.033
4.993	-6.327	0.033
4.994	-6.327	0.033
4.995	-6.327	0.033
4.996	-6.327	0.033
4.997	-6.327	0.033
4.998	-6.327	0.033
4.999	-6.327	0.033
5.000	-6.327	0.033
5.001	-6.327	0.033
5.002	-6.327	0.033
5.003	-6.327	0.033
5.004	-6.327	0.033
5.005	-6.327	0.033
5.006	-6.327	0.033
5.007	-6.327	0.033
5.008	-6.327	0.033
5.009	-6.327	0.033
5.010	-6.327	0.033
5.011	-6.327	0.033
5.012	-6.327	0.033
5.013	-6.327	0.033
5.014	-6.327	0.033
5.015	-6.327	0.033
5.016	-6.327	0.033
5.017	-6.327	0.033
5.018	-6.327	0.033
5.019	-6.327	0.033
5.020	-6.327	0.033
5.021	-6.327	0.033
5.022	-6.327	0.033
5.023	-6.327	0.033
5.024	-6.327	0.033
5.025	-6.327	0.033
5.026	-6.327	0.033
5.027	-6.327	0.033
5.028	-6.327	0.033
5.029	-6.327	0.033
5.030	-6.327	0.033
5.031	-6.327	0.033
5.032	-6.327	0.033
5.033	-6.327	0.033
5.034	-6.327	0.033
5.035	-6.327	0.033
5.036	-6.327	0.033
5.037	-6.327	0.033
5.038	-6.327	0.033
5.039	-6.327	0.033
5.040	-6.327	0.033
5.041	-6.327	0.033
5.042	-6.327	0.033
5.043	-6.327	0.033
5.044	-6.327	0.033
5.045	-6.327	0.033
5.046	-6.327	0.033
5.047	-6.327	0.033
5.048	-6.327	0.033
5.049	-6.327	0.033
5.050	-6.327	0.033
5.051	-6.327	0.033
5.052	-6.327	0.033
5.053	-6.327	0.033
5.054	-6.327	0.033
5.055	-6.327	0.033
5.056	-6.327	0.033
5.057	-6.327	0.033
5.058	-6.327	0.033
5.059	-6.327	0.033
5.060	-6.327	0.033
5.061	-6.327	0.033
5.062	-6.327	0.033
5.063	-6.327	0.033
5.064	-6.327	0.033
5.065	-6.327	0.033
5.066	-6.327	0.033
5.067	-6.327	0.033
5.068	-6.327	0.033
5.069	-6.327	0.033
5.070	-6.327	0.033
5.071	-6.327	0.033
5.072	-6.327	0.033
5.073	-6.327	0.033
5.074	-6.327	0.033
5.075	-6.327	0.033
5.076	-6.327	0.033
5.077	-6.327	0.033
5.078	-6.327	0.033
5.079	-6.327	0.033
5.080	-6.327	0.033
5.081	-6.327	0.033
5.082	-6.327	0.033
5.083	-6.327	0.033
5.084	-6.327	0.033
5.085	-6.327	0.033
5.086	-6.327	0.033
5.087	-6.327	0.033
5.088	-6.327	0.033
5.089	-6.327	0.033
5.090	-6.327	0.033
5.091	-6.327	0.033
5.092	-6.327	0.033
5.093	-6.327	0.033
5.094	-6.327	0.033
5.095	-6.327	0.033
5.096	-6.326	0.033
5.097	-6.326	0.033
5.098	-6.326	0.033
5.099	-6.326	0.033
5.100	-6.326	0.033
5.101	-6.326	0.033
5.102	-6.326	0.033
5.103	-6.326	0.033
5.104	-6.326	0.033
5.105	-6.326	0.033
5.106	-6.326	0.033
5.107	-6.326	0.033
5.108	-6.326	0.033
5.109	-6.326	0.033
5.110	-6.326	0.033
5.111	-6.326	0.033
5.112	-6.326	0.033
5.113	-6.326	0.033
5.114	-6.326	0.033
5.115	-6.326	0.033
5.116	-6.326	0.033
5.117	-6.326	0.033
5.118	-6.326	0.033
5.119	-6.326	0.033
5.120	-6.326	0.033
5.121	-6.326	0.033
5.122	-6.326	0.033
5.123	-6.326	0.033
5.124	-6.326	0.033
5.125	-6.326	0.033
5.126	-6.326	0.033
5.127	-6.326	0.033
5.128	-6.326	0.033
5.129	-6.326	0.033
5.130	-6.326	0.033
5.131	-6.326	0.033
5.132	-6.326	0.033
5.133	-6.326	0.033
5.134	-6.326	0.033
5.135	-6.326	0.033
5.136	-6.326	0.033
5.137	-6.326	0.033
5.138	-6.326	0.033
5.139	-6.326	0.033
5.140	-6.326	0.033
5.141	-6.326	0.033
5.142	-6.326	0.033
5.143	-6.326	0.033
5.144	-6.326	0.033
5.145	-6.326	0.033
5.146	-6.326	0.033
5.147	-6.326	0.033
5.148	-6.326	0.033
5.149	-6.326	0.033
5.150	-6.326	0.033
5.151	-6.326	0.033
5.152	-6.326	0.033
5.153	-6.326	0.033
5.154	-6.326	0.033
5.155	-6.326	0.033
5.156	-6.326	0.033
5.157	-6.326	0.033
5.158	-6.326	0.033
5.159	-6.326	0.033
5.160	-6.326	0.033
5.161	-6.326	0.033
5.162	-6.326	0.033
5.163	-6.326	0.033
5.164	-6.326	0.033
5.165	-6.326	0.033
5.166	-6.326	0.033
5.167	-6.326	0.033
5.168	-6.326	0.033
5.169	-6.326	0.033
5.170	-6.326	0.033
5.171	-6.326	0.033
5.172	-6.326	0.033
5.173	-6.326	0.033
5.174	-6.326	0.033
5.175	-6.326	0.033
5.176	-6.326	0.033
5.177	-6.326	0.033
5.178	-6.326	0.033
5.179	-6.326	0.032
5.180	-6.326	0.032
5.181	-6.326	0.032
5.182	-6.326	0.032
5.183	-6.326	0.032
5.184	-6.326	0.032
5.185	-6.326	0.032
5.186	-6.326	0.032
5.187	-6.326	0.032
5.188	-6.326	0.032
5.189	-6.326	0.032
5.190	-6.326	0.032
5.191	-6.326	0.032
5.192	-6.326	0.032
5.193	-6.326	0.032
5.194	-6.326	0.032
5.195	-6.326	0.032
5.196	-6.326	0.032
5.197	-6.326	0.032
5.198	-6.326	0.032
5.199	-6.326	0.032
5.200	-6.326	0.032
5.201	-6.326	0.032
5.202	-6.326	0.032
5.203	-6.326	0.032
5.204	-6.326	0.032
5.205	-6.326	0.032
5.206	-6.326	0.032
5.207	-6.326	0.032
5.208	-6.326	0.032
5.209	-6.326	0.032
5.210	-6.326	0.032
5.211	-6.326	0.032
5.212	-6.326	0.032
5.213	-6.326	0.032
5.214	-6.326	0.032
5.215	-6.326	0.032
5.216	-6.326	0.032
5.217	-6.326	0.032
5.218	-6.326	0.032
5.219	-6.326	0.032
5.220	-6.326	0.032
5.221	-6.326	0.032
5.222	-6.326	0.032
5.223	-6.326	0.032
5.224	-6.326	0.032
5.225	-6.326	0.032
5.226	-6.326	0.032
5.227	-6.326	0.032
5.228	-6.326	0.032
5.229	-6.326	0.032
5.230	-6.326	0.032
5.231	-6.326	0.032
5.232	-6.326	0.032
5.233	-6.326	0.032
5.234	-6.326	0.032
5.235	-6.326	0.032
5.236	-6.326	0.032
5.237	-6.326	0.032
5.238	-6.326	0.032
5.239	-6.326	0.032
5.240	-6.326	0.032
5.241	-6.326	0.032
5.242	-6.326	0.032
5.243	-6.326	0.032
5.244	-6.326	0.032
5.245	-6.326	0.032
5.246	-6.326	0.032
5.247	-6.326	0.032
5.248	-6.326	0.032
5.249	-6.326	0.032
5.250	-6.326	0.032
5.251	-6.326	0.032
5.252	-6.326	0.032
5.253	-6.326	0.032
5.254	-6.326	0.032
5.255	-6.326	0.032
5.256	-6.326	0.032
5.257	-6.326	0.032
5.258	-6.326	0.032
5.259	-6.326	0.032
5.260	-6.326	0.032
5.261	-6.326	0.032
5.262	-6.326	0.032
5.263	-6.326	0.032
5.264	-6.326	0.032
5.265	-6.326	0.032
5.266	-6.326	0.032
5.267	-6.326	0.032
5.268	-6.326	0.032
5.269	-6.326	0.032
5.270	-6.326	0.032
5.271	-6.326	0.032
5.272	-6.326	0.032
5.273	-6.326	0.032
5.274	-6.326	0.032
5.275	-6.326	0.032
5.276	-6.325	0.032
5.277	-6.325	0.032
5.278	-6.325	0.032
5.279	-6.325	0.032
5.280	-6.325	0.032
5.281	-6.325	0.032
5.282	-6.325	0.032
5.283	-6.325	0.032
5.284	-6.325	0.032
5.285	-6.325	0.032
5.286	-6.325	0.032
5.287	-6.325	0.032
5.288	-6.325	0.032
5.289	-6.325	0.032
5.290	-6.325	0.032
5.291	-6.325	0.032
5.292	-6.325	0.032
5.293	-6.325	0.032
5.294	-6.325	0.032
5.295	-6.325	0.032
5.296	-6.325	0.032
5.297	-6.325	0.032
5.298	-6.325	0.032
5.299	-6.325	0.032
5.300	-6.325	0.032
5.301	-6.325	0.032
5.302	-6.325	0.032
5.303	-6.325	0.032
5.304	-6.325	0.032
5.305	-6.325	0.032
5.306	-6.325	0.032
5.307	-6.325	0.032
5.308	-6.325	0.032
5.309	-6.325	0.032
5.310	-6.325	0.032
5.311	-6.325	0.032
5.312	-6.325	0.032
5.313	-6.325	0.032
5.314	-6.325	0.032
5.315	-6.325	0.032
5.316	-6.325	0.032
5.317	-6.325	0.032
5.318	-6.325	0.032
5.319	-6.325	0.032
5.320	-6.325	0.032
5.321	-6.325	0.032
5.322	-6.325	0.032
5.323	-6.325	0.032
5.324	-6.325	0.032
5.325	-6.325	0.032
5.326	-6.325	0.032
5.327	-6.325	0.032
5.328	-6.325	0.032
5.329	-6.325	0.032
5.330	-6.325	0.032
5.331	-6.325	0.032
5.332	-6.325	0.032
5.333	-6.325	0.032
5.334	-6.325	0.032
5.335	-6.325	0.032
5.336	-6.325	0.032
5.337	-6.325	0.032
5.338	-6.325	0.032
5.339	-6.325	0.032
5.340	-6.325	0.032
5.341	-6.325	0.032
5.342	-6.325	0.032
5.343	-6.325	0.032
5.344	-6.325	0.032
5.345	-6.325	0.032
5.346	-6.325	0.032
5.347	-6.325	0.032
5.348	-6.325	0.032
5.349	-6.325	0.032
5.350	-6.325	0.032
5.351	-6.325	0.032
5.352	-6.325	0.032
5.353	-6.325	0.032
5.354	-6.325	0.032
5.355	-6.325	0.032
5.356	-6.325	0.032
5.357	-6.325	0.032
5.358	-6.325	0.032
5.359	-6.325	0.032
5.360	-6.325	0.032
5.361	-6.325	0.032
5.362	-6.325	0.032
5.363	-6.325	0.032
5.364	-6.325	0.032
5.365	-6.325	0.032
5.366	-6.325	0.032
5.367	-6.325	0.032
5.368	-6.325	0.032
5.369	-6.325	0.032
5.370	-6.325	0.032
5.371	-6.325	0.032
5.372	-6.325	0.032
5.373	-6.325	0.032
5.374	-6.325	0.032
5.375	-6.325	0.032
5.376	-6.325	0.032
5.377	-6.325	0.032
5.378	-6.325	0.032
5.379	-6.325	0.032
5.380	-6.325	0.032
5.381	-6.325	0.032
5.382	-6.325	0.032
5.383	-6.325	0.032
5.384	-6.325	0.032
5.385	-6.325	0.032
5.386	-6.325	0.032
5.387	-6.325	0.032
5.388	-6.325	0.032
5.389	-6.325	0.032
5.390	-6.325	0.032
5.391	-6.325	0.032
5.392	-6.325	0.032
5.393	-6.325	0.032
5.394	-6.325	0.032
5.395	-6.325	0.032
5.396	-6.325	0.032
5.397	-6.325	0.032
5.398	-6.325	0.032
5.399	-6.325	0.032
5.400	-6.325	0.032
5.401	-6.325	0.032
5.402	-6.325	0.032
5.403	-6.325	0.032
5.404	-6.325	0.032
5.405	-6.325	0.032
5.406	-6.325	0.032
5.407	-6.325	0.032
5.408	-6.325	0.032
5.409	-6.325	0.032
5.410	-6.325	0.032
5.411	-6.325	0.032
5.412	-6.325	0.032
5.413	-6.325	0.032
5.414	-6.325	0.032
5.415	-6.325	0.032
5.416	-6.325	0.031
5.417	-6.325	0.031
5.418	-6.325	0.031
5.419	-6.325	0.031
5.420	-6.325	0.031
5.421	-6.325	0.031
5.422	-6.325	0.031
5.423	-6.325	0.031
5.424	-6.325	0.031
5.425	-6.325	0.031
5.426	-6.325	0.031
5.427	-6.325	0.031
5.428	-6.325	0.031
5.429	-6.325	0.031
5.430	-6.325	0.031
5.431	-6.325	0.031
5.432	-6.325	0.031
5.433	-6.325	0.031
5.434	-6.325	0.031
5.435	-6.325	0.031
5.436	-6.325	0.031
5.437	-6.325	0.031
5.438	-6.325	0.031
5.439	-6.325	0.031
5.440	-6.325	0.031
5.441	-6.325	0.031
5.442	-6.325	0.031
5.443	-6.325	0.031
5.444	-6.325	0.031
5.445	-6.325	0.031
5.446	-6.325	0.031
5.447	-6.325	0.031
5.448	-6.325	0.031
5.449	-6.325	0.031
5.450	-6.325	0.031
5.451	-6.325	0.031
5.452	-6.325	0.031
5.453	-6.325	0.031
5.454	-6.325	0.031
5.455	-6.325	0.031
5.456	-6.325	0.031
5.457	-6.325	0.031
5.458	-6.325	0.031
5.459	-6.325	0.031
5.460	-6.325	0.031
5.461	-6.325	0.031
5.462	-6.325	0.031
5.463	-6.325	0.031
5.464	-6.325	0.031
5.465	-6.325	0.031
5.466	-6.325	0.031
5.467	-6.325	0.031
5.468	-6.325	0.031
5.469	-6.325	0.031
5.470	-6.325	0.031
5.471	-6.325	0.031
5.472	-6.325	0.031
5.473	-6.325	0.031
5.474	-6.325	0.031
5.475	-6.325	0.031
5.476	-6.325	0.031
5.477	-6.325	0.031
5.478	-6.325	0.031
5.479	-6.325	0.031
5.480	-6.325	0.031
5.481	-6.325	0.031
5.482	-6.325	0.031
5.483	-6.325	0.031
5.484	-6.325	0.031
5.485	-6.325	0.031
5.486	-6.325	0.031
5.487	-6.325	0.031
5.488	-6.325	0.031
5.489	-6.325	0.031
5.490	-6.325	0.031
5.491	-6.325	0.031
5.492	-6.325	0.031
5.493	-6.325	0.031
5.494	-6.325	0.031
5.495	-6.325	0.031
5.496	-6.325	0.031
5.497	-6.325	0.031
5.498	-6.325	0.031
5.499	-6.325	0.031
5.500	-6.325	0.031
5.501	-6.325	0.031
5.502	-6.325	0.031
5.503	-6.325	0.031
5.504	-6.325	0.031
5.505	-6.325	0.031
5.506	-6.325	0.031
5.507	-6.325	0.031
5.508	-6.325	0.031
5.509	-6.325	0.031
5.510	-6.325	0.031
5.511	-6.325	0.031
5.512	-6.325	0.031
5.513	-6.325	0.031
5.514	-6.325	0.031
5.515	-6.325	0.031
5.516	-6.325	0.031
5.517	-6.325	0.031
5.518	-6.325	0.031
5.519	-6.325	0.031
5.520	-6.325	0.031
5.521	-6.325	0.031
5.522	-6.325	0.031
5.523	-6.325	0.031
5.524	-6.325	0.031
5.525	-6.325	0.031
5.526	-6.325	0.031
5.527	-6.325	0.031
5.528	-6.325	0.031
5.529	-6.325	0.031
5.530	-6.325	0.031
5.531	-6.325	0.031
5.532	-6.325	0.031
5.533	-6.325	0.031
5.534	-6.325	0.031
5.535	-6.325	0.031
5.536	-6.325	0.031
5.537	-6.325	0.031
5.538	-6.325	0.031
5.539	-6.325	0.031
5.540	-6.325	0.031
5.541	-6.325	0.031
5.542	-6.325	0.031
5.543	-6.325	0.031
5.544	-6.325	0.031
5.545	-6.325	0.031
5.546	-6.325	0.031
5.547	-6.325	0.031
5.548	-6.325	0.031
5.549	-6.325	0.031
5.550	-6.325	0.031
5.551	-6.325	0.031
5.552	-6.325	0.031
5.553	-6.325	0.031
5.554	-6.325	0.031
5.555	-6.325	0.031
5.556	-6.325	0.031
5.557	-6.325	0.031
5.558	-6.325	0.031
5.559	-6.325	0.031
5.560	-6.325	0.031
5.561	-6.325	0.031
5.562	-6.325	0.031
5.563	-6.325	0.031
5.564	-6.325	0.031
5.565	-6.325	0.031
5.566	-6.325	0.031
5.567	-6.325	0.031
5.568	-6.325	0.031
5.569	-6.325	0.031
5.570	-6.325	0.031
5.571	-6.325	0.031
5.572	-6.325	0.031
5.573	-6.325	0.031
5.574	-6.325	0.031
5.575	-6.325	0.031
5.576	-6.325	0.031
5.577	-6.325	0.031
5.578	-6.325	0.031
5.579	-6.325	0.031
5.580	-6.325	0.031
5.581	-6.325	0.031
5.582	-6.325	0.031
5.583	-6.325	0.031
5.584	-6.325	0.031
5.585	-6.325	0.031
5.586	-6.325	0.031
5.587	-6.325	0.031
5.588	-6.325	0.031
5.589	-6.325	0.031
5.590	-6.325	0.031
5.591	-6.325	0.031
5.592	-6.325	0.031
5.593	-6.325	0.031
5.594	-6.325	0.031
5.595	-6.325	0.031
5.596	-6.325	0.031
5.597	-6.325	0.031
5.598	-6.325	0.031
5.599	-6.325	0.031
5.600	-6.325	0.031
5.601	-6.325	0.031
5.602	-6.325	0.031
5.603	-6.325	0.031
5.604	-6.325	0.031
5.605	-6.325	0.031
5.606	-6.325	0.031
5.607	-6.325	0.031
5.608	-6.325	0.031
5.609	-6.325	0.031
5.610	-6.325	0.031
5.611	-6.325	0.031
5.612	-6.325	0.031
5.613	-6.325	0.031
5.614	-6.325	0.031
5.615	-6.325	0.031
5.616	-6.325	0.031
5.617	-6.325	0.031
5.618	-6.325	0.031
5.619	-6.325	0.031
5.620	-6.325	0.031
5.621	-6.325	0.031
5.622	-6.325	0.031
5.623	-6.325	0.031
5.624	-6.325	0.031
5.625	-6.325	0.031
5.626	-6.325	0.031
5.627	-6.325	0.031
5.628	-6.325	0.031
5.629	-6.325	0.031
5.630	-6.325	0.031
5.631	-6.325	0.031
5.632	-6.325	0.031
5.633	-6.325	0.031
5.634	-6.325	0.031
5.635	-6.325	0.031
5.636	-6.325	0.031
5.637	-6.325	0.031
5.638	-6.325	0.031
5.639	-6.325	0.031
5.640	-6.325	0.031
5.641	-6.325	0.031
5.642	-6.325	0.031
5.643	-6.325	0.031
5.644	-6.325	0.031
5.645	-6.325	0.031
5.646	-6.325	0.031
5.647	-6.325	0.031
5.648	-6.325	0.031
5.649	-6.325	0.031
5.650	-6.325	0.031
5.651	-6.325	0.031
5.652	-6.325	0.031
5.653	-6.325	0.031
5.654	-6.325	0.031
5.655	-6.325	0.031
5.656	-6.325	0.031
5.657	-6.325	0.031
5.658	-6.325	0.031
5.659	-6.325	0.031
5.660	-6.325	0.031
5.661	-6.325	0.031
5.662	-6.325	0.031
5.663	-6.325	0.031
5.664	-6.325	0.031
5.665	-6.325	0.031
5.666	-6.325	0.031
5.667	-6.325	0.031
5.668	-6.325	0.031
5.669	-6.325	0.031
5.670	-6.325	0.031
5.671	-6.325	0.031
5.672	-6.325	0.031
5.673	-6.325	0.031
5.674	-6.325	0.031
5.675	-6.325	0.031
5.676	-6.325	0.031
5.677	-6.325	0.031
5.678	-6.325	0.031
5.679	-6.325	0.031
5.680	-6.325	0.031
5.681	-6.325	0.031
5.682	-6.325	0.031
5.683	-6.325	0.031
5.684	-6.325	0.031
5.685	-6.325	0.031
5.686	-6.325	0.031
5.687	-6.325	0.031
5.688	-6.325	0.031
5.689	-6.325	0.031
5.690	-6.325	0.031
5.691	-6.325	0.031
5.692	-6.325	0.031
5.693	-6.325	0.031
5.694	-6.325	0.031
5.695	-6.325	0.031
5.696	-6.325	0.031
5.697	-6.325	0.031
5.698	-6.325	0.031
5.699	-6.325	0.031
5.700	-6.325	0.031
5.701	-6.325	0.031
5.702	-6.325	0.031
5.703	-6.325	0.031
5.704	-6.325	0.031
5.705	-6.325	0.031
5.706	-6.325	0.031
5.707	-6.325	0.031
5.708	-6.325	0.031
5.709	-6.325	0.031
5.710	-6.325	0.031
5.711	-6.325	0.031
5.712	-6.325	0.031
5.713	-6.325	0.031
5.714	-6.325	0.031
5.715	-6.325	0.031
5.716	-6.325	0.031
5.717	-6.325	0.031
5.718	-6.325	0.031
5.719	-6.325	0.031
5.720	-6.325	0.031
5.721	-6.325	0.031
5.722	-6.325	0.031
5.723	-6.325	0.031
5.724	-6.325	0.031
5.725	-6.325	0.031
5.726	-6.325	0.031
5.727	-6.325	0.031
5.728	-6.325	0.031
5.729	-6.325	0.031
5.730	-6.325	0.031
5.731	-6.325	0.031
5.732	-6.325	0.031
5.733	-6.325	0.031
5.734	-6.325	0.031
5.735	-6.325	0.031
5.736	-6.325	0.031
5.737	-6.325	0.031
5.738	-6.325	0.031
5.739	-6.325	0.031
5.740	-6.325	0.031
5.741	-6.325	0.031
5.742	-6.325	0.031
5.743	-6.325	0.031
5.744	-6.325	0.031
5.745	-6.325	0.031
5.746	-6.325	0.031
5.747	-6.325	0.031
5.748	-6.325	0.031
5.749	-6.325	0.031
5.750	-6.325	0.031
5.751	-6.325	0.031
5.752	-6.325	0.031
5.753	-6.325	0.031
5.754	-6.325	0.031
5.755	-6.325	0.031
5.756	-6.325	0.031
5.757	-6.325	0.031
5.758	-6.325	0.031
5.759	-6.325	0.031
5.760	-6.325	0.031
5.761	-6.325	0.031
5.762	-6.325	0.031
5.763	-6.325	0.031
5.764	-6.325	0.031
5.765	-6.325	0.031
5.766	-6.325	0.031
5.767	-6.325	0.031
5.768	-6.325	0.031
5.769	-6.325	0.031
5.770	-6.325	0.031
5.771	-6.325	0.031
5.772	-6.325	0.031
5.773	-6.325	0.031
5.774	-6.325	0.031
5.775	-6.325	0.031
5.776	-6.325	0.031
5.777	-6.325	0.031
5.778	-6.325	0.031
5.779	-6.325	0.031
5.780	-6.325	0.031
5.781	-6.325	0.031
5.782	-6.325	0.031
5.783	-6.325	0.031
5.784	-6.325	0.031
5.785	-6.325	0.031
5.786	-6.325	0.031
5.787	-6.325	0.031
5.788	-6.325	0.031
5.789	-6.325	0.031
5.790	-6.325	0.031
5.791	-6.325	0.031
5.792	-6.325	0.031
5.793	-6.325	0.031
5.794	-6.325	0.031
5.795	-6.325	0.031
5.796	-6.325	0.031
5.797	-6.325	0.031
5.798	-6.325	0.031
5.799	-6.325	0.031
5.800	-6.325	0.031
5.801	-6.325	0.031
5.802	-6.325	0.031
5.803	-6.325	0.031
5.804	-6.325	0.031
5.805	-6.325	0.031
5.806	-6.325	0.031
5.807	-6.325	0.031
5.808	-6.325	0.031
5.809	-6.325	0.031
5.810	-6.325	0.031
5.811	-6.325	0.031
5.812	-6.325	0.031
5.813	-6.325	0.031
5.814	-6.325	0.031
5.815	-6.325	0.031
5.816	-6.325	0.031
5.817	-6.325	0.031
5.818	-6.325	0.031
5.819	-6.325	0.031
5.820	-6.325	0.031
5.821	-6.325	0.031
5.822	-6.325	0.031
5.823	-6.325	0.031
5.824	-6.325	0.031
5.825	-6.325	0.031
5.826	-6.325	0.031
5.827	-6.325	0.031
5.828	-6.325	0.031
5.829	-6.325	0.031
5.830	-6.325	0.031
5.831	-6.325	0.031
5.832	-6.325	0.030
5.833	-6.325	0.030
5.834	-6.325	0.030
5.835	-6.325	0.030
5.836	-6.325	0.030
5.837	-6.325	0.030
5.838	-6.325	0.030
5.839	-6.325	0.030
5.840	-6.325	0.030
5.841	-6.325	0.030
5.842	-6.325	0.030
5.843	-6.325	0.030
5.844	-6.325	0.030
5.845	-6.325	0.030
5.846	-6.325	0.030
5.847	-6.325	0.030
5.848	-6.325	0.030
5.849	-6.325	0.030
5.850	-6.325	0.030
5.851	-6.325	0.030
5.852	-6.325	0.030
5.853	-6.325	0.030
5.854	-6.325	0.030
5.855	-6.325	0.030
5.856	-6.325	0.030
5.857	-6.325	0.030
5.858	-6.325	0.030
5.859	-6.325	0.030
5.860	-6.325	0.030
5.861	-6.325	0.030
5.862	-6.325	0.030
5.863	-6.325	0.030
5.864	-6.325	0.030
5.865	-6.325	0.030
5.866	-6.325	0.030
5.867	-6.325	0.030
5.868	-6.325	0.030
5.869	-6.325	0.030
5.870	-6.325	0.030
5.871	-6.325	0.030
5.872	-6.325	0.030
5.873	-6.325	0.030
5.874	-6.325	0.030
5.875	-6.325	0.030
5.876	-6.325	0.030
5.877	-6.325	0.030
5.878	-6.325	0.030
5.879	-6.325	0.030
5.880	-6.325	0.030
5.881	-6.325	0.030
5.882	-6.325	0.030
5.883	-6.325	0.030
5.884	-6.325	0.030
5.885	-6.325	0.030
5.886	-6.325	0.030
5.887	-6.325	0.030
5.888	-6.325	0.030
5.889	-6.325	0.030
5.890	-6.325	0.030
5.891	-6.325	0.030
5.892	-6.325	0.030
5.893	-6.325	0.030
5.894	-6.325	0.030
5.895	-6.325	0.030
5.896	-6.325	0.030
5.897	-6.325	0.030
5.898	-6.325	0.030
5.899	-6.325	0.030
5.900	-6.325	0.030
5.901	-6.325	0.030
5.902	-6.325	0.030
5.903	-6.325	0.030
5.904	-6.325	0.030
5.905	-6.325	0.030
5.906	-6.325	0.030
5.907	-6.325	0.030
5.908	-6.325	0.030
5.909	-6.325	0.030
5.910	-6.325	0.030
5.911	-6.325	0.030
5.912	-6.325	0.030
5.913	-6.325	0.030
5.914	-6.325	0.030
5.915	-6.325	0.030
5.916	-6.325	0.030
5.917	-6.325	0.030
5.918	-6.325	0.030
5.919	-6.325	0.030
5.920	-6.325	0.030
5.921	-6.325	0.030
5.922	-6.325	0.030
5.923	-6.325	0.030
5.924	-6.325	0.030
5.925	-6.325	0.030
5.926	-6.325	0.030
5.927	-6.325	0.030
5.928	-6.325	0.030
5.929	-6.325	0.030
5.930	-6.325	0.030
5.931	-6.325	0.030
5.932	-6.325	0.030
5.933	-6.325	0.030
5.934	-6.325	0.030
5.935	-6.325	0.030
5.936	-6.325	0.030
5.937	-6.325	0.030
5.938	-6.325	0.030
5.939	-6.325	0.030
5.940	-6.325	0.030
5.941	-6.325	0.030
5.942	-6.325	0.030
5.943	-6.325	0.030
5.944	-6.325	0.030
5.945	-6.325	0.030
5.946	-6.325	0.030
5.947	-6.325	0.030
5.948	-6.325	0.030
5.949	-6.325	0.030
5.950	-6.325	0.030
5.951	-6.325	0.030
5.952	-6.325	0.030
5.953	-6.325	0.030
5.954	-6.325	0.030
5.955	-6.325	0.030
5.956	-6.325	0.030
5.957	-6.325	0.030
5.958	-6.325	0.030
5.959	-6.325	0.030
5.960	-6.325	0.030
5.961	-6.325	0.030
5.962	-6.325	0.030
5.963	-6.325	0.030
5.964	-6.325	0.030
5.965	-6.325	0.030
5.966	-6.325	0.030
5.967	-6.325	0.030
5.968	-6.325	0.030
5.969	-6.325	0.030
5.970	-6.325	0.030
5.971	-6.325	0.030
5.972	-6.325	0.030
5.973	-6.325	0.030
5.974	-6.325	0.030
5.975	-6.325	0.030
5.976	-6.325	0.030
5.977	-6.325	0.030
5.978	-6.325	0.030
5.979	-6.325	0.030
5.980	-6.325	0.030
5.981	-6.325	0.030
5.982	-6.325	0.030
5.983	-6.325	0.030
5.984	-6.325	0.030
5.985	-6.325	0.030
5.986	-6.325	0.030
5.987	-6.325	0.030
5.988	-6.325	0.030
5.989	-6.325	0.030
5.990	-6.325	0.030
5.991	-6.325	0.030
5.992	-6.325	0.030
5.993	-6.325	0.030
5.994	-6.325	0.030
5.995	-6.325	0.030
5.996	-6.325	0.030
5.997	-6.325	0.030
5.998	-6.325	0.030
5.999	-6.325	0.030
6.000	-6.325	0.030
6.001	-6.325	0.030
6.002	-6.325	0.030
6.003	-6.325	0.030
6.004	-6.325	0.030
6.005	-6.325	0.030
6.006	-6.325	0.030
6.007	-6.325	0.030
6.008	-6.325	0.030
6.009	-6.325	0.030
6.010	-6.325	0.030
6.011	-6.325	0.030
6.012	-6.325	0.030
6.013	-6.325	0.030
6.014	-6.325	0.030
6.015	-6.325	0.030
6.016	-6.325	0.030
6.017	-6.325	0.030
6.018	-6.325	0.030
6.019	-6.325	0.030
6.020	-6.325	0.030
6.021	-6.325	0.030
6.022	-6.325	0.030
6.023	-6.325	0.030
6.024	-6.325	0.030
6.025	-6.325	0.030
6.026	-6.325	0.030
6.027	-6.325	0.030
6.028	-6.325	0.030
6.029	-6.325	0.030
6.030	-6.325	0.030
6.031	-6.325	0.030
6.032	-6.325	0.030
6.033	-6.325	0.030
6.034	-6.326	0.030
6.035	-6.326	0.030
6.036	-6.326	0.030
6.037	-6.326	0.030
6.038	-6.326	0.030
6.039	-6.326	0.030
6.040	-6.326	0.030
6.041	-6.326	0.030
6.042	-6.326	0.030
6.043	-6.326	0.030
6.044	-6.326	0.030
6.045	-6.326	0.030
6.046	-6.326	0.030
6.047	-6.326	0.030
6.048	-6.326	0.030
6.049	-6.326	0.030
6.050	-6.326	0.030
6.051	-6.326	0.030
6.052	-6.326	0.030
6.053	-6.326	0.030
6.054	-6.326	0.030
6.055	-6.326	0.030
6.056	-6.326	0.030
6.057	-6.326	0.030
6.058	-6.326	0.030
6.059	-6.326	0.030
6.060	-6.326	0.030
6.061	-6.326	0.030
6.062	-6.326	0.030
6.063	-6.326	0.030
6.064	-6.326	0.030
6.065	-6.326	0.030
6.066	-6.326	0.030
6.067	-6.326	0.030
6.068	-6.326	0.030
6.069	-6.326	0.030
6.070	-6.326	0.030
6.071	-6.326	0.030
6.072	-6.326	0.030
6.073	-6.326	0.030
6.074	-6.326	0.030
6.075	-6.326	0.030
6.076	-6.326	0.030
6.077	-6.326	0.030
6.078	-6.326	0.030
6.079	-6.326	0.030
6.080	-6.326	0.030
6.081	-6.326	0.030
6.082	-6.326	0.030
6.083	-6.326	0.030
6.084	-6.326	0.030
6.085	-6.326	0.030
6.086	-6.326	0.030
6.087	-6.326	0.030
6.088	-6.326	0.030
6.089	-6.326	0.030
6.090	-6.326	0.030
6.091	-6.326	0.030
6.092	-6.326	0.030
6.093	-6.326	0.030
6.094	-6.326	0.030
6.095	-6.326	0.030
6.096	-6.326	0.030
6.097	-6.326	0.030
6.098	-6.326	0.030
6.099	-6.326	0.030
6.100	-6.326	0.030
6.101	-6.326	0.030
6.102	-6.326	0.030
6.103	-6.326	0.030
6.104	-6.326	0.030
6.105	-6.326	0.030
6.106	-6.326	0.030
6.107	-6.326	0.030
6.108	-6.326	0.030
6.109	-6.326	0.030
6.110	-6.326	0.030
6.111	-6.326	0.030
6.112	-6.326	0.030
6.113	-6.326	0.030
6.114	-6.326	0.030
6.115	-6.326	0.030
6.116	-6.326	0.030
6.117	-6.326	0.030
6.118	-6.326	0.030
6.119	-6.326	0.030
6.120	-6.326	0.030
6.121	-6.326	0.030
6.122	-6.326	0.030
6.123	-6.326	0.030
6.124	-6.326	0.030
6.125	-6.326	0.030
6.126	-6.326	0.030
6.127	-6.326	0.030
6.128	-6.326	0.030
6.129	-6.326	0.030
6.130	-6.326	0.030
6.131	-6.326	0.030
6.132	-6.326	0.030
6.133	-6.326	0.030
6.134	-6.326	0.030
6.135	-6.326	0.030
6.136	-6.326	0.030
6.137	-6.326	0.030
6.138	-6.326	0.030
6.139	-6.326	0.030
6.140	-6.326	0.030
6.141	-6.326	0.030
6.142	-6.326	0.030
6.143	-6.326	0.030
6.144	-6.326	0.030
6.145	-6.326	0.030
6.146	-6.326	0.030
6.147	-6.326	0.030
6.148	-6.326	0.030
6.149	-6.326	0.030
6.150	-6.326	0.030
6.151	-6.326	0.030
6.152	-6.326	0.030
6.153	-6.326	0.030
6.154	-6.326	0.030
6.155	-6.327	0.030
6.156	-6.327	0.030
6.157	-6.327	0.030
6.158	-6.327	0.030
6.159	-6.327	0.030
6.160	-6.327	0.030
6.161	-6.327	0.030
6.162	-6.327	0.030
6.163	-6.327	0.030
6.164	-6.327	0.030
6.165	-6.327	0.030
6.166	-6.327	0.030
6.167	-6.327	0.030
6.168	-6.327	0.030
6.169	-6.327	0.030
6.170	-6.327	0.030
6.171	-6.327	0.030
6.172	-6.327	0.030
6.173	-6.327	0.030
6.174	-6.327	0.030
6.175	-6.327	0.030
6.176	-6.327	0.030
6.177	-6.327	0.030
6.178	-6.327	0.030
6.179	-6.327	0.030
6.180	-6.327	0.030
6.181	-6.327	0.030
6.182	-6.327	0.030
6.183	-6.327	0.030
6.184	-6.327	0.030
6.185	-6.327	0.030
6.186	-6.327	0.030
6.187	-6.327	0.030
6.188	-6.327	0.030
6.189	-6.327	0.030
6.190	-6.327	0.030
6.191	-6.327	0.030
6.192	-6.327	0.030
6.193	-6.327	0.030
6.194	-6.327	0.030
6.195	-6.327	0.030
6.196	-6.327	0.030
6.197	-6.327	0.030
6.198	-6.327	0.030
6.199	-6.327	0.030
6.200	-6.327	0.030
6.201	-6.327	0.030
6.202	-6.327	0.030
6.203	-6.327	0.030
6.204	-6.327	0.030
6.205	-6.327	0.030
6.206	-6.327	0.030
6.207	-6.327	0.030
6.208	-6.327	0.030
6.209	-6.327	0.030
6.210	-6.327	0.030
6.211	-6.327	0.030
6.212	-6.327	0.030
6.213	-6.327	0.031
6.214	-6.327	0.031
6.215	-6.327	0.031
6.216	-6.327	0.031
6.217	-6.327	0.031
6.218	-6.327	0.031
6.219	-6.327	0.031
6.220	-6.327	0.031
6.221	-6.327	0.031
6.222	-6.327	0.031
6.223	-6.327	0.031
6.224	-6.327	0.031
6.225	-6.327	0.031
6.226	-6.327	0.031
6.227	-6.327	0.031
6.228	-6.327	0.031
6.229	-6.327	0.031
6.230	-6.327	0.031
6.231	-6.327	0.031
6.232	-6.327	0.031
6.233	-6.327	0.031
6.234	-6.327	0.031
6.235	-6.327	0.031
6.236	-6.327	0.031
6.237	-6.327	0.031
6.238	-6.327	0.031
6.239	-6.327	0.031
6.240	-6.327	0.031
6.241	-6.328	0.031
6.242	-6.328	0.031
6.243	-6.328	0.031
6.244	-6.328	0.031
6.245	-6.328	0.031
6.246	-6.328	0.031
6.247	-6.328	0.031
6.248	-6.328	0.031
6.249	-6.328	0.031
6.250	-6.328	0.031
6.251	-6.328	0.031
6.252	-6.328	0.031
6.253	-6.328	0.031
6.254	-6.328	0.031
6.255	-6.328	0.031
6.256	-6.328	0.031
6.257	-6.328	0.031
6.258	-6.328	0.031
6.259	-6.328	0.031
6.260	-6.328	0.031
6.261	-6.328	0.031
6.262	-6.328	0.031
6.263	-6.328	0.031
6.264	-6.328	0.031
6.265	-6.328	0.031
6.266	-6.328	0.031
6.267	-6.328	0.031
6.268	-6.328	0.031
6.269	-6.328	0.031
6.270	-6.328	0.031
6.271	-6.328	0.031
6.272	-6.328	0.031
6.273	-6.328	0.031
6.274	-6.328	0.031
6.275	-6.328	0.031
6.276	-6.328	0.031
6.277	-6.328	0.031
6.278	-6.328	0.031
6.279	-6.328	0.031
6.280	-6.328	0.031
6.281	-6.328	0.031
6.282	-6.328	0.031
6.283	-6.328	0.031
6.284	-6.328	0.031
6.285	-6.328	0.031
6.286	-6.328	0.031
6.287	-6.328	0.031
6.288	-6.328	0.031
6.289	-6.328	0.031
6.290	-6.328	0.031
6.291	-6.328	0.031
6.292	-6.328	0.031
6.293	-6.328	0.031
6.294	-6.328	0.031
6.295	-6.328	0.031
6.296	-6.328	0.031
6.297	-6.328	0.031
6.298	-6.328	0.031
6.299	-6.328	0.031
6.300	-6.328	0.031
6.301	-6.328	0.031
6.302	-6.328	0.031
6.303	-6.328	0.031
6.304	-6.328	0.031
6.305	-6.328	0.031
6.306	-6.328	0.031
6.307	-6.328	0.031
6.308	-6.328	0.031
6.309	-6.329	0.031
6.310	-6.329	0.031
6.311	-6.329	0.031
6.312	-6.329	0.031
6.313	-6.329	0.031
6.314	-6.329	0.031
6.315	-6.329	0.031
6.316	-6.329	0.031
6.317	-6.329	0.031
6.318	-6.329	0.031
6.319	-6.329	0.031
6.320	-6.329	0.031
6.321	-6.329	0.031
6.322	-6.329	0.031
6.323	-6.329	0.031
6.324	-6.329	0.031
6.325	-6.329	0.031
6.326	-6.329	0.031
6.327	-6.329	0.031
6.328	-6.329	0.031
6.329	-6.329	0.031
6.330	-6.329	0.031
6.331	-6.329	0.031
6.332	-6.329	0.031
6.333	-6.329	0.031
6.334	-6.329	0.031
6.335	-6.329	0.031
6.336	-6.329	0.031
6.337	-6.329	0.031
6.338	-6.329	0.031
6.339	-6.329	0.031
6.340	-6.329	0.031
6.341	-6.329	0.031
6.342	-6.329	0.031
6.343	-6.329	0.031
6.344	-6.329	0.031
6.345	-6.329	0.031
6.346	-6.329	0.031
6.347	-6.329	0.031
6.348	-6.329	0.031
6.349	-6.329	0.031
6.350	-6.329	0.031
6.351	-6.329	0.031
6.352	-6.329	0.031
6.353	-6.329	0.031
6.354	-6.329	0.031
6.355	-6.329	0.031
6.356	-6.329	0.031
6.357	-6.329	0.031
6.358	-6.329	0.031
6.359	-6.329	0.031
6.360	-6.329	0.031
6.361	-6.329	0.031
6.362	-6.329	0.031
6.363	-6.329	0.031
6.364	-6.329	0.031
6.365	-6.329	0.031
6.366	-6.330	0.031
6.367	-6.330	0.031
6.368	-6.330	0.031
6.369	-6.330	0.031
6.370	-6.330	0.031
6.371	-6.330	0.031
6.372	-6.330	0.031
6.373	-6.330	0.031
6.374	-6.330	0.031
6.375	-6.330	0.031
6.376	-6.330	0.031
6.377	-6.330	0.031
6.378	-6.330	0.031
6.379	-6.330	0.031
6.380	-6.330	0.031
6.381	-6.330	0.031
6.382	-6.330	0.031
6.383	-6.330	0.031
6.384	-6.330	0.031
6.385	-6.330	0.031
6.386	-6.330	0.031
6.387	-6.330	0.031
6.388	-6.330	0.031
6.389	-6.330	0.031
6.390	-6.330	0.031
6.391	-6.330	0.031
6.392	-6.330	0.031
6.393	-6.330	0.031
6.394	-6.330	0.031
6.395	-6.330	0.031
6.396	-6.330	0.031
6.397	-6.330	0.031
6.398	-6.330	0.031
6.399	-6.330	0.031
6.400	-6.330	0.031
6.401	-6.330	0.031
6.402	-6.330	0.031
6.403	-6.330	0.031
6.404	-6.330	0.031
6.405	-6.330	0.031
6.406	-6.330	0.031
6.407	-6.330	0.031
6.408	-6.330	0.031
6.409	-6.330	0.031
6.410	-6.330	0.031
6.411	-6.330	0.031
6.412	-6.330	0.031
6.413	-6.330	0.031
6.414	-6.330	0.031
6.415	-6.330	0.031
6.416	-6.330	0.031
6.417	-6.331	0.031
6.418	-6.331	0.031
6.419	-6.331	0.031
6.420	-6.331	0.031
6.421	-6.331	0.031
6.422	-6.331	0.031
6.423	-6.331	0.031
6.424	-6.331	0.031
6.425	-6.331	0.031
6.426	-6.331	0.031
6.427	-6.331	0.031
6.428	-6.331	0.031
6.429	-6.331	0.031
6.430	-6.331	0.031
6.431	-6.331	0.031
6.432	-6.331	0.031
6.433	-6.331	0.030
6.434	-6.331	0.030
6.435	-6.331	0.030
6.436	-6.331	0.030
6.437	-6.331	0.030
6.438	-6.331	0.030
6.439	-6.331	0.030
6.440	-6.331	0.030
6.441	-6.331	0.030
6.442	-6.331	0.030
6.443	-6.331	0.030
6.444	-6.331	0.030
6.445	-6.331	0.030
6.446	-6.331	0.030
6.447	-6.331	0.030
6.448	-6.331	0.030
6.449	-6.331	0.030
6.450	-6.331	0.030
6.451	-6.331	0.030
6.452	-6.331	0.030
6.453	-6.331	0.030
6.454	-6.331	0.030
6.455	-6.331	0.030
6.456	-6.331	0.030
6.457	-6.331	0.030
6.458	-6.331	0.030
6.459	-6.331	0.030
6.460	-6.331	0.030
6.461	-6.331	0.030
6.462	-6.332	0.030
6.463	-6.332	0.030
6.464	-6.332	0.030
6.465	-6.332	0.030
6.466	-6.332	0.030
6.467	-6.332	0.030
6.468	-6.332	0.030
6.469	-6.332	0.030
6.470	-6.332	0.030
6.471	-6.332	0.030
6.472	-6.332	0.030
6.473	-6.332	0.030
6.474	-6.332	0.030
6.475	-6.332	0.030
6.476	-6.332	0.030
6.477	-6.332	0.030
6.478	-6.332	0.030
6.479	-6.332	0.030
6.480	-6.332	0.030
6.481	-6.332	0.030
6.482	-6.332	0.030
6.483	-6.332	0.030
6.484	-6.332	0.030
6.485	-6.332	0.030
6.486	-6.332	0.030
6.487	-6.332	0.030
6.488	-6.332	0.030
6.489	-6.332	0.030
6.490	-6.332	0.030
6.491	-6.332	0.030
6.492	-6.332	0.030
6.493	-6.332	0.030
6.494	-6.332	0.030
6.495	-6.332	0.030
6.496	-6.332	0.030
6.497	-6.332	0.030
6.498	-6.332	0.030
6.499	-6.332	0.030
6.500	-6.332	0.030
6.501	-6.332	0.030
6.502	-6.333	0.030
6.503	-6.333	0.030
6.504	-6.333	0.030
6.505	-6.333	0.030
6.506	-6.333	0.030
6.507	-6.333	0.030
6.508	-6.333	0.030
6.509	-6.333	0.030
6.510	-6.333	0.030
6.511	-6.333	0.030
6.512	-6.333	0.030
6.513	-6.333	0.030
6.514	-6.333	0.030
6.515	-6.333	0.030
6.516	-6.333	0.030
6.517	-6.333	0.030
6.518	-6.333	0.030
6.519	-6.333	0.030
6.520	-6.333	0.030
6.521	-6.333	0.030
6.522	-6.333	0.030
6.523	-6.333	0.030
6.524	-6.333	0.030
6.525	-6.333	0.030
6.526	-6.333	0.030
6.527	-6.333	0.030
6.528	-6.333	0.030
6.529	-6.333	0.030
6.530	-6.333	0.030
6.531	-6.333	0.030
6.532	-6.333	0.030
6.533	-6.333	0.030
6.534	-6.333	0.030
6.535	-6.333	0.030
6.536	-6.333	0.030
6.537	-6.333	0.030
6.538	-6.333	0.030
6.539	-6.333	0.030
6.540	-6.334	0.030
6.541	-6.334	0.030
6.542	-6.334	0.030
6.543	-6.334	0.030
6.544	-6.334	0.030
6.545	-6.334	0.030
6.546	-6.334	0.030
6.547	-6.334	0.030
6.548	-6.334	0.030
6.549	-6.334	0.030
6.550	-6.334	0.030
6.551	-6.334	0.030
6.552	-6.334	0.030
6.553	-6.334	0.030
6.554	-6.334	0.030
6.555	-6.334	0.030
6.556	-6.334	0.030
6.557	-6.334	0.030
6.558	-6.334	0.030
6.559	-6.334	0.030
6.560	-6.334	0.030
6.561	-6.334	0.030
6.562	-6.334	0.030
6.563	-6.334	0.030
6.564	-6.334	0.030
6.565	-6.334	0.030
6.566	-6.334	0.030
6.567	-6.334	0.030
6.568	-6.334	0.030
6.569	-6.334	0.030
6.570	-6.334	0.030
6.571	-6.334	0.030
6.572	-6.334	0.030
6.573	-6.334	0.030
6.574	-6.334	0.030
6.575	-6.335	0.030
6.576	-6.335	0.030
6.577	-6.335	0.030
6.578	-6.335	0.030
6.579	-6.335	0.030
6.580	-6.335	0.030
6.581	-6.335	0.030
6.582	-6.335	0.030
6.583	-6.335	0.030
6.584	-6.335	0.030
6.585	-6.335	0.030
6.586	-6.335	0.030
6.587	-6.335	0.030
6.588	-6.335	0.030
6.589	-6.335	0.030
6.590	-6.335	0.030
6.591	-6.335	0.030
6.592	-6.335	0.030
6.593	-6.335	0.030
6.594	-6.335	0.030
6.595	-6.335	0.030
6.596	-6.335	0.030
6.597	-6.335	0.030
6.598	-6.335	0.030
6.599	-6.335	0.030
6.600	-6.335	0.030
6.601	-6.335	0.030
6.602	-6.335	0.029
6.603	-6.335	0.029
6.604	-6.335	0.029
6.605	-6.335	0.029
6.606	-6.335	0.029
6.607	-6.336	0.029
6.608	-6.336	0.029
6.609	-6.336	0.029
6.610	-6.336	0.029
6.611	-6.336	0.029
6.612	-6.336	0.029
6.613	-6.336	0.029
6.614	-6.336	0.029
6.615	-6.336	0.029
6.616	-6.336	0.029
6.617	-6.336	0.029
6.618	-6.336	0.029
6.619	-6.336	0.029
6.620	-6.336	0.029
6.621	-6.336	0.029
6.622	-6.336	0.029
6.623	-6.336	0.029
6.624	-6.336	0.029
6.625	-6.336	0.029
6.626	-6.336	0.029
6.627	-6.336	0.029
6.628	-6.336	0.029
6.629	-6.336	0.029
6.630	-6.336	0.029
6.631	-6.336	0.029
6.632	-6.336	0.029
6.633	-6.336	0.029
6.634	-6.336	0.029
6.635	-6.336	0.029
6.636	-6.336	0.029
6.637	-6.336	0.029
6.638	-6.337	0.029
6.639	-6.337	0.029
6.640	-6.337	0.029
6.641	-6.337	0.029
6.642	-6.337	0.029
6.643	-6.337	0.029
6.644	-6.337	0.029
6.645	-6.337	0.029
6.646	-6.337	0.029
6.647	-6.337	0.029
6.648	-6.337	0.029
6.649	-6.337	0.029
6.650	-6.337	0.029
6.651	-6.337	0.029
6.652	-6.337	0.029
6.653	-6.337	0.029
6.654	-6.337	0.029
6.655	-6.337	0.029
6.656	-6.337	0.029
6.657	-6.337	0.029
6.658	-6.337	0.029
6.659	-6.337	0.029
6.660	-6.337	0.029
6.661	-6.337	0.029
6.662	-6.337	0.029
6.663	-6.337	0.029
6.664	-6.337	0.029
6.665	-6.337	0.029
6.666	-6.337	0.029
6.667	-6.338	0.029
6.668	-6.338	0.029
6.669	-6.338	0.029
6.670	-6.338	0.029
6.671	-6.338	0.029
6.672	-6.338	0.029
6.673	-6.338	0.029
6.674	-6.338	0.029
6.675	-6.338	0.029
6.676	-6.338	0.029
6.677	-6.338	0.029
6.678	-6.338	0.029
6.679	-6.338	0.029
6.680	-6.338	0.029
6.681	-6.338	0.029
6.682	-6.338	0.029
6.683	-6.338	0.029
6.684	-6.338	0.029
6.685	-6.338	0.029
6.686	-6.338	0.029
6.687	-6.338	0.029
6.688	-6.338	0.029
6.689	-6.338	0.029
6.690	-6.338	0.029
6.691	-6.338	0.029
6.692	-6.338	0.029
6.693	-6.338	0.029
6.694	-6.338	0.029
6.695	-6.339	0.029
6.696	-6.339	0.029
6.697	-6.339	0.029
6.698	-6.339	0.029
6.699	-6.339	0.029
6.700	-6.339	0.029
6.701	-6.339	0.029
6.702	-6.339	0.029
6.703	-6.339	0.029
6.704	-6.339	0.029
6.705	-6.339	0.029
6.706	-6.339	0.029
6.707	-6.339	0.029
6.708	-6.339	0.029
6.709	-6.339	0.029
6.710	-6.339	0.029
6.711	-6.339	0.029
6.712	-6.339	0.029
6.713	-6.339	0.028
6.714	-6.339	0.028
6.715	-6.339	0.028
6.716	-6.339	0.028
6.717	-6.339	0.028
6.718	-6.339	0.028
6.719	-6.339	0.028
6.720	-6.339	0.028
6.721	-6.339	0.028
6.722	-6.340	0.028
6.723	-6.340	0.028
6.724	-6.340	0.028
6.725	-6.340	0.028
6.726	-6.340	0.028
6.727	-6.340	0.028
6.728	-6.340	0.028
6.729	-6.340	0.028
6.730	-6.340	0.028
6.731	-6.340	0.028
6.732	-6.340	0.028
6.733	-6.340	0.028
6.734	-6.340	0.028
6.735	-6.340	0.028
6.736	-6.340	0.028
6.737	-6.340	0.028
6.738	-6.340	0.028
6.739	-6.340	0.028
6.740	-6.340	0.028
6.741	-6.340	0.028
6.742	-6.340	0.028
6.743	-6.340	0.028
6.744	-6.340	0.028
6.745	-6.340	0.028
6.746	-6.340	0.028
6.747	-6.340	0.028
6.748	-6.341	0.028
6.749	-6.341	0.028
6.750	-6.341	0.028
6.751	-6.341	0.028
6.752	-6.341	0.028
6.753	-6.341	0.028
6.754	-6.341	0.028
6.755	-6.341	0.028
6.756	-6.341	0.028
6.757	-6.341	0.028
6.758	-6.341	0.028
6.759	-6.341	0.028
6.760	-6.341	0.028
6.761	-6.341	0.028
6.762	-6.341	0.028
6.763	-6.341	0.028
6.764	-6.341	0.028
6.765	-6.341	0.028
6.766	-6.341	0.028
6.767	-6.341	0.028
6.768	-6.341	0.028
6.769	-6.341	0.028
6.770	-6.341	0.028
6.771	-6.341	0.028
6.772	-6.341	0.028
6.773	-6.342	0.028
6.774	-6.342	0.028
6.775	-6.342	0.028
6.776	-6.342	0.028
6.777	-6.342	0.028
6.778	-6.342	0.028
6.779	-6.342	0.028
6.780	-6.342	0.028
6.781	-6.342	0.028
6.782	-6.342	0.028
6.783	-6.342	0.028
6.784	-6.342	0.028
6.785	-6.342	0.028
6.786	-6.342	0.028
6.787	-6.342	0.028
6.788	-6.342	0.028
6.789	-6.342	0.028
6.790	-6.342	0.028
6.791	-6.342	0.028
6.792	-6.342	0.028
6.793	-6.342	0.028
6.794	-6.342	0.028
6.795	-6.342	0.028
6.796	-6.342	0.028
6.797	-6.343	0.028
6.798	-6.343	0.028
6.799	-6.343	0.028
6.800	-6.343	0.028
6.801	-6.343	0.028
6.802	-6.343	0.028
6.803	-6.343	0.028
6.804	-6.343	0.028
6.805	-6.343	0.028
6.806	-6.343	0.028
6.807	-6.343	0.028
6.808	-6.343	0.028
6.809	-6.343	0.028
6.810	-6.343	0.028
6.811	-6.343	0.028
6.812	-6.343	0.028
6.813	-6.343	0.028
6.814	-6.343	0.028
6.815	-6.343	0.028
6.816	-6.343	0.028
6.817	-6.343	0.028
6.818	-6.343	0.028
6.819	-6.343	0.028
6.820	-6.343	0.028
6.821	-6.344	0.028
6.822	-6.344	0.028
6.823	-6.344	0.028
6.824	-6.344	0.028
6.825	-6.344	0.028
6.826	-6.344	0.028
6.827	-6.344	0.028
6.828	-6.344	0.028
6.829	-6.344	0.028
6.830	-6.344	0.028
6.831	-6.344	0.028
6.832	-6.344	0.028
6.833	-6.344	0.028
6.834	-6.344	0.028
6.835	-6.344	0.028
6.836	-6.344	0.028
6.837	-6.344	0.028
6.838	-6.344	0.028
6.839	-6.344	0.028
6.840	-6.344	0.028
6.841	-6.344	0.028
6.842	-6.344	0.028
6.843	-6.344	0.028
6.844	-6.345	0.028
6.845	-6.345	0.028
6.846	-6.345	0.028
6.847	-6.345	0.028
6.848	-6.345	0.028
6.849	-6.345	0.028
6.850	-6.345	0.028
6.851	-6.345	0.028
6.852	-6.345	0.028
6.853	-6.345	0.028
6.854	-6.345	0.028
6.855	-6.345	0.028
6.856	-6.345	0.028
6.857	-6.345	0.028
6.858	-6.345	0.028
6.859	-6.345	0.028
6.860	-6.345	0.028
6.861	-6.345	0.028
6.862	-6.345	0.028
6.863	-6.345	0.028
6.864	-6.345	0.028
6.865	-6.345	0.028
6.866	-6.345	0.028
6.867	-6.346	0.028
6.868	-6.346	0.028
6.869	-6.346	0.028
6.870	-6.346	0.028
6.871	-6.346	0.028
6.872	-6.346	0.028
6.873	-6.346	0.028
6.874	-6.346	0.028
6.875	-6.346	0.028
6.876	-6.346	0.028
6.877	-6.346	0.028
6.878	-6.346	0.028
6.879	-6.346	0.028
6.880	-6.346	0.028
6.881	-6.346	0.028
6.882	-6.346	0.028
6.883	-6.346	0.028
6.884	-6.346	0.028
6.885	-6.346	0.028
6.886	-6.346	0.028
6.887	-6.346	0.028
6.888	-6.346	0.028
6.889	-6.346	0.028
6.890	-6.347	0.028
6.891	-6.347	0.028
6.892	-6.347	0.028
6.893	-6.347	0.028
6.894	-6.347	0.028
6.895	-6.347	0.028
6.896	-6.347	0.028
6.897	-6.347	0.028
6.898	-6.347	0.028
6.899	-6.347	0.028
6.900	-6.347	0.028
6.901	-6.347	0.028
6.902	-6.347	0.028
6.903	-6.347	0.028
6.904	-6.347	0.028
6.905	-6.347	0.028
6.906	-6.347	0.028
6.907	-6.347	0.028
6.908	-6.347	0.028
6.909	-6.347	0.028
6.910	-6.347	0.028
6.911	-6.347	0.028
6.912	-6.348	0.028
6.913	-6.348	0.028
6.914	-6.348	0.028
6.915	-6.348	0.028
6.916	-6.348	0.028
6.917	-6.348	0.028
6.918	-6.348	0.028
6.919	-6.348	0.028
6.920	-6.348	0.028
6.921	-6.348	0.028
6.922	-6.348	0.028
6.923	-6.348	0.028
6.924	-6.348	0.028
6.925	-6.348	0.028
6.926	-6.348	0.028
6.927	-6.348	0.028
6.928	-6.348	0.028
6.929	-6.348	0.028
6.930	-6.348	0.028
6.931	-6.348	0.028
6.932	-6.348	0.028
6.933	-6.349	0.028
6.934	-6.349	0.028
6.935	-6.349	0.028
6.936	-6.349	0.028
6.937	-6.349	0.028
6.938	-6.349	0.028
6.939	-6.349	0.028
6.940	-6.349	0.028
6.941	-6.349	0.028
6.942	-6.349	0.028
6.943	-6.349	0.028
6.944	-6.349	0.028
6.945	-6.349	0.028
6.946	-6.349	0.028
6.947	-6.349	0.028
6.948	-6.349	0.028
6.949	-6.349	0.028
6.950	-6.349	0.028
6.951	-6.349	0.028
6.952	-6.349	0.028
6.953	-6.349	0.028
6.954	-6.349	0.028
6.955	-6.350	0.028
6.956	-6.350	0.028
6.957	-6.350	0.028
6.958	-6.350	0.028
6.959	-6.350	0.028
6.960	-6.350	0.028
6.961	-6.350	0.028
6.962	-6.350	0.028
6.963	-6.350	0.028
6.964	-6.350	0.028
6.965	-6.350	0.028
6.966	-6.350	0.028
6.967	-6.350	0.028
6.968	-6.350	0.028
6.969	-6.350	0.028
6.970	-6.350	0.028
6.971	-6.350	0.028
6.972	-6.350	0.028
6.973	-6.350	0.028
6.974	-6.350	0.028
6.975	-6.350	0.028
6.976	-6.351	0.028
6.977	-6.351	0.028
6.978	-6.351	0.028
6.979	-6.351	0.028
6.980	-6.351	0.028
6.981	-6.351	0.028
6.982	-6.351	0.028
6.983	-6.351	0.028
6.984	-6.351	0.028
6.985	-6.351	0.028
6.986	-6.351	0.028
6.987	-6.351	0.028
6.988	-6.351	0.028
6.989	-6.351	0.028
6.990	-6.351	0.028
6.991	-6.351	0.028
6.992	-6.351	0.028
6.993	-6.351	0.028
6.994	-6.351	0.028
6.995	-6.351	0.028
6.996	-6.351	0.028
6.997	-6.352	0.028
6.998	-6.352	0.028
6.999	-6.352	0.028
7.000	-6.352	0.028
7.001	-6.352	0.028
7.002	-6.352	0.028
7.003	-6.352	0.028
7.004	-6.352	0.028
7.005	-6.352	0.028
7.006	-6.352	0.028
7.007	-6.352	0.028
7.008	-6.352	0.028
7.009	-6.352	0.028
7.010	-6.352	0.028
7.011	-6.352	0.028
7.012	-6.352	0.028
7.013	-6.352	0.028
7.014	-6.352	0.028
7.015	-6.352	0.028
7.016	-6.352	0.028
7.017	-6.353	0.028
7.018	-6.353	0.028
7.019	-6.353	0.028
7.020	-6.353	0.028
7.021	-6.353	0.028
7.022	-6.353	0.028
7.023	-6.353	0.028
7.024	-6.353	0.028
7.025	-6.353	0.028
7.026	-6.353	0.028
7.027	-6.353	0.028
7.028	-6.353	0.028
7.029	-6.353	0.028
7.030	-6.353	0.028
7.031	-6.353	0.028
7.032	-6.353	0.028
7.033	-6.353	0.028
7.034	-6.353	0.028
7.035	-6.353	0.028
7.036	-6.353	0.028
7.037	-6.353	0.028
7.038	-6.354	0.028
7.039	-6.354	0.028
7.040	-6.354	0.028
7.041	-6.354	0.028
7.042	-6.354	0.028
7.043	-6.354	0.028
7.044	-6.354	0.028
7.045	-6.354	0.028
7.046	-6.354	0.028
7.047	-6.354	0.028
7.048	-6.354	0.028
7.049	-6.354	0.028
7.050	-6.354	0.028
7.051	-6.354	0.028
7.052	-6.354	0.028
7.053	-6.354	0.028
7.054	-6.354	0.028
7.055	-6.354	0.028
7.056	-6.354	0.028
7.057	-6.354	0.028
7.058	-6.355	0.028
7.059	-6.355	0.028
7.060	-6.355	0.028
7.061	-6.355	0.028
7.062	-6.355	0.028
7.063	-6.355	0.028
7.064	-6.355	0.028
7.065	-6.355	0.028
7.066	-6.355	0.028
7.067	-6.355	0.028
7.068	-6.355	0.028
7.069	-6.355	0.029
7.070	-6.355	0.029
7.071	-6.355	0.029
7.072	-6.355	0.029
7.073	-6.355	0.029
7.074	-6.355	0.029
7.075	-6.355	0.029
7.076	-6.355	0.029
7.077	-6.355	0.029
7.078	-6.356	0.029
7.079	-6.356	0.029
7.080	-6.356	0.029
7.081	-6.356	0.029
7.082	-6.356	0.029
7.083	-6.356	0.029
7.084	-6.356	0.029
7.085	-6.356	0.029
7.086	-6.356	0.029
7.087	-6.356	0.029
7.088	-6.356	0.029
7.089	-6.356	0.029
7.090	-6.356	0.029
7.091	-6.356	0.029
7.092	-6.356	0.029
7.093	-6.356	0.029
7.094	-6.356	0.029
7.095	-6.356	0.029
7.096	-6.356	0.029
7.097	-6.356	0.029
7.098	-6.357	0.029
7.099	-6.357	0.029
7.100	-6.357	0.029
7.101	-6.357	0.029
7.102	-6.357	0.029
7.103	-6.357	0.029
7.104	-6.357	0.029
7.105	-6.357	0.029
7.106	-6.357	0.029
7.107	-6.357	0.029
7.108	-6.357	0.029
7.109	-6.357	0.029
7.110	-6.357	0.029
7.111	-6.357	0.029
7.112	-6.357	0.029
7.113	-6.357	0.029
7.114	-6.357	0.029
7.115	-6.357	0.029
7.116	-6.357	0.029
7.117	-6.357	0.029
7.118	-6.358	0.029
7.119	-6.358	0.029
7.120	-6.358	0.029
7.121	-6.358	0.029
7.122	-6.358	0.029
7.123	-6.358	0.029
7.124	-6.358	0.029
7.125	-6.358	0.029
7.126	-6.358	0.029
7.127	-6.358	0.029
7.128	-6.358	0.029
7.129	-6.358	0.029
7.130	-6.358	0.029
7.131	-6.358	0.029
7.132	-6.358	0.029
7.133	-6.358	0.029
7.134	-6.358	0.029
7.135	-6.358	0.029
7.136	-6.358	0.029
7.137	-6.358	0.029
7.138	-6.359	0.029
7.139	-6.359	0.029
7.140	-6.359	0.029
7.141	-6.359	0.029
7.142	-6.359	0.029
7.143	-6.359	0.029
7.144	-6.359	0.029
7.145	-6.359	0.029
7.146	-6.359	0.029
7.147	-6.359	0.029
7.148	-6.359	0.029
7.149	-6.359	0.029
7.150	-6.359	0.029
7.151	-6.359	0.029
7.152	-6.359	0.029
7.153	-6.359	0.029
7.154	-6.359	0.029
7.155	-6.359	0.029
7.156	-6.359	0.029
7.157	-6.359	0.029
7.158	-6.360	0.029
7.159	-6.360	0.029
7.160	-6.360	0.029
7.161	-6.360	0.029
7.162	-6.360	0.029
7.163	-6.360	0.029
7.164	-6.360	0.029
7.165	-6.360	0.029
7.166	-6.360	0.029
7.167	-6.360	0.029
7.168	-6.360	0.029
7.169	-6.360	0.029
7.170	-6.360	0.029
7.171	-6.360	0.029
7.172	-6.360	0.029
7.173	-6.360	0.029
7.174	-6.360	0.029
7.175	-6.360	0.029
7.176	-6.360	0.029
7.177	-6.360	0.029
7.178	-6.361	0.030
7.179	-6.361	0.030
7.180	-6.361	0.030
7.181	-6.361	0.030
7.182	-6.361	0.030
7.183	-6.361	0.030
7.184	-6.361	0.030
7.185	-6.361	0.030
7.186	-6.361	0.030
7.187	-6.361	0.030
7.188	-6.361	0.030
7.189	-6.361	0.030
7.190	-6.361	0.030
7.191	-6.361	0.030
7.192	-6.361	0.030
7.193	-6.361	0.030
7.194	-6.361	0.030
7.195	-6.361	0.030
7.196	-6.361	0.030
7.197	-6.361	0.030
7.198	-6.362	0.030
7.199	-6.362	0.030
7.200	-6.362	0.030
7.201	-6.362	0.030
7.202	-6.362	0.030
7.203	-6.362	0.030
7.204	-6.362	0.030
7.205	-6.362	0.030
7.206	-6.362	0.030
7.207	-6.362	0.030
7.208	-6.362	0.030
7.209	-6.362	0.030
7.210	-6.362	0.030
7.211	-6.362	0.030
7.212	-6.362	0.030
7.213	-6.362	0.030
7.214	-6.362	0.030
7.215	-6.362	0.030
7.216	-6.362	0.030
7.217	-6.362	0.030
7.218	-6.363	0.030
7.219	-6.363	0.030
7.220	-6.363	0.030
7.221	-6.363	0.030
7.222	-6.363	0.030
7.223	-6.363	0.030
7.224	-6.363	0.030
7.225	-6.363	0.030
7.226	-6.363	0.030
7.227	-6.363	0.030
7.228	-6.363	0.030
7.229	-6.363	0.030
7.230	-6.363	0.030
7.231	-6.363	0.030
7.232	-6.363	0.030
7.233	-6.363	0.030
7.234	-6.363	0.030
7.235	-6.363	0.030
7.236	-6.363	0.030
7.237	-6.363	0.030
7.238	-6.364	0.030
7.239	-6.364	0.030
7.240	-6.364	0.030
7.241	-6.364	0.030
7.242	-6.364	0.030
7.243	-6.364	0.030
7.244	-6.364	0.030
7.245	-6.364	0.030
7.246	-6.364	0.030
7.247	-6.364	0.030
7.248	-6.364	0.030
7.249	-6.364	0.030
7.250	-6.364	0.030
7.251	-6.364	0.030
7.252	-6.364	0.030
7.253	-6.364	0.030
7.254	-6.364	0.030
7.255	-6.364	0.030
7.256	-6.364	0.030
7.257	-6.364	0.030
7.258	-6.365	0.031
7.259	-6.365	0.031
7.260	-6.365	0.031
7.261	-6.365	0.031
7.262	-6.365	0.031
7.263	-6.365	0.031
7.264	-6.365	0.031
7.265	-6.365	0.031
7.266	-6.365	0.031
7.267	-6.365	0.031
7.268	-6.365	0.031
7.269	-6.365	0.031
7.270	-6.365	0.031
7.271	-6.365	0.031
7.272	-6.365	0.031
7.273	-6.365	0.031
7.274	-6.365	0.031
7.275	-6.365	0.031
7.276	-6.365	0.031
7.277	-6.365	0.031
7.278	-6.366	0.031
7.279	-6.366	0.031
7.280	-6.366	0.031
7.281	-6.366	0.031
7.282	-6.366	0.031
7.283	-6.366	0.031
7.284	-6.366	0.031
7.285	-6.366	0.031
7.286	-6.366	0.031
7.287	-6.366	0.031
7.288	-6.366	0.031
7.289	-6.366	0.031
7.290	-6.366	0.031
7.291	-6.366	0.031
7.292	-6.366	0.031
7.293	-6.366	0.031
7.294	-6.366	0.031
7.295	-6.366	0.031
7.296	-6.366	0.031
7.297	-6.366	0.031
7.298	-6.367	0.031
7.299	-6.367	0.031
7.300	-6.367	0.031
7.301	-6.367	0.031
7.302	-6.367	0.031
7.303	-6.367	0.031
7.304	-6.367	0.031
7.305	-6.367	0.031
7.306	-6.367	0.031
7.307	-6.367	0.031
7.308	-6.367	0.031
7.309	-6.367	0.031
7.310	-6.367	0.031
7.311	-6.367	0.031
7.312	-6.367	0.031
7.313	-6.367	0.031
7.314	-6.367	0.031
7.315	-6.367	0.031
7.316	-6.367	0.031
7.317	-6.367	0.031
7.318	-6.367	0.031
7.319	-6.368	0.031
7.320	-6.368	0.031
7.321	-6.368	0.031
7.322	-6.368	0.031
7.323	-6.368	0.031
7.324	-6.368	0.031
7.325	-6.368	0.031
7.326	-6.368	0.031
7.327	-6.368	0.031
7.328	-6.368	0.031
7.329	-6.368	0.031
7.330	-6.368	0.032
7.331	-6.368	0.032
7.332	-6.368	0.032
7.333	-6.368	0.032
7.334	-6.368	0.032
7.335	-6.368	0.032
7.336	-6.368	0.032
7.337	-6.368	0.032
7.338	-6.368	0.032
7.339	-6.369	0.032
7.340	-6.369	0.032
7.341	-6.369	0.032
7.342	-6.369	0.032
7.343	-6.369	0.032
7.344	-6.369	0.032
7.345	-6.369	0.032
7.346	-6.369	0.032
7.347	-6.369	0.032
7.348	-6.369	0.032
7.349	-6.369	0.032
7.350	-6.369	0.032
7.351	-6.369	0.032
7.352	-6.369	0.032
7.353	-6.369	0.032
7.354	-6.369	0.032
7.355	-6.369	0.032
7.356	-6.369	0.032
7.357	-6.369	0.032
7.358	-6.369	0.032
7.359	-6.369	0.032
7.360	-6.370	0.032
7.361	-6.370	0.032
7.362	-6.370	0.032
7.363	-6.370	0.032
7.364	-6.370	0.032
7.365	-6.370	0.032
7.366	-6.370	0.032
7.367	-6.370	0.032
7.368	-6.370	0.032
7.369	-6.370	0.032
7.370	-6.370	0.032
7.371	-6.370	0.032
7.372	-6.370	0.032
7.373	-6.370	0.032
7.374	-6.370	0.032
7.375	-6.370	0.032
7.376	-6.370	0.032
7.377	-6.370	0.032
7.378	-6.370	0.032
7.379	-6.370	0.032
7.380	-6.370	0.032
7.381	-6.371	0.032
7.382	-6.371	0.032
7.383	-6.371	0.032
7.384	-6.371	0.032
7.385	-6.371	0.032
7.386	-6.371	0.032
7.387	-6.371	0.032
7.388	-6.371	0.032
7.389	-6.371	0.032
7.390	-6.371	0.032
7.391	-6.371	0.032
7.392	-6.371	0.032
7.393	-6.371	0.032
7.394	-6.371	0.032
7.395	-6.371	0.032
7.396	-6.371	0.032
7.397	-6.371	0.032
7.398	-6.371	0.032
7.399	-6.371	0.032
7.400	-6.371	0.032
7.401	-6.371	0.032
7.402	-6.371	0.032
7.403	-6.372	0.032
7.404	-6.372	0.032
7.405	-6.372	0.033
7.406	-6.372	0.033
7.407	-6.372	0.033
7.408	-6.372	0.033
7.409	-6.372	0.033
7.410	-6.372	0.033
7.411	-6.372	0.033
7.412	-6.372	0.033
7.413	-6.372	0.033
7.414	-6.372	0.033
7.415	-6.372	0.033
7.416	-6.372	0.033
7.417	-6.372	0.033
7.418	-6.372	0.033
7.419	-6.372	0.033
7.420	-6.372	0.033
7.421	-6.372	0.033
7.422	-6.372	0.033
7.423	-6.372	0.033
7.424	-6.373	0.033
7.425	-6.373	0.033
7.426	-6.373	0.033
7.427	-6.373	0.033
7.428	-6.373	0.033
7.429	-6.373	0.033
7.430	-6.373	0.033
7.431	-6.373	0.033
7.432	-6.373	0.033
7.433	-6.373	0.033
7.434	-6.373	0.033
7.435	-6.373	0.033
7.436	-6.373	0.033
7.437	-6.373	0.033
7.438	-6.373	0.033
7.439	-6.373	0.033
7.440	-6.373	0.033
7.441	-6.373	0.033
7.442	-6.373	0.033
7.443	-6.373	0.033
7.444	-6.373	0.033
7.445	-6.373	0.033
7.446	-6.374	0.033
7.447	-6.374	0.033
7.448	-6.374	0.033
7.449	-6.374	0.033
7.450	-6.374	0.033
7.451	-6.374	0.033
7.452	-6.374	0.033
7.453	-6.374	0.033
7.454	-6.374	0.033
7.455	-6.374	0.033
7.456	-6.374	0.033
7.457	-6.374	0.033
7.458	-6.374	0.033
7.459	-6.374	0.033
7.460	-6.374	0.033
7.461	-6.374	0.033
7.462	-6.374	0.033
7.463	-6.374	0.033
7.464	-6.374	0.033
7.465	-6.374	0.033
7.466	-6.374	0.033
7.467	-6.374	0.033
7.468	-6.375	0.033
7.469	-6.375	0.033
7.470	-6.375	0.033
7.471	-6.375	0.033
7.472	-6.375	0.033
7.473	-6.375	0.033
7.474	-6.375	0.033
7.475	-6.375	0.033
7.476	-6.375	0.033
7.477	-6.375	0.033
7.478	-6.375	0.033
7.479	-6.375	0.033
7.480	-6.375	0.033
7.481	-6.375	0.033
7.482	-6.375	0.033
7.483	-6.375	0.033
7.484	-6.375	0.033
7.485	-6.375	0.033
7.486	-6.375	0.033
7.487	-6.375	0.033
7.488	-6.375	0.033
7.489	-6.375	0.033
7.490	-6.375	0.033
7.491	-6.376	0.033
7.492	-6.376	0.033
7.493	-6.376	0.033
7.494	-6.376	0.033
7.495	-6.376	0.033
7.496	-6.376	0.033
7.497	-6.376	0.033
7.498	-6.376	0.033
7.499	-6.376	0.033
7.500	-6.376	0.033
7.501	-6.376	0.033
7.502	-6.376	0.033
7.503	-6.376	0.033
7.504	-6.376	0.033
7.505	-6.376	0.033
7.506	-6.376	0.033
7.507	-6.376	0.033
7.508	-6.376	0.033
7.509	-6.376	0.033
7.510	-6.376	0.033
7.511	-6.376	0.033
7.512	-6.376	0.033
7.513	-6.376	0.033
7.514	-6.377	0.033
7.515	-6.377	0.033
7.516	-6.377	0.033
7.517	-6.377	0.033
7.518	-6.377	0.033
7.519	-6.377	0.033
7.520	-6.377	0.033
7.521	-6.377	0.033
7.522	-6.377	0.033
7.523	-6.377	0.033
7.524	-6.377	0.033
7.525	-6.377	0.033
7.526	-6.377	0.033
7.527	-6.377	0.034
7.528	-6.377	0.034
7.529	-6.377	0.034
7.530	-6.377	0.034
7.531	-6.377	0.034
7.532	-6.377	0.034
7.533	-6.377	0.034
7.534	-6.377	0.034
7.535	-6.377	0.034
7.536	-6.377	0.034
7.537	-6.377	0.034
7.538	-6.378	0.034
7.539	-6.378	0.034
7.540	-6.378	0.034
7.541	-6.378	0.034
7.542	-6.378	0.034
7.543	-6.378	0.034
7.544	-6.378	0.034
7.545	-6.378	0.034
7.546	-6.378	0.034
7.547	-6.378	0.034
7.548	-6.378	0.034
7.549	-6.378	0.034
7.550	-6.378	0.034
7.551	-6.378	0.034
7.552	-6.378	0.034
7.553	-6.378	0.034
7.554	-6.378	0.034
7.555	-6.378	0.034
7.556	-6.378	0.034
7.557	-6.378	0.034
7.558	-6.378	0.034
7.559	-6.378	0.034
7.560	-6.378	0.034
7.561	-6.378	0.034
7.562	-6.379	0.034
7.563	-6.379	0.034
7.564	-6.379	0.034
7.565	-6.379	0.034
7.566	-6.379	0.034
7.567	-6.379	0.034
7.568	-6.379	0.034
7.569	-6.379	0.034
7.570	-6.379	0.034
7.571	-6.379	0.034
7.572	-6.379	0.034
7.573	-6.379	0.034
7.574	-6.379	0.034
7.575	-6.379	0.034
7.576	-6.379	0.034
7.577	-6.379	0.034
7.578	-6.379	0.034
7.579	-6.379	0.034
7.580	-6.379	0.034
7.581	-6.379	0.034
7.582	-6.379	0.034
7.583	-6.379	0.034
7.584	-6.379	0.034
7.585	-6.379	0.034
7.586	-6.379	0.034
7.587	-6.380	0.034
7.588	-6.380	0.034
7.589	-6.380	0.034
7.590	-6.380	0.034
7.591	-6.380	0.034
7.592	-6.380	0.034
7.593	-6.380	0.034
7.594	-6.380	0.034
7.595	-6.380	0.034
7.596	-6.380	0.034
7.597	-6.380	0.034
7.598	-6.380	0.034
7.599	-6.380	0.034
7.600	-6.380	0.034
7.601	-6.380	0.034
7.602	-6.380	0.034
7.603	-6.380	0.034
7.604	-6.380	0.034
7.605	-6.380	0.034
7.606	-6.380	0.034
7.607	-6.380	0.034
7.608	-6.380	0.034
7.609	-6.380	0.034
7.610	-6.380	0.034
7.611	-6.380	0.034
7.612	-6.381	0.034
7.613	-6.381	0.034
7.614	-6.381	0.034
7.615	-6.381	0.034
7.616	-6.381	0.034
7.617	-6.381	0.034
7.618	-6.381	0.034
7.619	-6.381	0.034
7.620	-6.381	0.034
7.621	-6.381	0.034
7.622	-6.381	0.034
7.623	-6.381	0.034
7.624	-6.381	0.034
7.625	-6.381	0.034
7.626	-6.381	0.034
7.627	-6.381	0.034
7.628	-6.381	0.034
7.629	-6.381	0.034
7.630	-6.381	0.034
7.631	-6.381	0.034
7.632	-6.381	0.034
7.633	-6.381	0.034
7.634	-6.381	0.034
7.635	-6.381	0.034
7.636	-6.381	0.034
7.637	-6.381	0.034
7.638	-6.382	0.034
7.639	-6.382	0.034
7.640	-6.382	0.034
7.641	-6.382	0.034
7.642	-6.382	0.034
7.643	-6.382	0.034
7.644	-6.382	0.034
7.645	-6.382	0.034
7.646	-6.382	0.034
7.647	-6.382	0.034
7.648	-6.382	0.034
7.649	-6.382	0.034
7.650	-6.382	0.033
7.651	-6.382	0.033
7.652	-6.382	0.033
7.653	-6.382	0.033
7.654	-6.382	0.033
7.655	-6.382	0.033
7.656	-6.382	0.033
7.657	-6.382	0.033
7.658	-6.382	0.033
7.659	-6.382	0.033
7.660	-6.382	0.033
7.661	-6.382	0.033
7.662	-6.382	0.033
7.663	-6.382	0.033
7.664	-6.383	0.033
7.665	-6.383	0.033
7.666	-6.383	0.033
7.667	-6.383	0.033
7.668	-6.383	0.033
7.669	-6.383	0.033
7.670	-6.383	0.033
7.671	-6.383	0.033
7.672	-6.383	0.033
7.673	-6.383	0.033
7.674	-6.383	0.033
7.675	-6.383	0.033
7.676	-6.383	0.033
7.677	-6.383	0.033
7.678	-6.383	0.033
7.679	-6.383	0.033
7.680	-6.383	0.033
7.681	-6.383	0.033
7.682	-6.383	0.033
7.683	-6.383	0.033
7.684	-6.383	0.033
7.685	-6.383	0.033
7.686	-6.383	0.033
7.687	-6.383	0.033
7.688	-6.383	0.033
7.689	-6.383	0.033
7.690	-6.384	0.033
7.691	-6.384	0.033
7.692	-6.384	0.033
7.693	-6.384	0.033
7.694	-6.384	0.033
7.695	-6.384	0.033
7.696	-6.384	0.033
7.697	-6.384	0.033
7.698	-6.384	0.033
7.699	-6.384	0.033
7.700	-6.384	0.033
7.701	-6.384	0.033
7.702	-6.384	0.033
7.703	-6.384	0.033
7.704	-6.384	0.033
7.705	-6.384	0.033
7.706	-6.384	0.033
7.707	-6.384	0.033
7.708	-6.384	0.033
7.709	-6.384	0.033
7.710	-6.384	0.033
7.711	-6.384	0.033
7.712	-6.384	0.033
7.713	-6.384	0.033
7.714	-6.384	0.033
7.715	-6.384	0.033
7.716	-6.384	0.033
7.717	-6.385	0.033
7.718	-6.385	0.033
7.719	-6.385	0.033
7.720	-6.385	0.033
7.721	-6.385	0.033
7.722	-6.385	0.033
7.723	-6.385	0.033
7.724	-6.385	0.033
7.725	-6.385	0.033
7.726	-6.385	0.033
7.727	-6.385	0.033
7.728	-6.385	0.033
7.729	-6.385	0.033
7.730	-6.385	0.033
7.731	-6.385	0.033
7.732	-6.385	0.033
7.733	-6.385	0.033
7.734	-6.385	0.033
7.735	-6.385	0.033
7.736	-6.385	0.033
7.737	-6.385	0.033
7.738	-6.385	0.033
7.739	-6.385	0.033
7.740	-6.385	0.033
7.741	-6.385	0.033
7.742	-6.385	0.033
7.743	-6.385	0.033
7.744	-6.386	0.033
7.745	-6.386	0.033
7.746	-6.386	0.033
7.747	-6.386	0.033
7.748	-6.386	0.033
7.749	-6.386	0.033
7.750	-6.386	0.033
7.751	-6.386	0.033
7.752	-6.386	0.033
7.753	-6.386	0.033
7.754	-6.386	0.033
7.755	-6.386	0.033
7.756	-6.386	0.033
7.757	-6.386	0.033
7.758	-6.386	0.033
7.759	-6.386	0.033
7.760	-6.386	0.033
7.761	-6.386	0.033
7.762	-6.386	0.033
7.763	-6.386	0.033
7.764	-6.386	0.033
7.765	-6.386	0.033
7.766	-6.386	0.033
7.767	-6.386	0.033
7.768	-6.386	0.033
7.769	-6.386	0.033
7.770	-6.386	0.033
7.771	-6.386	0.033
7.772	-6.387	0.033
7.773	-6.387	0.033
7.774	-6.387	0.033
7.775	-6.387	0.033
7.776	-6.387	0.033
7.777	-6.387	0.033
7.778	-6.387	0.033
7.779	-6.387	0.033
7.780	-6.387	0.033
7.781	-6.387	0.033
7.782	-6.387	0.033
7.783	-6.387	0.033
7.784	-6.387	0.033
7.785	-6.387	0.033
7.786	-6.387	0.033
7.787	-6.387	0.033
7.788	-6.387	0.033
7.789	-6.387	0.033
7.790	-6.387	0.033
7.791	-6.387	0.033
7.792	-6.387	0.033
7.793	-6.387	0.033
7.794	-6.387	0.033
7.795	-6.387	0.033
7.796	-6.387	0.033
7.797	-6.387	0.033
7.798	-6.387	0.033
7.799	-6.387	0.033
7.800	-6.388	0.033
7.801	-6.388	0.033
7.802	-6.388	0.033
7.803	-6.388	0.033
7.804	-6.388	0.033
7.805	-6.388	0.033
7.806	-6.388	0.033
7.807	-6.388	0.033
7.808	-6.388	0.033
7.809	-6.388	0.033
7.810	-6.388	0.033
7.811	-6.388	0.033
7.812	-6.388	0.033
7.813	-6.388	0.033
7.814	-6.388	0.033
7.815	-6.388	0.033
7.816	-6.388	0.033
7.817	-6.388	0.033
7.818	-6.388	0.033
7.819	-6.388	0.033
7.820	-6.388	0.032
7.821	-6.388	0.032
7.822	-6.388	0.032
7.823	-6.388	0.032
7.824	-6.388	0.032
7.825	-6.388	0.032
7.826	-6.388	0.032
7.827	-6.388	0.032
7.828	-6.389	0.032
7.829	-6.389	0.032
7.830	-6.389	0.032
7.831	-6.389	0.032
7.832	-6.389	0.032
7.833	-6.389	0.032
7.834	-6.389	0.032
7.835	-6.389	0.032
7.836	-6.389	0.032
7.837	-6.389	0.032
7.838	-6.389	0.032
7.839	-6.389	0.032
7.840	-6.389	0.032
7.841	-6.389	0.032
7.842	-6.389	0.032
7.843	-6.389	0.032
7.844	-6.389	0.032
7.845	-6.389	0.032
7.846	-6.389	0.032
7.847	-6.389	0.032
7.848	-6.389	0.032
7.849	-6.389	0.032
7.850	-6.389	0.032
7.851	-6.389	0.032
7.852	-6.389	0.032
7.853	-6.389	0.032
7.854	-6.389	0.032
7.855	-6.389	0.032
7.856	-6.390	0.032
7.857	-6.390	0.032
7.858	-6.390	0.032
7.859	-6.390	0.032
7.860	-6.390	0.032
7.861	-6.390	0.032
7.862	-6.390	0.032
7.863	-6.390	0.032
7.864	-6.390	0.032
7.865	-6.390	0.032
7.866	-6.390	0.032
7.867	-6.390	0.032
7.868	-6.390	0.032
7.869	-6.390	0.032
7.870	-6.390	0.032
7.871	-6.390	0.032
7.872	-6.390	0.032
7.873	-6.390	0.032
7.874	-6.390	0.032
7.875	-6.390	0.032
7.876	-6.390	0.032
7.877	-6.390	0.032
7.878	-6.390	0.032
7.879	-6.390	0.032
7.880	-6.390	0.032
7.881	-6.390	0.032
7.882	-6.390	0.032
7.883	-6.390	0.032
7.884	-6.390	0.032
7.885	-6.391	0.032
7.886	-6.391	0.032
7.887	-6.391	0.032
7.888	-6.391	0.032
7.889	-6.391	0.032
7.890	-6.391	0.032
7.891	-6.391	0.032
7.892	-6.391	0.032
7.893	-6.391	0.032
7.894	-6.391	0.032
7.895	-6.391	0.032
7.896	-6.391	0.032
7.897	-6.391	0.032
7.898	-6.391	0.032
7.899	-6.391	0.032
7.900	-6.391	0.032
7.901	-6.391	0.032
7.902	-6.391	0.032
7.903	-6.391	0.032
7.904	-6.391	0.032
7.905	-6.391	0.032
7.906	-6.391	0.032
7.907	-6.391	0.032
7.908	-6.391	0.032
7.909	-6.391	0.032
7.910	-6.391	0.032
7.911	-6.391	0.032
7.912	-6.391	0.032
7.913	-6.391	0.032
7.914	-6.392	0.032
7.915	-6.392	0.032
7.916	-6.392	0.032
7.917	-6.392	0.032
7.918	-6.392	0.032
7.919	-6.392	0.032
7.920	-6.392	0.032
7.921	-6.392	0.032
7.922	-6.392	0.032
7.923	-6.392	0.032
7.924	-6.392	0.032
7.925	-6.392	0.032
7.926	-6.392	0.032
7.927	-6.392	0.032
7.928	-6.392	0.032
7.929	-6.392	0.032
7.930	-6.392	0.032
7.931	-6.392	0.032
7.932	-6.392	0.032
7.933	-6.392	0.032
7.934	-6.392	0.032
7.935	-6.392	0.032
7.936	-6.392	0.032
7.937	-6.392	0.032
7.938	-6.392	0.032
7.939	-6.392	0.032
7.940	-6.392	0.032
7.941	-6.392	0.032
7.942	-6.392	0.032
7.943	-6.393	0.032
7.944	-6.393	0.032
7.945	-6.393	0.032
7.946	-6.393	0.032
7.947	-6.393	0.032
7.948	-6.393	0.032
7.949	-6.393	0.032
7.950	-6.393	0.032
7.951	-6.393	0.032
7.952	-6.393	0.032
7.953	-6.393	0.032
7.954	-6.393	0.032
7.955	-6.393	0.032
7.956	-6.393	0.032
7.957	-6.393	0.032
7.958	-6.393	0.032
7.959	-6.393	0.032
7.960	-6.393	0.032
7.961	-6.393	0.032
7.962	-6.393	0.032
7.963	-6.393	0.032
7.964	-6.393	0.032
7.965	-6.393	0.032
7.966	-6.393	0.032
7.967	-6.393	0.032
7.968	-6.393	0.032
7.969	-6.393	0.031
7.970	-6.393	0.031
7.971	-6.393	0.031
7.972	-6.394	0.031
7.973	-6.394	0.031
7.974	-6.394	0.031
7.975	-6.394	0.031
7.976	-6.394	0.031
7.977	-6.394	0.031
7.978	-6.394	0.031
7.979	-6.394	0.031
7.980	-6.394	0.031
7.981	-6.394	0.031
7.982	-6.394	0.031
7.983	-6.394	0.031
7.984	-6.394	0.031
7.985	-6.394	0.031
7.986	-6.394	0.031
7.987	-6.394	0.031
7.988	-6.394	0.031
7.989	-6.394	0.031
7.990	-6.394	0.031
7.991	-6.394	0.031
7.992	-6.394	0.031
7.993	-6.394	0.031
7.994	-6.394	0.031
7.995	-6.394	0.031
7.996	-6.394	0.031
7.997	-6.394	0.031
7.998	-6.394	0.031
7.999	-6.394	0.031
8.000	-6.394	0.031
8.001	-6.395	0.031
8.002	-6.395	0.031
8.003	-6.395	0.031
8.004	-6.395	0.031
8.005	-6.395	0.031
8.006	-6.395	0.031
8.007	-6.395	0.031
8.008	-6.395	0.031
8.009	-6.395	0.031
8.010	-6.395	0.031
8.011	-6.395	0.031
8.012	-6.395	0.031
8.013	-6.395	0.031
8.014	-6.395	0.031
8.015	-6.395	0.031
8.016	-6.395	0.031
8.017	-6.395	0.031
8.018	-6.395	0.031
8.019	-6.395	0.031
8.020	-6.395	0.031
8.021	-6.395	0.031
8.022	-6.395	0.031
8.023	-6.395	0.031
8.024	-6.395	0.031
8.025	-6.395	0.031
8.026	-6.395	0.031
8.027	-6.395	0.031
8.028	-6.395	0.031
8.029	-6.395	0.031
8.030	-6.396	0.031
8.031	-6.396	0.031
8.032	-6.396	0.031
8.033	-6.396	0.031
8.034	-6.396	0.031
8.035	-6.396	0.031
8.036	-6.396	0.031
8.037	-6.396	0.031
8.038	-6.396	0.031
8.039	-6.396	0.031
8.040	-6.396	0.031
8.041	-6.396	0.031
8.042	-6.396	0.031
8.043	-6.396	0.031
8.044	-6.396	0.031
8.045	-6.396	0.031
8.046	-6.396	0.031
8.047	-6.396	0.031
8.048	-6.396	0.031
8.049	-6.396	0.031
8.050	-6.396	0.031
8.051	-6.396	0.031
8.052	-6.396	0.031
8.053	-6.396	0.031
8.054	-6.396	0.031
8.055	-6.396	0.031
8.056	-6.396	0.031
8.057	-6.396	0.031
8.058	-6.396	0.031
8.059	-6.397	0.031
8.060	-6.397	0.031
8.061	-6.397	0.031
8.062	-6.397	0.031
8.063	-6.397	0.031
8.064	-6.397	0.031
8.065	-6.397	0.031
8.066	-6.397	0.031
8.067	-6.397	0.031
8.068	-6.397	0.031
8.069	-6.397	0.031
8.070	-6.397	0.031
8.071	-6.397	0.031
8.072	-6.397	0.031
8.073	-6.397	0.031
8.074	-6.397	0.031
8.075	-6.397	0.031
8.076	-6.397	0.031
8.077	-6.397	0.031
8.078	-6.397	0.031
8.079	-6.397	0.031
8.080	-6.397	0.031
8.081	-6.397	0.031
8.082	-6.397	0.031
8.083	-6.397	0.031
8.084	-6.397	0.031
8.085	-6.397	0.031
8.086	-6.397	0.031
8.087	-6.397	0.031
8.088	-6.398	0.031
8.089	-6.398	0.031
8.090	-6.398	0.031
8.091	-6.398	0.031
8.092	-6.398	0.031
8.093	-6.398	0.031
8.094	-6.398	0.031
8.095	-6.398	0.031
8.096	-6.398	0.031
8.097	-6.398	0.031
8.098	-6.398	0.031
8.099	-6.398	0.031
8.100	-6.398	0.031
8.101	-6.398	0.031
8.102	-6.398	0.031
8.103	-6.398	0.031
8.104	-6.398	0.031
8.105	-6.398	0.031
8.106	-6.398	0.031
8.107	-6.398	0.031
8.108	-6.398	0.031
8.109	-6.398	0.031
8.110	-6.398	0.031
8.111	-6.398	0.031
8.112	-6.398	0.031
8.113	-6.398	0.031
8.114	-6.398	0.031
8.115	-6.398	0.031
8.116	-6.398	0.031
8.117	-6.399	0.031
8.118	-6.399	0.031
8.119	-6.399	0.031
8.120	-6.399	0.031
8.121	-6.399	0.031
8.122	-6.399	0.031
8.123	-6.399	0.031
8.124	-6.399	0.031
8.125	-6.399	0.031
8.126	-6.399	0.031
8.127	-6.399	0.031
8.128	-6.399	0.031
8.129	-6.399	0.031
8.130	-6.399	0.031
8.131	-6.399	0.031
8.132	-6.399	0.031
8.133	-6.399	0.031
8.134	-6.399	0.031
8.135	-6.399	0.031
8.136	-6.399	0.031
8.137	-6.399	0.031
8.138	-6.399	0.031
8.139	-6.399	0.031
8.140	-6.399	0.031
8.141	-6.399	0.031
8.142	-6.399	0.031
8.143	-6.399	0.031
8.144	-6.399	0.031
8.145	-6.400	0.031
8.146	-6.400	0.031
8.147	-6.400	0.031
8.148	-6.400	0.031
8.149	-6.400	0.031
8.150	-6.400	0.031
8.151	-6.400	0.031
8.152	-6.400	0.031
8.153	-6.400	0.031
8.154	-6.400	0.031
8.155	-6.400	0.031
8.156	-6.400	0.031
8.157	-6.400	0.031
8.158	-6.400	0.031
8.159	-6.400	0.031
8.160	-6.400	0.031
8.161	-6.400	0.031
8.162	-6.400	0.031
8.163	-6.400	0.031
8.164	-6.400	0.031
8.165	-6.400	0.031
8.166	-6.400	0.031
8.167	-6.400	0.031
8.168	-6.400	0.031
8.169	-6.400	0.031
8.170	-6.400	0.031
8.171	-6.400	0.031
8.172	-6.400	0.031
8.173	-6.401	0.031
8.174	-6.401	0.031
8.175	-6.401	0.031
8.176	-6.401	0.031
8.177	-6.401	0.031
8.178	-6.401	0.031
8.179	-6.401	0.031
8.180	-6.401	0.031
8.181	-6.401	0.031
8.182	-6.401	0.031
8.183	-6.401	0.031
8.184	-6.401	0.031
8.185	-6.401	0.031
8.186	-6.401	0.031
8.187	-6.401	0.031
8.188	-6.401	0.031
8.189	-6.401	0.031
8.190	-6.401	0.031
8.191	-6.401	0.031
8.192	-6.401	0.031
8.193	-6.401	0.031
8.194	-6.401	0.031
8.195	-6.401	0.031
8.196	-6.401	0.031
8.197	-6.401	0.031
8.198	-6.401	0.031
8.199	-6.401	0.031
8.200	-6.402	0.031
8.201	-6.402	0.031
8.202	-6.402	0.031
8.203	-6.402	0.031
8.204	-6.402	0.031
8.205	-6.402	0.031
8.206	-6.402	0.031
8.207	-6.402	0.031
8.208	-6.402	0.031
8.209	-6.402	0.031
8.210	-6.402	0.031
8.211	-6.402	0.031
8.212	-6.402	0.031
8.213	-6.402	0.031
8.214	-6.402	0.031
8.215	-6.402	0.031
8.216	-6.402	0.031
8.217	-6.402	0.031
8.218	-6.402	0.031
8.219	-6.402	0.031
8.220	-6.402	0.031
8.221	-6.402	0.031
8.222	-6.402	0.031
8.223	-6.402	0.031
8.224	-6.402	0.031
8.225	-6.402	0.031
8.226	-6.402	0.031
8.227	-6.402	0.031
8.228	-6.403	0.031
8.229	-6.403	0.031
8.230	-6.403	0.031
8.231	-6.403	0.031
8.232	-6.403	0.031
8.233	-6.403	0.031
8.234	-6.403	0.031
8.235	-6.403	0.031
8.236	-6.403	0.031
8.237	-6.403	0.031
8.238	-6.403	0.031
8.239	-6.403	0.031
8.240	-6.403	0.031
8.241	-6.403	0.031
8.242	-6.403	0.031
8.243	-6.403	0.031
8.244	-6.403	0.031
8.245	-6.403	0.031
8.246	-6.403	0.031
8.247	-6.403	0.031
8.248	-6.403	0.031
8.249	-6.403	0.031
8.250	-6.403	0.031
8.251	-6.403	0.031
8.252	-6.403	0.031
8.253	-6.403	0.031
8.254	-6.404	0.031
8.255	-6.404	0.031
8.256	-6.404	0.031
8.257	-6.404	0.031
8.258	-6.404	0.031
8.259	-6.404	0.031
8.260	-6.404	0.031
8.261	-6.404	0.031
8.262	-6.404	0.031
8.263	-6.404	0.031
8.264	-6.404	0.031
8.265	-6.404	0.031
8.266	-6.404	0.031
8.267	-6.404	0.031
8.268	-6.404	0.031
8.269	-6.404	0.031
8.270	-6.404	0.031
8.271	-6.404	0.031
8.272	-6.404	0.031
8.273	-6.404	0.031
8.274	-6.404	0.031
8.275	-6.404	0.031
8.276	-6.404	0.031
8.277	-6.404	0.031
8.278	-6.404	0.031
8.279	-6.404	0.031
8.280	-6.404	0.031
8.281	-6.405	0.031
8.282	-6.405	0.031
8.283	-6.405	0.031
8.284	-6.405	0.031
8.285	-6.405	0.031
8.286	-6.405	0.031
8.287	-6.405	0.031
8.288	-6.405	0.031
8.289	-6.405	0.031
8.290	-6.405	0.031
8.291	-6.405	0.031
8.292	-6.405	0.031
8.293	-6.405	0.031
8.294	-6.405	0.031
8.295	-6.405	0.031
8.296	-6.405	0.031
8.297	-6.405	0.031
8.298	-6.405	0.031
8.299	-6.405	0.031
8.300	-6.405	0.031
8.301	-6.405	0.031
8.302	-6.405	0.031
8.303	-6.405	0.031
8.304	-6.405	0.031
8.305	-6.405	0.031
8.306	-6.405	0.031
8.307	-6.406	0.031
8.308	-6.406	0.031
8.309	-6.406	0.031
8.310	-6.406	0.032
8.311	-6.406	0.032
8.312	-6.406	0.032
8.313	-6.406	0.032
8.314	-6.406	0.032
8.315	-6.406	0.032
8.316	-6.406	0.032
8.317	-6.406	0.032
8.318	-6.406	0.032
8.319	-6.406	0.032
8.320	-6.406	0.032
8.321	-6.406	0.032
8.322	-6.406	0.032
8.323	-6.406	0.032
8.324	-6.406	0.032
8.325	-6.406	0.032
8.326	-6.406	0.032
8.327	-6.406	0.032
8.328	-6.406	0.032
8.329	-6.406	0.032
8.330	-6.406	0.032
8.331	-6.406	0.032
8.332	-6.407	0.032
8.333	-6.407	0.032
8.334	-6.407	0.032
8.335	-6.407	0.032
8.336	-6.407	0.032
8.337	-6.407	0.032
8.338	-6.407	0.032
8.339	-6.407	0.032
8.340	-6.407	0.032
8.341	-6.407	0.032
8.342	-6.407	0.032
8.343	-6.407	0.032
8.344	-6.407	0.032
8.345	-6.407	0.032
8.346	-6.407	0.032
8.347	-6.407	0.032
8.348	-6.407	0.032
8.349	-6.407	0.032
8.350	-6.407	0.032
8.351	-6.407	0.032
8.352	-6.407	0.032
8.353	-6.407	0.032
8.354	-6.407	0.032
8.355	-6.407	0.032
8.356	-6.407	0.032
8.357	-6.408	0.032
8.358	-6.408	0.032
8.359	-6.408	0.032
8.360	-6.408	0.032
8.361	-6.408	0.032
8.362	-6.408	0.032
8.363	-6.408	0.032
8.364	-6.408	0.032
8.365	-6.408	0.032
8.366	-6.408	0.032
8.367	-6.408	0.032
8.368	-6.408	0.032
8.369	-6.408	0.032
8.370	-6.408	0.032
8.371	-6.408	0.032
8.372	-6.408	0.032
8.373	-6.408	0.032
8.374	-6.408	0.032
8.375	-6.408	0.032
8.376	-6.408	0.032
8.377	-6.408	0.032
8.378	-6.408	0.032
8.379	-6.408	0.032
8.380	-6.408	0.032
8.381	-6.409	0.032
8.382	-6.409	0.032
8.383	-6.409	0.032
8.384	-6.409	0.032
8.385	-6.409	0.032
8.386	-6.409	0.032
8.387	-6.409	0.032
8.388	-6.409	0.032
8.389	-6.409	0.032
8.390	-6.409	0.032
8.391	-6.409	0.032
8.392	-6.409	0.032
8.393	-6.409	0.032
8.394	-6.409	0.032
8.395	-6.409	0.032
8.396	-6.409	0.032
8.397	-6.409	0.032
8.398	-6.409	0.032
8.399	-6.409	0.032
8.400	-6.409	0.032
8.401	-6.409	0.032
8.402	-6.409	0.032
8.403	-6.409	0.032
8.404	-6.409	0.032
8.405	-6.410	0.032
8.406	-6.410	0.032
8.407	-6.410	0.032
8.408	-6.410	0.032
8.409	-6.410	0.032
8.410	-6.410	0.032
8.411	-6.410	0.032
8.412	-6.410	0.032
8.413	-6.410	0.032
8.414	-6.410	0.032
8.415	-6.410	0.032
8.416	-6.410	0.032
8.417	-6.410	0.032
8.418	-6.410	0.032
8.419	-6.410	0.032
8.420	-6.410	0.032
8.421	-6.410	0.032
8.422	-6.410	0.032
8.423	-6.410	0.032
8.424	-6.410	0.032
8.425	-6.410	0.032
8.426	-6.410	0.032
8.427	-6.410	0.032
8.428	-6.410	0.032
8.429	-6.411	0.032
8.430	-6.411	0.032
8.431	-6.411	0.032
8.432	-6.411	0.032
8.433	-6.411	0.032
8.434	-6.411	0.032
8.435	-6.411	0.032
8.436	-6.411	0.032
8.437	-6.411	0.032
8.438	-6.411	0.032
8.439	-6.411	0.032
8.440	-6.411	0.032
8.441	-6.411	0.032
8.442	-6.411	0.032
8.443	-6.411	0.032
8.444	-6.411	0.032
8.445	-6.411	0.032
8.446	-6.411	0.032
8.447	-6.411	0.032
8.448	-6.411	0.032
8.449	-6.411	0.032
8.450	-6.411	0.032
8.451	-6.411	0.032
8.452	-6.412	0.032
8.453	-6.412	0.032
8.454	-6.412	0.032
8.455	-6.412	0.032
8.456	-6.412	0.032
8.457	-6.412	0.032
8.458	-6.412	0.032
8.459	-6.412	0.032
8.460	-6.412	0.032
8.461	-6.412	0.032
8.462	-6.412	0.032
8.463	-6.412	0.032
8.464	-6.412	0.032
8.465	-6.412	0.032
8.466	-6.412	0.032
8.467	-6.412	0.032
8.468	-6.412	0.032
8.469	-6.412	0.032
8.470	-6.412	0.032
8.471	-6.412	0.032
8.472	-6.412	0.032
8.473	-6.412	0.032
8.474	-6.413	0.032
8.475	-6.413	0.032
8.476	-6.413	0.032
8.477	-6.413	0.032
8.478	-6.413	0.032
8.479	-6.413	0.032
8.480	-6.413	0.032
8.481	-6.413	0.032
8.482	-6.413	0.032
8.483	-6.413	0.032
8.484	-6.413	0.032
8.485	-6.413	0.032
8.486	-6.413	0.032
8.487	-6.413	0.032
8.488	-6.413	0.032
8.489	-6.413	0.032
8.490	-6.413	0.033
8.491	-6.413	0.033
8.492	-6.413	0.033
8.493	-6.413	0.033
8.494	-6.413	0.033
8.495	-6.413	0.033
8.496	-6.414	0.033
8.497	-6.414	0.033
8.498	-6.414	0.033
8.499	-6.414	0.033
8.500	-6.414	0.033
8.501	-6.414	0.033
8.502	-6.414	0.033
8.503	-6.414	0.033
8.504	-6.414	0.033
8.505	-6.414	0.033
8.506	-6.414	0.033
8.507	-6.414	0.033
8.508	-6.414	0.033
8.509	-6.414	0.033
8.510	-6.414	0.033
8.511	-6.414	0.033
8.512	-6.414	0.033
8.513	-6.414	0.033
8.514	-6.414	0.033
8.515	-6.414	0.033
8.516	-6.414	0.033
8.517	-6.414	0.033
8.518	-6.415	0.033
8.519	-6.415	0.033
8.520	-6.415	0.033
8.521	-6.415	0.033
8.522	-6.415	0.033
8.523	-6.415	0.033
8.524	-6.415	0.033
8.525	-6.415	0.033
8.526	-6.415	0.033
8.527	-6.415	0.033
8.528	-6.415	0.033
8.529	-6.415	0.033
8.530	-6.415	0.033
8.531	-6.415	0.033
8.532	-6.415	0.033
8.533	-6.415	0.033
8.534	-6.415	0.033
8.535	-6.415	0.033
8.536	-6.415	0.033
8.537	-6.415	0.033
8.538	-6.415	0.033
8.539	-6.416	0.033
8.540	-6.416	0.033
8.541	-6.416	0.033
8.542	-6.416	0.033
8.543	-6.416	0.033
8.544	-6.416	0.033
8.545	-6.416	0.033
8.546	-6.416	0.033
8.547	-6.416	0.033
8.548	-6.416	0.033
8.549	-6.416	0.033
8.550	-6.416	0.033
8.551	-6.416	0.033
8.552	-6.416	0.033
8.553	-6.416	0.033
8.554	-6.416	0.033
8.555	-6.416	0.033
8.556	-6.416	0.033
8.557	-6.416	0.033
8.558	-6.416	0.033
8.559	-6.417	0.033
8.560	-6.417	0.033
8.561	-6.417	0.033
8.562	-6.417	0.033
8.563	-6.417	0.033
8.564	-6.417	0.033
8.565	-6.417	0.033
8.566	-6.417	0.033
8.567	-6.417	0.033
8.568	-6.417	0.033
8.569	-6.417	0.033
8.570	-6.417	0.033
8.571	-6.417	0.033
8.572	-6.417	0.033
8.573	-6.417	0.033
8.574	-6.417	0.033
8.575	-6.417	0.033
8.576	-6.417	0.033
8.577	-6.417	0.033
8.578	-6.417	0.033
8.579	-6.417	0.033
8.580	-6.418	0.033
8.581	-6.418	0.033
8.582	-6.418	0.033
8.583	-6.418	0.033
8.584	-6.418	0.033
8.585	-6.418	0.033
8.586	-6.418	0.033
8.587	-6.418	0.033
8.588	-6.418	0.033
8.589	-6.418	0.033
8.590	-6.418	0.033
8.591	-6.418	0.033
8.592	-6.418	0.033
8.593	-6.418	0.033
8.594	-6.418	0.033
8.595	-6.418	0.033
8.596	-6.418	0.033
8.597	-6.418	0.033
8.598	-6.418	0.033
8.599	-6.419	0.033
8.600	-6.419	0.033
8.601	-6.419	0.033
8.602	-6.419	0.033
8.603	-6.419	0.033
8.604	-6.419	0.033
8.605	-6.419	0.033
8.606	-6.419	0.033
8.607	-6.419	0.033
8.608	-6.419	0.033
8.609	-6.419	0.033
8.610	-6.419	0.033
8.611	-6.419	0.033
8.612	-6.419	0.033
8.613	-6.419	0.033
8.614	-6.419	0.033
8.615	-6.419	0.033
8.616	-6.419	0.033
8.617	-6.419	0.033
8.618	-6.419	0.033
8.619	-6.420	0.033
8.620	-6.420	0.033
8.621	-6.420	0.033
8.622	-6.420	0.033
8.623	-6.420	0.033
8.624	-6.420	0.033
8.625	-6.420	0.033
8.626	-6.420	0.033
8.627	-6.420	0.033
8.628	-6.420	0.033
8.629	-6.420	0.033
8.630	-6.420	0.033
8.631	-6.420	0.033
8.632	-6.420	0.033
8.633	-6.420	0.033
8.634	-6.420	0.033
8.635	-6.420	0.033
8.636	-6.420	0.033
8.637	-6.420	0.033
8.638	-6.421	0.033
8.639	-6.421	0.033
8.640	-6.421	0.033
8.641	-6.421	0.033
8.642	-6.421	0.033
8.643	-6.421	0.033
8.644	-6.421	0.033
8.645	-6.421	0.033
8.646	-6.421	0.033
8.647	-6.421	0.033
8.648	-6.421	0.033
8.649	-6.421	0.033
8.650	-6.421	0.033
8.651	-6.421	0.033
8.652	-6.421	0.033
8.653	-6.421	0.033
8.654	-6.421	0.033
8.655	-6.421	0.033
8.656	-6.422	0.033
8.657	-6.422	0.033
8.658	-6.422	0.033
8.659	-6.422	0.033
8.660	-6.422	0.033
8.661	-6.422	0.033
8.662	-6.422	0.033
8.663	-6.422	0.033
8.664	-6.422	0.033
8.665	-6.422	0.033
8.666	-6.422	0.033
8.667	-6.422	0.033
8.668	-6.422	0.033
8.669	-6.422	0.033
8.670	-6.422	0.033
8.671	-6.422	0.033
8.672	-6.422	0.033
8.673	-6.422	0.033
8.674	-6.422	0.033
8.675	-6.423	0.033
8.676	-6.423	0.033
8.677	-6.423	0.033
8.678	-6.423	0.033
8.679	-6.423	0.033
8.680	-6.423	0.033
8.681	-6.423	0.033
8.682	-6.423	0.033
8.683	-6.423	0.033
8.684	-6.423	0.033
8.685	-6.423	0.033
8.686	-6.423	0.033
8.687	-6.423	0.033
8.688	-6.423	0.033
8.689	-6.423	0.033
8.690	-6.423	0.033
8.691	-6.423	0.033
8.692	-6.423	0.033
8.693	-6.424	0.033
8.694	-6.424	0.033
8.695	-6.424	0.033
8.696	-6.424	0.033
8.697	-6.424	0.033
8.698	-6.424	0.033
8.699	-6.424	0.033
8.700	-6.424	0.033
8.701	-6.424	0.033
8.702	-6.424	0.033
8.703	-6.424	0.033
8.704	-6.424	0.033
8.705	-6.424	0.033
8.706	-6.424	0.033
8.707	-6.424	0.033
8.708	-6.424	0.033
8.709	-6.424	0.033
8.710	-6.425	0.033
8.711	-6.425	0.033
8.712	-6.425	0.033
8.713	-6.425	0.033
8.714	-6.425	0.033
8.715	-6.425	0.033
8.716	-6.425	0.033
8.717	-6.425	0.033
8.718	-6.425	0.033
8.719	-6.425	0.033
8.720	-6.425	0.033
8.721	-6.425	0.033
8.722	-6.425	0.033
8.723	-6.425	0.033
8.724	-6.425	0.033
8.725	-6.425	0.033
8.726	-6.425	0.033
8.727	-6.425	0.033
8.728	-6.426	0.033
8.729	-6.426	0.033
8.730	-6.426	0.033
8.731	-6.426	0.033
8.732	-6.426	0.033
8.733	-6.426	0.033
8.734	-6.426	0.033
8.735	-6.426	0.032
8.736	-6.426	0.032
8.737	-6.426	0.032
8.738	-6.426	0.032
8.739	-6.426	0.032
8.740	-6.426	0.032
8.741	-6.426	0.032
8.742	-6.426	0.032
8.743	-6.426	0.032
8.744	-6.426	0.032
8.745	-6.427	0.032
8.746	-6.427	0.032
8.747	-6.427	0.032
8.748	-6.427	0.032
8.749	-6.427	0.032
8.750	-6.427	0.032
8.751	-6.427	0.032
8.752	-6.427	0.032
8.753	-6.427	0.032
8.754	-6.427	0.032
8.755	-6.427	0.032
8.756	-6.427	0.032
8.757	-6.427	0.032
8.758	-6.427	0.032
8.759	-6.427	0.032
8.760	-6.427	0.032
8.761	-6.428	0.032
8.762	-6.428	0.032
8.763	-6.428	0.032
8.764	-6.428	0.032
8.765	-6.428	0.032
8.766	-6.428	0.032
8.767	-6.428	0.032
8.768	-6.428	0.032
8.769	-6.428	0.032
8.770	-6.428	0.032
8.771	-6.428	0.032
8.772	-6.428	0.032
8.773	-6.428	0.032
8.774	-6.428	0.032
8.775	-6.428	0.032
8.776	-6.428	0.032
8.777	-6.428	0.032
8.778	-6.429	0.032
8.779	-6.429	0.032
8.780	-6.429	0.032
8.781	-6.429	0.032
8.782	-6.429	0.032
8.783	-6.429	0.032
8.784	-6.429	0.032
8.785	-6.429	0.032
8.786	-6.429	0.032
8.787	-6.429	0.032
8.788	-6.429	0.032
8.789	-6.429	0.032
8.790	-6.429	0.032
8.791	-6.429	0.032
8.792	-6.429	0.032
8.793	-6.429	0.032
8.794	-6.430	0.032
8.795	-6.430	0.032
8.796	-6.430	0.032
8.797	-6.430	0.032
8.798	-6.430	0.032
8.799	-6.430	0.032
8.800	-6.430	0.032
8.801	-6.430	0.032
8.802	-6.430	0.032
8.803	-6.430	0.032
8.804	-6.430	0.032
8.805	-6.430	0.032
8.806	-6.430	0.032
8.807	-6.430	0.032
8.808	-6.430	0.032
8.809	-6.430	0.032
8.810	-6.430	0.032
8.811	-6.431	0.032
8.812	-6.431	0.032
8.813	-6.431	0.032
8.814	-6.431	0.032
8.815	-6.431	0.032
8.816	-6.431	0.032
8.817	-6.431	0.032
8.818	-6.431	0.032
8.819	-6.431	0.032
8.820	-6.431	0.032
8.821	-6.431	0.032
8.822	-6.431	0.032
8.823	-6.431	0.032
8.824	-6.431	0.032
8.825	-6.431	0.032
8.826	-6.431	0.032
8.827	-6.432	0.032
8.828	-6.432	0.032
8.829	-6.432	0.032
8.830	-6.432	0.032
8.831	-6.432	0.032
8.832	-6.432	0.032
8.833	-6.432	0.032
8.834	-6.432	0.032
8.835	-6.432	0.032
8.836	-6.432	0.032
8.837	-6.432	0.032
8.838	-6.432	0.032
8.839	-6.432	0.032
8.840	-6.432	0.032
8.841	-6.432	0.032
8.842	-6.433	0.032
8.843	-6.433	0.032
8.844	-6.433	0.032
8.845	-6.433	0.032
8.846	-6.433	0.032
8.847	-6.433	0.032
8.848	-6.433	0.032
8.849	-6.433	0.032
8.850	-6.433	0.032
8.851	-6.433	0.032
8.852	-6.433	0.032
8.853	-6.433	0.032
8.854	-6.433	0.032
8.855	-6.433	0.032
8.856	-6.433	0.032
8.857	-6.433	0.032
8.858	-6.434	0.032
8.859	-6.434	0.032
8.860	-6.434	0.032
8.861	-6.434	0.032
8.862	-6.434	0.032
8.863	-6.434	0.032
8.864	-6.434	0.032
8.865	-6.434	0.032
8.866	-6.434	0.032
8.867	-6.434	0.032
8.868	-6.434	0.032
8.869	-6.434	0.032
8.870	-6.434	0.032
8.871	-6.434	0.032
8.872	-6.434	0.032
8.873	-6.434	0.032
8.874	-6.435	0.032
8.875	-6.435	0.032
8.876	-6.435	0.032
8.877	-6.435	0.032
8.878	-6.435	0.032
8.879	-6.435	0.032
8.880	-6.435	0.032
8.881	-6.435	0.032
8.882	-6.435	0.032
8.883	-6.435	0.032
8.884	-6.435	0.032
8.885	-6.435	0.032
8.886	-6.435	0.032
8.887	-6.435	0.032
8.888	-6.435	0.032
8.889	-6.436	0.032
8.890	-6.436	0.032
8.891	-6.436	0.032
8.892	-6.436	0.032
8.893	-6.436	0.032
8.894	-6.436	0.032
8.895	-6.436	0.032
8.896	-6.436	0.032
8.897	-6.436	0.032
8.898	-6.436	0.032
8.899	-6.436	0.032
8.900	-6.436	0.032
8.901	-6.436	0.032
8.902	-6.436	0.032
8.903	-6.436	0.032
8.904	-6.437	0.032
8.905	-6.437	0.032
8.906	-6.437	0.032
8.907	-6.437	0.032
8.908	-6.437	0.032
8.909	-6.437	0.032
8.910	-6.437	0.032
8.911	-6.437	0.032
8.912	-6.437	0.032
8.913	-6.437	0.032
8.914	-6.437	0.032
8.915	-6.437	0.032
8.916	-6.437	0.032
8.917	-6.437	0.032
8.918	-6.437	0.032
8.919	-6.438	0.032
8.920	-6.438	0.032
8.921	-6.438	0.032
8.922	-6.438	0.032
8.923	-6.438	0.032
8.924	-6.438	0.032
8.925	-6.438	0.032
8.926	-6.438	0.032
8.927	-6.438	0.032
8.928	-6.438	0.032
8.929	-6.438	0.032
8.930	-6.438	0.032
8.931	-6.438	0.032
8.932	-6.438	0.032
8.933	-6.438	0.032
8.934	-6.439	0.032
8.935	-6.439	0.032
8.936	-6.439	0.032
8.937	-6.439	0.032
8.938	-6.439	0.032
8.939	-6.439	0.032
8.940	-6.439	0.032
8.941	-6.439	0.032
8.942	-6.439	0.032
8.943	-6.439	0.032
8.944	-6.439	0.032
8.945	-6.439	0.032
8.946	-6.439	0.032
8.947	-6.439	0.032
8.948	-6.439	0.032
8.949	-6.440	0.032
8.950	-6.440	0.032
8.951	-6.440	0.032
8.952	-6.440	0.032
8.953	-6.440	0.032
8.954	-6.440	0.032
8.955	-6.440	0.032
8.956	-6.440	0.032
8.957	-6.440	0.032
8.958	-6.440	0.032
8.959	-6.440	0.032
8.960	-6.440	0.032
8.961	-6.440	0.032
8.962	-6.440	0.032
8.963	-6.440	0.032
8.964	-6.441	0.032
8.965	-6.441	0.032
8.966	-6.441	0.032
8.967	-6.441	0.032
8.968	-6.441	0.032
8.969	-6.441	0.032
8.970	-6.441	0.032
8.971	-6.441	0.032
8.972	-6.441	0.032
8.973	-6.441	0.032
8.974	-6.441	0.032
8.975	-6.441	0.032
8.976	-6.441	0.032
8.977	-6.441	0.032
8.978	-6.441	0.032
8.979	-6.442	0.032
8.980	-6.442	0.032
8.981	-6.442	0.032
8.982	-6.442	0.032
8.983	-6.442	0.032
8.984	-6.442	0.032
8.985	-6.442	0.032
8.986	-6.442	0.032
8.987	-6.442	0.032
8.988	-6.442	0.032
8.989	-6.442	0.032
8.990	-6.442	0.032
8.991	-6.442	0.032
8.992	-6.442	0.032
8.993	-6.442	0.032
8.994	-6.443	0.032
8.995	-6.443	0.032
8.996	-6.443	0.032
8.997	-6.443	0.032
8.998	-6.443	0.032
8.999	-6.443	0.032
9.000	-6.443	0.032
9.001	-6.443	0.032
9.002	-6.443	0.032
9.003	-6.443	0.031
9.004	-6.443	0.031
9.005	-6.443	0.031
9.006	-6.443	0.031
9.007	-6.443	0.031
9.008	-6.444	0.031
9.009	-6.444	0.031
9.010	-6.444	0.031
9.011	-6.444	0.031
9.012	-6.444	0.031
9.013	-6.444	0.031
9.014	-6.444	0.031
9.015	-6.444	0.031
9.016	-6.444	0.031
9.017	-6.444	0.031
9.018	-6.444	0.031
9.019	-6.444	0.031
9.020	-6.444	0.031
9.021	-6.444	0.031
9.022	-6.444	0.031
9.023	-6.445	0.031
9.024	-6.445	0.031
9.025	-6.445	0.031
9.026	-6.445	0.031
9.027	-6.445	0.031
9.028	-6.445	0.031
9.029	-6.445	0.031
9.030	-6.445	0.031
9.031	-6.445	0.031
9.032	-6.445	0.031
9.033	-6.445	0.031
9.034	-6.445	0.031
9.035	-6.445	0.031
9.036	-6.445	0.031
9.037	-6.446	0.031
9.038	-6.446	0.031
9.039	-6.446	0.031
9.040	-6.446	0.031
9.041	-6.446	0.031
9.042	-6.446	0.031
9.043	-6.446	0.031
9.044	-6.446	0.031
9.045	-6.446	0.031
9.046	-6.446	0.031
9.047	-6.446	0.031
9.048	-6.446	0.031
9.049	-6.446	0.031
9.050	-6.446	0.031
9.051	-6.446	0.031
9.052	-6.447	0.031
9.053	-6.447	0.031
9.054	-6.447	0.031
9.055	-6.447	0.031
9.056	-6.447	0.031
9.057	-6.447	0.031
9.058	-6.447	0.031
9.059	-6.447	0.031
9.060	-6.447	0.031
9.061	-6.447	0.031
9.062	-6.447	0.031
9.063	-6.447	0.031
9.064	-6.447	0.031
9.065	-6.447	0.031
9.066	-6.448	0.031
9.067	-6.448	0.031
9.068	-6.448	0.031
9.069	-6.448	0.031
9.070	-6.448	0.031
9.071	-6.448	0.031
9.072	-6.448	0.031
9.073	-6.448	0.031
9.074	-6.448	0.031
9.075	-6.448	0.031
9.076	-6.448	0.031
9.077	-6.448	0.031
9.078	-6.448	0.031
9.079	-6.448	0.031
9.080	-6.449	0.031
9.081	-6.449	0.031
9.082	-6.449	0.031
9.083	-6.449	0.031
9.084	-6.449	0.031
9.085	-6.449	0.031
9.086	-6.449	0.031
9.087	-6.449	0.031
9.088	-6.449	0.031
9.089	-6.449	0.031
9.090	-6.449	0.031
9.091	-6.449	0.031
9.092	-6.449	0.031
9.093	-6.449	0.031
9.094	-6.450	0.031
9.095	-6.450	0.031
9.096	-6.450	0.031
9.097	-6.450	0.031
9.098	-6.450	0.031
9.099	-6.450	0.031
9.100	-6.450	0.031
9.101	-6.450	0.031
9.102	-6.450	0.031
9.103	-6.450	0.031
9.104	-6.450	0.031
9.105	-6.450	0.031
9.106	-6.450	0.031
9.107	-6.450	0.031
9.108	-6.451	0.031
9.109	-6.451	0.031
9.110	-6.451	0.031
9.111	-6.451	0.031
9.112	-6.451	0.031
9.113	-6.451	0.031
9.114	-6.451	0.031
9.115	-6.451	0.031
9.116	-6.451	0.031
9.117	-6.451	0.031
9.118	-6.451	0.031
9.119	-6.451	0.031
9.120	-6.451	0.031
9.121	-6.451	0.031
9.122	-6.452	0.031
9.123	-6.452	0.031
9.124	-6.452	0.031
9.125	-6.452	0.031
9.126	-6.452	0.031
9.127	-6.452	0.031
9.128	-6.452	0.031
9.129	-6.452	0.031
9.130	-6.452	0.031
9.131	-6.452	0.031
9.132	-6.452	0.031
9.133	-6.452	0.031
9.134	-6.452	0.031
9.135	-6.452	0.031
9.136	-6.453	0.031
9.137	-6.453	0.031
9.138	-6.453	0.031
9.139	-6.453	0.031
9.140	-6.453	0.031
9.141	-6.453	0.031
9.142	-6.453	0.031
9.143	-6.453	0.031
9.144	-6.453	0.031
9.145	-6.453	0.031
9.146	-6.453	0.031
9.147	-6.453	0.031
9.148	-6.453	0.031
9.149	-6.453	0.031
9.150	-6.454	0.031
9.151	-6.454	0.031
9.152	-6.454	0.031
9.153	-6.454	0.031
9.154	-6.454	0.031
9.155	-6.454	0.031
9.156	-6.454	0.031
9.157	-6.454	0.031
9.158	-6.454	0.031
9.159	-6.454	0.031
9.160	-6.454	0.031
9.161	-6.454	0.031
9.162	-6.454	0.031
9.163	-6.454	0.031
9.164	-6.455	0.031
9.165	-6.455	0.031
9.166	-6.455	0.031
9.167	-6.455	0.031
9.168	-6.455	0.031
9.169	-6.455	0.031
9.170	-6.455	0.031
9.171	-6.455	0.031
9.172	-6.455	0.031
9.173	-6.455	0.031
9.174	-6.455	0.031
9.175	-6.455	0.031
9.176	-6.455	0.031
9.177	-6.455	0.031
9.178	-6.456	0.031
9.179	-6.456	0.031
9.180	-6.456	0.031
9.181	-6.456	0.031
9.182	-6.456	0.031
9.183	-6.456	0.031
9.184	-6.456	0.031
9.185	-6.456	0.031
9.186	-6.456	0.031
9.187	-6.456	0.031
9.188	-6.456	0.031
9.189	-6.456	0.031
9.190	-6.456	0.031
9.191	-6.457	0.031
9.192	-6.457	0.031
9.193	-6.457	0.031
9.194	-6.457	0.031
9.195	-6.457	0.031
9.196	-6.457	0.031
9.197	-6.457	0.031
9.198	-6.457	0.031
9.199	-6.457	0.031
9.200	-6.457	0.031
9.201	-6.457	0.031
9.202	-6.457	0.031
9.203	-6.457	0.031
9.204	-6.457	0.031
9.205	-6.458	0.031
9.206	-6.458	0.031
9.207	-6.458	0.031
9.208	-6.458	0.031
9.209	-6.458	0.031
9.210	-6.458	0.031
9.211	-6.458	0.031
9.212	-6.458	0.031
9.213	-6.458	0.031
9.214	-6.458	0.031
9.215	-6.458	0.031
9.216	-6.458	0.031
9.217	-6.458	0.031
9.218	-6.459	0.031
9.219	-6.459	0.031
9.220	-6.459	0.031
9.221	-6.459	0.031
9.222	-6.459	0.031
9.223	-6.459	0.031
9.224	-6.459	0.031
9.225	-6.459	0.031
9.226	-6.459	0.031
9.227	-6.459	0.031
9.228	-6.459	0.031
9.229	-6.459	0.031
9.230	-6.459	0.031
9.231	-6.459	0.031
9.232	-6.460	0.031
9.233	-6.460	0.031
9.234	-6.460	0.031
9.235	-6.460	0.031
9.236	-6.460	0.031
9.237	-6.460	0.031
9.238	-6.460	0.031
9.239	-6.460	0.031
9.240	-6.460	0.031
9.241	-6.460	0.031
9.242	-6.460	0.031
9.243	-6.460	0.031
9.244	-6.460	0.031
9.245	-6.461	0.031
9.246	-6.461	0.031
9.247	-6.461	0.031
9.248	-6.461	0.031
9.249	-6.461	0.031
9.250	-6.461	0.031
9.251	-6.461	0.031
9.252	-6.461	0.031
9.253	-6.461	0.031
9.254	-6.461	0.031
9.255	-6.461	0.031
9.256	-6.461	0.031
9.257	-6.461	0.031
9.258	-6.462	0.031
9.259	-6.462	0.031
9.260	-6.462	0.031
9.261	-6.462	0.031
9.262	-6.462	0.031
9.263	-6.462	0.031
9.264	-6.462	0.031
9.265	-6.462	0.031
9.266	-6.462	0.031
9.267	-6.462	0.031
9.268	-6.462	0.031
9.269	-6.462	0.031
9.270	-6.462	0.031
9.271	-6.463	0.031
9.272	-6.463	0.031
9.273	-6.463	0.031
9.274	-6.463	0.031
9.275	-6.463	0.031
9.276	-6.463	0.031
9.277	-6.463	0.031
9.278	-6.463	0.031
9.279	-6.463	0.031
9.280	-6.463	0.031
9.281	-6.463	0.031
9.282	-6.463	0.031
9.283	-6.463	0.031
9.284	-6.463	0.031
9.285	-6.464	0.031
9.286	-6.464	0.031
9.287	-6.464	0.031
9.288	-6.464	0.031
9.289	-6.464	0.031
9.290	-6.464	0.031
9.291	-6.464	0.031
9.292	-6.464	0.031
9.293	-6.464	0.031
9.294	-6.464	0.031
9.295	-6.464	0.031
9.296	-6.464	0.031
9.297	-6.464	0.031
9.298	-6.465	0.031
9.299	-6.465	0.031
9.300	-6.465	0.031
9.301	-6.465	0.031
9.302	-6.465	0.031
9.303	-6.465	0.031
9.304	-6.465	0.031
9.305	-6.465	0.031
9.306	-6.465	0.031
9.307	-6.465	0.031
9.308	-6.465	0.031
9.309	-6.465	0.031
9.310	-6.466	0.031
9.311	-6.466	0.031
9.312	-6.466	0.031
9.313	-6.466	0.031
9.314	-6.466	0.031
9.315	-6.466	0.031
9.316	-6.466	0.031
9.317	-6.466	0.031
9.318	-6.466	0.031
9.319	-6.466	0.031
9.320	-6.466	0.031
9.321	-6.466	0.031
9.322	-6.466	0.031
9.323	-6.467	0.031
9.324	-6.467	0.031
9.325	-6.467	0.031
9.326	-6.467	0.031
9.327	-6.467	0.031
9.328	-6.467	0.031
9.329	-6.467	0.031
9.330	-6.467	0.031
9.331	-6.467	0.032
9.332	-6.467	0.032
9.333	-6.467	0.032
9.334	-6.467	0.032
9.335	-6.467	0.032
9.336	-6.468	0.032
9.337	-6.468	0.032
9.338	-6.468	0.032
9.339	-6.468	0.032
9.340	-6.468	0.032
9.341	-6.468	0.032
9.342	-6.468	0.032
9.343	-6.468	0.032
9.344	-6.468	0.032
9.345	-6.468	0.032
9.346	-6.468	0.032
9.347	-6.468	0.032
9.348	-6.468	0.032
9.349	-6.469	0.032
9.350	-6.469	0.032
9.351	-6.469	0.032
9.352	-6.469	0.032
9.353	-6.469	0.032
9.354	-6.469	0.032
9.355	-6.469	0.032
9.356	-6.469	0.032
9.357	-6.469	0.032
9.358	-6.469	0.032
9.359	-6.469	0.032
9.360	-6.469	0.032
9.361	-6.470	0.032
9.362	-6.470	0.032
9.363	-6.470	0.032
9.364	-6.470	0.032
9.365	-6.470	0.032
9.366	-6.470	0.032
9.367	-6.470	0.032
9.368	-6.470	0.032
9.369	-6.470	0.032
9.370	-6.470	0.032
9.371	-6.470	0.032
9.372	-6.470	0.032
9.373	-6.470	0.032
9.374	-6.471	0.032
9.375	-6.471	0.032
9.376	-6.471	0.032
9.377	-6.471	0.032
9.378	-6.471	0.032
9.379	-6.471	0.032
9.380	-6.471	0.032
9.381	-6.471	0.032
9.382	-6.471	0.032
9.383	-6.471	0.032
9.384	-6.471	0.032
9.385	-6.471	0.032
9.386	-6.472	0.032
9.387	-6.472	0.032
9.388	-6.472	0.032
9.389	-6.472	0.032
9.390	-6.472	0.032
9.391	-6.472	0.032
9.392	-6.472	0.032
9.393	-6.472	0.032
9.394	-6.472	0.032
9.395	-6.472	0.032
9.396	-6.472	0.032
9.397	-6.472	0.032
9.398	-6.472	0.032
9.399	-6.473	0.032
9.400	-6.473	0.032
9.401	-6.473	0.032
9.402	-6.473	0.032
9.403	-6.473	0.032
9.404	-6.473	0.032
9.405	-6.473	0.032
9.406	-6.473	0.032
9.407	-6.473	0.032
9.408	-6.473	0.032
9.409	-6.473	0.032
9.410	-6.473	0.032
9.411	-6.474	0.032
9.412	-6.474	0.032
9.413	-6.474	0.032
9.414	-6.474	0.032
9.415	-6.474	0.032
9.416	-6.474	0.032
9.417	-6.474	0.032
9.418	-6.474	0.032
9.419	-6.474	0.032
9.420	-6.474	0.032
9.421	-6.474	0.032
9.422	-6.474	0.032
9.423	-6.475	0.032
9.424	-6.475	0.032
9.425	-6.475	0.032
9.426	-6.475	0.032
9.427	-6.475	0.032
9.428	-6.475	0.032
9.429	-6.475	0.032
9.430	-6.475	0.032
9.431	-6.475	0.032
9.432	-6.475	0.032
9.433	-6.475	0.032
9.434	-6.475	0.032
9.435	-6.475	0.032
9.436	-6.476	0.032
9.437	-6.476	0.032
9.438	-6.476	0.032
9.439	-6.476	0.032
9.440	-6.476	0.032
9.441	-6.476	0.032
9.442	-6.476	0.032
9.443	-6.476	0.032
9.444	-6.476	0.032
9.445	-6.476	0.032
9.446	-6.476	0.032
9.447	-6.476	0.032
9.448	-6.477	0.032
9.449	-6.477	0.032
9.450	-6.477	0.032
9.451	-6.477	0.032
9.452	-6.477	0.032
9.453	-6.477	0.032
9.454	-6.477	0.032
9.455	-6.477	0.032
9.456	-6.477	0.032
9.457	-6.477	0.032
9.458	-6.477	0.032
9.459	-6.477	0.032
9.460	-6.478	0.032
9.461	-6.478	0.032
9.462	-6.478	0.032
9.463	-6.478	0.032
9.464	-6.478	0.032
9.465	-6.478	0.032
9.466	-6.478	0.032
9.467	-6.478	0.032
9.468	-6.478	0.032
9.469	-6.478	0.032
9.470	-6.478	0.032
9.471	-6.478	0.032
9.472	-6.479	0.032
9.473	-6.479	0.032
9.474	-6.479	0.032
9.475	-6.479	0.032
9.476	-6.479	0.032
9.477	-6.479	0.032
9.478	-6.479	0.032
9.479	-6.479	0.032
9.480	-6.479	0.032
9.481	-6.479	0.032
9.482	-6.479	0.032
9.483	-6.479	0.032
9.484	-6.480	0.032
9.485	-6.480	0.032
9.486	-6.480	0.032
9.487	-6.480	0.032
9.488	-6.480	0.032
9.489	-6.480	0.032
9.490	-6.480	0.032
9.491	-6.480	0.032
9.492	-6.480	0.032
9.493	-6.480	0.032
9.494	-6.480	0.032
9.495	-6.480	0.032
9.496	-6.481	0.032
9.497	-6.481	0.032
9.498	-6.481	0.032
9.499	-6.481	0.032
9.500	-6.481	0.032
9.501	-6.481	0.032
9.502	-6.481	0.032
9.503	-6.481	0.032
9.504	-6.481	0.032
9.505	-6.481	0.032
9.506	-6.481	0.032
9.507	-6.481	0.032
9.508	-6.482	0.032
9.509	-6.482	0.032
9.510	-6.482	0.032
9.511	-6.482	0.032
9.512	-6.482	0.032
9.513	-6.482	0.032
9.514	-6.482	0.032
9.515	-6.482	0.032
9.516	-6.482	0.032
9.517	-6.482	0.032
9.518	-6.482	0.032
9.519	-6.483	0.032
9.520	-6.483	0.032
9.521	-6.483	0.032
9.522	-6.483	0.032
9.523	-6.483	0.032
9.524	-6.483	0.032
9.525	-6.483	0.032
9.526	-6.483	0.032
9.527	-6.483	0.032
9.528	-6.483	0.032
9.529	-6.483	0.032
9.530	-6.483	0.032
9.531	-6.484	0.032
9.532	-6.484	0.032
9.533	-6.484	0.032
9.534	-6.484	0.032
9.535	-6.484	0.032
9.536	-6.484	0.032
9.537	-6.484	0.032
9.538	-6.484	0.032
9.539	-6.484	0.032
9.540	-6.484	0.032
9.541	-6.484	0.032
9.542	-6.484	0.032
9.543	-6.485	0.032
9.544	-6.485	0.032
9.545	-6.485	0.032
9.546	-6.485	0.032
9.547	-6.485	0.032
9.548	-6.485	0.032
9.549	-6.485	0.032
9.550	-6.485	0.032
9.551	-6.485	0.032
9.552	-6.485	0.032
9.553	-6.485	0.032
9.554	-6.485	0.032
9.555	-6.486	0.032
9.556	-6.486	0.032
9.557	-6.486	0.032
9.558	-6.486	0.032
9.559	-6.486	0.032
9.560	-6.486	0.032
9.561	-6.486	0.032
9.562	-6.486	0.032
9.563	-6.486	0.032
9.564	-6.486	0.032
9.565	-6.486	0.032
9.566	-6.487	0.032
9.567	-6.487	0.032
9.568	-6.487	0.032
9.569	-6.487	0.032
9.570	-6.487	0.032
9.571	-6.487	0.032
9.572	-6.487	0.032
9.573	-6.487	0.032
9.574	-6.487	0.032
9.575	-6.487	0.032
9.576	-6.487	0.032
9.577	-6.487	0.032
9.578	-6.488	0.032
9.579	-6.488	0.032
9.580	-6.488	0.032
9.581	-6.488	0.032
9.582	-6.488	0.032
9.583	-6.488	0.032
9.584	-6.488	0.032
9.585	-6.488	0.032
9.586	-6.488	0.032
9.587	-6.488	0.032
9.588	-6.488	0.032
9.589	-6.489	0.032
9.590	-6.489	0.032
9.591	-6.489	0.032
9.592	-6.489	0.032
9.593	-6.489	0.032
9.594	-6.489	0.032
9.595	-6.489	0.032
9.596	-6.489	0.032
9.597	-6.489	0.032
9.598	-6.489	0.032
9.599	-6.489	0.032
9.600	-6.489	0.032
9.601	-6.490	0.032
9.602	-6.490	0.032
9.603	-6.490	0.032
9.604	-6.490	0.032
9.605	-6.490	0.032
9.606	-6.490	0.032
9.607	-6.490	0.032
9.608	-6.490	0.032
9.609	-6.490	0.032
9.610	-6.490	0.031
9.611	-6.490	0.031
9.612	-6.491	0.031
9.613	-6.491	0.031
9.614	-6.491	0.031
9.615	-6.491	0.031
9.616	-6.491	0.031
9.617	-6.491	0.031
9.618	-6.491	0.031
9.619	-6.491	0.031
9.620	-6.491	0.031
9.621	-6.491	0.031
9.622	-6.491	0.031
9.623	-6.491	0.031
9.624	-6.492	0.031
9.625	-6.492	0.031
9.626	-6.492	0.031
9.627	-6.492	0.031
9.628	-6.492	0.031
9.629	-6.492	0.031
9.630	-6.492	0.031
9.631	-6.492	0.031
9.632	-6.492	0.031
9.633	-6.492	0.031
9.634	-6.492	0.031
9.635	-6.493	0.031
9.636	-6.493	0.031
9.637	-6.493	0.031
9.638	-6.493	0.031
9.639	-6.493	0.031
9.640	-6.493	0.031
9.641	-6.493	0.031
9.642	-6.493	0.031
9.643	-6.493	0.031
9.644	-6.493	0.031
9.645	-6.493	0.031
9.646	-6.494	0.031
9.647	-6.494	0.031
9.648	-6.494	0.031
9.649	-6.494	0.031
9.650	-6.494	0.031
9.651	-6.494	0.031
9.652	-6.494	0.031
9.653	-6.494	0.031
9.654	-6.494	0.031
9.655	-6.494	0.031
9.656	-6.494	0.031
9.657	-6.494	0.031
9.658	-6.495	0.031
9.659	-6.495	0.031
9.660	-6.495	0.031
9.661	-6.495	0.031
9.662	-6.495	0.031
9.663	-6.495	0.031
9.664	-6.495	0.031
9.665	-6.495	0.031
9.666	-6.495	0.031
9.667	-6.495	0.031
9.668	-6.495	0.031
9.669	-6.496	0.031
9.670	-6.496	0.031
9.671	-6.496	0.031
9.672	-6.496	0.031
9.673	-6.496	0.031
9.674	-6.496	0.031
9.675	-6.496	0.031
9.676	-6.496	0.031
9.677	-6.496	0.031
9.678	-6.496	0.031
9.679	-6.496	0.031
9.680	-6.497	0.031
9.681	-6.497	0.031
9.682	-6.497	0.031
9.683	-6.497	0.031
9.684	-6.497	0.031
9.685	-6.497	0.031
9.686	-6.497	0.031
9.687	-6.497	0.031
9.688	-6.497	0.031
9.689	-6.497	0.031
9.690	-6.497	0.031
9.691	-6.497	0.031
9.692	-6.498	0.031
9.693	-6.498	0.031
9.694	-6.498	0.031
9.695	-6.498	0.031
9.696	-6.498	0.031
9.697	-6.498	0.031
9.698	-6.498	0.031
9.699	-6.498	0.031
9.700	-6.498	0.031
9.701	-6.498	0.031
9.702	-6.498	0.031
9.703	-6.499	0.031
9.704	-6.499	0.031
9.705	-6.499	0.031
9.706	-6.499	0.031
9.707	-6.499	0.031
9.708	-6.499	0.031
9.709	-6.499	0.031
9.710	-6.499	0.031
9.711	-6.499	0.031
9.712	-6.499	0.031
9.713	-6.499	0.031
9.714	-6.500	0.031
9.715	-6.500	0.031
9.716	-6.500	0.031
9.717	-6.500	0.031
9.718	-6.500	0.031
9.719	-6.500	0.031
9.720	-6.500	0.031
9.721	-6.500	0.031
9.722	-6.500	0.031
9.723	-6.500	0.031
9.724	-6.500	0.031
9.725	-6.501	0.031
9.726	-6.501	0.031
9.727	-6.501	0.031
9.728	-6.501	0.031
9.729	-6.501	0.031
9.730	-6.501	0.031
9.731	-6.501	0.031
9.732	-6.501	0.031
9.733	-6.501	0.031
9.734	-6.501	0.031
9.735	-6.501	0.031
9.736	-6.502	0.031
9.737	-6.502	0.031
9.738	-6.502	0.031
9.739	-6.502	0.031
9.740	-6.502	0.031
9.741	-6.502	0.031
9.742	-6.502	0.031
9.743	-6.502	0.031
9.744	-6.502	0.031
9.745	-6.502	0.031
9.746	-6.502	0.031
9.747	-6.503	0.031
9.748	-6.503	0.031
9.749	-6.503	0.031
9.750	-6.503	0.031
9.751	-6.503	0.031
9.752	-6.503	0.031
9.753	-6.503	0.031
9.754	-6.503	0.031
9.755	-6.503	0.031
9.756	-6.503	0.031
9.757	-6.503	0.031
9.758	-6.504	0.031
9.759	-6.504	0.031
9.760	-6.504	0.031
9.761	-6.504	0.031
9.762	-6.504	0.031
9.763	-6.504	0.031
9.764	-6.504	0.031
9.765	-6.504	0.031
9.766	-6.504	0.031
9.767	-6.504	0.031
9.768	-6.504	0.031
9.769	-6.505	0.031
9.770	-6.505	0.031
9.771	-6.505	0.031
9.772	-6.505	0.031
9.773	-6.505	0.031
9.774	-6.505	0.031
9.775	-6.505	0.031
9.776	-6.505	0.031
9.777	-6.505	0.031
9.778	-6.505	0.031
9.779	-6.505	0.031
9.780	-6.505	0.031
9.781	-6.506	0.031
9.782	-6.506	0.031
9.783	-6.506	0.031
9.784	-6.506	0.031
9.785	-6.506	0.031
9.786	-6.506	0.031
9.787	-6.506	0.031
9.788	-6.506	0.031
9.789	-6.506	0.031
9.790	-6.506	0.031
9.791	-6.506	0.031
9.792	-6.507	0.031
9.793	-6.507	0.031
9.794	-6.507	0.031
9.795	-6.507	0.031
9.796	-6.507	0.031
9.797	-6.507	0.031
9.798	-6.507	0.031
9.799	-6.507	0.031
9.800	-6.507	0.031
9.801	-6.507	0.031
9.802	-6.507	0.031
9.803	-6.508	0.031
9.804	-6.508	0.031
9.805	-6.508	0.031
9.806	-6.508	0.031
9.807	-6.508	0.031
9.808	-6.508	0.031
9.809	-6.508	0.031
9.810	-6.508	0.031
9.811	-6.508	0.031
9.812	-6.508	0.031
9.813	-6.508	0.031
9.814	-6.509	0.031
9.815	-6.509	0.031
9.816	-6.509	0.031
9.817	-6.509	0.031
9.818	-6.509	0.031
9.819	-6.509	0.031
9.820	-6.509	0.031
9.821	-6.509	0.031
9.822	-6.509	0.031
9.823	-6.509	0.031
9.824	-6.510	0.031
9.825	-6.510	0.031
9.826	-6.510	0.031
9.827	-6.510	0.031
9.828	-6.510	0.031
9.829	-6.510	0.031
9.830	-6.510	0.031
9.831	-6.510	0.031
9.832	-6.510	0.031
9.833	-6.510	0.031
9.834	-6.510	0.031
9.835	-6.511	0.031
9.836	-6.511	0.031
9.837	-6.511	0.031
9.838	-6.511	0.031
9.839	-6.511	0.031
9.840	-6.511	0.031
9.841	-6.511	0.031
9.842	-6.511	0.031
9.843	-6.511	0.031
9.844	-6.511	0.031
9.845	-6.511	0.031
9.846	-6.512	0.031
9.847	-6.512	0.031
9.848	-6.512	0.031
9.849	-6.512	0.031
9.850	-6.512	0.031
9.851	-6.512	0.031
9.852	-6.512	0.031
9.853	-6.512	0.031
9.854	-6.512	0.031
9.855	-6.512	0.031
9.856	-6.512	0.031
9.857	-6.513	0.031
9.858	-6.513	0.031
9.859	-6.513	0.031
9.860	-6.513	0.031
9.861	-6.513	0.031
9.862	-6.513	0.031
9.863	-6.513	0.031
9.864	-6.513	0.031
9.865	-6.513	0.031
9.866	-6.513	0.031
9.867	-6.513	0.031
9.868	-6.514	0.031
9.869	-6.514	0.031
9.870	-6.514	0.031
9.871	-6.514	0.031
9.872	-6.514	0.031
9.873	-6.514	0.031
9.874	-6.514	0.031
9.875	-6.514	0.031
9.876	-6.514	0.031
9.877	-6.514	0.031
9.878	-6.514	0.031
9.879	-6.515	0.031
9.880	-6.515	0.031
9.881	-6.515	0.031
9.882	-6.515	0.031
9.883	-6.515	0.031
9.884	-6.515	0.031
9.885	-6.515	0.031
9.886	-6.515	0.031
9.887	-6.515	0.031
9.888	-6.515	0.031
9.889	-6.515	0.031
9.890	-6.516	0.031
9.891	-6.516	0.031
9.892	-6.516	0.031
9.893	-6.516	0.031
9.894	-6.516	0.031
9.895	-6.516	0.031
9.896	-6.516	0.031
9.897	-6.516	0.031
9.898	-6.516	0.031
9.899	-6.516	0.031
9.900	-6.516	0.031
9.901	-6.517	0.031
9.902	-6.517	0.031
9.903	-6.517	0.031
9.904	-6.517	0.031
9.905	-6.517	0.031
9.906	-6.517	0.031
9.907	-6.517	0.031
9.908	-6.517	0.031
9.909	-6.517	0.031
9.910	-6.517	0.031
9.911	-6.517	0.031
9.912	-6.518	0.031
9.913	-6.518	0.031
9.914	-6.518	0.031
9.915	-6.518	0.031
9.916	-6.518	0.031
9.917	-6.518	0.031
9.918	-6.518	0.031
9.919	-6.518	0.031
9.920	-6.518	0.031
9.921	-6.518	0.031
9.922	-6.519	0.031
9.923	-6.519	0.031
9.924	-6.519	0.031
9.925	-6.519	0.031
9.926	-6.519	0.031
9.927	-6.519	0.031
9.928	-6.519	0.031
9.929	-6.519	0.031
9.930	-6.519	0.031
9.931	-6.519	0.031
9.932	-6.519	0.031
9.933	-6.520	0.031
9.934	-6.520	0.031
9.935	-6.520	0.031
9.936	-6.520	0.031
9.937	-6.520	0.031
9.938	-6.520	0.031
9.939	-6.520	0.031
9.940	-6.520	0.031
9.941	-6.520	0.030
9.942	-6.520	0.030
9.943	-6.520	0.030
9.944	-6.521	0.030
9.945	-6.521	0.030
9.946	-6.521	0.030
9.947	-6.521	0.030
9.948	-6.521	0.030
9.949	-6.521	0.030
9.950	-6.521	0.030
9.951	-6.521	0.030
9.952	-6.521	0.030
9.953	-6.521	0.030
9.954	-6.521	0.030
9.955	-6.522	0.030
9.956	-6.522	0.030
9.957	-6.522	0.030
9.958	-6.522	0.030
9.959	-6.522	0.030
9.960	-6.522	0.030
9.961	-6.522	0.030
9.962	-6.522	0.030
9.963	-6.522	0.030
9.964	-6.522	0.030
9.965	-6.522	0.030
9.966	-6.523	0.030
9.967	-6.523	0.030
9.968	-6.523	0.030
9.969	-6.523	0.030
9.970	-6.523	0.030
9.971	-6.523	0.030
9.972	-6.523	0.030
9.973	-6.523	0.030
9.974	-6.523	0.030
9.975	-6.523	0.030
9.976	-6.523	0.030
9.977	-6.524	0.030
9.978	-6.524	0.030
9.979	-6.524	0.030
9.980	-6.524	0.030
9.981	-6.524	0.030
9.982	-6.524	0.030
9.983	-6.524	0.030
9.984	-6.524	0.030
9.985	-6.524	0.030
9.986	-6.524	0.030
9.987	-6.525	0.030
9.988	-6.525	0.030
9.989	-6.525	0.030
9.990	-6.525	0.030
9.991	-6.525	0.030
9.992	-6.525	0.030
9.993	-6.525	0.030
9.994	-6.525	0.030
9.995	-6.525	0.030
9.996	-6.525	0.030
9.997	-6.525	0.030
9.998	-6.526	0.030
9.999	-6.526	0.030
10.000	-6.526	0.030
10.001	-6.526	0.030
10.002	-6.526	0.030
10.003	-6.526	0.030
10.004	-6.526	0.030
10.005	-6.526	0.030
10.006	-6.526	0.030
10.007	-6.526	0.030
10.008	-6.526	0.030
10.009	-6.527	0.030
10.010	-6.527	0.030
10.011	-6.527	0.030
10.012	-6.527	0.030
10.013	-6.527	0.030
10.014	-6.527	0.030
10.015	-6.527	0.030
10.016	-6.527	0.030
10.017	-6.527	0.030
10.018	-6.527	0.030
10.019	-6.527	0.030
10.020	-6.528	0.030
10.021	-6.528	0.030
10.022	-6.528	0.030
10.023	-6.528	0.030
10.024	-6.528	0.030
10.025	-6.528	0.030
10.026	-6.528	0.030
10.027	-6.528	0.030
10.028	-6.528	0.030
10.029	-6.528	0.030
10.030	-6.528	0.030
10.031	-6.529	0.030
10.032	-6.529	0.030
10.033	-6.529	0.030
10.034	-6.529	0.030
10.035	-6.529	0.030
10.036	-6.529	0.030
10.037	-6.529	0.030
10.038	-6.529	0.030
10.039	-6.529	0.030
10.040	-6.529	0.030
10.041	-6.529	0.030
10.042	-6.530	0.030
10.043	-6.530	0.030
10.044	-6.530	0.030
10.045	-6.530	0.030
10.046	-6.530	0.030
10.047	-6.530	0.030
10.048	-6.530	0.030
10.049	-6.530	0.030
10.050	-6.530	0.030
10.051	-6.530	0.030
10.052	-6.531	0.030
10.053	-6.531	0.030
10.054	-6.531	0.030
10.055	-6.531	0.030
10.056	-6.531	0.030
10.057	-6.531	0.030
10.058	-6.531	0.030
10.059	-6.531	0.030
10.060	-6.531	0.030
10.061	-6.531	0.030
10.062	-6.531	0.030
10.063	-6.532	0.030
10.064	-6.532	0.030
10.065	-6.532	0.030
10.066	-6.532	0.030
10.067	-6.532	0.030
10.068	-6.532	0.030
10.069	-6.532	0.030
10.070	-6.532	0.030
10.071	-6.532	0.030
10.072	-6.532	0.030
10.073	-6.532	0.030
10.074	-6.533	0.030
10.075	-6.533	0.030
10.076	-6.533	0.030
10.077	-6.533	0.030
10.078	-6.533	0.030
10.079	-6.533	0.030
10.080	-6.533	0.030
10.081	-6.533	0.030
10.082	-6.533	0.030
10.083	-6.533	0.030
10.084	-6.533	0.030
10.085	-6.534	0.030
10.086	-6.534	0.030
10.087	-6.534	0.030
10.088	-6.534	0.030
10.089	-6.534	0.030
10.090	-6.534	0.030
10.091	-6.534	0.030
10.092	-6.534	0.030
10.093	-6.534	0.030
10.094	-6.534	0.030
10.095	-6.534	0.030
10.096	-6.535	0.030
10.097	-6.535	0.030
10.098	-6.535	0.030
10.099	-6.535	0.030
10.100	-6.535	0.030
10.101	-6.535	0.030
10.102	-6.535	0.030
10.103	-6.535	0.030
10.104	-6.535	0.030
10.105	-6.535	0.030
10.106	-6.535	0.030
10.107	-6.536	0.030
10.108	-6.536	0.030
10.109	-6.536	0.030
10.110	-6.536	0.030
10.111	-6.536	0.029
10.112	-6.536	0.029
10.113	-6.536	0.029
10.114	-6.536	0.029
10.115	-6.536	0.029
10.116	-6.536	0.029
10.117	-6.536	0.029
10.118	-6.537	0.029
10.119	-6.537	0.029
10.120	-6.537	0.029
10.121	-6.537	0.029
10.122	-6.537	0.029
10.123	-6.537	0.029
10.124	-6.537	0.029
10.125	-6.537	0.029
10.126	-6.537	0.029
10.127	-6.537	0.029
10.128	-6.537	0.029
10.129	-6.538	0.029
10.130	-6.538	0.029
10.131	-6.538	0.029
10.132	-6.538	0.029
10.133	-6.538	0.029
10.134	-6.538	0.029
10.135	-6.538	0.029
10.136	-6.538	0.029
10.137	-6.538	0.029
10.138	-6.538	0.029
10.139	-6.538	0.029
10.140	-6.539	0.029
10.141	-6.539	0.029
10.142	-6.539	0.029
10.143	-6.539	0.029
10.144	-6.539	0.029
10.145	-6.539	0.029
10.146	-6.539	0.029
10.147	-6.539	0.029
10.148	-6.539	0.029
10.149	-6.539	0.029
10.150	-6.539	0.029
10.151	-6.540	0.029
10.152	-6.540	0.029
10.153	-6.540	0.029
10.154	-6.540	0.029
10.155	-6.540	0.029
10.156	-6.540	0.029
10.157	-6.540	0.029
10.158	-6.540	0.029
10.159	-6.540	0.029
10.160	-6.540	0.029
10.161	-6.540	0.029
10.162	-6.541	0.029
10.163	-6.541	0.029
10.164	-6.541	0.029
10.165	-6.541	0.029
10.166	-6.541	0.029
10.167	-6.541	0.029
10.168	-6.541	0.029
10.169	-6.541	0.029
10.170	-6.541	0.029
10.171	-6.541	0.029
10.172	-6.541	0.029
10.173	-6.542	0.029
10.174	-6.542	0.029
10.175	-6.542	0.029
10.176	-6.542	0.029
10.177	-6.542	0.029
10.178	-6.542	0.029
10.179	-6.542	0.029
10.180	-6.542	0.029
10.181	-6.542	0.029
10.182	-6.542	0.029
10.183	-6.542	0.029
10.184	-6.543	0.029
10.185	-6.543	0.029
10.186	-6.543	0.029
10.187	-6.543	0.029
10.188	-6.543	0.029
10.189	-6.543	0.029
10.190	-6.543	0.029
10.191	-6.543	0.029
10.192	-6.543	0.029
10.193	-6.543	0.029
10.194	-6.543	0.029
10.195	-6.544	0.029
10.196	-6.544	0.029
10.197	-6.544	0.029
10.198	-6.544	0.029
10.199	-6.544	0.029
10.200	-6.544	0.029
10.201	-6.544	0.029
10.202	-6.544	0.029
10.203	-6.544	0.029
10.204	-6.544	0.029
10.205	-6.544	0.029
10.206	-6.545	0.029
10.207	-6.545	0.029
10.208	-6.545	0.029
10.209	-6.545	0.029
10.210	-6.545	0.029
10.211	-6.545	0.029
10.212	-6.545	0.029
10.213	-6.545	0.029
10.214	-6.545	0.029
10.215	-6.545	0.029
10.216	-6.545	0.029
10.217	-6.545	0.029
10.218	-6.546	0.029
10.219	-6.546	0.029
10.220	-6.546	0.029
10.221	-6.546	0.029
10.222	-6.546	0.029
10.223	-6.546	0.029
10.224	-6.546	0.029
10.225	-6.546	0.029
10.226	-6.546	0.029
10.227	-6.546	0.029
10.228	-6.546	0.029
10.229	-6.547	0.029
10.230	-6.547	0.029
10.231	-6.547	0.029
10.232	-6.547	0.029
10.233	-6.547	0.029
10.234	-6.547	0.029
10.235	-6.547	0.029
10.236	-6.547	0.029
10.237	-6.547	0.029
10.238	-6.547	0.029
10.239	-6.547	0.029
10.240	-6.548	0.029
10.241	-6.548	0.029
10.242	-6.548	0.029
10.243	-6.548	0.029
10.244	-6.548	0.029
10.245	-6.548	0.029
10.246	-6.548	0.029
10.247	-6.548	0.029
10.248	-6.548	0.029
10.249	-6.548	0.028
10.250	-6.548	0.028
10.251	-6.548	0.028
10.252	-6.549	0.028
10.253	-6.549	0.028
10.254	-6.549	0.028
10.255	-6.549	0.028
10.256	-6.549	0.028
10.257	-6.549	0.028
10.258	-6.549	0.028
10.259	-6.549	0.028
10.260	-6.549	0.028
10.261	-6.549	0.028
10.262	-6.549	0.028
10.263	-6.550	0.028
10.264	-6.550	0.028
10.265	-6.550	0.028
10.266	-6.550	0.028
10.267	-6.550	0.028
10.268	-6.550	0.028
10.269	-6.550	0.028
10.270	-6.550	0.028
10.271	-6.550	0.028
10.272	-6.550	0.028
10.273	-6.550	0.028
10.274	-6.551	0.028
10.275	-6.551	0.028
10.276	-6.551	0.028
10.277	-6.551	0.028
10.278	-6.551	0.028
10.279	-6.551	0.028
10.280	-6.551	0.028
10.281	-6.551	0.028
10.282	-6.551	0.028
10.283	-6.551	0.028
10.284	-6.551	0.028
10.285	-6.551	0.028
10.286	-6.552	0.028
10.287	-6.552	0.028
10.288	-6.552	0.028
10.289	-6.552	0.028
10.290	-6.552	0.028
10.291	-6.552	0.028
10.292	-6.552	0.028
10.293	-6.552	0.028
10.294	-6.552	0.028
10.295	-6.552	0.028
10.296	-6.552	0.028
10.297	-6.552	0.028
10.298	-6.553	0.028
10.299	-6.553	0.028
10.300	-6.553	0.028
10.301	-6.553	0.028
10.302	-6.553	0.028
10.303	-6.553	0.028
10.304	-6.553	0.028
10.305	-6.553	0.028
10.306	-6.553	0.028
10.307	-6.553	0.028
10.308	-6.553	0.028
10.309	-6.554	0.028
10.310	-6.554	0.028
10.311	-6.554	0.028
10.312	-6.554	0.028
10.313	-6.554	0.028
10.314	-6.554	0.028
10.315	-6.554	0.028
10.316	-6.554	0.028
10.317	-6.554	0.028
10.318	-6.554	0.028
10.319	-6.554	0.028
10.320	-6.554	0.028
10.321	-6.555	0.028
10.322	-6.555	0.028
10.323	-6.555	0.028
10.324	-6.555	0.028
10.325	-6.555	0.028
10.326	-6.555	0.028
10.327	-6.555	0.028
10.328	-6.555	0.028
10.329	-6.555	0.028
10.330	-6.555	0.028
10.331	-6.555	0.028
10.332	-6.555	0.028
10.333	-6.556	0.028
10.334	-6.556	0.028
10.335	-6.556	0.028
10.336	-6.556	0.028
10.337	-6.556	0.028
10.338	-6.556	0.028
10.339	-6.556	0.028
10.340	-6.556	0.028
10.341	-6.556	0.028
10.342	-6.556	0.028
10.343	-6.556	0.028
10.344	-6.556	0.028
10.345	-6.557	0.028
10.346	-6.557	0.028
10.347	-6.557	0.028
10.348	-6.557	0.028
10.349	-6.557	0.028
10.350	-6.557	0.028
10.351	-6.557	0.028
10.352	-6.557	0.028
10.353	-6.557	0.028
10.354	-6.557	0.028
10.355	-6.557	0.028
10.356	-6.558	0.028
10.357	-6.558	0.028
10.358	-6.558	0.028
10.359	-6.558	0.028
10.360	-6.558	0.028
10.361	-6.558	0.028
10.362	-6.558	0.028
10.363	-6.558	0.028
10.364	-6.558	0.028
10.365	-6.558	0.028
10.366	-6.558	0.028
10.367	-6.558	0.028
10.368	-6.559	0.028
10.369	-6.559	0.028
10.370	-6.559	0.028
10.371	-6.559	0.028
10.372	-6.559	0.028
10.373	-6.559	0.028
10.374	-6.559	0.028
10.375	-6.559	0.028
10.376	-6.559	0.028
10.377	-6.559	0.028
10.378	-6.559	0.028
10.379	-6.559	0.028
10.380	-6.559	0.028
10.381	-6.560	0.028
10.382	-6.560	0.028
10.383	-6.560	0.028
10.384	-6.560	0.028
10.385	-6.560	0.028
10.386	-6.560	0.028
10.387	-6.560	0.028
10.388	-6.560	0.028
10.389	-6.560	0.028
10.390	-6.560	0.028
10.391	-6.560	0.028
10.392	-6.560	0.028
10.393	-6.561	0.028
10.394	-6.561	0.028
10.395	-6.561	0.028
10.396	-6.561	0.028
10.397	-6.561	0.028
10.398	-6.561	0.028
10.399	-6.561	0.028
10.400	-6.561	0.028
10.401	-6.561	0.028
10.402	-6.561	0.028
10.403	-6.561	0.028
10.404	-6.561	0.028
10.405	-6.562	0.028
10.406	-6.562	0.028
10.407	-6.562	0.028
10.408	-6.562	0.028
10.409	-6.562	0.028
10.410	-6.562	0.028
10.411	-6.562	0.028
10.412	-6.562	0.028
10.413	-6.562	0.028
10.414	-6.562	0.028
10.415	-6.562	0.028
10.416	-6.562	0.028
10.417	-6.562	0.028
10.418	-6.563	0.028
10.419	-6.563	0.028
10.420	-6.563	0.028
10.421	-6.563	0.028
10.422	-6.563	0.028
10.423	-6.563	0.028
10.424	-6.563	0.028
10.425	-6.563	0.028
10.426	-6.563	0.028
10.427	-6.563	0.028
10.428	-6.563	0.028
10.429	-6.563	0.028
10.430	-6.564	0.028
10.431	-6.564	0.028
10.432	-6.564	0.028
10.433	-6.564	0.028
10.434	-6.564	0.028
10.435	-6.564	0.028
10.436	-6.564	0.028
10.437	-6.564	0.028
10.438	-6.564	0.028
10.439	-6.564	0.028
10.440	-6.564	0.028
10.441	-6.564	0.028
10.442	-6.564	0.028
10.443	-6.565	0.028
10.444	-6.565	0.028
10.445	-6.565	0.028
10.446	-6.565	0.028
10.447	-6.565	0.028
10.448	-6.565	0.028
10.449	-6.565	0.028
10.450	-6.565	0.028
10.451	-6.565	0.028
10.452	-6.565	0.028
10.453	-6.565	0.028
10.454	-6.565	0.028
10.455	-6.566	0.028
10.456	-6.566	0.028
10.457	-6.566	0.028
10.458	-6.566	0.028
10.459	-6.566	0.028
10.460	-6.566	0.028
10.461	-6.566	0.028
10.462	-6.566	0.028
10.463	-6.566	0.028
10.464	-6.566	0.028
10.465	-6.566	0.028
10.466	-6.566	0.028
10.467	-6.566	0.028
10.468	-6.567	0.028
10.469	-6.567	0.028
10.470	-6.567	0.028
10.471	-6.567	0.028
10.472	-6.567	0.028
10.473	-6.567	0.028
10.474	-6.567	0.028
10.475	-6.567	0.028
10.476	-6.567	0.028
10.477	-6.567	0.028
10.478	-6.567	0.028
10.479	-6.567	0.028
10.480	-6.567	0.028
10.481	-6.568	0.028
10.482	-6.568	0.028
10.483	-6.568	0.028
10.484	-6.568	0.028
10.485	-6.568	0.028
10.486	-6.568	0.028
10.487	-6.568	0.028
10.488	-6.568	0.028
10.489	-6.568	0.028
10.490	-6.568	0.028
10.491	-6.568	0.028
10.492	-6.568	0.028
10.493	-6.568	0.028
10.494	-6.568	0.028
10.495	-6.569	0.028
10.496	-6.569	0.028
10.497	-6.569	0.028
10.498	-6.569	0.028
10.499	-6.569	0.028
10.500	-6.569	0.028
10.501	-6.569	0.028
10.502	-6.569	0.028
10.503	-6.569	0.028
10.504	-6.569	0.029
10.505	-6.569	0.029
10.506	-6.569	0.029
10.507	-6.569	0.029
10.508	-6.570	0.029
10.509	-6.570	0.029
10.510	-6.570	0.029
10.511	-6.570	0.029
10.512	-6.570	0.029
10.513	-6.570	0.029
10.514	-6.570	0.029
10.515	-6.570	0.029
10.516	-6.570	0.029
10.517	-6.570	0.029
10.518	-6.570	0.029
10.519	-6.570	0.029
10.520	-6.570	0.029
10.521	-6.571	0.029
10.522	-6.571	0.029
10.523	-6.571	0.029
10.524	-6.571	0.029
10.525	-6.571	0.029
10.526	-6.571	0.029
10.527	-6.571	0.029
10.528	-6.571	0.029
10.529	-6.571	0.029
10.530	-6.571	0.029
10.531	-6.571	0.029
10.532	-6.571	0.029
10.533	-6.571	0.029
10.534	-6.571	0.029
10.535	-6.572	0.029
10.536	-6.572	0.029
10.537	-6.572	0.029
10.538	-6.572	0.029
10.539	-6.572	0.029
10.540	-6.572	0.029
10.541	-6.572	0.029
10.542	-6.572	0.029
10.543	-6.572	0.029
10.544	-6.572	0.029
10.545	-6.572	0.029
10.546	-6.572	0.029
10.547	-6.572	0.029
10.548	-6.573	0.029
10.549	-6.573	0.029
10.550	-6.573	0.029
10.551	-6.573	0.029
10.552	-6.573	0.029
10.553	-6.573	0.029
10.554	-6.573	0.029
10.555	-6.573	0.029
10.556	-6.573	0.029
10.557	-6.573	0.029
10.558	-6.573	0.029
10.559	-6.573	0.029
10.560	-6.573	0.029
10.561	-6.573	0.029
10.562	-6.574	0.029
10.563	-6.574	0.029
10.564	-6.574	0.029
10.565	-6.574	0.029
10.566	-6.574	0.029
10.567	-6.574	0.029
10.568	-6.574	0.029
10.569	-6.574	0.029
10.570	-6.574	0.029
10.571	-6.574	0.029
10.572	-6.574	0.029
10.573	-6.574	0.029
10.574	-6.574	0.029
10.575	-6.574	0.029
10.576	-6.575	0.029
10.577	-6.575	0.029
10.578	-6.575	0.029
10.579	-6.575	0.029
10.580	-6.575	0.029
10.581	-6.575	0.029
10.582	-6.575	0.029
10.583	-6.575	0.029
10.584	-6.575	0.029
10.585	-6.575	0.029
10.586	-6.575	0.029
10.587	-6.575	0.029
10.588	-6.575	0.029
10.589	-6.575	0.029
10.590	-6.576	0.029
10.591	-6.576	0.029
10.592	-6.576	0.029
10.593	-6.576	0.029
10.594	-6.576	0.029
10.595	-6.576	0.029
10.596	-6.576	0.029
10.597	-6.576	0.029
10.598	-6.576	0.029
10.599	-6.576	0.029
10.600	-6.576	0.029
10.601	-6.576	0.029
10.602	-6.576	0.029
10.603	-6.576	0.029
10.604	-6.577	0.029
10.605	-6.577	0.029
10.606	-6.577	0.029
10.607	-6.577	0.029
10.608	-6.577	0.029
10.609	-6.577	0.029
10.610	-6.577	0.029
10.611	-6.577	0.029
10.612	-6.577	0.029
10.613	-6.577	0.029
10.614	-6.577	0.029
10.615	-6.577	0.029
10.616	-6.577	0.029
10.617	-6.577	0.029
10.618	-6.578	0.029
10.619	-6.578	0.029
10.620	-6.578	0.029
10.621	-6.578	0.029
10.622	-6.578	0.029
10.623	-6.578	0.029
10.624	-6.578	0.029
10.625	-6.578	0.029
10.626	-6.578	0.029
10.627	-6.578	0.029
10.628	-6.578	0.029
10.629	-6.578	0.029
10.630	-6.578	0.029
10.631	-6.578	0.029
10.632	-6.579	0.029
10.633	-6.579	0.029
10.634	-6.579	0.029
10.635	-6.579	0.029
10.636	-6.579	0.029
10.637	-6.579	0.029
10.638	-6.579	0.029
10.639	-6.579	0.029
10.640	-6.579	0.029
10.641	-6.579	0.029
10.642	-6.579	0.029
10.643	-6.579	0.029
10.644	-6.579	0.029
10.645	-6.579	0.029
10.646	-6.579	0.029
10.647	-6.580	0.029
10.648	-6.580	0.029
10.649	-6.580	0.029
10.650	-6.580	0.029
10.651	-6.580	0.029
10.652	-6.580	0.029
10.653	-6.580	0.029
10.654	-6.580	0.029
10.655	-6.580	0.029
10.656	-6.580	0.029
10.657	-6.580	0.029
10.658	-6.580	0.029
10.659	-6.580	0.029
10.660	-6.580	0.029
10.661	-6.581	0.029
10.662	-6.581	0.029
10.663	-6.581	0.029
10.664	-6.581	0.029
10.665	-6.581	0.029
10.666	-6.581	0.029
10.667	-6.581	0.029
10.668	-6.581	0.029
10.669	-6.581	0.029
10.670	-6.581	0.029
10.671	-6.581	0.029
10.672	-6.581	0.029
10.673	-6.581	0.029
10.674	-6.581	0.029
10.675	-6.581	0.029
10.676	-6.582	0.029
10.677	-6.582	0.029
10.678	-6.582	0.029
10.679	-6.582	0.029
10.680	-6.582	0.029
10.681	-6.582	0.029
10.682	-6.582	0.029
10.683	-6.582	0.029
10.684	-6.582	0.029
10.685	-6.582	0.029
10.686	-6.582	0.029
10.687	-6.582	0.029
10.688	-6.582	0.029
10.689	-6.582	0.029
10.690	-6.582	0.029
10.691	-6.583	0.029
10.692	-6.583	0.029
10.693	-6.583	0.029
10.694	-6.583	0.029
10.695	-6.583	0.029
10.696	-6.583	0.029
10.697	-6.583	0.029
10.698	-6.583	0.029
10.699	-6.583	0.029
10.700	-6.583	0.029
10.701	-6.583	0.029
10.702	-6.583	0.029
10.703	-6.583	0.029
10.704	-6.583	0.029
10.705	-6.584	0.029
10.706	-6.584	0.029
10.707	-6.584	0.029
10.708	-6.584	0.029
10.709	-6.584	0.029
10.710	-6.584	0.029
10.711	-6.584	0.029
10.712	-6.584	0.029
10.713	-6.584	0.029
10.714	-6.584	0.029
10.715	-6.584	0.029
10.716	-6.584	0.029
10.717	-6.584	0.029
10.718	-6.584	0.029
10.719	-6.584	0.029
10.720	-6.585	0.029
10.721	-6.585	0.029
10.722	-6.585	0.029
10.723	-6.585	0.029
10.724	-6.585	0.029
10.725	-6.585	0.029
10.726	-6.585	0.029
10.727	-6.585	0.029
10.728	-6.585	0.029
10.729	-6.585	0.029
10.730	-6.585	0.029
10.731	-6.585	0.029
10.732	-6.585	0.029
10.733	-6.585	0.029
10.734	-6.585	0.029
10.735	-6.586	0.029
10.736	-6.586	0.029
10.737	-6.586	0.029
10.738	-6.586	0.029
10.739	-6.586	0.029
10.740	-6.586	0.029
10.741	-6.586	0.029
10.742	-6.586	0.029
10.743	-6.586	0.029
10.744	-6.586	0.029
10.745	-6.586	0.029
10.746	-6.586	0.029
10.747	-6.586	0.029
10.748	-6.586	0.029
10.749	-6.586	0.029
10.750	-6.586	0.029
10.751	-6.587	0.029
10.752	-6.587	0.029
10.753	-6.587	0.029
10.754	-6.587	0.029
10.755	-6.587	0.029
10.756	-6.587	0.030
10.757	-6.587	0.030
10.758	-6.587	0.030
10.759	-6.587	0.030
10.760	-6.587	0.030
10.761	-6.587	0.030
10.762	-6.587	0.030
10.763	-6.587	0.030
10.764	-6.587	0.030
10.765	-6.587	0.030
10.766	-6.588	0.030
10.767	-6.588	0.030
10.768	-6.588	0.030
10.769	-6.588	0.030
10.770	-6.588	0.030
10.771	-6.588	0.030
10.772	-6.588	0.030
10.773	-6.588	0.030
10.774	-6.588	0.030
10.775	-6.588	0.030
10.776	-6.588	0.030
10.777	-6.588	0.030
10.778	-6.588	0.030
10.779	-6.588	0.030
10.780	-6.588	0.030
10.781	-6.589	0.030
10.782	-6.589	0.030
10.783	-6.589	0.030
10.784	-6.589	0.030
10.785	-6.589	0.030
10.786	-6.589	0.030
10.787	-6.589	0.030
10.788	-6.589	0.030
10.789	-6.589	0.030
10.790	-6.589	0.030
10.791	-6.589	0.030
10.792	-6.589	0.030
10.793	-6.589	0.030
10.794	-6.589	0.030
10.795	-6.589	0.030
10.796	-6.589	0.030
10.797	-6.590	0.030
10.798	-6.590	0.030
10.799	-6.590	0.030
10.800	-6.590	0.030
10.801	-6.590	0.030
10.802	-6.590	0.030
10.803	-6.590	0.030
10.804	-6.590	0.030
10.805	-6.590	0.030
10.806	-6.590	0.030
10.807	-6.590	0.030
10.808	-6.590	0.030
10.809	-6.590	0.030
10.810	-6.590	0.030
10.811	-6.590	0.030
10.812	-6.591	0.030
10.813	-6.591	0.030
10.814	-6.591	0.030
10.815	-6.591	0.030
10.816	-6.591	0.030
10.817	-6.591	0.030
10.818	-6.591	0.030
10.819	-6.591	0.030
10.820	-6.591	0.030
10.821	-6.591	0.030
10.822	-6.591	0.030
10.823	-6.591	0.030
10.824	-6.591	0.030
10.825	-6.591	0.030
10.826	-6.591	0.030
10.827	-6.591	0.030
10.828	-6.592	0.030
10.829	-6.592	0.030
10.830	-6.592	0.030
10.831	-6.592	0.030
10.832	-6.592	0.030
10.833	-6.592	0.030
10.834	-6.592	0.030
10.835	-6.592	0.030
10.836	-6.592	0.030
10.837	-6.592	0.030
10.838	-6.592	0.030
10.839	-6.592	0.030
10.840	-6.592	0.030
10.841	-6.592	0.030
10.842	-6.592	0.030
10.843	-6.593	0.030
10.844	-6.593	0.030
10.845	-6.593	0.030
10.846	-6.593	0.030
10.847	-6.593	0.030
10.848	-6.593	0.030
10.849	-6.593	0.030
10.850	-6.593	0.030
10.851	-6.593	0.030
10.852	-6.593	0.030
10.853	-6.593	0.030
10.854	-6.593	0.030
10.855	-6.593	0.031
10.856	-6.593	0.031
10.857	-6.593	0.031
10.858	-6.593	0.031
10.859	-6.594	0.031
10.860	-6.594	0.031
10.861	-6.594	0.031
10.862	-6.594	0.031
10.863	-6.594	0.031
10.864	-6.594	0.031
10.865	-6.594	0.031
10.866	-6.594	0.031
10.867	-6.594	0.031
10.868	-6.594	0.031
10.869	-6.594	0.031
10.870	-6.594	0.031
10.871	-6.594	0.031
10.872	-6.594	0.031
10.873	-6.594	0.031
10.874	-6.594	0.031
10.875	-6.595	0.031
10.876	-6.595	0.031
10.877	-6.595	0.031
10.878	-6.595	0.031
10.879	-6.595	0.031
10.880	-6.595	0.031
10.881	-6.595	0.031
10.882	-6.595	0.031
10.883	-6.595	0.031
10.884	-6.595	0.031
10.885	-6.595	0.031
10.886	-6.595	0.031
10.887	-6.595	0.031
10.888	-6.595	0.031
10.889	-6.595	0.031
10.890	-6.595	0.031
10.891	-6.596	0.031
10.892	-6.596	0.031
10.893	-6.596	0.031
10.894	-6.596	0.031
10.895	-6.596	0.031
10.896	-6.596	0.031
10.897	-6.596	0.031
10.898	-6.596	0.031
10.899	-6.596	0.031
10.900	-6.596	0.031
10.901	-6.596	0.031
10.902	-6.596	0.031
10.903	-6.596	0.031
10.904	-6.596	0.031
10.905	-6.596	0.031
10.906	-6.596	0.031
10.907	-6.597	0.031
10.908	-6.597	0.031
10.909	-6.597	0.031
10.910	-6.597	0.031
10.911	-6.597	0.031
10.912	-6.597	0.031
10.913	-6.597	0.031
10.914	-6.597	0.031
10.915	-6.597	0.031
10.916	-6.597	0.031
10.917	-6.597	0.031
10.918	-6.597	0.031
10.919	-6.597	0.031
10.920	-6.597	0.031
10.921	-6.597	0.031
10.922	-6.597	0.032
10.923	-6.598	0.032
10.924	-6.598	0.032
10.925	-6.598	0.032
10.926	-6.598	0.032
10.927	-6.598	0.032
10.928	-6.598	0.032
10.929	-6.598	0.032
10.930	-6.598	0.032
10.931	-6.598	0.032
10.932	-6.598	0.032
10.933	-6.598	0.032
10.934	-6.598	0.032
10.935	-6.598	0.032
10.936	-6.598	0.032
10.937	-6.598	0.032
10.938	-6.598	0.032
10.939	-6.599	0.032
10.940	-6.599	0.032
10.941	-6.599	0.032
10.942	-6.599	0.032
10.943	-6.599	0.032
10.944	-6.599	0.032
10.945	-6.599	0.032
10.946	-6.599	0.032
10.947	-6.599	0.032
10.948	-6.599	0.032
10.949	-6.599	0.032
10.950	-6.599	0.032
10.951	-6.599	0.032
10.952	-6.599	0.032
10.953	-6.599	0.032
10.954	-6.599	0.032
10.955	-6.599	0.032
10.956	-6.600	0.032
10.957	-6.600	0.032
10.958	-6.600	0.032
10.959	-6.600	0.032
10.960	-6.600	0.032
10.961	-6.600	0.032
10.962	-6.600	0.032
10.963	-6.600	0.032
10.964	-6.600	0.032
10.965	-6.600	0.032
10.966	-6.600	0.032
10.967	-6.600	0.032
10.968	-6.600	0.032
10.969	-6.600	0.032
10.970	-6.600	0.032
10.971	-6.600	0.032
10.972	-6.601	0.032
10.973	-6.601	0.032
10.974	-6.601	0.032
10.975	-6.601	0.032
10.976	-6.601	0.032
10.977	-6.601	0.032
10.978	-6.601	0.032
10.979	-6.601	0.032
10.980	-6.601	0.032
10.981	-6.601	0.032
10.982	-6.601	0.032
10.983	-6.601	0.032
10.984	-6.601	0.032
10.985	-6.601	0.033
10.986	-6.601	0.033
10.987	-6.601	0.033
10.988	-6.602	0.033
10.989	-6.602	0.033
10.990	-6.602	0.033
10.991	-6.602	0.033
10.992	-6.602	0.033
10.993	-6.602	0.033
10.994	-6.602	0.033
10.995	-6.602	0.033
10.996	-6.602	0.033
10.997	-6.602	0.033
10.998	-6.602	0.033
10.999	-6.602	0.033
11.000	-6.602	0.033
11.001	-6.602	0.033
11.002	-6.602	0.033
11.003	-6.602	0.033
11.004	-6.602	0.033
11.005	-6.603	0.033
11.006	-6.603	0.033
11.007	-6.603	0.033
11.008	-6.603	0.033
11.009	-6.603	0.033
11.010	-6.603	0.033
11.011	-6.603	0.033
11.012	-6.603	0.033
11.013	-6.603	0.033
11.014	-6.603	0.033
11.015	-6.603	0.033
11.016	-6.603	0.033
11.017	-6.603	0.033
11.018	-6.603	0.033
11.019	-6.603	0.033
11.020	-6.603	0.033
11.021	-6.604	0.033
11.022	-6.604	0.033
11.023	-6.604	0.033
11.024	-6.604	0.033
11.025	-6.604	0.033
11.026	-6.604	0.033
11.027	-6.604	0.033
11.028	-6.604	0.033
11.029	-6.604	0.033
11.030	-6.604	0.033
11.031	-6.604	0.033
11.032	-6.604	0.033
11.033	-6.604	0.033
11.034	-6.604	0.033
11.035	-6.604	0.033
11.036	-6.604	0.033
11.037	-6.604	0.033
11.038	-6.605	0.033
11.039	-6.605	0.033
11.040	-6.605	0.033
11.041	-6.605	0.033
11.042	-6.605	0.033
11.043	-6.605	0.033
11.044	-6.605	0.033
11.045	-6.605	0.033
11.046	-6.605	0.033
11.047	-6.605	0.033
11.048	-6.605	0.033
11.049	-6.605	0.033
11.050	-6.605	0.033
11.051	-6.605	0.033
11.052	-6.605	0.033
11.053	-6.605	0.033
11.054	-6.606	0.033
11.055	-6.606	0.033
11.056	-6.606	0.033
11.057	-6.606	0.033
11.058	-6.606	0.033
11.059	-6.606	0.033
11.060	-6.606	0.033
11.061	-6.606	0.033
11.062	-6.606	0.033
11.063	-6.606	0.034
11.064	-6.606	0.034
11.065	-6.606	0.034
11.066	-6.606	0.034
11.067	-6.606	0.034
11.068	-6.606	0.034
11.069	-6.606	0.034
11.070	-6.606	0.034
11.071	-6.607	0.034
11.072	-6.607	0.034
11.073	-6.607	0.034
11.074	-6.607	0.034
11.075	-6.607	0.034
11.076	-6.607	0.034
11.077	-6.607	0.034
11.078	-6.607	0.034
11.079	-6.607	0.034
11.080	-6.607	0.034
11.081	-6.607	0.034
11.082	-6.607	0.034
11.083	-6.607	0.034
11.084	-6.607	0.034
11.085	-6.607	0.034
11.086	-6.607	0.034
11.087	-6.608	0.034
11.088	-6.608	0.034
11.089	-6.608	0.034
11.090	-6.608	0.034
11.091	-6.608	0.034
11.092	-6.608	0.034
11.093	-6.608	0.034
11.094	-6.608	0.034
11.095	-6.608	0.034
11.096	-6.608	0.034
11.097	-6.608	0.034
11.098	-6.608	0.034
11.099	-6.608	0.034
11.100	-6.608	0.034
11.101	-6.608	0.034
11.102	-6.608	0.034
11.103	-6.608	0.034
11.104	-6.609	0.034
11.105	-6.609	0.034
11.106	-6.609	0.034
11.107	-6.609	0.034
11.108	-6.609	0.034
11.109	-6.609	0.034
11.110	-6.609	0.034
11.111	-6.609	0.034
11.112	-6.609	0.034
11.113	-6.609	0.034
11.114	-6.609	0.034
11.115	-6.609	0.034
11.116	-6.609	0.034
11.117	-6.609	0.034
11.118	-6.609	0.034
11.119	-6.609	0.034
11.120	-6.610	0.034
11.121	-6.610	0.034
11.122	-6.610	0.034
11.123	-6.610	0.034
11.124	-6.610	0.034
11.125	-6.610	0.034
11.126	-6.610	0.034
11.127	-6.610	0.034
11.128	-6.610	0.034
11.129	-6.610	0.034
11.130	-6.610	0.034
11.131	-6.610	0.034
11.132	-6.610	0.034
11.133	-6.610	0.034
11.134	-6.610	0.034
11.135	-6.610	0.034
11.136	-6.610	0.034
11.137	-6.611	0.034
11.138	-6.611	0.034
11.139	-6.611	0.034
11.140	-6.611	0.034
11.141	-6.611	0.034
11.142	-6.611	0.034
11.143	-6.611	0.034
11.144	-6.611	0.034
11.145	-6.611	0.034
11.146	-6.611	0.034
11.147	-6.611	0.034
11.148	-6.611	0.034
11.149	-6.611	0.034
11.150	-6.611	0.034
11.151	-6.611	0.034
11.152	-6.611	0.034
11.153	-6.612	0.034
11.154	-6.612	0.034
11.155	-6.612	0.034
11.156	-6.612	0.034
11.157	-6.612	0.034
11.158	-6.612	0.034
11.159	-6.612	0.034
11.160	-6.612	0.034
11.161	-6.612	0.034
11.162	-6.612	0.034
11.163	-6.612	0.034
11.164	-6.612	0.034
11.165	-6.612	0.034
11.166	-6.612	0.034
11.167	-6.612	0.034
11.168	-6.612	0.034
11.169	-6.612	0.034
11.170	-6.613	0.034
11.171	-6.613	0.034
11.172	-6.613	0.034
11.173	-6.613	0.034
11.174	-6.613	0.034
11.175	-6.613	0.034
11.176	-6.613	0.034
11.177	-6.613	0.034
11.178	-6.613	0.034
11.179	-6.613	0.034
11.180	-6.613	0.034
11.181	-6.613	0.034
11.182	-6.613	0.034
11.183	-6.613	0.034
11.184	-6.613	0.034
11.185	-6.613	0.034
11.186	-6.614	0.034
11.187	-6.614	0.034
11.188	-6.614	0.034
11.189	-6.614	0.034
11.190	-6.614	0.034
11.191	-6.614	0.034
11.192	-6.614	0.034
11.193	-6.614	0.034
11.194	-6.614	0.034
11.195	-6.614	0.034
11.196	-6.614	0.034
11.197	-6.614	0.034
11.198	-6.614	0.034
11.199	-6.614	0.034
11.200	-6.614	0.034
11.201	-6.614	0.034
11.202	-6.615	0.034
11.203	-6.615	0.034
11.204	-6.615	0.034
11.205	-6.615	0.034
11.206	-6.615	0.034
11.207	-6.615	0.034
11.208	-6.615	0.034
11.209	-6.615	0.034
11.210	-6.615	0.034
11.211	-6.615	0.034
11.212	-6.615	0.034
11.213	-6.615	0.034
11.214	-6.615	0.034
11.215	-6.615	0.034
11.216	-6.615	0.034
11.217	-6.615	0.034
11.218	-6.615	0.034
11.219	-6.616	0.034
11.220	-6.616	0.034
11.221	-6.616	0.034
11.222	-6.616	0.034
11.223	-6.616	0.034
11.224	-6.616	0.034
11.225	-6.616	0.034
11.226	-6.616	0.034
11.227	-6.616	0.034
11.228	-6.616	0.034
11.229	-6.616	0.034
11.230	-6.616	0.034
11.231	-6.616	0.034
11.232	-6.616	0.034
11.233	-6.616	0.034
11.234	-6.616	0.034
11.235	-6.617	0.034
11.236	-6.617	0.034
11.237	-6.617	0.034
11.238	-6.617	0.034
11.239	-6.617	0.034
11.240	-6.617	0.034
11.241	-6.617	0.034
11.242	-6.617	0.034
11.243	-6.617	0.034
11.244	-6.617	0.034
11.245	-6.617	0.034
11.246	-6.617	0.034
11.247	-6.617	0.034
11.248	-6.617	0.034
11.249	-6.617	0.034
11.250	-6.617	0.034
11.251	-6.618	0.034
11.252	-6.618	0.034
11.253	-6.618	0.034
11.254	-6.618	0.034
11.255	-6.618	0.034
11.256	-6.618	0.034
11.257	-6.618	0.034
11.258	-6.618	0.034
11.259	-6.618	0.034
11.260	-6.618	0.034
11.261	-6.618	0.034
11.262	-6.618	0.034
11.263	-6.618	0.034
11.264	-6.618	0.034
11.265	-6.618	0.034
11.266	-6.618	0.034
11.267	-6.619	0.034
11.268	-6.619	0.034
11.269	-6.619	0.034
11.270	-6.619	0.034
11.271	-6.619	0.034
11.272	-6.619	0.034
11.273	-6.619	0.034
11.274	-6.619	0.034
11.275	-6.619	0.034
11.276	-6.619	0.034
11.277	-6.619	0.034
11.278	-6.619	0.034
11.279	-6.619	0.034
11.280	-6.619	0.034
11.281	-6.619	0.034
11.282	-6.620	0.034
11.283	-6.620	0.034
11.284	-6.620	0.034
11.285	-6.620	0.034
11.286	-6.620	0.034
11.287	-6.620	0.034
11.288	-6.620	0.034
11.289	-6.620	0.034
11.290	-6.620	0.034
11.291	-6.620	0.034
11.292	-6.620	0.034
11.293	-6.620	0.034
11.294	-6.620	0.034
11.295	-6.620	0.034
11.296	-6.620	0.034
11.297	-6.620	0.034
11.298	-6.621	0.034
11.299	-6.621	0.034
11.300	-6.621	0.034
11.301	-6.621	0.034
11.302	-6.621	0.034
11.303	-6.621	0.034
11.304	-6.621	0.034
11.305	-6.621	0.034
11.306	-6.621	0.034
11.307	-6.621	0.034
11.308	-6.621	0.034
11.309	-6.621	0.034
11.310	-6.621	0.034
11.311	-6.621	0.034
11.312	-6.621	0.034
11.313	-6.622	0.034
11.314	-6.622	0.034
11.315	-6.622	0.034
11.316	-6.622	0.034
11.317	-6.622	0.034
11.318	-6.622	0.034
11.319	-6.622	0.034
11.320	-6.622	0.034
11.321	-6.622	0.034
11.322	-6.622	0.034
11.323	-6.622	0.034
11.324	-6.622	0.034
11.325	-6.622	0.034
11.326	-6.622	0.034
11.327	-6.622	0.034
11.328	-6.623	0.034
11.329	-6.623	0.034
11.330	-6.623	0.034
11.331	-6.623	0.034
11.332	-6.623	0.034
11.333	-6.623	0.034
11.334	-6.623	0.034
11.335	-6.623	0.034
11.336	-6.623	0.034
11.337	-6.623	0.034
11.338	-6.623	0.034
11.339	-6.623	0.034
11.340	-6.623	0.034
11.341	-6.623	0.034
11.342	-6.623	0.034
11.343	-6.624	0.034
11.344	-6.624	0.034
11.345	-6.624	0.034
11.346	-6.624	0.034
11.347	-6.624	0.034
11.348	-6.624	0.034
11.349	-6.624	0.034
11.350	-6.624	0.034
11.351	-6.624	0.034
11.352	-6.624	0.034
11.353	-6.624	0.034
11.354	-6.624	0.034
11.355	-6.624	0.034
11.356	-6.624	0.034
11.357	-6.624	0.034
11.358	-6.625	0.034
11.359	-6.625	0.034
11.360	-6.625	0.034
11.361	-6.625	0.034
11.362	-6.625	0.034
11.363	-6.625	0.034
11.364	-6.625	0.034
11.365	-6.625	0.034
11.366	-6.625	0.034
11.367	-6.625	0.034
11.368	-6.625	0.034
11.369	-6.625	0.034
11.370	-6.625	0.034
11.371	-6.625	0.034
11.372	-6.625	0.034
11.373	-6.626	0.034
11.374	-6.626	0.034
11.375	-6.626	0.034
11.376	-6.626	0.034
11.377	-6.626	0.034
11.378	-6.626	0.034
11.379	-6.626	0.034
11.380	-6.626	0.034
11.381	-6.626	0.034
11.382	-6.626	0.034
11.383	-6.626	0.034
11.384	-6.626	0.034
11.385	-6.626	0.034
11.386	-6.626	0.034
11.387	-6.627	0.034
11.388	-6.627	0.034
11.389	-6.627	0.034
11.390	-6.627	0.034
11.391	-6.627	0.034
11.392	-6.627	0.035
11.393	-6.627	0.035
11.394	-6.627	0.035
11.395	-6.627	0.035
11.396	-6.627	0.035
11.397	-6.627	0.035
11.398	-6.627	0.035
11.399	-6.627	0.035
11.400	-6.627	0.035
11.401	-6.627	0.035
11.402	-6.628	0.035
11.403	-6.628	0.035
11.404	-6.628	0.035
11.405	-6.628	0.035
11.406	-6.628	0.035
11.407	-6.628	0.035
11.408	-6.628	0.035
11.409	-6.628	0.035
11.410	-6.628	0.035
11.411	-6.628	0.035
11.412	-6.628	0.035
11.413	-6.628	0.035
11.414	-6.628	0.035
11.415	-6.628	0.035
11.416	-6.629	0.035
11.417	-6.629	0.035
11.418	-6.629	0.035
11.419	-6.629	0.035
11.420	-6.629	0.035
11.421	-6.629	0.035
11.422	-6.629	0.035
11.423	-6.629	0.035
11.424	-6.629	0.035
11.425	-6.629	0.035
11.426	-6.629	0.035
11.427	-6.629	0.035
11.428	-6.629	0.035
11.429	-6.630	0.035
11.430	-6.630	0.035
11.431	-6.630	0.035
11.432	-6.630	0.035
11.433	-6.630	0.035
11.434	-6.630	0.035
11.435	-6.630	0.035
11.436	-6.630	0.035
11.437	-6.630	0.035
11.438	-6.630	0.035
11.439	-6.630	0.035
11.440	-6.630	0.035
11.441	-6.630	0.035
11.442	-6.630	0.035
11.443	-6.631	0.035
11.444	-6.631	0.035
11.445	-6.631	0.035
11.446	-6.631	0.035
11.447	-6.631	0.035
11.448	-6.631	0.035
11.449	-6.631	0.035
11.450	-6.631	0.035
11.451	-6.631	0.035
11.452	-6.631	0.035
11.453	-6.631	0.035
11.454	-6.631	0.035
11.455	-6.631	0.035
11.456	-6.632	0.035
11.457	-6.632	0.035
11.458	-6.632	0.035
11.459	-6.632	0.035
11.460	-6.632	0.035
11.461	-6.632	0.035
11.462	-6.632	0.035
11.463	-6.632	0.035
11.464	-6.632	0.035
11.465	-6.632	0.035
11.466	-6.632	0.035
11.467	-6.632	0.035
11.468	-6.632	0.035
11.469	-6.633	0.035
11.470	-6.633	0.035
11.471	-6.633	0.035
11.472	-6.633	0.035
11.473	-6.633	0.035
11.474	-6.633	0.035
11.475	-6.633	0.035
11.476	-6.633	0.035
11.477	-6.633	0.035
11.478	-6.633	0.035
11.479	-6.633	0.035
11.480	-6.633	0.035
11.481	-6.633	0.035
11.482	-6.634	0.035
11.483	-6.634	0.035
11.484	-6.634	0.035
11.485	-6.634	0.035
11.486	-6.634	0.035
11.487	-6.634	0.035
11.488	-6.634	0.035
11.489	-6.634	0.035
11.490	-6.634	0.035
11.491	-6.634	0.035
11.492	-6.634	0.035
11.493	-6.634	0.035
11.494	-6.634	0.035
11.495	-6.635	0.035
11.496	-6.635	0.035
11.497	-6.635	0.035
11.498	-6.635	0.035
11.499	-6.635	0.035
11.500	-6.635	0.035
11.501	-6.635	0.035
11.502	-6.635	0.035
11.503	-6.635	0.035
11.504	-6.635	0.035
11.505	-6.635	0.035
11.506	-6.635	0.035
11.507	-6.635	0.035
11.508	-6.636	0.035
11.509	-6.636	0.035
11.510	-6.636	0.035
11.511	-6.636	0.035
11.512	-6.636	0.035
11.513	-6.636	0.035
11.514	-6.636	0.035
11.515	-6.636	0.035
11.516	-6.636	0.035
11.517	-6.636	0.035
11.518	-6.636	0.035
11.519	-6.636	0.035
11.520	-6.637	0.035
11.521	-6.637	0.035
11.522	-6.637	0.035
11.523	-6.637	0.035
11.524	-6.637	0.035
11.525	-6.637	0.035
11.526	-6.637	0.035
11.527	-6.637	0.035
11.528	-6.637	0.035
11.529	-6.637	0.035
11.530	-6.637	0.035
11.531	-6.637	0.035
11.532	-6.638	0.035
11.533	-6.638	0.035
11.534	-6.638	0.035
11.535	-6.638	0.035
11.536	-6.638	0.035
11.537	-6.638	0.035
11.538	-6.638	0.035
11.539	-6.638	0.035
11.540	-6.638	0.035
11.541	-6.638	0.035
11.542	-6.638	0.035
11.543	-6.638	0.035
11.544	-6.639	0.035
11.545	-6.639	0.035
11.546	-6.639	0.035
11.547	-6.639	0.035
11.548	-6.639	0.035
11.549	-6.639	0.035
11.550	-6.639	0.035
11.551	-6.639	0.035
11.552	-6.639	0.035
11.553	-6.639	0.035
11.554	-6.639	0.035
11.555	-6.639	0.035
11.556	-6.640	0.035
11.557	-6.640	0.035
11.558	-6.640	0.035
11.559	-6.640	0.035
11.560	-6.640	0.035
11.561	-6.640	0.035
11.562	-6.640	0.035
11.563	-6.640	0.035
11.564	-6.640	0.035
11.565	-6.640	0.035
11.566	-6.640	0.035
11.567	-6.640	0.035
11.568	-6.641	0.035
11.569	-6.641	0.035
11.570	-6.641	0.035
11.571	-6.641	0.035
11.572	-6.641	0.035
11.573	-6.641	0.035
11.574	-6.641	0.035
11.575	-6.641	0.035
11.576	-6.641	0.035
11.577	-6.641	0.035
11.578	-6.641	0.035
11.579	-6.642	0.035
11.580	-6.642	0.035
11.581	-6.642	0.035
11.582	-6.642	0.035
11.583	-6.642	0.035
11.584	-6.642	0.035
11.585	-6.642	0.035
11.586	-6.642	0.035
11.587	-6.642	0.035
11.588	-6.642	0.035
11.589	-6.642	0.035
11.590	-6.642	0.035
11.591	-6.643	0.035
11.592	-6.643	0.035
11.593	-6.643	0.035
11.594	-6.643	0.035
11.595	-6.643	0.035
11.596	-6.643	0.035
11.597	-6.643	0.035
11.598	-6.643	0.035
11.599	-6.643	0.035
11.600	-6.643	0.035
11.601	-6.643	0.035
11.602	-6.644	0.035
11.603	-6.644	0.035
11.604	-6.644	0.035
11.605	-6.644	0.035
11.606	-6.644	0.035
11.607	-6.644	0.035
11.608	-6.644	0.035
11.609	-6.644	0.035
11.610	-6.644	0.035
11.611	-6.644	0.035
11.612	-6.644	0.034
11.613	-6.645	0.034
11.614	-6.645	0.034
11.615	-6.645	0.034
11.616	-6.645	0.034
11.617	-6.645	0.034
11.618	-6.645	0.034
11.619	-6.645	0.034
11.620	-6.645	0.034
11.621	-6.645	0.034
11.622	-6.645	0.034
11.623	-6.645	0.034
11.624	-6.646	0.034
11.625	-6.646	0.034
11.626	-6.646	0.034
11.627	-6.646	0.034
11.628	-6.646	0.034
11.629	-6.646	0.034
11.630	-6.646	0.034
11.631	-6.646	0.034
11.632	-6.646	0.034
11.633	-6.646	0.034
11.634	-6.647	0.034
11.635	-6.647	0.034
11.636	-6.647	0.034
11.637	-6.647	0.034
11.638	-6.647	0.034
11.639	-6.647	0.034
11.640	-6.647	0.034
11.641	-6.647	0.034
11.642	-6.647	0.034
11.643	-6.647	0.034
11.644	-6.647	0.034
11.645	-6.648	0.034
11.646	-6.648	0.034
11.647	-6.648	0.034
11.648	-6.648	0.034
11.649	-6.648	0.034
11.650	-6.648	0.034
11.651	-6.648	0.034
11.652	-6.648	0.034
11.653	-6.648	0.034
11.654	-6.648	0.034
11.655	-6.648	0.034
11.656	-6.649	0.034
11.657	-6.649	0.034
11.658	-6.649	0.034
11.659	-6.649	0.034
11.660	-6.649	0.034
11.661	-6.649	0.034
11.662	-6.649	0.034
11.663	-6.649	0.034
11.664	-6.649	0.034
11.665	-6.649	0.034
11.666	-6.650	0.034
11.667	-6.650	0.034
11.668	-6.650	0.034
11.669	-6.650	0.034
11.670	-6.650	0.034
11.671	-6.650	0.033
11.672	-6.650	0.033
11.673	-6.650	0.033
11.674	-6.650	0.033
11.675	-6.650	0.033
11.676	-6.650	0.033
11.677	-6.651	0.033
11.678	-6.651	0.033
11.679	-6.651	0.033
11.680	-6.651	0.033
11.681	-6.651	0.033
11.682	-6.651	0.033
11.683	-6.651	0.033
11.684	-6.651	0.033
11.685	-6.651	0.033
11.686	-6.651	0.033
11.687	-6.652	0.033
11.688	-6.652	0.033
11.689	-6.652	0.033
11.690	-6.652	0.033
11.691	-6.652	0.033
11.692	-6.652	0.033
11.693	-6.652	0.033
11.694	-6.652	0.033
11.695	-6.652	0.033
11.696	-6.652	0.033
11.697	-6.653	0.033
11.698	-6.653	0.033
11.699	-6.653	0.033
11.700	-6.653	0.033
11.701	-6.653	0.033
11.702	-6.653	0.033
11.703	-6.653	0.033
11.704	-6.653	0.033
11.705	-6.653	0.033
11.706	-6.653	0.033
11.707	-6.653	0.033
11.708	-6.654	0.033
11.709	-6.654	0.033
11.710	-6.654	0.033
11.711	-6.654	0.033
11.712	-6.654	0.033
11.713	-6.654	0.033
11.714	-6.654	0.033
11.715	-6.654	0.033
11.716	-6.654	0.033
11.717	-6.654	0.033
11.718	-6.655	0.033
11.719	-6.655	0.033
11.720	-6.655	0.033
11.721	-6.655	0.033
11.722	-6.655	0.033
11.723	-6.655	0.033
11.724	-6.655	0.033
11.725	-6.655	0.033
11.726	-6.655	0.033
11.727	-6.655	0.033
11.728	-6.656	0.033
11.729	-6.656	0.033
11.730	-6.656	0.033
11.731	-6.656	0.033
11.732	-6.656	0.033
11.733	-6.656	0.033
11.734	-6.656	0.033
11.735	-6.656	0.033
11.736	-6.656	0.033
11.737	-6.656	0.033
11.738	-6.656	0.033
11.739	-6.657	0.033
11.740	-6.657	0.033
11.741	-6.657	0.033
11.742	-6.657	0.033
11.743	-6.657	0.033
11.744	-6.657	0.033
11.745	-6.657	0.033
11.746	-6.657	0.033
11.747	-6.657	0.033
11.748	-6.657	0.033
11.749	-6.658	0.033
11.750	-6.658	0.033
11.751	-6.658	0.033
11.752	-6.658	0.033
11.753	-6.658	0.033
11.754	-6.658	0.033
11.755	-6.658	0.033
11.756	-6.658	0.033
11.757	-6.658	0.033
11.758	-6.658	0.033
11.759	-6.658	0.033
11.760	-6.659	0.033
11.761	-6.659	0.033
11.762	-6.659	0.033
11.763	-6.659	0.033
11.764	-6.659	0.033
11.765	-6.659	0.033
11.766	-6.659	0.033
11.767	-6.659	0.033
11.768	-6.659	0.033
11.769	-6.659	0.033
11.770	-6.660	0.033
11.771	-6.660	0.033
11.772	-6.660	0.033
11.773	-6.660	0.033
11.774	-6.660	0.033
11.775	-6.660	0.033
11.776	-6.660	0.033
11.777	-6.660	0.033
11.778	-6.660	0.033
11.779	-6.660	0.033
11.780	-6.661	0.033
11.781	-6.661	0.033
11.782	-6.661	0.033
11.783	-6.661	0.033
11.784	-6.661	0.033
11.785	-6.661	0.033
11.786	-6.661	0.033
11.787	-6.661	0.033
11.788	-6.661	0.033
11.789	-6.661	0.033
11.790	-6.661	0.033
11.791	-6.662	0.033
11.792	-6.662	0.033
11.793	-6.662	0.033
11.794	-6.662	0.033
11.795	-6.662	0.033
11.796	-6.662	0.033
11.797	-6.662	0.033
11.798	-6.662	0.033
11.799	-6.662	0.033
11.800	-6.662	0.033
11.801	-6.662	0.033
11.802	-6.663	0.033
11.803	-6.663	0.033
11.804	-6.663	0.033
11.805	-6.663	0.033
11.806	-6.663	0.033
11.807	-6.663	0.033
11.808	-6.663	0.033
11.809	-6.663	0.033
11.810	-6.663	0.033
11.811	-6.663	0.033
11.812	-6.664	0.033
11.813	-6.664	0.033
11.814	-6.664	0.033
11.815	-6.664	0.033
11.816	-6.664	0.033
11.817	-6.664	0.033
11.818	-6.664	0.033
11.819	-6.664	0.033
11.820	-6.664	0.033
11.821	-6.664	0.033
11.822	-6.664	0.033
11.823	-6.665	0.033
11.824	-6.665	0.033
11.825	-6.665	0.033
11.826	-6.665	0.033
11.827	-6.665	0.033
11.828	-6.665	0.033
11.829	-6.665	0.033
11.830	-6.665	0.033
11.831	-6.665	0.033
11.832	-6.665	0.033
11.833	-6.665	0.033
11.834	-6.666	0.033
11.835	-6.666	0.033
11.836	-6.666	0.033
11.837	-6.666	0.033
11.838	-6.666	0.033
11.839	-6.666	0.033
11.840	-6.666	0.033
11.841	-6.666	0.033
11.842	-6.666	0.034
11.843	-6.666	0.034
11.844	-6.666	0.034
11.845	-6.667	0.034
11.846	-6.667	0.034
11.847	-6.667	0.034
11.848	-6.667	0.034
11.849	-6.667	0.034
11.850	-6.667	0.034
11.851	-6.667	0.034
11.852	-6.667	0.034
11.853	-6.667	0.034
11.854	-6.667	0.034
11.855	-6.667	0.034
11.856	-6.668	0.034
11.857	-6.668	0.034
11.858	-6.668	0.034
11.859	-6.668	0.034
11.860	-6.668	0.034
11.861	-6.668	0.034
11.862	-6.668	0.034
11.863	-6.668	0.034
11.864	-6.668	0.034
11.865	-6.668	0.034
11.866	-6.668	0.034
11.867	-6.669	0.034
11.868	-6.669	0.034
11.869	-6.669	0.034
11.870	-6.669	0.034
11.871	-6.669	0.034
11.872	-6.669	0.034
11.873	-6.669	0.034
11.874	-6.669	0.034
11.875	-6.669	0.034
11.876	-6.669	0.034
11.877	-6.669	0.034
11.878	-6.669	0.034
11.879	-6.670	0.034
11.880	-6.670	0.034
11.881	-6.670	0.034
11.882	-6.670	0.034
11.883	-6.670	0.035
11.884	-6.670	0.035
11.885	-6.670	0.035
11.886	-6.670	0.035
11.887	-6.670	0.035
11.888	-6.670	0.035
11.889	-6.670	0.035
11.890	-6.671	0.035
11.891	-6.671	0.035
11.892	-6.671	0.035
11.893	-6.671	0.035
11.894	-6.671	0.035
11.895	-6.671	0.035
11.896	-6.671	0.035
11.897	-6.671	0.035
11.898	-6.671	0.035
11.899	-6.671	0.035
11.900	-6.671	0.035
11.901	-6.671	0.035
11.902	-6.672	0.035
11.903	-6.672	0.035
11.904	-6.672	0.035
11.905	-6.672	0.035
11.906	-6.672	0.035
11.907	-6.672	0.035
11.908	-6.672	0.035
11.909	-6.672	0.035
11.910	-6.672	0.035
11.911	-6.672	0.035
11.912	-6.672	0.035
11.913	-6.672	0.035
11.914	-6.673	0.035
11.915	-6.673	0.035
11.916	-6.673	0.035
11.917	-6.673	0.035
11.918	-6.673	0.036
11.919	-6.673	0.036
11.920	-6.673	0.036
11.921	-6.673	0.036
11.922	-6.673	0.036
11.923	-6.673	0.036
11.924	-6.673	0.036
11.925	-6.673	0.036
11.926	-6.673	0.036
11.927	-6.674	0.036
11.928	-6.674	0.036
11.929	-6.674	0.036
11.930	-6.674	0.036
11.931	-6.674	0.036
11.932	-6.674	0.036
11.933	-6.674	0.036
11.934	-6.674	0.036
11.935	-6.674	0.036
11.936	-6.674	0.036
11.937	-6.674	0.036
11.938	-6.674	0.036
11.939	-6.674	0.036
11.940	-6.675	0.036
11.941	-6.675	0.036
11.942	-6.675	0.036
11.943	-6.675	0.036
11.944	-6.675	0.036
11.945	-6.675	0.036
11.946	-6.675	0.036
11.947	-6.675	0.036
11.948	-6.675	0.036
11.949	-6.675	0.036
11.950	-6.675	0.037
11.951	-6.675	0.037
11.952	-6.675	0.037
11.953	-6.676	0.037
11.954	-6.676	0.037
11.955	-6.676	0.037
11.956	-6.676	0.037
11.957	-6.676	0.037
11.958	-6.676	0.037
11.959	-6.676	0.037
11.960	-6.676	0.037
11.961	-6.676	0.037
11.962	-6.676	0.037
11.963	-6.676	0.037
11.964	-6.676	0.037
11.965	-6.676	0.037
11.966	-6.676	0.037
11.967	-6.677	0.037
11.968	-6.677	0.037
11.969	-6.677	0.037
11.970	-6.677	0.037
11.971	-6.677	0.037
11.972	-6.677	0.037
11.973	-6.677	0.037
11.974	-6.677	0.037
11.975	-6.677	0.037
11.976	-6.677	0.037
11.977	-6.677	0.037
11.978	-6.677	0.037
11.979	-6.677	0.037
11.980	-6.677	0.037
11.981	-6.677	0.037
11.982	-6.678	0.037
11.983	-6.678	0.037
11.984	-6.678	0.038
11.985	-6.678	0.038
11.986	-6.678	0.038
11.987	-6.678	0.038
11.988	-6.678	0.038
11.989	-6.678	0.038
11.990	-6.678	0.038
11.991	-6.678	0.038
11.992	-6.678	0.038
11.993	-6.678	0.038
11.994	-6.678	0.038
11.995	-6.678	0.038
11.996	-6.678	0.038
11.997	-6.679	0.038
11.998	-6.679	0.038
11.999	-6.679	0.038
12.000	-6.679	0.038
12.001	-6.679	0.038
12.002	-6.679	0.038
12.003	-6.679	0.038
12.004	-6.679	0.038
12.005	-6.679	0.038
12.006	-6.679	0.038
12.007	-6.679	0.038
12.008	-6.679	0.038
12.009	-6.679	0.038
12.010	-6.679	0.038
12.011	-6.679	0.038
12.012	-6.679	0.038
12.013	-6.680	0.038
12.014	-6.680	0.038
12.015	-6.680	0.038
12.016	-6.680	0.038
12.017	-6.680	0.038
12.018	-6.680	0.038
12.019	-6.680	0.038
12.020	-6.680	0.038
12.021	-6.680	0.039
12.022	-6.680	0.039
12.023	-6.680	0.039
12.024	-6.680	0.039
12.025	-6.680	0.039
12.026	-6.680	0.039
12.027	-6.680	0.039
12.028	-6.680	0.039
12.029	-6.681	0.039
12.030	-6.681	0.039
12.031	-6.681	0.039
12.032	-6.681	0.039
12.033	-6.681	0.039
12.034	-6.681	0.039
12.035	-6.681	0.039
12.036	-6.681	0.039
12.037	-6.681	0.039
12.038	-6.681	0.039
12.039	-6.681	0.039
12.040	-6.681	0.039
12.041	-6.681	0.039
12.042	-6.681	0.039
12.043	-6.681	0.039
12.044	-6.681	0.039
12.045	-6.681	0.039
12.046	-6.681	0.039
12.047	-6.682	0.039
12.048	-6.682	0.039
12.049	-6.682	0.039
12.050	-6.682	0.039
12.051	-6.682	0.039
12.052	-6.682	0.039
12.053	-6.682	0.039
12.054	-6.682	0.039
12.055	-6.682	0.039
12.056	-6.682	0.039
12.057	-6.682	0.039
12.058	-6.682	0.039
12.059	-6.682	0.039
12.060	-6.682	0.039
12.061	-6.682	0.039
12.062	-6.682	0.040
12.063	-6.682	0.040
12.064	-6.682	0.040
12.065	-6.682	0.040
12.066	-6.682	0.040
12.067	-6.683	0.040
12.068	-6.683	0.040
12.069	-6.683	0.040
12.070	-6.683	0.040
12.071	-6.683	0.040
12.072	-6.683	0.040
12.073	-6.683	0.040
12.074	-6.683	0.040
12.075	-6.683	0.040
12.076	-6.683	0.040
12.077	-6.683	0.040
12.078	-6.683	0.040
12.079	-6.683	0.040
12.080	-6.683	0.040
12.081	-6.683	0.040
12.082	-6.683	0.040
12.083	-6.683	0.040
12.084	-6.683	0.040
12.085	-6.683	0.040
12.086	-6.683	0.040
12.087	-6.683	0.040
12.088	-6.684	0.040
12.089	-6.684	0.040
12.090	-6.684	0.040
12.091	-6.684	0.040
12.092	-6.684	0.040
12.093	-6.684	0.040
12.094	-6.684	0.040
12.095	-6.684	0.040
12.096	-6.684	0.040
12.097	-6.684	0.040
12.098	-6.684	0.040
12.099	-6.684	0.040
12.100	-6.684	0.040
12.101	-6.684	0.040
12.102	-6.684	0.040
12.103	-6.684	0.040
12.104	-6.684	0.040
12.105	-6.684	0.040
12.106	-6.684	0.040
12.107	-6.684	0.040
12.108	-6.684	0.040
12.109	-6.684	0.041
12.110	-6.684	0.041
12.111	-6.684	0.041
12.112	-6.684	0.041
12.113	-6.685	0.041
12.114	-6.685	0.041
12.115	-6.685	0.041
12.116	-6.685	0.041
12.117	-6.685	0.041
12.118	-6.685	0.041
12.119	-6.685	0.041
12.120	-6.685	0.041
12.121	-6.685	0.041
12.122	-6.685	0.041
12.123	-6.685	0.041
12.124	-6.685	0.041
12.125	-6.685	0.041
12.126	-6.685	0.041
12.127	-6.685	0.041
12.128	-6.685	0.041
12.129	-6.685	0.041
12.130	-6.685	0.041
12.131	-6.685	0.041
12.132	-6.685	0.041
12.133	-6.685	0.041
12.134	-6.685	0.041
12.135	-6.685	0.041
12.136	-6.685	0.041
12.137	-6.685	0.041
12.138	-6.685	0.041
12.139	-6.685	0.041
12.140	-6.685	0.041
12.141	-6.686	0.041
12.142	-6.686	0.041
12.143	-6.686	0.041
12.144	-6.686	0.041
12.145	-6.686	0.041
12.146	-6.686	0.041
12.147	-6.686	0.041
12.148	-6.686	0.041
12.149	-6.686	0.041
12.150	-6.686	0.041
12.151	-6.686	0.041
12.152	-6.686	0.041
12.153	-6.686	0.041
12.154	-6.686	0.041
12.155	-6.686	0.041
12.156	-6.686	0.041
12.157	-6.686	0.041
12.158	-6.686	0.041
12.159	-6.686	0.041
12.160	-6.686	0.041
12.161	-6.686	0.041
12.162	-6.686	0.041
12.163	-6.686	0.041
12.164	-6.686	0.041
12.165	-6.686	0.041
12.166	-6.686	0.041
12.167	-6.686	0.041
12.168	-6.686	0.042
12.169	-6.686	0.042
12.170	-6.686	0.042
12.171	-6.686	0.042
12.172	-6.686	0.042
12.173	-6.686	0.042
12.174	-6.686	0.042
12.175	-6.686	0.042
12.176	-6.686	0.042
12.177	-6.686	0.042
12.178	-6.686	0.042
12.179	-6.687	0.042
12.180	-6.687	0.042
12.181	-6.687	0.042
12.182	-6.687	0.042
12.183	-6.687	0.042
12.184	-6.687	0.042
12.185	-6.687	0.042
12.186	-6.687	0.042
12.187	-6.687	0.042
12.188	-6.687	0.042
12.189	-6.687	0.042
12.190	-6.687	0.042
12.191	-6.687	0.042
12.192	-6.687	0.042
12.193	-6.687	0.042
12.194	-6.687	0.042
12.195	-6.687	0.042
12.196	-6.687	0.042
12.197	-6.687	0.042
12.198	-6.687	0.042
12.199	-6.687	0.042
12.200	-6.687	0.042
12.201	-6.687	0.042
12.202	-6.687	0.042
12.203	-6.687	0.042
12.204	-6.687	0.042
12.205	-6.687	0.042
12.206	-6.687	0.042
12.207	-6.687	0.042
12.208	-6.687	0.042
12.209	-6.687	0.042
12.210	-6.687	0.042
12.211	-6.687	0.042
12.212	-6.687	0.042
12.213	-6.687	0.042
12.214	-6.687	0.042
12.215	-6.687	0.042
12.216	-6.687	0.042
12.217	-6.687	0.042
12.218	-6.687	0.042
12.219	-6.687	0.042
12.220	-6.687	0.042
12.221	-6.687	0.042
12.222	-6.687	0.042
12.223	-6.687	0.042
12.224	-6.687	0.042
12.225	-6.687	0.042
12.226	-6.687	0.042
12.227	-6.687	0.042
12.228	-6.687	0.042
12.229	-6.687	0.042
12.230	-6.687	0.042
12.231	-6.687	0.042
12.232	-6.687	0.042
12.233	-6.687	0.042
12.234	-6.687	0.042
12.235	-6.687	0.042
12.236	-6.687	0.042
12.237	-6.687	0.042
12.238	-6.687	0.042
12.239	-6.687	0.042
12.240	-6.687	0.042
12.241	-6.687	0.042
12.242	-6.687	0.042
12.243	-6.687	0.042
12.244	-6.687	0.042
12.245	-6.687	0.042
12.246	-6.687	0.042
12.247	-6.687	0.042
12.248	-6.687	0.042
12.249	-6.687	0.042
12.250	-6.687	0.042
12.251	-6.687	0.042
12.252	-6.687	0.042
12.253	-6.687	0.042
12.254	-6.687	0.042
12.255	-6.687	0.042
12.256	-6.687	0.042
12.257	-6.687	0.042
12.258	-6.687	0.042
12.259	-6.687	0.042
12.260	-6.687	0.042
12.261	-6.687	0.042
12.262	-6.687	0.042
12.263	-6.687	0.042
12.264	-6.687	0.042
12.265	-6.687	0.042
12.266	-6.687	0.042
12.267	-6.687	0.042
12.268	-6.687	0.042
12.269	-6.687	0.042
12.270	-6.687	0.042
12.271	-6.687	0.042
12.272	-6.687	0.042
12.273	-6.687	0.042
12.274	-6.687	0.042
12.275	-6.687	0.042
12.276	-6.687	0.042
12.277	-6.687	0.042
12.278	-6.687	0.042
12.279	-6.687	0.042
12.280	-6.687	0.042
12.281	-6.687	0.042
12.282	-6.687	0.042
12.283	-6.687	0.042
12.284	-6.687	0.042
12.285	-6.687	0.042
12.286	-6.687	0.042
12.287	-6.687	0.042
12.288	-6.687	0.042
12.289	-6.687	0.042
12.290	-6.687	0.042
12.291	-6.687	0.042
12.292	-6.687	0.042
12.293	-6.687	0.042
12.294	-6.687	0.042
12.295	-6.687	0.042
12.296	-6.687	0.042
12.297	-6.687	0.042
12.298	-6.687	0.042
12.299	-6.687	0.042
12.300	-6.687	0.042
12.301	-6.687	0.042
12.302	-6.687	0.042
12.303	-6.687	0.042
12.304	-6.687	0.042
12.305	-6.687	0.042
12.306	-6.687	0.042
12.307	-6.687	0.042
12.308	-6.687	0.042
12.309	-6.687	0.042
12.310	-6.687	0.042
12.311	-6.687	0.042
12.312	-6.687	0.042
12.313	-6.687	0.042
12.314	-6.687	0.042
12.315	-6.687	0.042
12.316	-6.687	0.042
12.317	-6.687	0.042
12.318	-6.687	0.042
12.319	-6.687	0.042
12.320	-6.687	0.042
12.321	-6.687	0.042
12.322	-6.687	0.042
12.323	-6.687	0.042
12.324	-6.687	0.042
12.325	-6.687	0.042
12.326	-6.687	0.042
12.327	-6.687	0.042
12.328	-6.687	0.042
12.329	-6.687	0.041
12.330	-6.687	0.041
12.331	-6.687	0.041
12.332	-6.687	0.041
12.333	-6.687	0.041
12.334	-6.687	0.041
12.335	-6.687	0.041
12.336	-6.687	0.041
12.337	-6.687	0.041
12.338	-6.686	0.041
12.339	-6.686	0.041
12.340	-6.686	0.041
12.341	-6.686	0.041
12.342	-6.686	0.041
12.343	-6.686	0.041
12.344	-6.686	0.041
12.345	-6.686	0.041
12.346	-6.686	0.041
12.347	-6.686	0.041
12.348	-6.686	0.041
12.349	-6.686	0.041
12.350	-6.686	0.041
12.351	-6.686	0.041
12.352	-6.686	0.041
12.353	-6.686	0.041
12.354	-6.686	0.041
12.355	-6.686	0.041
12.356	-6.686	0.041
12.357	-6.686	0.041
12.358	-6.686	0.041
12.359	-6.686	0.041
12.360	-6.686	0.041
12.361	-6.686	0.041
12.362	-6.686	0.041
12.363	-6.686	0.041
12.364	-6.686	0.041
12.365	-6.686	0.041
12.366	-6.686	0.041
12.367	-6.686	0.041
12.368	-6.686	0.041
12.369	-6.686	0.041
12.370	-6.686	0.041
12.371	-6.686	0.041
12.372	-6.686	0.041
12.373	-6.685	0.041
12.374	-6.685	0.040
12.375	-6.685	0.040
12.376	-6.685	0.040
12.377	-6.685	0.040
12.378	-6.685	0.040
12.379	-6.685	0.040
12.380	-6.685	0.040
12.381	-6.685	0.040
12.382	-6.685	0.040
12.383	-6.685	0.040
12.384	-6.685	0.040
12.385	-6.685	0.040
12.386	-6.685	0.040
12.387	-6.685	0.040
12.388	-6.685	0.040
12.389	-6.685	0.040
12.390	-6.685	0.040
12.391	-6.685	0.040
12.392	-6.685	0.040
12.393	-6.685	0.040
12.394	-6.685	0.040
12.395	-6.685	0.040
12.396	-6.685	0.040
12.397	-6.685	0.040
12.398	-6.685	0.040
12.399	-6.685	0.040
12.400	-6.684	0.040
12.401	-6.684	0.040
12.402	-6.684	0.040
12.403	-6.684	0.040
12.404	-6.684	0.040
12.405	-6.684	0.040
12.406	-6.684	0.040
12.407	-6.684	0.040
12.408	-6.684	0.040
12.409	-6.684	0.039
12.410	-6.684	0.039
12.411	-6.684	0.039
12.412	-6.684	0.039
12.413	-6.684	0.039
12.414	-6.684	0.039
12.415	-6.684	0.039
12.416	-6.684	0.039
12.417	-6.684	0.039
12.418	-6.684	0.039
12.419	-6.684	0.039
12.420	-6.684	0.039
12.421	-6.684	0.039
12.422	-6.684	0.039
12.423	-6.683	0.039
12.424	-6.683	0.039
12.425	-6.683	0.039
12.426	-6.683	0.039
12.427	-6.683	0.039
12.428	-6.683	0.039
12.429	-6.683	0.039
12.430	-6.683	0.039
12.431	-6.683	0.039
12.432	-6.683	0.039
12.433	-6.683	0.039
12.434	-6.683	0.039
12.435	-6.683	0.039
12.436	-6.683	0.039
12.437	-6.683	0.039
12.438	-6.683	0.039
12.439	-6.683	0.038
12.440	-6.683	0.038
12.441	-6.683	0.038
12.442	-6.683	0.038
12.443	-6.682	0.038
12.444	-6.682	0.038
12.445	-6.682	0.038
12.446	-6.682	0.038
12.447	-6.682	0.038
12.448	-6.682	0.038
12.449	-6.682	0.038
12.450	-6.682	0.038
12.451	-6.682	0.038
12.452	-6.682	0.038
12.453	-6.682	0.038
12.454	-6.682	0.038
12.455	-6.682	0.038
12.456	-6.682	0.038
12.457	-6.682	0.038
12.458	-6.682	0.038
12.459	-6.682	0.038
12.460	-6.682	0.038
12.461	-6.682	0.038
12.462	-6.681	0.038
12.463	-6.681	0.038
12.464	-6.681	0.038
12.465	-6.681	0.038
12.466	-6.681	0.038
12.467	-6.681	0.037
12.468	-6.681	0.037
12.469	-6.681	0.037
12.470	-6.681	0.037
12.471	-6.681	0.037
12.472	-6.681	0.037
12.473	-6.681	0.037
12.474	-6.681	0.037
12.475	-6.681	0.037
12.476	-6.681	0.037
12.477	-6.681	0.037
12.478	-6.681	0.037
12.479	-6.680	0.037
12.480	-6.680	0.037
12.481	-6.680	0.037
12.482	-6.680	0.037
12.483	-6.680	0.037
12.484	-6.680	0.037
12.485	-6.680	0.037
12.486	-6.680	0.037
12.487	-6.680	0.037
12.488	-6.680	0.037
12.489	-6.680	0.037
12.490	-6.680	0.037
12.491	-6.680	0.037
12.492	-6.680	0.037
12.493	-6.680	0.037
12.494	-6.680	0.036
12.495	-6.679	0.036
12.496	-6.679	0.036
12.497	-6.679	0.036
12.498	-6.679	0.036
12.499	-6.679	0.036
12.500	-6.679	0.036
12.501	-6.679	0.036
12.502	-6.679	0.036
12.503	-6.679	0.036
12.504	-6.679	0.036
12.505	-6.679	0.036
12.506	-6.679	0.036
12.507	-6.679	0.036
12.508	-6.679	0.036
12.509	-6.679	0.036
12.510	-6.678	0.036
12.511	-6.678	0.036
12.512	-6.678	0.036
12.513	-6.678	0.036
12.514	-6.678	0.036
12.515	-6.678	0.036
12.516	-6.678	0.036
12.517	-6.678	0.036
12.518	-6.678	0.036
12.519	-6.678	0.036
12.520	-6.678	0.036
12.521	-6.678	0.036
12.522	-6.678	0.036
12.523	-6.678	0.035
12.524	-6.678	0.035
12.525	-6.677	0.035
12.526	-6.677	0.035
12.527	-6.677	0.035
12.528	-6.677	0.035
12.529	-6.677	0.035
12.530	-6.677	0.035
12.531	-6.677	0.035
12.532	-6.677	0.035
12.533	-6.677	0.035
12.534	-6.677	0.035
12.535	-6.677	0.035
12.536	-6.677	0.035
12.537	-6.677	0.035
12.538	-6.677	0.035
12.539	-6.676	0.035
12.540	-6.676	0.035
12.541	-6.676	0.035
12.542	-6.676	0.035
12.543	-6.676	0.035
12.544	-6.676	0.035
12.545	-6.676	0.035
12.546	-6.676	0.035
12.547	-6.676	0.035
12.548	-6.676	0.035
12.549	-6.676	0.035
12.550	-6.676	0.035
12.551	-6.676	0.035
12.552	-6.676	0.035
12.553	-6.675	0.035
12.554	-6.675	0.034
12.555	-6.675	0.034
12.556	-6.675	0.034
12.557	-6.675	0.034
12.558	-6.675	0.034
12.559	-6.675	0.034
12.560	-6.675	0.034
12.561	-6.675	0.034
12.562	-6.675	0.034
12.563	-6.675	0.034
12.564	-6.675	0.034
12.565	-6.675	0.034
12.566	-6.675	0.034
12.567	-6.674	0.034
12.568	-6.674	0.034
12.569	-6.674	0.034
12.570	-6.674	0.034
12.571	-6.674	0.034
12.572	-6.674	0.034
12.573	-6.674	0.034
12.574	-6.674	0.034
12.575	-6.674	0.034
12.576	-6.674	0.034
12.577	-6.674	0.034
12.578	-6.674	0.034
12.579	-6.674	0.034
12.580	-6.673	0.034
12.581	-6.673	0.034
12.582	-6.673	0.034
12.583	-6.673	0.034
12.584	-6.673	0.034
12.585	-6.673	0.034
12.586	-6.673	0.034
12.587	-6.673	0.034
12.588	-6.673	0.034
12.589	-6.673	0.034
12.590	-6.673	0.034
12.591	-6.673	0.034
12.592	-6.673	0.034
12.593	-6.672	0.034
12.594	-6.672	0.034
12.595	-6.672	0.034
12.596	-6.672	0.034
12.597	-6.672	0.034
12.598	-6.672	0.033
12.599	-6.672	0.033
12.600	-6.672	0.033
12.601	-6.672	0.033
12.602	-6.672	0.033
12.603	-6.672	0.033
12.604	-6.672	0.033
12.605	-6.672	0.033
12.606	-6.671	0.033
12.607	-6.671	0.033
12.608	-6.671	0.033
12.609	-6.671	0.033
12.610	-6.671	0.033
12.611	-6.671	0.033
12.612	-6.671	0.033
12.613	-6.671	0.033
12.614	-6.671	0.033
12.615	-6.671	0.033
12.616	-6.671	0.033
12.617	-6.671	0.033
12.618	-6.670	0.033
12.619	-6.670	0.033
12.620	-6.670	0.033
12.621	-6.670	0.033
12.622	-6.670	0.033
12.623	-6.670	0.033
12.624	-6.670	0.033
12.625	-6.670	0.033
12.626	-6.670	0.033
12.627	-6.670	0.033
12.628	-6.670	0.033
12.629	-6.670	0.033
12.630	-6.670	0.033
12.631	-6.669	0.033
12.632	-6.669	0.033
12.633	-6.669	0.033
12.634	-6.669	0.033
12.635	-6.669	0.033
12.636	-6.669	0.033
12.637	-6.669	0.033
12.638	-6.669	0.033
12.639	-6.669	0.033
12.640	-6.669	0.033
12.641	-6.669	0.033
12.642	-6.669	0.033
12.643	-6.668	0.033
12.644	-6.668	0.033
12.645	-6.668	0.033
12.646	-6.668	0.033
12.647	-6.668	0.033
12.648	-6.668	0.033
12.649	-6.668	0.033
12.650	-6.668	0.033
12.651	-6.668	0.033
12.652	-6.668	0.033
12.653	-6.668	0.033
12.654	-6.668	0.033
12.655	-6.667	0.033
12.656	-6.667	0.033
12.657	-6.667	0.033
12.658	-6.667	0.033
12.659	-6.667	0.033
12.660	-6.667	0.033
12.661	-6.667	0.033
12.662	-6.667	0.033
12.663	-6.667	0.033
12.664	-6.667	0.033
12.665	-6.667	0.033
12.666	-6.667	0.033
12.667	-6.666	0.033
12.668	-6.666	0.033
12.669	-6.666	0.033
12.670	-6.666	0.033
12.671	-6.666	0.033
12.672	-6.666	0.033
12.673	-6.666	0.033
12.674	-6.666	0.033
12.675	-6.666	0.033
12.676	-6.666	0.033
12.677	-6.666	0.033
12.678	-6.666	0.033
12.679	-6.666	0.033
12.680	-6.665	0.033
12.681	-6.665	0.033
12.682	-6.665	0.033
12.683	-6.665	0.033
12.684	-6.665	0.033
12.685	-6.665	0.033
12.686	-6.665	0.033
12.687	-6.665	0.033
12.688	-6.665	0.033
12.689	-6.665	0.033
12.690	-6.665	0.033
12.691	-6.665	0.033
12.692	-6.664	0.033
12.693	-6.664	0.033
12.694	-6.664	0.033
12.695	-6.664	0.033
12.696	-6.664	0.033
12.697	-6.664	0.033
12.698	-6.664	0.033
12.699	-6.664	0.033
12.700	-6.664	0.033
12.701	-6.664	0.033
12.702	-6.664	0.033
12.703	-6.664	0.033
12.704	-6.663	0.033
12.705	-6.663	0.033
12.706	-6.663	0.033
12.707	-6.663	0.033
12.708	-6.663	0.033
12.709	-6.663	0.033
12.710	-6.663	0.034
12.711	-6.663	0.034
12.712	-6.663	0.034
12.713	-6.663	0.034
12.714	-6.663	0.034
12.715	-6.663	0.034
12.716	-6.662	0.034
12.717	-6.662	0.034
12.718	-6.662	0.034
12.719	-6.662	0.034
12.720	-6.662	0.034
12.721	-6.662	0.034
12.722	-6.662	0.034
12.723	-6.662	0.034
12.724	-6.662	0.034
12.725	-6.662	0.034
12.726	-6.662	0.034
12.727	-6.662	0.034
12.728	-6.661	0.034
12.729	-6.661	0.034
12.730	-6.661	0.034
12.731	-6.661	0.034
12.732	-6.661	0.034
12.733	-6.661	0.034
12.734	-6.661	0.034
12.735	-6.661	0.034
12.736	-6.661	0.034
12.737	-6.661	0.034
12.738	-6.661	0.034
12.739	-6.661	0.034
12.740	-6.660	0.034
12.741	-6.660	0.034
12.742	-6.660	0.034
12.743	-6.660	0.034
12.744	-6.660	0.034
12.745	-6.660	0.034
12.746	-6.660	0.034
12.747	-6.660	0.034
12.748	-6.660	0.034
12.749	-6.660	0.034
12.750	-6.660	0.034
12.751	-6.660	0.034
12.752	-6.659	0.034
12.753	-6.659	0.034
12.754	-6.659	0.034
12.755	-6.659	0.034
12.756	-6.659	0.034
12.757	-6.659	0.034
12.758	-6.659	0.034
12.759	-6.659	0.034
12.760	-6.659	0.035
12.761	-6.659	0.035
12.762	-6.659	0.035
12.763	-6.659	0.035
12.764	-6.659	0.035
12.765	-6.658	0.035
12.766	-6.658	0.035
12.767	-6.658	0.035
12.768	-6.658	0.035
12.769	-6.658	0.035
12.770	-6.658	0.035
12.771	-6.658	0.035
12.772	-6.658	0.035
12.773	-6.658	0.035
12.774	-6.658	0.035
12.775	-6.658	0.035
12.776	-6.658	0.035
12.777	-6.657	0.035
12.778	-6.657	0.035
12.779	-6.657	0.035
12.780	-6.657	0.035
12.781	-6.657	0.035
12.782	-6.657	0.035
12.783	-6.657	0.035
12.784	-6.657	0.035
12.785	-6.657	0.035
12.786	-6.657	0.035
12.787	-6.657	0.035
12.788	-6.657	0.035
12.789	-6.657	0.035
12.790	-6.656	0.035
12.791	-6.656	0.035
12.792	-6.656	0.035
12.793	-6.656	0.035
12.794	-6.656	0.035
12.795	-6.656	0.035
12.796	-6.656	0.035
12.797	-6.656	0.035
12.798	-6.656	0.035
12.799	-6.656	0.035
12.800	-6.656	0.035
12.801	-6.656	0.035
12.802	-6.655	0.036
12.803	-6.655	0.036
12.804	-6.655	0.036
12.805	-6.655	0.036
12.806	-6.655	0.036
12.807	-6.655	0.036
12.808	-6.655	0.036
12.809	-6.655	0.036
12.810	-6.655	0.036
12.811	-6.655	0.036
12.812	-6.655	0.036
12.813	-6.655	0.036
12.814	-6.655	0.036
12.815	-6.654	0.036
12.816	-6.654	0.036
12.817	-6.654	0.036
12.818	-6.654	0.036
12.819	-6.654	0.036
12.820	-6.654	0.036
12.821	-6.654	0.036
12.822	-6.654	0.036
12.823	-6.654	0.036
12.824	-6.654	0.036
12.825	-6.654	0.036
12.826	-6.654	0.036
12.827	-6.654	0.036
12.828	-6.654	0.036
12.829	-6.653	0.036
12.830	-6.653	0.036
12.831	-6.653	0.036
12.832	-6.653	0.036
12.833	-6.653	0.036
12.834	-6.653	0.036
12.835	-6.653	0.036
12.836	-6.653	0.036
12.837	-6.653	0.036
12.838	-6.653	0.036
12.839	-6.653	0.036
12.840	-6.653	0.036
12.841	-6.653	0.037
12.842	-6.652	0.037
12.843	-6.652	0.037
12.844	-6.652	0.037
12.845	-6.652	0.037
12.846	-6.652	0.037
12.847	-6.652	0.037
12.848	-6.652	0.037
12.849	-6.652	0.037
12.850	-6.652	0.037
12.851	-6.652	0.037
12.852	-6.652	0.037
12.853	-6.652	0.037
12.854	-6.652	0.037
12.855	-6.652	0.037
12.856	-6.651	0.037
12.857	-6.651	0.037
12.858	-6.651	0.037
12.859	-6.651	0.037
12.860	-6.651	0.037
12.861	-6.651	0.037
12.862	-6.651	0.037
12.863	-6.651	0.037
12.864	-6.651	0.037
12.865	-6.651	0.037
12.866	-6.651	0.037
12.867	-6.651	0.037
12.868	-6.651	0.037
12.869	-6.651	0.037
12.870	-6.650	0.037
12.871	-6.650	0.037
12.872	-6.650	0.037
12.873	-6.650	0.037
12.874	-6.650	0.037
12.875	-6.650	0.037
12.876	-6.650	0.037
12.877	-6.650	0.037
12.878	-6.650	0.037
12.879	-6.650	0.037
12.880	-6.650	0.038
12.881	-6.650	0.038
12.882	-6.650	0.038
12.883	-6.650	0.038
12.884	-6.649	0.038
12.885	-6.649	0.038
12.886	-6.649	0.038
12.887	-6.649	0.038
12.888	-6.649	0.038
12.889	-6.649	0.038
12.890	-6.649	0.038
12.891	-6.649	0.038
12.892	-6.649	0.038
12.893	-6.649	0.038
12.894	-6.649	0.038
12.895	-6.649	0.038
12.896	-6.649	0.038
12.897	-6.649	0.038
12.898	-6.649	0.038
12.899	-6.648	0.038
12.900	-6.648	0.038
12.901	-6.648	0.038
12.902	-6.648	0.038
12.903	-6.648	0.038
12.904	-6.648	0.038
12.905	-6.648	0.038
12.906	-6.648	0.038
12.907	-6.648	0.038
12.908	-6.648	0.038
12.909	-6.648	0.038
12.910	-6.648	0.038
12.911	-6.648	0.038
12.912	-6.648	0.038
12.913	-6.648	0.038
12.914	-6.647	0.038
12.915	-6.647	0.038
12.916	-6.647	0.038
12.917	-6.647	0.038
12.918	-6.647	0.038
12.919	-6.647	0.038
12.920	-6.647	0.038
12.921	-6.647	0.039
12.922	-6.647	0.039
12.923	-6.647	0.039
12.924	-6.647	0.039
12.925	-6.647	0.039
12.926	-6.647	0.039
12.927	-6.647	0.039
12.928	-6.647	0.039
12.929	-6.646	0.039
12.930	-6.646	0.039
12.931	-6.646	0.039
12.932	-6.646	0.039
12.933	-6.646	0.039
12.934	-6.646	0.039
12.935	-6.646	0.039
12.936	-6.646	0.039
12.937	-6.646	0.039
12.938	-6.646	0.039
12.939	-6.646	0.039
12.940	-6.646	0.039
12.941	-6.646	0.039
12.942	-6.646	0.039
12.943	-6.646	0.039
12.944	-6.646	0.039
12.945	-6.645	0.039
12.946	-6.645	0.039
12.947	-6.645	0.039
12.948	-6.645	0.039
12.949	-6.645	0.039
12.950	-6.645	0.039
12.951	-6.645	0.039
12.952	-6.645	0.039
12.953	-6.645	0.039
12.954	-6.645	0.039
12.955	-6.645	0.039
12.956	-6.645	0.039
12.957	-6.645	0.039
12.958	-6.645	0.039
12.959	-6.645	0.039
12.960	-6.645	0.039
12.961	-6.645	0.039
12.962	-6.644	0.039
12.963	-6.644	0.039
12.964	-6.644	0.039
12.965	-6.644	0.039
12.966	-6.644	0.039
12.967	-6.644	0.039
12.968	-6.644	0.039
12.969	-6.644	0.040
12.970	-6.644	0.040
12.971	-6.644	0.040
12.972	-6.644	0.040
12.973	-6.644	0.040
12.974	-6.644	0.040
12.975	-6.644	0.040
12.976	-6.644	0.040
12.977	-6.644	0.040
12.978	-6.644	0.040
12.979	-6.643	0.040
12.980	-6.643	0.040
12.981	-6.643	0.040
12.982	-6.643	0.040
12.983	-6.643	0.040
12.984	-6.643	0.040
12.985	-6.643	0.040
12.986	-6.643	0.040
12.987	-6.643	0.040
12.988	-6.643	0.040
12.989	-6.643	0.040
12.990	-6.643	0.040
12.991	-6.643	0.040
12.992	-6.643	0.040
12.993	-6.643	0.040
12.994	-6.643	0.040
12.995	-6.643	0.040
12.996	-6.643	0.040
12.997	-6.642	0.040
12.998	-6.642	0.040
12.999	-6.642	0.040
13.000	-6.642	0.040
13.001	-6.642	0.040
13.002	-6.642	0.040
13.003	-6.642	0.040
13.004	-6.642	0.040
13.005	-6.642	0.040
13.006	-6.642	0.040
13.007	-6.642	0.040
13.008	-6.642	0.040
13.009	-6.642	0.040
13.010	-6.642	0.040
13.011	-6.642	0.040
13.012	-6.642	0.040
13.013	-6.642	0.040
13.014	-6.642	0.040
13.015	-6.642	0.040
13.016	-6.641	0.040
13.017	-6.641	0.040
13.018	-6.641	0.040
13.019	-6.641	0.040
13.020	-6.641	0.040
13.021	-6.641	0.040
13.022	-6.641	0.040
13.023	-6.641	0.040
13.024	-6.641	0.040
13.025	-6.641	0.040
13.026	-6.641	0.040
13.027	-6.641	0.040
13.028	-6.641	0.040
13.029	-6.641	0.040
13.030	-6.641	0.040
13.031	-6.641	0.040
13.032	-6.641	0.040
13.033	-6.641	0.040
13.034	-6.641	0.040
13.035	-6.641	0.040
13.036	-6.640	0.040
13.037	-6.640	0.040
13.038	-6.640	0.040
13.039	-6.640	0.040
13.040	-6.640	0.040
13.041	-6.640	0.040
13.042	-6.640	0.040
13.043	-6.640	0.040
13.044	-6.640	0.040
13.045	-6.640	0.040
13.046	-6.640	0.040
13.047	-6.640	0.040
13.048	-6.640	0.040
13.049	-6.640	0.040
13.050	-6.640	0.040
13.051	-6.640	0.040
13.052	-6.640	0.040
13.053	-6.640	0.040
13.054	-6.640	0.040
13.055	-6.640	0.040
13.056	-6.640	0.040
13.057	-6.639	0.040
13.058	-6.639	0.040
13.059	-6.639	0.040
13.060	-6.639	0.040
13.061	-6.639	0.040
13.062	-6.639	0.040
13.063	-6.639	0.040
13.064	-6.639	0.040
13.065	-6.639	0.040
13.066	-6.639	0.040
13.067	-6.639	0.040
13.068	-6.639	0.040
13.069	-6.639	0.040
13.070	-6.639	0.040
13.071	-6.639	0.040
13.072	-6.639	0.040
13.073	-6.639	0.040
13.074	-6.639	0.040
13.075	-6.639	0.040
13.076	-6.639	0.040
13.077	-6.639	0.040
13.078	-6.639	0.040
13.079	-6.638	0.040
13.080	-6.638	0.040
13.081	-6.638	0.040
13.082	-6.638	0.040
13.083	-6.638	0.040
13.084	-6.638	0.040
13.085	-6.638	0.040
13.086	-6.638	0.040
13.087	-6.638	0.040
13.088	-6.638	0.040
13.089	-6.638	0.040
13.090	-6.638	0.040
13.091	-6.638	0.040
13.092	-6.638	0.040
13.093	-6.638	0.040
13.094	-6.638	0.040
13.095	-6.638	0.040
13.096	-6.638	0.040
13.097	-6.638	0.040
13.098	-6.638	0.040
13.099	-6.638	0.040
13.100	-6.638	0.040
13.101	-6.638	0.040
13.102	-6.637	0.040
13.103	-6.637	0.040
13.104	-6.637	0.040
13.105	-6.637	0.040
13.106	-6.637	0.040
13.107	-6.637	0.040
13.108	-6.637	0.040
13.109	-6.637	0.040
13.110	-6.637	0.040
13.111	-6.637	0.040
13.112	-6.637	0.040
13.113	-6.637	0.040
13.114	-6.637	0.040
13.115	-6.637	0.040
13.116	-6.637	0.040
13.117	-6.637	0.040
13.118	-6.637	0.040
13.119	-6.637	0.040
13.120	-6.637	0.040
13.121	-6.637	0.040
13.122	-6.637	0.040
13.123	-6.637	0.040
13.124	-6.637	0.040
13.125	-6.637	0.040
13.126	-6.637	0.040
13.127	-6.636	0.040
13.128	-6.636	0.040
13.129	-6.636	0.040
13.130	-6.636	0.040
13.131	-6.636	0.040
13.132	-6.636	0.040
13.133	-6.636	0.040
13.134	-6.636	0.040
13.135	-6.636	0.040
13.136	-6.636	0.040
13.137	-6.636	0.040
13.138	-6.636	0.040
13.139	-6.636	0.040
13.140	-6.636	0.040
13.141	-6.636	0.040
13.142	-6.636	0.040
13.143	-6.636	0.040
13.144	-6.636	0.040
13.145	-6.636	0.040
13.146	-6.636	0.040
13.147	-6.636	0.040
13.148	-6.636	0.040
13.149	-6.636	0.040
13.150	-6.636	0.040
13.151	-6.636	0.040
13.152	-6.636	0.040
13.153	-6.636	0.040
13.154	-6.635	0.040
13.155	-6.635	0.040
13.156	-6.635	0.040
13.157	-6.635	0.040
13.158	-6.635	0.040
13.159	-6.635	0.040
13.160	-6.635	0.040
13.161	-6.635	0.040
13.162	-6.635	0.040
13.163	-6.635	0.040
13.164	-6.635	0.040
13.165	-6.635	0.040
13.166	-6.635	0.040
13.167	-6.635	0.040
13.168	-6.635	0.040
13.169	-6.635	0.040
13.170	-6.635	0.040
13.171	-6.635	0.040
13.172	-6.635	0.040
13.173	-6.635	0.040
13.174	-6.635	0.040
13.175	-6.635	0.040
13.176	-6.635	0.040
13.177	-6.635	0.040
13.178	-6.635	0.040
13.179	-6.635	0.040
13.180	-6.635	0.040
13.181	-6.635	0.040
13.182	-6.635	0.040
13.183	-6.634	0.040
13.184	-6.634	0.040
13.185	-6.634	0.040
13.186	-6.634	0.040
13.187	-6.634	0.040
13.188	-6.634	0.040
13.189	-6.634	0.040
13.190	-6.634	0.040
13.191	-6.634	0.040
13.192	-6.634	0.040
13.193	-6.634	0.040
13.194	-6.634	0.040
13.195	-6.634	0.040
13.196	-6.634	0.040
13.197	-6.634	0.040
13.198	-6.634	0.040
13.199	-6.634	0.040
13.200	-6.634	0.040
13.201	-6.634	0.040
13.202	-6.634	0.040
13.203	-6.634	0.040
13.204	-6.634	0.040
13.205	-6.634	0.040
13.206	-6.634	0.040
13.207	-6.634	0.040
13.208	-6.634	0.040
13.209	-6.634	0.040
13.210	-6.634	0.040
13.211	-6.634	0.040
13.212	-6.634	0.040
13.213	-6.634	0.040
13.214	-6.633	0.040
13.215	-6.633	0.040
13.216	-6.633	0.040
13.217	-6.633	0.040
13.218	-6.633	0.040
13.219	-6.633	0.040
13.220	-6.633	0.040
13.221	-6.633	0.040
13.222	-6.633	0.040
13.223	-6.633	0.040
13.224	-6.633	0.040
13.225	-6.633	0.040
13.226	-6.633	0.040
13.227	-6.633	0.040
13.228	-6.633	0.040
13.229	-6.633	0.040
13.230	-6.633	0.040
13.231	-6.633	0.040
13.232	-6.633	0.040
13.233	-6.633	0.040
13.234	-6.633	0.040
13.235	-6.633	0.040
13.236	-6.633	0.040
13.237	-6.633	0.040
13.238	-6.633	0.040
13.239	-6.633	0.040
13.240	-6.633	0.040
13.241	-6.633	0.040
13.242	-6.633	0.040
13.243	-6.633	0.040
13.244	-6.633	0.040
13.245	-6.633	0.040
13.246	-6.633	0.040
13.247	-6.632	0.040
13.248	-6.632	0.040
13.249	-6.632	0.040
13.250	-6.632	0.040
13.251	-6.632	0.040
13.252	-6.632	0.040
13.253	-6.632	0.040
13.254	-6.632	0.040
13.255	-6.632	0.040
13.256	-6.632	0.040
13.257	-6.632	0.040
13.258	-6.632	0.040
13.259	-6.632	0.040
13.260	-6.632	0.040
13.261	-6.632	0.040
13.262	-6.632	0.040
13.263	-6.632	0.040
13.264	-6.632	0.040
13.265	-6.632	0.040
13.266	-6.632	0.040
13.267	-6.632	0.040
13.268	-6.632	0.040
13.269	-6.632	0.040
13.270	-6.632	0.040
13.271	-6.632	0.040
13.272	-6.632	0.040
13.273	-6.632	0.040
13.274	-6.632	0.040
13.275	-6.632	0.040
13.276	-6.632	0.040
13.277	-6.632	0.040
13.278	-6.632	0.040
13.279	-6.632	0.040
13.280	-6.632	0.040
13.281	-6.632	0.040
13.282	-6.632	0.040
13.283	-6.631	0.040
13.284	-6.631	0.040
13.285	-6.631	0.040
13.286	-6.631	0.040
13.287	-6.631	0.040
13.288	-6.631	0.040
13.289	-6.631	0.040
13.290	-6.631	0.040
13.291	-6.631	0.040
13.292	-6.631	0.040
13.293	-6.631	0.040
13.294	-6.631	0.040
13.295	-6.631	0.040
13.296	-6.631	0.040
13.297	-6.631	0.040
13.298	-6.631	0.040
13.299	-6.631	0.040
13.300	-6.631	0.040
13.301	-6.631	0.040
13.302	-6.631	0.040
13.303	-6.631	0.040
13.304	-6.631	0.040
13.305	-6.631	0.040
13.306	-6.631	0.040
13.307	-6.631	0.040
13.308	-6.631	0.040
13.309	-6.631	0.040
13.310	-6.631	0.040
13.311	-6.631	0.040
13.312	-6.631	0.040
13.313	-6.631	0.040
13.314	-6.631	0.040
13.315	-6.631	0.040
13.316	-6.631	0.040
13.317	-6.631	0.040
13.318	-6.631	0.040
13.319	-6.631	0.040
13.320	-6.630	0.040
13.321	-6.630	0.040
13.322	-6.630	0.040
13.323	-6.630	0.040
13.324	-6.630	0.040
13.325	-6.630	0.040
13.326	-6.630	0.040
13.327	-6.630	0.040
13.328	-6.630	0.040
13.329	-6.630	0.040
13.330	-6.630	0.040
13.331	-6.630	0.040
13.332	-6.630	0.040
13.333	-6.630	0.040
13.334	-6.630	0.040
13.335	-6.630	0.040
13.336	-6.630	0.040
13.337	-6.630	0.040
13.338	-6.630	0.040
13.339	-6.630	0.040
13.340	-6.630	0.040
13.341	-6.630	0.040
13.342	-6.630	0.040
13.343	-6.630	0.040
13.344	-6.630	0.040
13.345	-6.630	0.040
13.346	-6.630	0.040
13.347	-6.630	0.040
13.348	-6.630	0.040
13.349	-6.630	0.040
13.350	-6.630	0.040
13.351	-6.630	0.040
13.352	-6.630	0.040
13.353	-6.630	0.040
13.354	-6.630	0.040
13.355	-6.630	0.040
13.356	-6.630	0.040
13.357	-6.630	0.040
13.358	-6.630	0.040
13.359	-6.630	0.040
13.360	-6.630	0.040
13.361	-6.630	0.040
13.362	-6.629	0.040
13.363	-6.629	0.040
13.364	-6.629	0.040
13.365	-6.629	0.040
13.366	-6.629	0.040
13.367	-6.629	0.040
13.368	-6.629	0.040
13.369	-6.629	0.040
13.370	-6.629	0.040
13.371	-6.629	0.040
13.372	-6.629	0.040
13.373	-6.629	0.040
13.374	-6.629	0.040
13.375	-6.629	0.040
13.376	-6.629	0.040
13.377	-6.629	0.040
13.378	-6.629	0.040
13.379	-6.629	0.040
13.380	-6.629	0.040
13.381	-6.629	0.040
13.382	-6.629	0.040
13.383	-6.629	0.040
13.384	-6.629	0.040
13.385	-6.629	0.040
13.386	-6.629	0.040
13.387	-6.629	0.040
13.388	-6.629	0.040
13.389	-6.629	0.040
13.390	-6.629	0.040
13.391	-6.629	0.040
13.392	-6.629	0.040
13.393	-6.629	0.040
13.394	-6.629	0.040
13.395	-6.629	0.040
13.396	-6.629	0.040
13.397	-6.629	0.040
13.398	-6.629	0.040
13.399	-6.629	0.040
13.400	-6.629	0.040
13.401	-6.629	0.040
13.402	-6.629	0.040
13.403	-6.629	0.040
13.404	-6.629	0.040
13.405	-6.629	0.040
13.406	-6.629	0.040
13.407	-6.629	0.040
13.408	-6.629	0.040
13.409	-6.628	0.040
13.410	-6.628	0.040
13.411	-6.628	0.040
13.412	-6.628	0.040
13.413	-6.628	0.040
13.414	-6.628	0.040
13.415	-6.628	0.040
13.416	-6.628	0.040
13.417	-6.628	0.040
13.418	-6.628	0.040
13.419	-6.628	0.040
13.420	-6.628	0.040
13.421	-6.628	0.040
13.422	-6.628	0.040
13.423	-6.628	0.040
13.424	-6.628	0.040
13.425	-6.628	0.040
13.426	-6.628	0.040
13.427	-6.628	0.040
13.428	-6.628	0.040
13.429	-6.628	0.040
13.430	-6.628	0.040
13.431	-6.628	0.040
13.432	-6.628	0.040
13.433	-6.628	0.040
13.434	-6.628	0.040
13.435	-6.628	0.040
13.436	-6.628	0.040
13.437	-6.628	0.040
13.438	-6.628	0.040
13.439	-6.628	0.040
13.440	-6.628	0.040
13.441	-6.628	0.040
13.442	-6.628	0.040
13.443	-6.628	0.040
13.444	-6.628	0.040
13.445	-6.628	0.040
13.446	-6.628	0.040
13.447	-6.628	0.040
13.448	-6.628	0.040
13.449	-6.628	0.040
13.450	-6.628	0.040
13.451	-6.628	0.040
13.452	-6.628	0.040
13.453	-6.628	0.040
13.454	-6.628	0.040
13.455	-6.628	0.041
13.456	-6.628	0.041
13.457	-6.628	0.041
13.458	-6.628	0.041
13.459	-6.628	0.041
13.460	-6.628	0.041
13.461	-6.628	0.041
13.462	-6.628	0.041
13.463	-6.628	0.041
13.464	-6.628	0.041
13.465	-6.628	0.041
13.466	-6.628	0.041
13.467	-6.628	0.041
13.468	-6.628	0.041
13.469	-6.627	0.041
13.470	-6.627	0.041
13.471	-6.627	0.041
13.472	-6.627	0.041
13.473	-6.627	0.041
13.474	-6.627	0.041
13.475	-6.627	0.041
13.476	-6.627	0.041
13.477	-6.627	0.041
13.478	-6.627	0.041
13.479	-6.627	0.041
13.480	-6.627	0.041
13.481	-6.627	0.041
13.482	-6.627	0.041
13.483	-6.627	0.041
13.484	-6.627	0.041
13.485	-6.627	0.041
13.486	-6.627	0.041
13.487	-6.627	0.041
13.488	-6.627	0.041
13.489	-6.627	0.041
13.490	-6.627	0.041
13.491	-6.627	0.041
13.492	-6.627	0.041
13.493	-6.627	0.041
13.494	-6.627	0.041
13.495	-6.627	0.041
13.496	-6.627	0.041
13.497	-6.627	0.041
13.498	-6.627	0.041
13.499	-6.627	0.041
13.500	-6.627	0.041
13.501	-6.627	0.041
13.502	-6.627	0.041
13.503	-6.627	0.041
13.504	-6.627	0.041
13.505	-6.627	0.041
13.506	-6.627	0.041
13.507	-6.627	0.041
13.508	-6.627	0.041
13.509	-6.627	0.041
13.510	-6.627	0.041
13.511	-6.627	0.041
13.512	-6.627	0.041
13.513	-6.627	0.041
13.514	-6.627	0.041
13.515	-6.627	0.041
13.516	-6.627	0.041
13.517	-6.627	0.041
13.518	-6.627	0.041
13.519	-6.627	0.041
13.520	-6.627	0.041
13.521	-6.627	0.041
13.522	-6.627	0.041
13.523	-6.627	0.041
13.524	-6.627	0.041
13.525	-6.627	0.041
13.526	-6.627	0.041
13.527	-6.627	0.041
13.528	-6.627	0.041
13.529	-6.627	0.041
13.530	-6.627	0.041
13.531	-6.627	0.041
13.532	-6.627	0.041
13.533	-6.627	0.041
13.534	-6.627	0.041
13.535	-6.627	0.041
13.536	-6.627	0.041
13.537	-6.627	0.041
13.538	-6.627	0.041
13.539	-6.627	0.041
13.540	-6.627	0.041
13.541	-6.627	0.041
13.542	-6.627	0.041
13.543	-6.627	0.041
13.544	-6.627	0.041
13.545	-6.627	0.041
13.546	-6.627	0.041
13.547	-6.627	0.041
13.548	-6.627	0.041
13.549	-6.627	0.041
13.550	-6.627	0.041
13.551	-6.627	0.041
13.552	-6.627	0.041
13.553	-6.627	0.041
13.554	-6.627	0.041
13.555	-6.627	0.041
13.556	-6.627	0.041
13.557	-6.627	0.041
13.558	-6.627	0.041
13.559	-6.627	0.041
13.560	-6.627	0.041
13.561	-6.627	0.041
13.562	-6.627	0.041
13.563	-6.627	0.041
13.564	-6.627	0.041
13.565	-6.627	0.041
13.566	-6.627	0.041
13.567	-6.627	0.041
13.568	-6.627	0.041
13.569	-6.627	0.041
13.570	-6.627	0.041
13.571	-6.627	0.041
13.572	-6.627	0.041
13.573	-6.627	0.041
13.574	-6.627	0.041
13.575	-6.627	0.041
13.576	-6.627	0.041
13.577	-6.627	0.041
13.578	-6.627	0.041
13.579	-6.627	0.041
13.580	-6.627	0.041
13.581	-6.627	0.041
13.582	-6.627	0.041
13.583	-6.627	0.041
13.584	-6.627	0.041
13.585	-6.627	0.041
13.586	-6.627	0.041
13.587	-6.627	0.041
13.588	-6.627	0.041
13.589	-6.627	0.041
13.590	-6.627	0.041
13.591	-6.627	0.041
13.592	-6.627	0.041
13.593	-6.627	0.041
13.594	-6.627	0.041
13.595	-6.627	0.041
13.596	-6.627	0.041
13.597	-6.627	0.041
13.598	-6.627	0.041
13.599	-6.627	0.041
13.600	-6.627	0.041
13.601	-6.627	0.041
13.602	-6.627	0.041
13.603	-6.627	0.041
13.604	-6.627	0.041
13.605	-6.627	0.041
13.606	-6.627	0.041
13.607	-6.627	0.041
13.608	-6.627	0.041
13.609	-6.627	0.041
13.610	-6.627	0.041
13.611	-6.627	0.041
13.612	-6.627	0.041
13.613	-6.627	0.041
13.614	-6.627	0.041
13.615	-6.627	0.041
13.616	-6.627	0.041
13.617	-6.627	0.041
13.618	-6.627	0.041
13.619	-6.627	0.041
13.620	-6.627	0.041
13.621	-6.627	0.041
13.622	-6.627	0.041
13.623	-6.627	0.041
13.624	-6.627	0.041
13.625	-6.627	0.041
13.626	-6.627	0.041
13.627	-6.627	0.041
13.628	-6.627	0.041
13.629	-6.627	0.041
13.630	-6.627	0.041
13.631	-6.627	0.041
13.632	-6.627	0.041
13.633	-6.627	0.041
13.634	-6.627	0.041
13.635	-6.627	0.041
13.636	-6.627	0.041
13.637	-6.627	0.041
13.638	-6.627	0.041
13.639	-6.627	0.041
13.640	-6.627	0.041
13.641	-6.627	0.041
13.642	-6.627	0.041
13.643	-6.627	0.041
13.644	-6.627	0.041
13.645	-6.627	0.041
13.646	-6.627	0.041
13.647	-6.627	0.041
13.648	-6.627	0.041
13.649	-6.627	0.041
13.650	-6.627	0.041
13.651	-6.627	0.041
13.652	-6.627	0.041
13.653	-6.627	0.041
13.654	-6.627	0.041
13.655	-6.627	0.041
13.656	-6.627	0.041
13.657	-6.627	0.041
13.658	-6.627	0.041
13.659	-6.627	0.041
13.660	-6.627	0.041
13.661	-6.627	0.041
13.662	-6.627	0.041
13.663	-6.627	0.041
13.664	-6.627	0.041
13.665	-6.627	0.041
13.666	-6.627	0.041
13.667	-6.627	0.041
13.668	-6.627	0.041
13.669	-6.627	0.041
13.670	-6.627	0.041
13.671	-6.627	0.041
13.672	-6.627	0.041
13.673	-6.627	0.041
13.674	-6.627	0.041
13.675	-6.627	0.041
13.676	-6.627	0.041
13.677	-6.627	0.041
13.678	-6.627	0.041
13.679	-6.627	0.041
13.680	-6.627	0.041
13.681	-6.627	0.041
13.682	-6.627	0.041
13.683	-6.627	0.041
13.684	-6.627	0.041
13.685	-6.627	0.041
13.686	-6.627	0.041
13.687	-6.627	0.041
13.688	-6.627	0.041
13.689	-6.627	0.041
13.690	-6.627	0.041
13.691	-6.627	0.041
13.692	-6.627	0.041
13.693	-6.627	0.041
13.694	-6.627	0.041
13.695	-6.627	0.041
13.696	-6.627	0.041
13.697	-6.627	0.041
13.698	-6.627	0.041
13.699	-6.627	0.041
13.700	-6.627	0.041
13.701	-6.627	0.041
13.702	-6.627	0.041
13.703	-6.627	0.041
13.704	-6.627	0.041
13.705	-6.627	0.041
13.706	-6.627	0.041
13.707	-6.627	0.041
13.708	-6.627	0.041
13.709	-6.627	0.041
13.710	-6.627	0.041
13.711	-6.627	0.041
13.712	-6.627	0.041
13.713	-6.627	0.041
13.714	-6.627	0.041
13.715	-6.627	0.041
13.716	-6.627	0.041
13.717	-6.627	0.041
13.718	-6.627	0.041
13.719	-6.627	0.041
13.720	-6.627	0.041
13.721	-6.627	0.041
13.722	-6.627	0.041
13.723	-6.627	0.041
13.724	-6.627	0.041
13.725	-6.627	0.041
13.726	-6.627	0.041
13.727	-6.627	0.041
13.728	-6.628	0.041
13.729	-6.628	0.041
13.730	-6.628	0.041
13.731	-6.628	0.041
13.732	-6.628	0.041
13.733	-6.628	0.041
13.734	-6.628	0.041
13.735	-6.628	0.041
13.736	-6.628	0.041
13.737	-6.628	0.041
13.738	-6.628	0.041
13.739	-6.628	0.041
13.740	-6.628	0.041
13.741	-6.628	0.041
13.742	-6.628	0.041
13.743	-6.628	0.041
13.744	-6.628	0.041
13.745	-6.628	0.041
13.746	-6.628	0.041
13.747	-6.628	0.041
13.748	-6.628	0.041
13.749	-6.628	0.041
13.750	-6.628	0.041
13.751	-6.628	0.041
13.752	-6.628	0.041
13.753	-6.628	0.041
13.754	-6.628	0.041
13.755	-6.628	0.041
13.756	-6.628	0.041
13.757	-6.628	0.041
13.758	-6.628	0.041
13.759	-6.628	0.041
13.760	-6.628	0.041
13.761	-6.628	0.041
13.762	-6.628	0.041
13.763	-6.628	0.041
13.764	-6.628	0.041
13.765	-6.628	0.041
13.766	-6.628	0.041
13.767	-6.628	0.041
13.768	-6.628	0.041
13.769	-6.628	0.041
13.770	-6.628	0.041
13.771	-6.628	0.041
13.772	-6.628	0.041
13.773	-6.628	0.041
13.774	-6.628	0.041
13.775	-6.628	0.041
13.776	-6.628	0.041
13.777	-6.628	0.041
13.778	-6.628	0.041
13.779	-6.628	0.041
13.780	-6.628	0.041
13.781	-6.628	0.041
13.782	-6.628	0.041
13.783	-6.628	0.041
13.784	-6.628	0.041
13.785	-6.628	0.042
13.786	-6.628	0.042
13.787	-6.628	0.042
13.788	-6.628	0.042
13.789	-6.628	0.042
13.790	-6.628	0.042
13.791	-6.628	0.042
13.792	-6.628	0.042
13.793	-6.628	0.042
13.794	-6.628	0.042
13.795	-6.628	0.042
13.796	-6.628	0.042
13.797	-6.628	0.042
13.798	-6.628	0.042
13.799	-6.628	0.042
13.800	-6.628	0.042
13.801	-6.628	0.042
13.802	-6.628	0.042
13.803	-6.628	0.042
13.804	-6.629	0.042
13.805	-6.629	0.042
13.806	-6.629	0.042
13.807	-6.629	0.042
13.808	-6.629	0.042
13.809	-6.629	0.042
13.810	-6.629	0.042
13.811	-6.629	0.042
13.812	-6.629	0.042
13.813	-6.629	0.042
13.814	-6.629	0.042
13.815	-6.629	0.042
13.816	-6.629	0.042
13.817	-6.629	0.042
13.818	-6.629	0.042
13.819	-6.629	0.042
13.820	-6.629	0.042
13.821	-6.629	0.042
13.822	-6.629	0.042
13.823	-6.629	0.042
13.824	-6.629	0.042
13.825	-6.629	0.042
13.826	-6.629	0.042
13.827	-6.629	0.042
13.828	-6.629	0.042
13.829	-6.629	0.042
13.830	-6.629	0.042
13.831	-6.629	0.042
13.832	-6.629	0.042
13.833	-6.629	0.042
13.834	-6.629	0.042
13.835	-6.629	0.042
13.836	-6.629	0.042
13.837	-6.629	0.042
13.838	-6.629	0.042
13.839	-6.629	0.042
13.840	-6.629	0.042
13.841	-6.629	0.042
13.842	-6.629	0.042
13.843	-6.629	0.042
13.844	-6.629	0.043
13.845	-6.629	0.043
13.846	-6.629	0.043
13.847	-6.629	0.043
13.848	-6.629	0.043
13.849	-6.629	0.043
13.850	-6.629	0.043
13.851	-6.629	0.043
13.852	-6.629	0.043
13.853	-6.629	0.043
13.854	-6.629	0.043
13.855	-6.629	0.043
13.856	-6.629	0.043
13.857	-6.629	0.043
13.858	-6.629	0.043
13.859	-6.629	0.043
13.860	-6.629	0.043
13.861	-6.629	0.043
13.862	-6.629	0.043
13.863	-6.629	0.043
13.864	-6.629	0.043
13.865	-6.629	0.043
13.866	-6.630	0.043
13.867	-6.630	0.043
13.868	-6.630	0.043
13.869	-6.630	0.043
13.870	-6.630	0.043
13.871	-6.630	0.043
13.872	-6.630	0.043
13.873	-6.630	0.043
13.874	-6.630	0.043
13.875	-6.630	0.043
13.876	-6.630	0.043
13.877	-6.630	0.043
13.878	-6.630	0.043
13.879	-6.630	0.043
13.880	-6.630	0.043
13.881	-6.630	0.043
13.882	-6.630	0.043
13.883	-6.630	0.043
13.884	-6.630	0.043
13.885	-6.630	0.043
13.886	-6.630	0.043
13.887	-6.630	0.043
13.888	-6.630	0.043
13.889	-6.630	0.043
13.890	-6.630	0.043
13.891	-6.630	0.043
13.892	-6.630	0.043
13.893	-6.630	0.043
13.894	-6.630	0.043
13.895	-6.630	0.043
13.896	-6.630	0.043
13.897	-6.630	0.043
13.898	-6.630	0.043
13.899	-6.630	0.043
13.900	-6.630	0.043
13.901	-6.630	0.043
13.902	-6.630	0.044
13.903	-6.630	0.044
13.904	-6.630	0.044
13.905	-6.630	0.044
13.906	-6.630	0.044
13.907	-6.630	0.044
13.908	-6.630	0.044
13.909	-6.630	0.044
13.910	-6.630	0.044
13.911	-6.630	0.044
13.912	-6.630	0.044
13.913	-6.630	0.044
13.914	-6.630	0.044
13.915	-6.630	0.044
13.916	-6.630	0.044
13.917	-6.630	0.044
13.918	-6.630	0.044
13.919	-6.630	0.044
13.920	-6.630	0.044
13.921	-6.630	0.044
13.922	-6.631	0.044
13.923	-6.631	0.044
13.924	-6.631	0.044
13.925	-6.631	0.044
13.926	-6.631	0.044
13.927	-6.631	0.044
13.928	-6.631	0.044
13.929	-6.631	0.044
13.930	-6.631	0.044
13.931	-6.631	0.044
13.932	-6.631	0.044
13.933	-6.631	0.044
13.934	-6.631	0.044
13.935	-6.631	0.044
13.936	-6.631	0.044
13.937	-6.631	0.044
13.938	-6.631	0.044
13.939	-6.631	0.044
13.940	-6.631	0.044
13.941	-6.631	0.044
13.942	-6.631	0.044
13.943	-6.631	0.044
13.944	-6.631	0.044
13.945	-6.631	0.044
13.946	-6.631	0.044
13.947	-6.631	0.044
13.948	-6.631	0.044
13.949	-6.631	0.044
13.950	-6.631	0.044
13.951	-6.631	0.044
13.952	-6.631	0.044
13.953	-6.631	0.044
13.954	-6.631	0.045
13.955	-6.631	0.045
13.956	-6.631	0.045
13.957	-6.631	0.045
13.958	-6.631	0.045
13.959	-6.631	0.045
13.960	-6.631	0.045
13.961	-6.631	0.045
13.962	-6.631	0.045
13.963	-6.631	0.045
13.964	-6.631	0.045
13.965	-6.631	0.045
13.966	-6.631	0.045
13.967	-6.631	0.045
13.968	-6.631	0.045
13.969	-6.631	0.045
13.970	-6.632	0.045
13.971	-6.632	0.045
13.972	-6.632	0.045
13.973	-6.632	0.045
13.974	-6.632	0.045
13.975	-6.632	0.045
13.976	-6.632	0.045
13.977	-6.632	0.045
13.978	-6.632	0.045
13.979	-6.632	0.045
13.980	-6.632	0.045
13.981	-6.632	0.045
13.982	-6.632	0.045
13.983	-6.632	0.045
13.984	-6.632	0.045
13.985	-6.632	0.045
13.986	-6.632	0.045
13.987	-6.632	0.045
13.988	-6.632	0.045
13.989	-6.632	0.045
13.990	-6.632	0.045
13.991	-6.632	0.045
13.992	-6.632	0.045
13.993	-6.632	0.045
13.994	-6.632	0.045
13.995	-6.632	0.045
13.996	-6.632	0.045
13.997	-6.632	0.045
13.998	-6.632	0.045
13.999	-6.632	0.045
14.000	-6.632	0.045
14.001	-6.632	0.045
14.002	-6.632	0.045
14.003	-6.632	0.045
14.004	-6.632	0.045
14.005	-6.632	0.045
14.006	-6.632	0.045
14.007	-6.632	0.045
14.008	-6.632	0.045
14.009	-6.632	0.045
14.010	-6.632	0.045
14.011	-6.633	0.045
14.012	-6.633	0.045
14.013	-6.633	0.045
14.014	-6.633	0.046
14.015	-6.633	0.046
14.016	-6.633	0.046
14.017	-6.633	0.046
14.018	-6.633	0.046
14.019	-6.633	0.046
14.020	-6.633	0.046
14.021	-6.633	0.046
14.022	-6.633	0.046
14.023	-6.633	0.046
14.024	-6.633	0.046
14.025	-6.633	0.046
14.026	-6.633	0.046
14.027	-6.633	0.046
14.028	-6.633	0.046
14.029	-6.633	0.046
14.030	-6.633	0.046
14.031	-6.633	0.046
14.032	-6.633	0.046
14.033	-6.633	0.046
14.034	-6.633	0.046
14.035	-6.633	0.046
14.036	-6.633	0.046
14.037	-6.633	0.046
14.038	-6.633	0.046
14.039	-6.633	0.046
14.040	-6.633	0.046
14.041	-6.633	0.046
14.042	-6.633	0.046
14.043	-6.633	0.046
14.044	-6.633	0.046
14.045	-6.633	0.046
14.046	-6.633	0.046
14.047	-6.633	0.046
14.048	-6.633	0.046
14.049	-6.634	0.046
14.050	-6.634	0.046
14.051	-6.634	0.046
14.052	-6.634	0.046
14.053	-6.634	0.046
14.054	-6.634	0.046
14.055	-6.634	0.046
14.056	-6.634	0.046
14.057	-6.634	0.046
14.058	-6.634	0.046
14.059	-6.634	0.046
14.060	-6.634	0.046
14.061	-6.634	0.046
14.062	-6.634	0.046
14.063	-6.634	0.046
14.064	-6.634	0.046
14.065	-6.634	0.046
14.066	-6.634	0.046
14.067	-6.634	0.046
14.068	-6.634	0.046
14.069	-6.634	0.046
14.070	-6.634	0.046
14.071	-6.634	0.046
14.072	-6.634	0.046
14.073	-6.634	0.046
14.074	-6.634	0.046
14.075	-6.634	0.046
14.076	-6.634	0.046
14.077	-6.634	0.046
14.078	-6.634	0.046
14.079	-6.634	0.046
14.080	-6.634	0.046
14.081	-6.634	0.046
14.082	-6.634	0.046
14.083	-6.634	0.046
14.084	-6.635	0.046
14.085	-6.635	0.046
14.086	-6.635	0.046
14.087	-6.635	0.046
14.088	-6.635	0.046
14.089	-6.635	0.046
14.090	-6.635	0.046
14.091	-6.635	0.046
14.092	-6.635	0.046
14.093	-6.635	0.046
14.094	-6.635	0.046
14.095	-6.635	0.046
14.096	-6.635	0.046
14.097	-6.635	0.046
14.098	-6.635	0.046
14.099	-6.635	0.046
14.100	-6.635	0.046
14.101	-6.635	0.046
14.102	-6.635	0.046
14.103	-6.635	0.046
14.104	-6.635	0.046
14.105	-6.635	0.046
14.106	-6.635	0.046
14.107	-6.635	0.046
14.108	-6.635	0.046
14.109	-6.635	0.046
14.110	-6.635	0.046
14.111	-6.635	0.046
14.112	-6.635	0.046
14.113	-6.635	0.046
14.114	-6.635	0.046
14.115	-6.635	0.046
14.116	-6.635	0.046
14.117	-6.636	0.046
14.118	-6.636	0.046
14.119	-6.636	0.046
14.120	-6.636	0.046
14.121	-6.636	0.046
14.122	-6.636	0.046
14.123	-6.636	0.046
14.124	-6.636	0.046
14.125	-6.636	0.046
14.126	-6.636	0.046
14.127	-6.636	0.046
14.128	-6.636	0.046
14.129	-6.636	0.046
14.130	-6.636	0.046
14.131	-6.636	0.046
14.132	-6.636	0.046
14.133	-6.636	0.046
14.134	-6.636	0.046
14.135	-6.636	0.046
14.136	-6.636	0.046
14.137	-6.636	0.046
14.138	-6.636	0.046
14.139	-6.636	0.046
14.140	-6.636	0.046
14.141	-6.636	0.046
14.142	-6.636	0.046
14.143	-6.636	0.046
14.144	-6.636	0.046
14.145	-6.636	0.046
14.146	-6.636	0.046
14.147	-6.636	0.046
14.148	-6.636	0.046
14.149	-6.637	0.046
14.150	-6.637	0.046
14.151	-6.637	0.046
14.152	-6.637	0.046
14.153	-6.637	0.046
14.154	-6.637	0.046
14.155	-6.637	0.046
14.156	-6.637	0.046
14.157	-6.637	0.046
14.158	-6.637	0.046
14.159	-6.637	0.046
14.160	-6.637	0.046
14.161	-6.637	0.045
14.162	-6.637	0.045
14.163	-6.637	0.045
14.164	-6.637	0.045
14.165	-6.637	0.045
14.166	-6.637	0.045
14.167	-6.637	0.045
14.168	-6.637	0.045
14.169	-6.637	0.045
14.170	-6.637	0.045
14.171	-6.637	0.045
14.172	-6.637	0.045
14.173	-6.637	0.045
14.174	-6.637	0.045
14.175	-6.637	0.045
14.176	-6.637	0.045
14.177	-6.637	0.045
14.178	-6.637	0.045
14.179	-6.637	0.045
14.180	-6.638	0.045
14.181	-6.638	0.045
14.182	-6.638	0.045
14.183	-6.638	0.045
14.184	-6.638	0.045
14.185	-6.638	0.045
14.186	-6.638	0.045
14.187	-6.638	0.045
14.188	-6.638	0.045
14.189	-6.638	0.045
14.190	-6.638	0.045
14.191	-6.638	0.045
14.192	-6.638	0.045
14.193	-6.638	0.045
14.194	-6.638	0.045
14.195	-6.638	0.045
14.196	-6.638	0.045
14.197	-6.638	0.045
14.198	-6.638	0.045
14.199	-6.638	0.045
14.200	-6.638	0.045
14.201	-6.638	0.045
14.202	-6.638	0.045
14.203	-6.638	0.045
14.204	-6.638	0.045
14.205	-6.638	0.045
14.206	-6.638	0.045
14.207	-6.638	0.045
14.208	-6.638	0.045
14.209	-6.638	0.045
14.210	-6.638	0.045
14.211	-6.639	0.045
14.212	-6.639	0.045
14.213	-6.639	0.045
14.214	-6.639	0.045
14.215	-6.639	0.045
14.216	-6.639	0.045
14.217	-6.639	0.045
14.218	-6.639	0.045
14.219	-6.639	0.045
14.220	-6.639	0.045
14.221	-6.639	0.045
14.222	-6.639	0.045
14.223	-6.639	0.045
14.224	-6.639	0.045
14.225	-6.639	0.045
14.226	-6.639	0.045
14.227	-6.639	0.045
14.228	-6.639	0.045
14.229	-6.639	0.045
14.230	-6.639	0.045
14.231	-6.639	0.045
14.232	-6.639	0.045
14.233	-6.639	0.045
14.234	-6.639	0.045
14.235	-6.639	0.045
14.236	-6.639	0.045
14.237	-6.639	0.045
14.238	-6.639	0.045
14.239	-6.639	0.045
14.240	-6.639	0.045
14.241	-6.640	0.045
14.242	-6.640	0.045
14.243	-6.640	0.045
14.244	-6.640	0.045
14.245	-6.640	0.045
14.246	-6.640	0.045
14.247	-6.640	0.045
14.248	-6.640	0.045
14.249	-6.640	0.045
14.250	-6.640	0.045
14.251	-6.640	0.045
14.252	-6.640	0.045
14.253	-6.640	0.045
14.254	-6.640	0.045
14.255	-6.640	0.045
14.256	-6.640	0.045
14.257	-6.640	0.045
14.258	-6.640	0.045
14.259	-6.640	0.045
14.260	-6.640	0.045
14.261	-6.640	0.045
14.262	-6.640	0.045
14.263	-6.640	0.045
14.264	-6.640	0.045
14.265	-6.640	0.045
14.266	-6.640	0.045
14.267	-6.640	0.045
14.268	-6.640	0.045
14.269	-6.640	0.045
14.270	-6.640	0.045
14.271	-6.640	0.045
14.272	-6.641	0.045
14.273	-6.641	0.045
14.274	-6.641	0.045
14.275	-6.641	0.045
14.276	-6.641	0.045
14.277	-6.641	0.045
14.278	-6.641	0.045
14.279	-6.641	0.045
14.280	-6.641	0.045
14.281	-6.641	0.045
14.282	-6.641	0.045
14.283	-6.641	0.045
14.284	-6.641	0.045
14.285	-6.641	0.045
14.286	-6.641	0.045
14.287	-6.641	0.045
14.288	-6.641	0.045
14.289	-6.641	0.045
14.290	-6.641	0.045
14.291	-6.641	0.045
14.292	-6.641	0.045
14.293	-6.641	0.045
14.294	-6.641	0.045
14.295	-6.641	0.045
14.296	-6.641	0.045
14.297	-6.641	0.045
14.298	-6.641	0.045
14.299	-6.641	0.045
14.300	-6.641	0.045
14.301	-6.641	0.045
14.302	-6.641	0.045
14.303	-6.642	0.045
14.304	-6.642	0.045
14.305	-6.642	0.045
14.306	-6.642	0.045
14.307	-6.642	0.045
14.308	-6.642	0.045
14.309	-6.642	0.045
14.310	-6.642	0.045
14.311	-6.642	0.045
14.312	-6.642	0.045
14.313	-6.642	0.045
14.314	-6.642	0.045
14.315	-6.642	0.045
14.316	-6.642	0.045
14.317	-6.642	0.045
14.318	-6.642	0.045
14.319	-6.642	0.045
14.320	-6.642	0.045
14.321	-6.642	0.045
14.322	-6.642	0.045
14.323	-6.642	0.045
14.324	-6.642	0.045
14.325	-6.642	0.045
14.326	-6.642	0.045
14.327	-6.642	0.045
14.328	-6.642	0.045
14.329	-6.642	0.045
14.330	-6.642	0.045
14.331	-6.642	0.045
14.332	-6.642	0.045
14.333	-6.642	0.045
14.334	-6.643	0.045
14.335	-6.643	0.045
14.336	-6.643	0.045
14.337	-6.643	0.045
14.338	-6.643	0.045
14.339	-6.643	0.045
14.340	-6.643	0.045
14.341	-6.643	0.045
14.342	-6.643	0.045
14.343	-6.643	0.045
14.344	-6.643	0.045
14.345	-6.643	0.045
14.346	-6.643	0.045
14.347	-6.643	0.045
14.348	-6.643	0.045
14.349	-6.643	0.045
14.350	-6.643	0.045
14.351	-6.643	0.045
14.352	-6.643	0.045
14.353	-6.643	0.045
14.354	-6.643	0.045
14.355	-6.643	0.045
14.356	-6.643	0.045
14.357	-6.643	0.045
14.358	-6.643	0.045
14.359	-6.643	0.045
14.360	-6.643	0.045
14.361	-6.643	0.045
14.362	-6.643	0.045
14.363	-6.643	0.045
14.364	-6.643	0.045
14.365	-6.643	0.045
14.366	-6.644	0.045
14.367	-6.644	0.045
14.368	-6.644	0.045
14.369	-6.644	0.045
14.370	-6.644	0.045
14.371	-6.644	0.045
14.372	-6.644	0.045
14.373	-6.644	0.045
14.374	-6.644	0.045
14.375	-6.644	0.045
14.376	-6.644	0.045
14.377	-6.644	0.045
14.378	-6.644	0.045
14.379	-6.644	0.045
14.380	-6.644	0.045
14.381	-6.644	0.045
14.382	-6.644	0.045
14.383	-6.644	0.045
14.384	-6.644	0.045
14.385	-6.644	0.045
14.386	-6.644	0.045
14.387	-6.644	0.045
14.388	-6.644	0.045
14.389	-6.644	0.045
14.390	-6.644	0.045
14.391	-6.644	0.045
14.392	-6.644	0.045
14.393	-6.644	0.045
14.394	-6.644	0.045
14.395	-6.644	0.045
14.396	-6.644	0.045
14.397	-6.644	0.045
14.398	-6.644	0.045
14.399	-6.644	0.045
14.400	-6.645	0.045
14.401	-6.645	0.045
14.402	-6.645	0.045
14.403	-6.645	0.045
14.404	-6.645	0.045
14.405	-6.645	0.045
14.406	-6.645	0.045
14.407	-6.645	0.045
14.408	-6.645	0.045
14.409	-6.645	0.045
14.410	-6.645	0.045
14.411	-6.645	0.045
14.412	-6.645	0.045
14.413	-6.645	0.045
14.414	-6.645	0.045
14.415	-6.645	0.045
14.416	-6.645	0.045
14.417	-6.645	0.045
14.418	-6.645	0.045
14.419	-6.645	0.045
14.420	-6.645	0.045
14.421	-6.645	0.045
14.422	-6.645	0.045
14.423	-6.645	0.045
14.424	-6.645	0.045
14.425	-6.645	0.045
14.426	-6.645	0.045
14.427	-6.645	0.045
14.428	-6.645	0.045
14.429	-6.645	0.045
14.430	-6.645	0.045
14.431	-6.645	0.045
14.432	-6.645	0.045
14.433	-6.645	0.045
14.434	-6.645	0.045
14.435	-6.645	0.045
14.436	-6.646	0.045
14.437	-6.646	0.045
14.438	-6.646	0.045
14.439	-6.646	0.045
14.440	-6.646	0.045
14.441	-6.646	0.045
14.442	-6.646	0.045
14.443	-6.646	0.045
14.444	-6.646	0.045
14.445	-6.646	0.045
14.446	-6.646	0.045
14.447	-6.646	0.045
14.448	-6.646	0.045
14.449	-6.646	0.045
14.450	-6.646	0.045
14.451	-6.646	0.045
14.452	-6.646	0.045
14.453	-6.646	0.045
14.454	-6.646	0.045
14.455	-6.646	0.045
14.456	-6.646	0.045
14.457	-6.646	0.045
14.458	-6.646	0.045
14.459	-6.646	0.045
14.460	-6.646	0.045
14.461	-6.646	0.045
14.462	-6.646	0.045
14.463	-6.646	0.045
14.464	-6.646	0.045
14.465	-6.646	0.045
14.466	-6.646	0.045
14.467	-6.646	0.045
14.468	-6.646	0.045
14.469	-6.646	0.045
14.470	-6.646	0.045
14.471	-6.646	0.045
14.472	-6.646	0.045
14.473	-6.646	0.045
14.474	-6.646	0.045
14.475	-6.647	0.045
14.476	-6.647	0.045
14.477	-6.647	0.045
14.478	-6.647	0.045
14.479	-6.647	0.045
14.480	-6.647	0.045
14.481	-6.647	0.045
14.482	-6.647	0.045
14.483	-6.647	0.045
14.484	-6.647	0.045
14.485	-6.647	0.045
14.486	-6.647	0.045
14.487	-6.647	0.045
14.488	-6.647	0.045
14.489	-6.647	0.045
14.490	-6.647	0.045
14.491	-6.647	0.045
14.492	-6.647	0.045
14.493	-6.647	0.045
14.494	-6.647	0.045
14.495	-6.647	0.045
14.496	-6.647	0.045
14.497	-6.647	0.045
14.498	-6.647	0.045
14.499	-6.647	0.045
14.500	-6.647	0.045
14.501	-6.647	0.045
14.502	-6.647	0.045
14.503	-6.647	0.045
14.504	-6.647	0.045
14.505	-6.647	0.045
14.506	-6.647	0.045
14.507	-6.647	0.045
14.508	-6.647	0.045
14.509	-6.647	0.045
14.510	-6.647	0.045
14.511	-6.647	0.045
14.512	-6.647	0.045
14.513	-6.647	0.045
14.514	-6.647	0.045
14.515	-6.647	0.045
14.516	-6.647	0.045
14.517	-6.647	0.045
14.518	-6.648	0.045
14.519	-6.648	0.045
14.520	-6.648	0.045
14.521	-6.648	0.045
14.522	-6.648	0.045
14.523	-6.648	0.045
14.524	-6.648	0.045
14.525	-6.648	0.045
14.526	-6.648	0.045
14.527	-6.648	0.045
14.528	-6.648	0.045
14.529	-6.648	0.045
14.530	-6.648	0.045
14.531	-6.648	0.045
14.532	-6.648	0.045
14.533	-6.648	0.045
14.534	-6.648	0.045
14.535	-6.648	0.045
14.536	-6.648	0.045
14.537	-6.648	0.045
14.538	-6.648	0.045
14.539	-6.648	0.045
14.540	-6.648	0.045
14.541	-6.648	0.045
14.542	-6.648	0.045
14.543	-6.648	0.045
14.544	-6.648	0.045
14.545	-6.648	0.045
14.546	-6.648	0.045
14.547	-6.648	0.045
14.548	-6.648	0.045
14.549	-6.648	0.045
14.550	-6.648	0.045
14.551	-6.648	0.045
14.552	-6.648	0.045
14.553	-6.648	0.045
14.554	-6.648	0.045
14.555	-6.648	0.045
14.556	-6.648	0.045
14.557	-6.648	0.045
14.558	-6.648	0.045
14.559	-6.648	0.045
14.560	-6.648	0.045
14.561	-6.648	0.045
14.562	-6.648	0.045
14.563	-6.648	0.045
14.564	-6.648	0.045
14.565	-6.648	0.045
14.566	-6.648	0.045
14.567	-6.649	0.044
14.568	-6.649	0.044
14.569	-6.649	0.044
14.570	-6.649	0.044
14.571	-6.649	0.044
14.572	-6.649	0.044
14.573	-6.649	0.044
14.574	-6.649	0.044
14.575	-6.649	0.044
14.576	-6.649	0.044
14.577	-6.649	0.044
14.578	-6.649	0.044
14.579	-6.649	0.044
14.580	-6.649	0.044
14.581	-6.649	0.044
14.582	-6.649	0.044
14.583	-6.649	0.044
14.584	-6.649	0.044
14.585	-6.649	0.044
14.586	-6.649	0.044
14.587	-6.649	0.044
14.588	-6.649	0.044
14.589	-6.649	0.044
14.590	-6.649	0.044
14.591	-6.649	0.044
14.592	-6.649	0.044
14.593	-6.649	0.044
14.594	-6.649	0.044
14.595	-6.649	0.044
14.596	-6.649	0.044
14.597	-6.649	0.044
14.598	-6.649	0.044
14.599	-6.649	0.044
14.600	-6.649	0.044
14.601	-6.649	0.044
14.602	-6.649	0.044
14.603	-6.649	0.044
14.604	-6.649	0.044
14.605	-6.649	0.044
14.606	-6.649	0.044
14.607	-6.649	0.044
14.608	-6.649	0.044
14.609	-6.649	0.044
14.610	-6.649	0.044
14.611	-6.649	0.044
14.612	-6.649	0.044
14.613	-6.649	0.044
14.614	-6.649	0.044
14.615	-6.649	0.044
14.616	-6.649	0.044
14.617	-6.649	0.044
14.618	-6.649	0.044
14.619	-6.649	0.044
14.620	-6.649	0.044
14.621	-6.649	0.044
14.622	-6.649	0.044
14.623	-6.649	0.044
14.624	-6.649	0.044
14.625	-6.649	0.044
14.626	-6.649	0.044
14.627	-6.649	0.044
14.628	-6.650	0.044
14.629	-6.650	0.044
14.630	-6.650	0.044
14.631	-6.650	0.044
14.632	-6.650	0.044
14.633	-6.650	0.044
14.634	-6.650	0.044
14.635	-6.650	0.044
14.636	-6.650	0.044
14.637	-6.650	0.044
14.638	-6.650	0.044
14.639	-6.650	0.044
14.640	-6.650	0.044
14.641	-6.650	0.044
14.642	-6.650	0.044
14.643	-6.650	0.043
14.644	-6.650	0.043
14.645	-6.650	0.043
14.646	-6.650	0.043
14.647	-6.650	0.043
14.648	-6.650	0.043
14.649	-6.650	0.043
14.650	-6.650	0.043
14.651	-6.650	0.043
14.652	-6.650	0.043
14.653	-6.650	0.043
14.654	-6.650	0.043
14.655	-6.650	0.043
14.656	-6.650	0.043
14.657	-6.650	0.043
14.658	-6.650	0.043
14.659	-6.650	0.043
14.660	-6.650	0.043
14.661	-6.650	0.043
14.662	-6.650	0.043
14.663	-6.650	0.043
14.664	-6.650	0.043
14.665	-6.650	0.043
14.666	-6.650	0.043
14.667	-6.650	0.043
14.668	-6.650	0.043
14.669	-6.650	0.043
14.670	-6.650	0.043
14.671	-6.650	0.043
14.672	-6.650	0.043
14.673	-6.650	0.043
14.674	-6.650	0.043
14.675	-6.650	0.043
14.676	-6.650	0.043
14.677	-6.650	0.043
14.678	-6.650	0.043
14.679	-6.650	0.043
14.680	-6.650	0.043
14.681	-6.650	0.043
14.682	-6.650	0.043
14.683	-6.650	0.043
14.684	-6.650	0.043
14.685	-6.650	0.043
14.686	-6.650	0.043
14.687	-6.650	0.043
14.688	-6.650	0.043
14.689	-6.650	0.043
14.690	-6.650	0.043
14.691	-6.650	0.043
14.692	-6.650	0.043
14.693	-6.650	0.043
14.694	-6.650	0.043
14.695	-6.650	0.043
14.696	-6.650	0.042
14.697	-6.650	0.042
14.698	-6.650	0.042
14.699	-6.650	0.042
14.700	-6.650	0.042
14.701	-6.650	0.042
14.702	-6.650	0.042
14.703	-6.650	0.042
14.704	-6.650	0.042
14.705	-6.650	0.042
14.706	-6.650	0.042
14.707	-6.650	0.042
14.708	-6.650	0.042
14.709	-6.650	0.042
14.710	-6.650	0.042
14.711	-6.650	0.042
14.712	-6.650	0.042
14.713	-6.650	0.042
14.714	-6.650	0.042
14.715	-6.650	0.042
14.716	-6.651	0.042
14.717	-6.651	0.042
14.718	-6.651	0.042
14.719	-6.651	0.042
14.720	-6.651	0.042
14.721	-6.651	0.042
14.722	-6.651	0.042
14.723	-6.651	0.042
14.724	-6.651	0.042
14.725	-6.651	0.042
14.726	-6.651	0.042
14.727	-6.651	0.042
14.728	-6.651	0.042
14.729	-6.651	0.042
14.730	-6.651	0.042
14.731	-6.651	0.042
14.732	-6.651	0.042
14.733	-6.651	0.042
14.734	-6.651	0.042
14.735	-6.651	0.042
14.736	-6.651	0.042
14.737	-6.651	0.042
14.738	-6.651	0.042
14.739	-6.651	0.042
14.740	-6.651	0.042
14.741	-6.651	0.042
14.742	-6.651	0.042
14.743	-6.651	0.042
14.744	-6.651	0.042
14.745	-6.651	0.042
14.746	-6.651	0.042
14.747	-6.651	0.042
14.748	-6.651	0.042
14.749	-6.651	0.042
14.750	-6.651	0.042
14.751	-6.651	0.042
14.752	-6.651	0.042
14.753	-6.651	0.042
14.754	-6.651	0.042
14.755	-6.651	0.042
14.756	-6.651	0.042
14.757	-6.651	0.041
14.758	-6.651	0.041
14.759	-6.651	0.041
14.760	-6.651	0.041
14.761	-6.651	0.041
14.762	-6.651	0.041
14.763	-6.651	0.041
14.764	-6.651	0.041
14.765	-6.651	0.041
14.766	-6.651	0.041
14.767	-6.651	0.041
14.768	-6.651	0.041
14.769	-6.651	0.041
14.770	-6.651	0.041
14.771	-6.651	0.041
14.772	-6.651	0.041
14.773	-6.651	0.041
14.774	-6.651	0.041
14.775	-6.651	0.041
14.776	-6.651	0.041
14.777	-6.651	0.041
14.778	-6.651	0.041
14.779	-6.651	0.041
14.780	-6.651	0.041
14.781	-6.651	0.041
14.782	-6.651	0.041
14.783	-6.651	0.041
14.784	-6.651	0.041
14.785	-6.651	0.041
14.786	-6.651	0.041
14.787	-6.651	0.041
14.788	-6.651	0.041
14.789	-6.651	0.041
14.790	-6.651	0.041
14.791	-6.651	0.041
14.792	-6.651	0.041
14.793	-6.651	0.041
14.794	-6.651	0.041
14.795	-6.651	0.041
14.796	-6.651	0.041
14.797	-6.651	0.041
14.798	-6.651	0.041
14.799	-6.651	0.041
14.800	-6.651	0.041
14.801	-6.652	0.041
14.802	-6.652	0.041
14.803	-6.652	0.041
14.804	-6.652	0.041
14.805	-6.652	0.041
14.806	-6.652	0.041
14.807	-6.652	0.041
14.808	-6.652	0.041
14.809	-6.652	0.041
14.810	-6.652	0.041
14.811	-6.652	0.041
14.812	-6.652	0.041
14.813	-6.652	0.041
14.814	-6.652	0.041
14.815	-6.652	0.041
14.816	-6.652	0.041
14.817	-6.652	0.041
14.818	-6.652	0.041
14.819	-6.652	0.041
14.820	-6.652	0.041
14.821	-6.652	0.041
14.822	-6.652	0.041
14.823	-6.652	0.041
14.824	-6.652	0.041
14.825	-6.652	0.041
14.826	-6.652	0.041
14.827	-6.652	0.041
14.828	-6.652	0.041
14.829	-6.652	0.041
14.830	-6.652	0.041
14.831	-6.652	0.041
14.832	-6.652	0.041
14.833	-6.652	0.041
14.834	-6.652	0.041
14.835	-6.652	0.041
14.836	-6.652	0.041
14.837	-6.652	0.041
14.838	-6.652	0.041
14.839	-6.652	0.041
14.840	-6.652	0.041
14.841	-6.652	0.041
14.842	-6.652	0.041
14.843	-6.652	0.041
14.844	-6.652	0.041
14.845	-6.652	0.041
14.846	-6.652	0.041
14.847	-6.652	0.041
14.848	-6.652	0.041
14.849	-6.652	0.041
14.850	-6.652	0.041
14.851	-6.652	0.041
14.852	-6.652	0.041
14.853	-6.652	0.041
14.854	-6.652	0.041
14.855	-6.652	0.041
14.856	-6.652	0.041
14.857	-6.652	0.041
14.858	-6.653	0.041
14.859	-6.653	0.041
14.860	-6.653	0.041
14.861	-6.653	0.041
14.862	-6.653	0.041
14.863	-6.653	0.041
14.864	-6.653	0.041
14.865	-6.653	0.041
14.866	-6.653	0.041
14.867	-6.653	0.041
14.868	-6.653	0.041
14.869	-6.653	0.041
14.870	-6.653	0.041
14.871	-6.653	0.041
14.872	-6.653	0.041
14.873	-6.653	0.041
14.874	-6.653	0.041
14.875	-6.653	0.041
14.876	-6.653	0.041
14.877	-6.653	0.041
14.878	-6.653	0.041
14.879	-6.653	0.041
14.880	-6.653	0.041
14.881	-6.653	0.041
14.882	-6.653	0.041
14.883	-6.653	0.041
14.884	-6.653	0.041
14.885	-6.653	0.041
14.886	-6.653	0.041
14.887	-6.653	0.041
14.888	-6.653	0.041
14.889	-6.653	0.041
14.890	-6.653	0.041
14.891	-6.653	0.041
14.892	-6.653	0.041
14.893	-6.653	0.041
14.894	-6.653	0.041
14.895	-6.653	0.041
14.896	-6.653	0.041
14.897	-6.653	0.041
14.898	-6.653	0.041
14.899	-6.654	0.041
14.900	-6.654	0.041
14.901	-6.654	0.041
14.902	-6.654	0.041
14.903	-6.654	0.041
14.904	-6.654	0.041
14.905	-6.654	0.041
14.906	-6.654	0.041
14.907	-6.654	0.041
14.908	-6.654	0.041
14.909	-6.654	0.041
14.910	-6.654	0.041
14.911	-6.654	0.041
14.912	-6.654	0.041
14.913	-6.654	0.041
14.914	-6.654	0.041
14.915	-6.654	0.041
14.916	-6.654	0.041
14.917	-6.654	0.041
14.918	-6.654	0.041
14.919	-6.654	0.041
14.920	-6.654	0.041
14.921	-6.654	0.041
14.922	-6.654	0.041
14.923	-6.654	0.041
14.924	-6.654	0.041
14.925	-6.654	0.041
14.926	-6.654	0.041
14.927	-6.654	0.041
14.928	-6.654	0.041
14.929	-6.654	0.041
14.930	-6.654	0.041
14.931	-6.655	0.041
14.932	-6.655	0.041
14.933	-6.655	0.041
14.934	-6.655	0.041
14.935	-6.655	0.041
14.936	-6.655	0.041
14.937	-6.655	0.041
14.938	-6.655	0.041
14.939	-6.655	0.041
14.940	-6.655	0.041
14.941	-6.655	0.041
14.942	-6.655	0.041
14.943	-6.655	0.041
14.944	-6.655	0.041
14.945	-6.655	0.041
14.946	-6.655	0.041
14.947	-6.655	0.041
14.948	-6.655	0.041
14.949	-6.655	0.041
14.950	-6.655	0.041
14.951	-6.655	0.041
14.952	-6.655	0.041
14.953	-6.655	0.041
14.954	-6.655	0.041
14.955	-6.655	0.041
14.956	-6.655	0.041
14.957	-6.656	0.041
14.958	-6.656	0.041
14.959	-6.656	0.041
14.960	-6.656	0.041
14.961	-6.656	0.041
14.962	-6.656	0.041
14.963	-6.656	0.041
14.964	-6.656	0.041
14.965	-6.656	0.041
14.966	-6.656	0.041
14.967	-6.656	0.041
14.968	-6.656	0.041
14.969	-6.656	0.041
14.970	-6.656	0.040
14.971	-6.656	0.040
14.972	-6.656	0.040
14.973	-6.656	0.040
14.974	-6.656	0.040
14.975	-6.656	0.040
14.976	-6.656	0.040
14.977	-6.656	0.040
14.978	-6.656	0.040
14.979	-6.656	0.040
14.980	-6.657	0.040
14.981	-6.657	0.040
14.982	-6.657	0.040
14.983	-6.657	0.040
14.984	-6.657	0.040
14.985	-6.657	0.040
14.986	-6.657	0.040
14.987	-6.657	0.040
14.988	-6.657	0.040
14.989	-6.657	0.040
14.990	-6.657	0.040
14.991	-6.657	0.040
14.992	-6.657	0.040
14.993	-6.657	0.040
14.994	-6.657	0.040
14.995	-6.657	0.040
14.996	-6.657	0.040
14.997	-6.657	0.040
14.998	-6.657	0.040
14.999	-6.657	0.040
15.000	-6.658	0.040
15.001	-6.658	0.040
15.002	-6.658	0.040
15.003	-6.658	0.040
15.004	-6.658	0.040
15.005	-6.658	0.040
15.006	-6.658	0.040
15.007	-6.658	0.040
15.008	-6.658	0.040
15.009	-6.658	0.040
15.010	-6.658	0.040
15.011	-6.658	0.040
15.012	-6.658	0.040
15.013	-6.658	0.040
15.014	-6.658	0.040
15.015	-6.658	0.040
15.016	-6.658	0.040
15.017	-6.658	0.040
15.018	-6.658	0.040
15.019	-6.659	0.040
15.020	-6.659	0.040
15.021	-6.659	0.039
15.022	-6.659	0.039
15.023	-6.659	0.039
15.024	-6.659	0.039
15.025	-6.659	0.039
15.026	-6.659	0.039
15.027	-6.659	0.039
15.028	-6.659	0.039
15.029	-6.659	0.039
15.030	-6.659	0.039
15.031	-6.659	0.039
15.032	-6.659	0.039
15.033	-6.659	0.039
15.034	-6.659	0.039
15.035	-6.660	0.039
15.036	-6.660	0.039
15.037	-6.660	0.039
15.038	-6.660	0.039
15.039	-6.660	0.039
15.040	-6.660	0.039
15.041	-6.660	0.039
15.042	-6.660	0.039
15.043	-6.660	0.039
15.044	-6.660	0.039
15.045	-6.660	0.039
15.046	-6.660	0.039
15.047	-6.660	0.039
15.048	-6.660	0.039
15.049	-6.660	0.039
15.050	-6.661	0.039
15.051	-6.661	0.039
15.052	-6.661	0.038
15.053	-6.661	0.038
15.054	-6.661	0.038
15.055	-6.661	0.038
15.056	-6.661	0.038
15.057	-6.661	0.038
15.058	-6.661	0.038
15.059	-6.661	0.038
15.060	-6.661	0.038
15.061	-6.661	0.038
15.062	-6.661	0.038
15.063	-6.661	0.038
15.064	-6.661	0.038
15.065	-6.662	0.038
15.066	-6.662	0.038
15.067	-6.662	0.038
15.068	-6.662	0.038
15.069	-6.662	0.038
15.070	-6.662	0.038
15.071	-6.662	0.038
15.072	-6.662	0.038
15.073	-6.662	0.038
15.074	-6.662	0.038
15.075	-6.662	0.038
15.076	-6.662	0.037
15.077	-6.662	0.037
15.078	-6.663	0.037
15.079	-6.663	0.037
15.080	-6.663	0.037
15.081	-6.663	0.037
15.082	-6.663	0.037
15.083	-6.663	0.037
15.084	-6.663	0.037
15.085	-6.663	0.037
15.086	-6.663	0.037
15.087	-6.663	0.037
15.088	-6.663	0.037
15.089	-6.663	0.037
15.090	-6.664	0.037
15.091	-6.664	0.037
15.092	-6.664	0.037
15.093	-6.664	0.037
15.094	-6.664	0.037
15.095	-6.664	0.037
15.096	-6.664	0.037
15.097	-6.664	0.036
15.098	-6.664	0.036
15.099	-6.664	0.036
15.100	-6.664	0.036
15.101	-6.664	0.036
15.102	-6.665	0.036
15.103	-6.665	0.036
15.104	-6.665	0.036
15.105	-6.665	0.036
15.106	-6.665	0.036
15.107	-6.665	0.036
15.108	-6.665	0.036
15.109	-6.665	0.036
15.110	-6.665	0.036
15.111	-6.665	0.036
15.112	-6.665	0.036
15.113	-6.666	0.036
15.114	-6.666	0.036
15.115	-6.666	0.036
15.116	-6.666	0.036
15.117	-6.666	0.035
15.118	-6.666	0.035
15.119	-6.666	0.035
15.120	-6.666	0.035
15.121	-6.666	0.035
15.122	-6.666	0.035
15.123	-6.666	0.035
15.124	-6.667	0.035
15.125	-6.667	0.035
15.126	-6.667	0.035
15.127	-6.667	0.035
15.128	-6.667	0.035
15.129	-6.667	0.035
15.130	-6.667	0.035
15.131	-6.667	0.035
15.132	-6.667	0.035
15.133	-6.667	0.035
15.134	-6.667	0.035
15.135	-6.668	0.035
15.136	-6.668	0.035
15.137	-6.668	0.035
15.138	-6.668	0.034
15.139	-6.668	0.034
15.140	-6.668	0.034
15.141	-6.668	0.034
15.142	-6.668	0.034
15.143	-6.668	0.034
15.144	-6.668	0.034
15.145	-6.669	0.034
15.146	-6.669	0.034
15.147	-6.669	0.034
15.148	-6.669	0.034
15.149	-6.669	0.034
15.150	-6.669	0.034
15.151	-6.669	0.034
15.152	-6.669	0.034
15.153	-6.669	0.034
15.154	-6.670	0.034
15.155	-6.670	0.034
15.156	-6.670	0.034
15.157	-6.670	0.034
15.158	-6.670	0.034
15.159	-6.670	0.034
15.160	-6.670	0.034
15.161	-6.670	0.033
15.162	-6.670	0.033
15.163	-6.670	0.033
15.164	-6.671	0.033
15.165	-6.671	0.033
15.166	-6.671	0.033
15.167	-6.671	0.033
15.168	-6.671	0.033
15.169	-6.671	0.033
15.170	-6.671	0.033
15.171	-6.671	0.033
15.172	-6.671	0.033
15.173	-6.672	0.033
15.174	-6.672	0.033
15.175	-6.672	0.033
15.176	-6.672	0.033
15.177	-6.672	0.033
15.178	-6.672	0.033
15.179	-6.672	0.033
15.180	-6.672	0.033
15.181	-6.672	0.033
15.182	-6.673	0.033
15.183	-6.673	0.033
15.184	-6.673	0.033
15.185	-6.673	0.033
15.186	-6.673	0.033
15.187	-6.673	0.033
15.188	-6.673	0.033
15.189	-6.673	0.033
15.190	-6.673	0.033
15.191	-6.674	0.033
15.192	-6.674	0.033
15.193	-6.674	0.033
15.194	-6.674	0.033
15.195	-6.674	0.033
15.196	-6.674	0.033
15.197	-6.674	0.033
15.198	-6.674	0.033
15.199	-6.674	0.033
15.200	-6.675	0.033
15.201	-6.675	0.033
15.202	-6.675	0.033
15.203	-6.675	0.033
15.204	-6.675	0.033
15.205	-6.675	0.032
15.206	-6.675	0.032
15.207	-6.675	0.032
15.208	-6.675	0.032
15.209	-6.676	0.032
15.210	-6.676	0.032
15.211	-6.676	0.032
15.212	-6.676	0.032
15.213	-6.676	0.032
15.214	-6.676	0.032
15.215	-6.676	0.032
15.216	-6.676	0.032
15.217	-6.676	0.032
15.218	-6.677	0.032
15.219	-6.677	0.032
15.220	-6.677	0.032
15.221	-6.677	0.032
15.222	-6.677	0.032
15.223	-6.677	0.032
15.224	-6.677	0.032
15.225	-6.677	0.032
15.226	-6.677	0.033
15.227	-6.678	0.033
15.228	-6.678	0.033
15.229	-6.678	0.033
15.230	-6.678	0.033
15.231	-6.678	0.033
15.232	-6.678	0.033
15.233	-6.678	0.033
15.234	-6.678	0.033
15.235	-6.678	0.033
15.236	-6.679	0.033
15.237	-6.679	0.033
15.238	-6.679	0.033
15.239	-6.679	0.033
15.240	-6.679	0.033
15.241	-6.679	0.033
15.242	-6.679	0.033
15.243	-6.679	0.033
15.244	-6.679	0.033
15.245	-6.680	0.033
15.246	-6.680	0.033
15.247	-6.680	0.033
15.248	-6.680	0.033
15.249	-6.680	0.033
15.250	-6.680	0.033
15.251	-6.680	0.033
15.252	-6.680	0.033
15.253	-6.681	0.033
15.254	-6.681	0.033
15.255	-6.681	0.033
15.256	-6.681	0.033
15.257	-6.681	0.033
15.258	-6.681	0.033
15.259	-6.681	0.033
15.260	-6.681	0.033
15.261	-6.681	0.033
15.262	-6.682	0.033
15.263	-6.682	0.033
15.264	-6.682	0.033
15.265	-6.682	0.033
15.266	-6.682	0.033
15.267	-6.682	0.033
15.268	-6.682	0.033
15.269	-6.682	0.033
15.270	-6.682	0.034
15.271	-6.683	0.034
15.272	-6.683	0.034
15.273	-6.683	0.034
15.274	-6.683	0.034
15.275	-6.683	0.034
15.276	-6.683	0.034
15.277	-6.683	0.034
15.278	-6.683	0.034
15.279	-6.683	0.034
15.280	-6.683	0.034
15.281	-6.684	0.034
15.282	-6.684	0.034
15.283	-6.684	0.034
15.284	-6.684	0.034
15.285	-6.684	0.034
15.286	-6.684	0.034
15.287	-6.684	0.034
15.288	-6.684	0.034
15.289	-6.684	0.034
15.290	-6.685	0.034
15.291	-6.685	0.034
15.292	-6.685	0.034
15.293	-6.685	0.034
15.294	-6.685	0.034
15.295	-6.685	0.035
15.296	-6.685	0.035
15.297	-6.685	0.035
15.298	-6.685	0.035
15.299	-6.686	0.035
15.300	-6.686	0.035
15.301	-6.686	0.035
15.302	-6.686	0.035
15.303	-6.686	0.035
15.304	-6.686	0.035
15.305	-6.686	0.035
15.306	-6.686	0.035
15.307	-6.686	0.035
15.308	-6.686	0.035
15.309	-6.687	0.035
15.310	-6.687	0.035
15.311	-6.687	0.035
15.312	-6.687	0.035
15.313	-6.687	0.035
15.314	-6.687	0.035
15.315	-6.687	0.035
15.316	-6.687	0.035
15.317	-6.687	0.035
15.318	-6.687	0.036
15.319	-6.688	0.036
15.320	-6.688	0.036
15.321	-6.688	0.036
15.322	-6.688	0.036
15.323	-6.688	0.036
15.324	-6.688	0.036
15.325	-6.688	0.036
15.326	-6.688	0.036
15.327	-6.688	0.036
15.328	-6.688	0.036
15.329	-6.688	0.036
15.330	-6.689	0.036
15.331	-6.689	0.036
15.332	-6.689	0.036
15.333	-6.689	0.036
15.334	-6.689	0.036
15.335	-6.689	0.036
15.336	-6.689	0.036
15.337	-6.689	0.036
15.338	-6.689	0.036
15.339	-6.689	0.036
15.340	-6.689	0.036
15.341	-6.690	0.036
15.342	-6.690	0.036
15.343	-6.690	0.037
15.344	-6.690	0.037
15.345	-6.690	0.037
15.346	-6.690	0.037
15.347	-6.690	0.037
15.348	-6.690	0.037
15.349	-6.690	0.037
15.350	-6.690	0.037
15.351	-6.690	0.037
15.352	-6.691	0.037
15.353	-6.691	0.037
15.354	-6.691	0.037
15.355	-6.691	0.037
15.356	-6.691	0.037
15.357	-6.691	0.037
15.358	-6.691	0.037
15.359	-6.691	0.037
15.360	-6.691	0.037
15.361	-6.691	0.037
15.362	-6.691	0.037
15.363	-6.691	0.037
15.364	-6.691	0.037
15.365	-6.692	0.037
15.366	-6.692	0.037
15.367	-6.692	0.037
15.368	-6.692	0.037
15.369	-6.692	0.037
15.370	-6.692	0.037
15.371	-6.692	0.037
15.372	-6.692	0.037
15.373	-6.692	0.037
15.374	-6.692	0.037
15.375	-6.692	0.037
15.376	-6.692	0.037
15.377	-6.692	0.037
15.378	-6.693	0.037
15.379	-6.693	0.037
15.380	-6.693	0.037
15.381	-6.693	0.037
15.382	-6.693	0.037
15.383	-6.693	0.038
15.384	-6.693	0.038
15.385	-6.693	0.038
15.386	-6.693	0.038
15.387	-6.693	0.038
15.388	-6.693	0.038
15.389	-6.693	0.038
15.390	-6.693	0.038
15.391	-6.693	0.038
15.392	-6.693	0.038
15.393	-6.694	0.038
15.394	-6.694	0.038
15.395	-6.694	0.038
15.396	-6.694	0.038
15.397	-6.694	0.038
15.398	-6.694	0.038
15.399	-6.694	0.038
15.400	-6.694	0.038
15.401	-6.694	0.038
15.402	-6.694	0.038
15.403	-6.694	0.038
15.404	-6.694	0.038
15.405	-6.694	0.038
15.406	-6.694	0.038
15.407	-6.694	0.038
15.408	-6.694	0.038
15.409	-6.694	0.038
15.410	-6.694	0.038
15.411	-6.695	0.038
15.412	-6.695	0.038
15.413	-6.695	0.038
15.414	-6.695	0.038
15.415	-6.695	0.038
15.416	-6.695	0.038
15.417	-6.695	0.038
15.418	-6.695	0.038
15.419	-6.695	0.038
15.420	-6.695	0.038
15.421	-6.695	0.038
15.422	-6.695	0.038
15.423	-6.695	0.038
15.424	-6.695	0.038
15.425	-6.695	0.038
15.426	-6.695	0.038
15.427	-6.695	0.038
15.428	-6.695	0.038
15.429	-6.695	0.038
15.430	-6.695	0.038
15.431	-6.695	0.038
15.432	-6.695	0.038
15.433	-6.695	0.038
15.434	-6.696	0.038
15.435	-6.696	0.037
15.436	-6.696	0.037
15.437	-6.696	0.037
15.438	-6.696	0.037
15.439	-6.696	0.037
15.440	-6.696	0.037
15.441	-6.696	0.037
15.442	-6.696	0.037
15.443	-6.696	0.037
15.444	-6.696	0.037
15.445	-6.696	0.037
15.446	-6.696	0.037
15.447	-6.696	0.037
15.448	-6.696	0.037
15.449	-6.696	0.037
15.450	-6.696	0.037
15.451	-6.696	0.037
15.452	-6.696	0.037
15.453	-6.696	0.037
15.454	-6.696	0.037
15.455	-6.696	0.037
15.456	-6.696	0.037
15.457	-6.696	0.037
15.458	-6.696	0.037
15.459	-6.696	0.037
15.460	-6.696	0.037
15.461	-6.696	0.037
15.462	-6.696	0.037
15.463	-6.696	0.038
15.464	-6.696	0.038
15.465	-6.697	0.038
15.466	-6.697	0.038
15.467	-6.697	0.038
15.468	-6.697	0.038
15.469	-6.697	0.038
15.470	-6.697	0.038
15.471	-6.697	0.038
15.472	-6.697	0.038
15.473	-6.697	0.038
15.474	-6.697	0.038
15.475	-6.697	0.038
15.476	-6.697	0.038
15.477	-6.697	0.038
15.478	-6.697	0.038
15.479	-6.697	0.038
15.480	-6.697	0.038
15.481	-6.697	0.038
15.482	-6.697	0.038
15.483	-6.697	0.038
15.484	-6.697	0.038
15.485	-6.697	0.038
15.486	-6.697	0.038
15.487	-6.697	0.038
15.488	-6.697	0.038
15.489	-6.697	0.038
15.490	-6.697	0.038
15.491	-6.697	0.038
15.492	-6.697	0.038
15.493	-6.697	0.038
15.494	-6.697	0.038
15.495	-6.697	0.038
15.496	-6.697	0.038
15.497	-6.697	0.038
15.498	-6.697	0.038
15.499	-6.697	0.038
15.500	-6.697	0.038
15.501	-6.697	0.038
15.502	-6.697	0.038
15.503	-6.697	0.038
15.504	-6.697	0.038
15.505	-6.697	0.038
15.506	-6.697	0.038
15.507	-6.697	0.038
15.508	-6.697	0.038
15.509	-6.697	0.038
15.510	-6.697	0.038
15.511	-6.697	0.038
15.512	-6.697	0.038
15.513	-6.697	0.038
15.514	-6.697	0.039
15.515	-6.697	0.039
15.516	-6.697	0.039
15.517	-6.697	0.039
15.518	-6.698	0.039
15.519	-6.698	0.039
15.520	-6.698	0.039
15.521	-6.698	0.039
15.522	-6.698	0.039
15.523	-6.698	0.039
15.524	-6.698	0.039
15.525	-6.698	0.039
15.526	-6.698	0.039
15.527	-6.698	0.039
15.528	-6.698	0.039
15.529	-6.698	0.039
15.530	-6.698	0.039
15.531	-6.698	0.039
15.532	-6.698	0.039
15.533	-6.698	0.039
15.534	-6.698	0.039
15.535	-6.698	0.039
15.536	-6.698	0.039
15.537	-6.698	0.039
15.538	-6.698	0.039
15.539	-6.698	0.039
15.540	-6.698	0.039
15.541	-6.698	0.039
15.542	-6.698	0.040
15.543	-6.698	0.040
15.544	-6.698	0.040
15.545	-6.698	0.040
15.546	-6.698	0.040
15.547	-6.698	0.040
15.548	-6.698	0.040
15.549	-6.698	0.040
15.550	-6.698	0.040
15.551	-6.698	0.040
15.552	-6.698	0.040
15.553	-6.698	0.040
15.554	-6.698	0.040
15.555	-6.698	0.040
15.556	-6.698	0.040
15.557	-6.698	0.040
15.558	-6.698	0.040
15.559	-6.698	0.040
15.560	-6.698	0.040
15.561	-6.698	0.040
15.562	-6.698	0.040
15.563	-6.698	0.040
15.564	-6.698	0.040
15.565	-6.698	0.040
15.566	-6.698	0.040
15.567	-6.698	0.041
15.568	-6.698	0.041
15.569	-6.698	0.041
15.570	-6.698	0.041
15.571	-6.698	0.041
15.572	-6.698	0.041
15.573	-6.698	0.041
15.574	-6.698	0.041
15.575	-6.698	0.041
15.576	-6.698	0.041
15.577	-6.698	0.041
15.578	-6.698	0.041
15.579	-6.698	0.041
15.580	-6.698	0.041
15.581	-6.698	0.041
15.582	-6.698	0.041
15.583	-6.698	0.041
15.584	-6.698	0.041
15.585	-6.698	0.041
15.586	-6.698	0.041
15.587	-6.698	0.041
15.588	-6.698	0.041
15.589	-6.698	0.041
15.590	-6.698	0.041
15.591	-6.698	0.042
15.592	-6.698	0.042
15.593	-6.698	0.042
15.594	-6.698	0.042
15.595	-6.698	0.042
15.596	-6.698	0.042
15.597	-6.698	0.042
15.598	-6.698	0.042
15.599	-6.698	0.042
15.600	-6.698	0.042
15.601	-6.698	0.042
15.602	-6.698	0.042
15.603	-6.698	0.042
15.604	-6.698	0.042
15.605	-6.698	0.042
15.606	-6.698	0.042
15.607	-6.698	0.042
15.608	-6.698	0.042
15.609	-6.698	0.042
15.610	-6.698	0.042
15.611	-6.698	0.042
15.612	-6.698	0.042
15.613	-6.698	0.042
15.614	-6.698	0.042
15.615	-6.698	0.042
15.616	-6.698	0.043
15.617	-6.698	0.043
15.618	-6.698	0.043
15.619	-6.698	0.043
15.620	-6.698	0.043
15.621	-6.698	0.043
15.622	-6.698	0.043
15.623	-6.698	0.043
15.624	-6.698	0.043
15.625	-6.698	0.043
15.626	-6.698	0.043
15.627	-6.698	0.043
15.628	-6.698	0.043
15.629	-6.698	0.043
15.630	-6.698	0.043
15.631	-6.698	0.043
15.632	-6.698	0.043
15.633	-6.698	0.043
15.634	-6.698	0.043
15.635	-6.698	0.043
15.636	-6.698	0.043
15.637	-6.698	0.043
15.638	-6.698	0.043
15.639	-6.698	0.043
15.640	-6.698	0.043
15.641	-6.698	0.044
15.642	-6.698	0.044
15.643	-6.698	0.044
15.644	-6.698	0.044
15.645	-6.698	0.044
15.646	-6.698	0.044
15.647	-6.698	0.044
15.648	-6.698	0.044
15.649	-6.698	0.044
15.650	-6.698	0.044
15.651	-6.698	0.044
15.652	-6.698	0.044
15.653	-6.698	0.044
15.654	-6.698	0.044
15.655	-6.698	0.044
15.656	-6.698	0.044
15.657	-6.698	0.044
15.658	-6.698	0.044
15.659	-6.698	0.044
15.660	-6.698	0.044
15.661	-6.698	0.044
15.662	-6.698	0.044
15.663	-6.698	0.044
15.664	-6.698	0.044
15.665	-6.698	0.044
15.666	-6.698	0.044
15.667	-6.698	0.045
15.668	-6.698	0.045
15.669	-6.698	0.045
15.670	-6.698	0.045
15.671	-6.698	0.045
15.672	-6.698	0.045
15.673	-6.698	0.045
15.674	-6.698	0.045
15.675	-6.698	0.045
15.676	-6.698	0.045
15.677	-6.698	0.045
15.678	-6.698	0.045
15.679	-6.698	0.045
15.680	-6.698	0.045
15.681	-6.698	0.045
15.682	-6.698	0.045
15.683	-6.698	0.045
15.684	-6.698	0.045
15.685	-6.698	0.045
15.686	-6.698	0.045
15.687	-6.698	0.045
15.688	-6.698	0.045
15.689	-6.698	0.045
15.690	-6.698	0.045
15.691	-6.698	0.045
15.692	-6.698	0.045
15.693	-6.698	0.046
15.694	-6.698	0.046
15.695	-6.698	0.046
15.696	-6.698	0.046
15.697	-6.698	0.046
15.698	-6.698	0.046
15.699	-6.698	0.046
15.700	-6.698	0.046
15.701	-6.698	0.046
15.702	-6.698	0.046
15.703	-6.698	0.046
15.704	-6.698	0.046
15.705	-6.698	0.046
15.706	-6.698	0.046
15.707	-6.698	0.046
15.708	-6.698	0.046
15.709	-6.698	0.046
15.710	-6.698	0.046
15.711	-6.698	0.046
15.712	-6.698	0.046
15.713	-6.698	0.046
15.714	-6.698	0.046
15.715	-6.698	0.046
15.716	-6.698	0.046
15.717	-6.698	0.046
15.718	-6.698	0.046
15.719	-6.698	0.046
15.720	-6.698	0.047
15.721	-6.698	0.047
15.722	-6.698	0.047
15.723	-6.698	0.047
15.724	-6.698	0.047
15.725	-6.698	0.047
15.726	-6.698	0.047
15.727	-6.698	0.047
15.728	-6.698	0.047
15.729	-6.698	0.047
15.730	-6.698	0.047
15.731	-6.698	0.047
15.732	-6.698	0.047
15.733	-6.698	0.047
15.734	-6.698	0.047
15.735	-6.698	0.047
15.736	-6.698	0.047
15.737	-6.698	0.047
15.738	-6.698	0.047
15.739	-6.698	0.047
15.740	-6.698	0.047
15.741	-6.698	0.047
15.742	-6.698	0.047
15.743	-6.698	0.047
15.744	-6.698	0.047
15.745	-6.698	0.047
15.746	-6.698	0.048
15.747	-6.698	0.048
15.748	-6.698	0.048
15.749	-6.698	0.048
15.750	-6.698	0.048
15.751	-6.698	0.048
15.752	-6.697	0.048
15.753	-6.697	0.048
15.754	-6.697	0.048
15.755	-6.697	0.048
15.756	-6.697	0.048
15.757	-6.697	0.048
15.758	-6.697	0.048
15.759	-6.697	0.048
15.760	-6.697	0.048
15.761	-6.697	0.048
15.762	-6.697	0.048
15.763	-6.697	0.048
15.764	-6.697	0.048
15.765	-6.697	0.048
15.766	-6.697	0.048
15.767	-6.697	0.048
15.768	-6.697	0.048
15.769	-6.697	0.048
15.770	-6.697	0.048
15.771	-6.697	0.049
15.772	-6.697	0.049
15.773	-6.697	0.049
15.774	-6.697	0.049
15.775	-6.697	0.049
15.776	-6.697	0.049
15.777	-6.697	0.049
15.778	-6.697	0.049
15.779	-6.697	0.049
15.780	-6.697	0.049
15.781	-6.697	0.049
15.782	-6.697	0.049
15.783	-6.697	0.049
15.784	-6.697	0.049
15.785	-6.697	0.049
15.786	-6.697	0.049
15.787	-6.697	0.049
15.788	-6.697	0.049
15.789	-6.697	0.049
15.790	-6.697	0.049
15.791	-6.697	0.049
15.792	-6.697	0.049
15.793	-6.697	0.049
15.794	-6.697	0.049
15.795	-6.697	0.049
15.796	-6.697	0.049
15.797	-6.697	0.050
15.798	-6.697	0.050
15.799	-6.697	0.050
15.800	-6.697	0.050
15.801	-6.697	0.050
15.802	-6.697	0.050
15.803	-6.697	0.050
15.804	-6.697	0.050
15.805	-6.697	0.050
15.806	-6.697	0.050
15.807	-6.697	0.050
15.808	-6.697	0.050
15.809	-6.697	0.050
15.810	-6.697	0.050
15.811	-6.697	0.050
15.812	-6.696	0.050
15.813	-6.696	0.050
15.814	-6.696	0.050
15.815	-6.696	0.050
15.816	-6.696	0.050
15.817	-6.696	0.050
15.818	-6.696	0.050
15.819	-6.696	0.050
15.820	-6.696	0.050
15.821	-6.696	0.050
15.822	-6.696	0.051
15.823	-6.696	0.051
15.824	-6.696	0.051
15.825	-6.696	0.051
15.826	-6.696	0.051
15.827	-6.696	0.051
15.828	-6.696	0.051
15.829	-6.696	0.051
15.830	-6.696	0.051
15.831	-6.696	0.051
15.832	-6.696	0.051
15.833	-6.696	0.051
15.834	-6.696	0.051
15.835	-6.696	0.051
15.836	-6.696	0.051
15.837	-6.696	0.051
15.838	-6.696	0.051
15.839	-6.696	0.051
15.840	-6.696	0.051
15.841	-6.696	0.051
15.842	-6.696	0.051
15.843	-6.696	0.051
15.844	-6.696	0.051
15.845	-6.696	0.051
15.846	-6.696	0.051
15.847	-6.696	0.052
15.848	-6.696	0.052
15.849	-6.696	0.052
15.850	-6.696	0.052
15.851	-6.696	0.052
15.852	-6.696	0.052
15.853	-6.696	0.052
15.854	-6.696	0.052
15.855	-6.696	0.052
15.856	-6.696	0.052
15.857	-6.696	0.052
15.858	-6.695	0.052
15.859	-6.695	0.052
15.860	-6.695	0.052
15.861	-6.695	0.052
15.862	-6.695	0.052
15.863	-6.695	0.052
15.864	-6.695	0.052
15.865	-6.695	0.052
15.866	-6.695	0.052
15.867	-6.695	0.052
15.868	-6.695	0.052
15.869	-6.695	0.052
15.870	-6.695	0.052
15.871	-6.695	0.052
15.872	-6.695	0.052
15.873	-6.695	0.053
15.874	-6.695	0.053
15.875	-6.695	0.053
15.876	-6.695	0.053
15.877	-6.695	0.053
15.878	-6.695	0.053
15.879	-6.695	0.053
15.880	-6.695	0.053
15.881	-6.695	0.053
15.882	-6.695	0.053
15.883	-6.695	0.053
15.884	-6.695	0.053
15.885	-6.695	0.053
15.886	-6.695	0.053
15.887	-6.695	0.053
15.888	-6.695	0.053
15.889	-6.695	0.053
15.890	-6.695	0.053
15.891	-6.695	0.053
15.892	-6.695	0.053
15.893	-6.695	0.053
15.894	-6.695	0.053
15.895	-6.695	0.053
15.896	-6.694	0.053
15.897	-6.694	0.053
15.898	-6.694	0.053
15.899	-6.694	0.053
15.900	-6.694	0.054
15.901	-6.694	0.054
15.902	-6.694	0.054
15.903	-6.694	0.054
15.904	-6.694	0.054
15.905	-6.694	0.054
15.906	-6.694	0.054
15.907	-6.694	0.054
15.908	-6.694	0.054
15.909	-6.694	0.054
15.910	-6.694	0.054
15.911	-6.694	0.054
15.912	-6.694	0.054
15.913	-6.694	0.054
15.914	-6.694	0.054
15.915	-6.694	0.054
15.916	-6.694	0.054
15.917	-6.694	0.054
15.918	-6.694	0.054
15.919	-6.694	0.054
15.920	-6.694	0.054
15.921	-6.694	0.054
15.922	-6.694	0.054
15.923	-6.694	0.054
15.924	-6.694	0.054
15.925	-6.694	0.054
15.926	-6.694	0.054
15.927	-6.694	0.054
15.928	-6.694	0.054
15.929	-6.693	0.055
15.930	-6.693	0.055
15.931	-6.693	0.055
15.932	-6.693	0.055
15.933	-6.693	0.055
15.934	-6.693	0.055
15.935	-6.693	0.055
15.936	-6.693	0.055
15.937	-6.693	0.055
15.938	-6.693	0.055
15.939	-6.693	0.055
15.940	-6.693	0.055
15.941	-6.693	0.055
15.942	-6.693	0.055
15.943	-6.693	0.055
15.944	-6.693	0.055
15.945	-6.693	0.055
15.946	-6.693	0.055
15.947	-6.693	0.055
15.948	-6.693	0.055
15.949	-6.693	0.055
15.950	-6.693	0.055
15.951	-6.693	0.055
15.952	-6.693	0.055
15.953	-6.693	0.055
15.954	-6.693	0.055
15.955	-6.693	0.055
15.956	-6.693	0.055
15.957	-6.693	0.055
15.958	-6.693	0.055
15.959	-6.693	0.055
15.960	-6.692	0.055
15.961	-6.692	0.056
15.962	-6.692	0.056
15.963	-6.692	0.056
15.964	-6.692	0.056
15.965	-6.692	0.056
15.966	-6.692	0.056
15.967	-6.692	0.056
15.968	-6.692	0.056
15.969	-6.692	0.056
15.970	-6.692	0.056
15.971	-6.692	0.056
15.972	-6.692	0.056
15.973	-6.692	0.056
15.974	-6.692	0.056
15.975	-6.692	0.056
15.976	-6.692	0.056
15.977	-6.692	0.056
15.978	-6.692	0.056
15.979	-6.692	0.056
15.980	-6.692	0.056
15.981	-6.692	0.056
15.982	-6.692	0.056
15.983	-6.692	0.056
15.984	-6.692	0.056
15.985	-6.692	0.056
15.986	-6.692	0.056
15.987	-6.692	0.056
15.988	-6.691	0.056
15.989	-6.691	0.056
15.990	-6.691	0.056
15.991	-6.691	0.056
15.992	-6.691	0.056
15.993	-6.691	0.056
15.994	-6.691	0.056
15.995	-6.691	0.056
15.996	-6.691	0.056
15.997	-6.691	0.056
15.998	-6.691	0.056
15.999	-6.691	0.056
16.000	-6.691	0.056
16.001	-6.691	0.057
16.002	-6.691	0.057
16.003	-6.691	0.057
16.004	-6.691	0.057
16.005	-6.691	0.057
16.006	-6.691	0.057
16.007	-6.691	0.057
16.008	-6.691	0.057
16.009	-6.691	0.057
16.010	-6.691	0.057
16.011	-6.691	0.057
16.012	-6.691	0.057
16.013	-6.691	0.057
16.014	-6.691	0.057
16.015	-6.690	0.057
16.016	-6.690	0.057
16.017	-6.690	0.057
16.018	-6.690	0.057
16.019	-6.690	0.057
16.020	-6.690	0.057
16.021	-6.690	0.057
16.022	-6.690	0.057
16.023	-6.690	0.057
16.024	-6.690	0.057
16.025	-6.690	0.057
16.026	-6.690	0.057
16.027	-6.690	0.057
16.028	-6.690	0.057
16.029	-6.690	0.057
16.030	-6.690	0.057
16.031	-6.690	0.057
16.032	-6.690	0.057
16.033	-6.690	0.057
16.034	-6.690	0.057
16.035	-6.690	0.057
16.036	-6.690	0.057
16.037	-6.690	0.057
16.038	-6.690	0.057
16.039	-6.690	0.057
16.040	-6.689	0.057
16.041	-6.689	0.057
16.042	-6.689	0.057
16.043	-6.689	0.057
16.044	-6.689	0.057
16.045	-6.689	0.057
16.046	-6.689	0.057
16.047	-6.689	0.057
16.048	-6.689	0.057
16.049	-6.689	0.057
16.050	-6.689	0.057
16.051	-6.689	0.057
16.052	-6.689	0.057
16.053	-6.689	0.057
16.054	-6.689	0.057
16.055	-6.689	0.057
16.056	-6.689	0.057
16.057	-6.689	0.057
16.058	-6.689	0.057
16.059	-6.689	0.058
16.060	-6.689	0.058
16.061	-6.689	0.058
16.062	-6.689	0.058
16.063	-6.688	0.058
16.064	-6.688	0.058
16.065	-6.688	0.058
16.066	-6.688	0.058
16.067	-6.688	0.058
16.068	-6.688	0.058
16.069	-6.688	0.058
16.070	-6.688	0.058
16.071	-6.688	0.058
16.072	-6.688	0.058
16.073	-6.688	0.058
16.074	-6.688	0.058
16.075	-6.688	0.058
16.076	-6.688	0.058
16.077	-6.688	0.058
16.078	-6.688	0.058
16.079	-6.688	0.058
16.080	-6.688	0.058
16.081	-6.688	0.058
16.082	-6.688	0.058
16.083	-6.688	0.058
16.084	-6.688	0.058
16.085	-6.687	0.058
16.086	-6.687	0.058
16.087	-6.687	0.058
16.088	-6.687	0.058
16.089	-6.687	0.058
16.090	-6.687	0.058
16.091	-6.687	0.058
16.092	-6.687	0.058
16.093	-6.687	0.058
16.094	-6.687	0.058
16.095	-6.687	0.058
16.096	-6.687	0.058
16.097	-6.687	0.058
16.098	-6.687	0.058
16.099	-6.687	0.058
16.100	-6.687	0.058
16.101	-6.687	0.058
16.102	-6.687	0.058
16.103	-6.687	0.058
16.104	-6.687	0.058
16.105	-6.686	0.058
16.106	-6.686	0.058
16.107	-6.686	0.058
16.108	-6.686	0.058
16.109	-6.686	0.058
16.110	-6.686	0.058
16.111	-6.686	0.058
16.112	-6.686	0.058
16.113	-6.686	0.058
16.114	-6.686	0.058
16.115	-6.686	0.058
16.116	-6.686	0.058
16.117	-6.686	0.058
16.118	-6.686	0.058
16.119	-6.686	0.058
16.120	-6.686	0.058
16.121	-6.686	0.058
16.122	-6.686	0.058
16.123	-6.686	0.058
16.124	-6.685	0.058
16.125	-6.685	0.058
16.126	-6.685	0.058
16.127	-6.685	0.058
16.128	-6.685	0.058
16.129	-6.685	0.058
16.130	-6.685	0.058
16.131	-6.685	0.058
16.132	-6.685	0.058
16.133	-6.685	0.058
16.134	-6.685	0.058
16.135	-6.685	0.058
16.136	-6.685	0.058
16.137	-6.685	0.058
16.138	-6.685	0.058
16.139	-6.685	0.058
16.140	-6.685	0.058
16.141	-6.685	0.058
16.142	-6.684	0.058
16.143	-6.684	0.058
16.144	-6.684	0.058
16.145	-6.684	0.058
16.146	-6.684	0.058
16.147	-6.684	0.058
16.148	-6.684	0.058
16.149	-6.684	0.058
16.150	-6.684	0.058
16.151	-6.684	0.058
16.152	-6.684	0.058
16.153	-6.684	0.058
16.154	-6.684	0.058
16.155	-6.684	0.058
16.156	-6.684	0.058
16.157	-6.684	0.058
16.158	-6.684	0.058
16.159	-6.683	0.058
16.160	-6.683	0.058
16.161	-6.683	0.058
16.162	-6.683	0.058
16.163	-6.683	0.058
16.164	-6.683	0.058
16.165	-6.683	0.058
16.166	-6.683	0.058
16.167	-6.683	0.058
16.168	-6.683	0.058
16.169	-6.683	0.058
16.170	-6.683	0.058
16.171	-6.683	0.058
16.172	-6.683	0.058
16.173	-6.683	0.058
16.174	-6.683	0.058
16.175	-6.682	0.058
16.176	-6.682	0.058
16.177	-6.682	0.058
16.178	-6.682	0.058
16.179	-6.682	0.058
16.180	-6.682	0.058
16.181	-6.682	0.058
16.182	-6.682	0.058
16.183	-6.682	0.058
16.184	-6.682	0.058
16.185	-6.682	0.058
16.186	-6.682	0.058
16.187	-6.682	0.058
16.188	-6.682	0.058
16.189	-6.682	0.058
16.190	-6.681	0.058
16.191	-6.681	0.058
16.192	-6.681	0.058
16.193	-6.681	0.058
16.194	-6.681	0.058
16.195	-6.681	0.058
16.196	-6.681	0.058
16.197	-6.681	0.058
16.198	-6.681	0.058
16.199	-6.681	0.058
16.200	-6.681	0.058
16.201	-6.681	0.058
16.202	-6.681	0.058
16.203	-6.681	0.058
16.204	-6.680	0.058
16.205	-6.680	0.058
16.206	-6.680	0.058
16.207	-6.680	0.058
16.208	-6.680	0.058
16.209	-6.680	0.058
16.210	-6.680	0.058
16.211	-6.680	0.058
16.212	-6.680	0.058
16.213	-6.680	0.058
16.214	-6.680	0.058
16.215	-6.680	0.058
16.216	-6.680	0.058
16.217	-6.680	0.058
16.218	-6.679	0.058
16.219	-6.679	0.058
16.220	-6.679	0.058
16.221	-6.679	0.058
16.222	-6.679	0.058
16.223	-6.679	0.058
16.224	-6.679	0.058
16.225	-6.679	0.058
16.226	-6.679	0.058
16.227	-6.679	0.058
16.228	-6.679	0.058
16.229	-6.679	0.058
16.230	-6.678	0.058
16.231	-6.678	0.058
16.232	-6.678	0.058
16.233	-6.678	0.058
16.234	-6.678	0.058
16.235	-6.678	0.058
16.236	-6.678	0.058
16.237	-6.678	0.058
16.238	-6.678	0.058
16.239	-6.678	0.058
16.240	-6.678	0.058
16.241	-6.678	0.058
16.242	-6.678	0.058
16.243	-6.677	0.058
16.244	-6.677	0.058
16.245	-6.677	0.058
16.246	-6.677	0.058
16.247	-6.677	0.058
16.248	-6.677	0.058
16.249	-6.677	0.058
16.250	-6.677	0.058
16.251	-6.677	0.058
16.252	-6.677	0.058
16.253	-6.677	0.058
16.254	-6.677	0.058
16.255	-6.676	0.058
16.256	-6.676	0.058
16.257	-6.676	0.058
16.258	-6.676	0.058
16.259	-6.676	0.058
16.260	-6.676	0.058
16.261	-6.676	0.058
16.262	-6.676	0.058
16.263	-6.676	0.058
16.264	-6.676	0.058
16.265	-6.676	0.058
16.266	-6.675	0.058
16.267	-6.675	0.058
16.268	-6.675	0.058
16.269	-6.675	0.058
16.270	-6.675	0.058
16.271	-6.675	0.058
16.272	-6.675	0.058
16.273	-6.675	0.058
16.274	-6.675	0.058
16.275	-6.675	0.058
16.276	-6.675	0.058
16.277	-6.674	0.058
16.278	-6.674	0.058
16.279	-6.674	0.058
16.280	-6.674	0.058
16.281	-6.674	0.058
16.282	-6.674	0.058
16.283	-6.674	0.058
16.284	-6.674	0.058
16.285	-6.674	0.058
16.286	-6.674	0.058
16.287	-6.674	0.058
16.288	-6.673	0.058
16.289	-6.673	0.058
16.290	-6.673	0.058
16.291	-6.673	0.058
16.292	-6.673	0.058
16.293	-6.673	0.058
16.294	-6.673	0.058
16.295	-6.673	0.058
16.296	-6.673	0.058
16.297	-6.673	0.058
16.298	-6.672	0.058
16.299	-6.672	0.058
16.300	-6.672	0.058
16.301	-6.672	0.058
16.302	-6.672	0.058
16.303	-6.672	0.058
16.304	-6.672	0.058
16.305	-6.672	0.058
16.306	-6.672	0.058
16.307	-6.672	0.058
16.308	-6.671	0.058
16.309	-6.671	0.058
16.310	-6.671	0.058
16.311	-6.671	0.058
16.312	-6.671	0.058
16.313	-6.671	0.058
16.314	-6.671	0.058
16.315	-6.671	0.058
16.316	-6.671	0.058
16.317	-6.670	0.058
16.318	-6.670	0.058
16.319	-6.670	0.058
16.320	-6.670	0.058
16.321	-6.670	0.058
16.322	-6.670	0.058
16.323	-6.670	0.058
16.324	-6.670	0.058
16.325	-6.670	0.058
16.326	-6.670	0.058
16.327	-6.669	0.058
16.328	-6.669	0.058
16.329	-6.669	0.058
16.330	-6.669	0.058
16.331	-6.669	0.058
16.332	-6.669	0.058
16.333	-6.669	0.058
16.334	-6.669	0.058
16.335	-6.669	0.058
16.336	-6.668	0.058
16.337	-6.668	0.058
16.338	-6.668	0.058
16.339	-6.668	0.058
16.340	-6.668	0.058
16.341	-6.668	0.058
16.342	-6.668	0.058
16.343	-6.668	0.058
16.344	-6.668	0.058
16.345	-6.667	0.058
16.346	-6.667	0.058
16.347	-6.667	0.058
16.348	-6.667	0.058
16.349	-6.667	0.058
16.350	-6.667	0.058
16.351	-6.667	0.058
16.352	-6.667	0.058
16.353	-6.666	0.058
16.354	-6.666	0.058
16.355	-6.666	0.058
16.356	-6.666	0.058
16.357	-6.666	0.058
16.358	-6.666	0.058
16.359	-6.666	0.058
16.360	-6.666	0.058
16.361	-6.665	0.058
16.362	-6.665	0.058
16.363	-6.665	0.058
16.364	-6.665	0.058
16.365	-6.665	0.058
16.366	-6.665	0.058
16.367	-6.665	0.058
16.368	-6.665	0.058
16.369	-6.664	0.058
16.370	-6.664	0.058
16.371	-6.664	0.058
16.372	-6.664	0.058
16.373	-6.664	0.058
16.374	-6.664	0.058
16.375	-6.664	0.058
16.376	-6.664	0.058
16.377	-6.663	0.058
16.378	-6.663	0.058
16.379	-6.663	0.058
16.380	-6.663	0.058
16.381	-6.663	0.058
16.382	-6.663	0.058
16.383	-6.663	0.058
16.384	-6.663	0.059
16.385	-6.662	0.059
16.386	-6.662	0.059
16.387	-6.662	0.059
16.388	-6.662	0.059
16.389	-6.662	0.059
16.390	-6.662	0.059
16.391	-6.662	0.059
16.392	-6.661	0.059
16.393	-6.661	0.059
16.394	-6.661	0.059
16.395	-6.661	0.059
16.396	-6.661	0.059
16.397	-6.661	0.059
16.398	-6.661	0.059
16.399	-6.661	0.059
16.400	-6.660	0.059
16.401	-6.660	0.059
16.402	-6.660	0.059
16.403	-6.660	0.059
16.404	-6.660	0.059
16.405	-6.660	0.059
16.406	-6.660	0.059
16.407	-6.659	0.059
16.408	-6.659	0.059
16.409	-6.659	0.059
16.410	-6.659	0.059
16.411	-6.659	0.059
16.412	-6.659	0.059
16.413	-6.659	0.059
16.414	-6.658	0.059
16.415	-6.658	0.059
16.416	-6.658	0.059
16.417	-6.658	0.059
16.418	-6.658	0.059
16.419	-6.658	0.059
16.420	-6.658	0.059
16.421	-6.657	0.059
16.422	-6.657	0.059
16.423	-6.657	0.059
16.424	-6.657	0.059
16.425	-6.657	0.059
16.426	-6.657	0.059
16.427	-6.657	0.059
16.428	-6.656	0.059
16.429	-6.656	0.059
16.430	-6.656	0.059
16.431	-6.656	0.059
16.432	-6.656	0.059
16.433	-6.656	0.059
16.434	-6.655	0.059
16.435	-6.655	0.059
16.436	-6.655	0.059
16.437	-6.655	0.059
16.438	-6.655	0.059
16.439	-6.655	0.059
16.440	-6.655	0.059
16.441	-6.654	0.059
16.442	-6.654	0.059
16.443	-6.654	0.059
16.444	-6.654	0.059
16.445	-6.654	0.059
16.446	-6.654	0.059
16.447	-6.653	0.059
16.448	-6.653	0.059
16.449	-6.653	0.059
16.450	-6.653	0.059
16.451	-6.653	0.059
16.452	-6.653	0.059
16.453	-6.652	0.059
16.454	-6.652	0.059
16.455	-6.652	0.059
16.456	-6.652	0.059
16.457	-6.652	0.059
16.458	-6.652	0.059
16.459	-6.651	0.060
16.460	-6.651	0.060
16.461	-6.651	0.060
16.462	-6.651	0.060
16.463	-6.651	0.060
16.464	-6.651	0.060
16.465	-6.650	0.060
16.466	-6.650	0.060
16.467	-6.650	0.060
16.468	-6.650	0.060
16.469	-6.650	0.060
16.470	-6.650	0.060
16.471	-6.649	0.060
16.472	-6.649	0.060
16.473	-6.649	0.060
16.474	-6.649	0.060
16.475	-6.649	0.060
16.476	-6.649	0.060
16.477	-6.648	0.060
16.478	-6.648	0.060
16.479	-6.648	0.060
16.480	-6.648	0.060
16.481	-6.648	0.060
16.482	-6.648	0.060
16.483	-6.647	0.060
16.484	-6.647	0.060
16.485	-6.647	0.060
16.486	-6.647	0.060
16.487	-6.647	0.060
16.488	-6.646	0.060
16.489	-6.646	0.060
16.490	-6.646	0.060
16.491	-6.646	0.060
16.492	-6.646	0.060
16.493	-6.646	0.060
16.494	-6.645	0.060
16.495	-6.645	0.060
16.496	-6.645	0.060
16.497	-6.645	0.060
16.498	-6.645	0.060
16.499	-6.644	0.060
16.500	-6.644	0.060
16.501	-6.644	0.060
16.502	-6.644	0.060
16.503	-6.644	0.060
16.504	-6.644	0.060
16.505	-6.643	0.060
16.506	-6.643	0.060
16.507	-6.643	0.060
16.508	-6.643	0.060
16.509	-6.643	0.060
16.510	-6.642	0.060
16.511	-6.642	0.060
16.512	-6.642	0.060
16.513	-6.642	0.060
16.514	-6.642	0.060
16.515	-6.641	0.060
16.516	-6.641	0.060
16.517	-6.641	0.060
16.518	-6.641	0.060
16.519	-6.641	0.060
16.520	-6.640	0.060
16.521	-6.640	0.060
16.522	-6.640	0.060
16.523	-6.640	0.060
16.524	-6.640	0.060
16.525	-6.639	0.060
16.526	-6.639	0.060
16.527	-6.639	0.060
16.528	-6.639	0.060
16.529	-6.639	0.060
16.530	-6.638	0.060
16.531	-6.638	0.060
16.532	-6.638	0.060
16.533	-6.638	0.060
16.534	-6.638	0.060
16.535	-6.637	0.060
16.536	-6.637	0.060
16.537	-6.637	0.060
16.538	-6.637	0.060
16.539	-6.637	0.060
16.540	-6.636	0.060
16.541	-6.636	0.060
16.542	-6.636	0.060
16.543	-6.636	0.060
16.544	-6.636	0.060
16.545	-6.635	0.060
16.546	-6.635	0.060
16.547	-6.635	0.059
16.548	-6.635	0.059
16.549	-6.634	0.059
16.550	-6.634	0.059
16.551	-6.634	0.059
16.552	-6.634	0.059
16.553	-6.634	0.059
16.554	-6.633	0.059
16.555	-6.633	0.059
16.556	-6.633	0.059
16.557	-6.633	0.059
16.558	-6.633	0.059
16.559	-6.632	0.059
16.560	-6.632	0.059
16.561	-6.632	0.059
16.562	-6.632	0.059
16.563	-6.631	0.059
16.564	-6.631	0.059
16.565	-6.631	0.059
16.566	-6.631	0.059
16.567	-6.631	0.059
16.568	-6.630	0.059
16.569	-6.630	0.059
16.570	-6.630	0.059
16.571	-6.630	0.059
16.572	-6.629	0.059
16.573	-6.629	0.059
16.574	-6.629	0.059
16.575	-6.629	0.059
16.576	-6.629	0.059
16.577	-6.628	0.059
16.578	-6.628	0.059
16.579	-6.628	0.059
16.580	-6.628	0.059
16.581	-6.627	0.059
16.582	-6.627	0.059
16.583	-6.627	0.059
16.584	-6.627	0.059
16.585	-6.627	0.059
16.586	-6.626	0.059
16.587	-6.626	0.059
16.588	-6.626	0.059
16.589	-6.626	0.059
16.590	-6.625	0.059
16.591	-6.625	0.058
16.592	-6.625	0.058
16.593	-6.625	0.058
16.594	-6.624	0.058
16.595	-6.624	0.058
16.596	-6.624	0.058
16.597	-6.624	0.058
16.598	-6.623	0.058
16.599	-6.623	0.058
16.600	-6.623	0.058
16.601	-6.623	0.058
16.602	-6.623	0.058
16.603	-6.622	0.058
16.604	-6.622	0.058
16.605	-6.622	0.058
16.606	-6.622	0.058
16.607	-6.621	0.058
16.608	-6.621	0.058
16.609	-6.621	0.058
16.610	-6.621	0.058
16.611	-6.620	0.058
16.612	-6.620	0.058
16.613	-6.620	0.058
16.614	-6.620	0.058
16.615	-6.619	0.058
16.616	-6.619	0.058
16.617	-6.619	0.058
16.618	-6.619	0.058
16.619	-6.618	0.057
16.620	-6.618	0.057
16.621	-6.618	0.057
16.622	-6.618	0.057
16.623	-6.617	0.057
16.624	-6.617	0.057
16.625	-6.617	0.057
16.626	-6.617	0.057
16.627	-6.616	0.057
16.628	-6.616	0.057
16.629	-6.616	0.057
16.630	-6.616	0.057
16.631	-6.615	0.057
16.632	-6.615	0.057
16.633	-6.615	0.057
16.634	-6.615	0.057
16.635	-6.614	0.057
16.636	-6.614	0.057
16.637	-6.614	0.057
16.638	-6.614	0.057
16.639	-6.613	0.057
16.640	-6.613	0.057
16.641	-6.613	0.057
16.642	-6.613	0.056
16.643	-6.612	0.056
16.644	-6.612	0.056
16.645	-6.612	0.056
16.646	-6.612	0.056
16.647	-6.611	0.056
16.648	-6.611	0.056
16.649	-6.611	0.056
16.650	-6.611	0.056
16.651	-6.610	0.056
16.652	-6.610	0.056
16.653	-6.610	0.056
16.654	-6.610	0.056
16.655	-6.609	0.056
16.656	-6.609	0.056
16.657	-6.609	0.056
16.658	-6.608	0.056
16.659	-6.608	0.056
16.660	-6.608	0.056
16.661	-6.608	0.056
16.662	-6.607	0.055
16.663	-6.607	0.055
16.664	-6.607	0.055
16.665	-6.607	0.055
16.666	-6.606	0.055
16.667	-6.606	0.055
16.668	-6.606	0.055
16.669	-6.606	0.055
16.670	-6.605	0.055
16.671	-6.605	0.055
16.672	-6.605	0.055
16.673	-6.604	0.055
16.674	-6.604	0.055
16.675	-6.604	0.055
16.676	-6.604	0.055
16.677	-6.603	0.055
16.678	-6.603	0.055
16.679	-6.603	0.055
16.680	-6.603	0.054
16.681	-6.602	0.054
16.682	-6.602	0.054
16.683	-6.602	0.054
16.684	-6.601	0.054
16.685	-6.601	0.054
16.686	-6.601	0.054
16.687	-6.601	0.054
16.688	-6.600	0.054
16.689	-6.600	0.054
16.690	-6.600	0.054
16.691	-6.600	0.054
16.692	-6.599	0.054
16.693	-6.599	0.054
16.694	-6.599	0.054
16.695	-6.598	0.054
16.696	-6.598	0.053
16.697	-6.598	0.053
16.698	-6.598	0.053
16.699	-6.597	0.053
16.700	-6.597	0.053
16.701	-6.597	0.053
16.702	-6.596	0.053
16.703	-6.596	0.053
16.704	-6.596	0.053
16.705	-6.596	0.053
16.706	-6.595	0.053
16.707	-6.595	0.053
16.708	-6.595	0.053
16.709	-6.595	0.053
16.710	-6.594	0.053
16.711	-6.594	0.053
16.712	-6.594	0.052
16.713	-6.593	0.052
16.714	-6.593	0.052
16.715	-6.593	0.052
16.716	-6.593	0.052
16.717	-6.592	0.052
16.718	-6.592	0.052
16.719	-6.592	0.052
16.720	-6.591	0.052
16.721	-6.591	0.052
16.722	-6.591	0.052
16.723	-6.590	0.052
16.724	-6.590	0.052
16.725	-6.590	0.052
16.726	-6.590	0.052
16.727	-6.589	0.051
16.728	-6.589	0.051
16.729	-6.589	0.051
16.730	-6.588	0.051
16.731	-6.588	0.051
16.732	-6.588	0.051
16.733	-6.588	0.051
16.734	-6.587	0.051
16.735	-6.587	0.051
16.736	-6.587	0.051
16.737	-6.586	0.051
16.738	-6.586	0.051
16.739	-6.586	0.051
16.740	-6.586	0.051
16.741	-6.585	0.050
16.742	-6.585	0.050
16.743	-6.585	0.050
16.744	-6.584	0.050
16.745	-6.584	0.050
16.746	-6.584	0.050
16.747	-6.583	0.050
16.748	-6.583	0.050
16.749	-6.583	0.050
16.750	-6.583	0.050
16.751	-6.582	0.050
16.752	-6.582	0.050
16.753	-6.582	0.050
16.754	-6.581	0.050
16.755	-6.581	0.049
16.756	-6.581	0.049
16.757	-6.580	0.049
16.758	-6.580	0.049
16.759	-6.580	0.049
16.760	-6.580	0.049
16.761	-6.579	0.049
16.762	-6.579	0.049
16.763	-6.579	0.049
16.764	-6.578	0.049
16.765	-6.578	0.049
16.766	-6.578	0.049
16.767	-6.577	0.049
16.768	-6.577	0.048
16.769	-6.577	0.048
16.770	-6.577	0.048
16.771	-6.576	0.048
16.772	-6.576	0.048
16.773	-6.576	0.048
16.774	-6.575	0.048
16.775	-6.575	0.048
16.776	-6.575	0.048
16.777	-6.574	0.048
16.778	-6.574	0.048
16.779	-6.574	0.048
16.780	-6.573	0.048
16.781	-6.573	0.047
16.782	-6.573	0.047
16.783	-6.573	0.047
16.784	-6.572	0.047
16.785	-6.572	0.047
16.786	-6.572	0.047
16.787	-6.571	0.047
16.788	-6.571	0.047
16.789	-6.571	0.047
16.790	-6.570	0.047
16.791	-6.570	0.047
16.792	-6.570	0.047
16.793	-6.569	0.046
16.794	-6.569	0.046
16.795	-6.569	0.046
16.796	-6.568	0.046
16.797	-6.568	0.046
16.798	-6.568	0.046
16.799	-6.568	0.046
16.800	-6.567	0.046
16.801	-6.567	0.046
16.802	-6.567	0.046
16.803	-6.566	0.046
16.804	-6.566	0.046
16.805	-6.566	0.045
16.806	-6.565	0.045
16.807	-6.565	0.045
16.808	-6.565	0.045
16.809	-6.564	0.045
16.810	-6.564	0.045
16.811	-6.564	0.045
16.812	-6.563	0.045
16.813	-6.563	0.045
16.814	-6.563	0.045
16.815	-6.562	0.045
16.816	-6.562	0.045
16.817	-6.562	0.044
16.818	-6.561	0.044
16.819	-6.561	0.044
16.820	-6.561	0.044
16.821	-6.561	0.044
16.822	-6.560	0.044
16.823	-6.560	0.044
16.824	-6.560	0.044
16.825	-6.559	0.044
16.826	-6.559	0.044
16.827	-6.559	0.044
16.828	-6.558	0.044
16.829	-6.558	0.043
16.830	-6.558	0.043
16.831	-6.557	0.043
16.832	-6.557	0.043
16.833	-6.557	0.043
16.834	-6.556	0.043
16.835	-6.556	0.043
16.836	-6.556	0.043
16.837	-6.555	0.043
16.838	-6.555	0.043
16.839	-6.555	0.043
16.840	-6.554	0.042
16.841	-6.554	0.042
16.842	-6.554	0.042
16.843	-6.553	0.042
16.844	-6.553	0.042
16.845	-6.553	0.042
16.846	-6.552	0.042
16.847	-6.552	0.042
16.848	-6.552	0.042
16.849	-6.551	0.042
16.850	-6.551	0.042
16.851	-6.551	0.041
16.852	-6.550	0.041
16.853	-6.550	0.041
16.854	-6.550	0.041
16.855	-6.549	0.041
16.856	-6.549	0.041
16.857	-6.549	0.041
16.858	-6.548	0.041
16.859	-6.548	0.041
16.860	-6.548	0.041
16.861	-6.547	0.041
16.862	-6.547	0.040
16.863	-6.547	0.040
16.864	-6.546	0.040
16.865	-6.546	0.040
16.866	-6.546	0.040
16.867	-6.545	0.040
16.868	-6.545	0.040
16.869	-6.545	0.040
16.870	-6.544	0.040
16.871	-6.544	0.040
16.872	-6.544	0.040
16.873	-6.543	0.039
16.874	-6.543	0.039
16.875	-6.543	0.039
16.876	-6.542	0.039
16.877	-6.542	0.039
16.878	-6.542	0.039
16.879	-6.541	0.039
16.880	-6.541	0.039
16.881	-6.541	0.039
16.882	-6.540	0.039
16.883	-6.540	0.039
16.884	-6.540	0.038
16.885	-6.539	0.038
16.886	-6.539	0.038
16.887	-6.539	0.038
16.888	-6.538	0.038
16.889	-6.538	0.038
16.890	-6.538	0.038
16.891	-6.537	0.038
16.892	-6.537	0.038
16.893	-6.537	0.038
16.894	-6.536	0.038
16.895	-6.536	0.038
16.896	-6.536	0.037
16.897	-6.535	0.037
16.898	-6.535	0.037
16.899	-6.535	0.037
16.900	-6.534	0.037
16.901	-6.534	0.037
16.902	-6.534	0.037
16.903	-6.533	0.037
16.904	-6.533	0.037
16.905	-6.533	0.037
16.906	-6.532	0.037
16.907	-6.532	0.036
16.908	-6.532	0.036
16.909	-6.531	0.036
16.910	-6.531	0.036
16.911	-6.531	0.036
16.912	-6.530	0.036
16.913	-6.530	0.036
16.914	-6.530	0.036
16.915	-6.529	0.036
16.916	-6.529	0.036
16.917	-6.529	0.036
16.918	-6.528	0.035
16.919	-6.528	0.035
16.920	-6.528	0.035
16.921	-6.527	0.035
16.922	-6.527	0.035
16.923	-6.526	0.035
16.924	-6.526	0.035
16.925	-6.526	0.035
16.926	-6.525	0.035
16.927	-6.525	0.035
16.928	-6.525	0.035
16.929	-6.524	0.035
16.930	-6.524	0.034
16.931	-6.524	0.034
16.932	-6.523	0.034
16.933	-6.523	0.034
16.934	-6.523	0.034
16.935	-6.522	0.034
16.936	-6.522	0.034
16.937	-6.522	0.034
16.938	-6.521	0.034
16.939	-6.521	0.034
16.940	-6.521	0.034
16.941	-6.520	0.034
16.942	-6.520	0.034
16.943	-6.520	0.033
16.944	-6.519	0.033
16.945	-6.519	0.033
16.946	-6.519	0.033
16.947	-6.518	0.033
16.948	-6.518	0.033
16.949	-6.517	0.033
16.950	-6.517	0.033
16.951	-6.517	0.033
16.952	-6.516	0.033
16.953	-6.516	0.033
16.954	-6.516	0.033
16.955	-6.515	0.033
16.956	-6.515	0.032
16.957	-6.515	0.032
16.958	-6.514	0.032
16.959	-6.514	0.032
16.960	-6.514	0.032
16.961	-6.513	0.032
16.962	-6.513	0.032
16.963	-6.513	0.032
16.964	-6.512	0.032
16.965	-6.512	0.032
16.966	-6.512	0.032
16.967	-6.511	0.032
16.968	-6.511	0.032
16.969	-6.510	0.032
16.970	-6.510	0.032
16.971	-6.510	0.032
16.972	-6.509	0.031
16.973	-6.509	0.031
16.974	-6.509	0.031
16.975	-6.508	0.031
16.976	-6.508	0.031
16.977	-6.508	0.031
16.978	-6.507	0.031
16.979	-6.507	0.031
16.980	-6.507	0.031
16.981	-6.506	0.031
16.982	-6.506	0.031
16.983	-6.506	0.031
16.984	-6.505	0.031
16.985	-6.505	0.031
16.986	-6.504	0.031
16.987	-6.504	0.031
16.988	-6.504	0.031
16.989	-6.503	0.031
16.990	-6.503	0.031
16.991	-6.503	0.031
16.992	-6.502	0.031
16.993	-6.502	0.030
16.994	-6.502	0.030
16.995	-6.501	0.030
16.996	-6.501	0.030
16.997	-6.501	0.030
16.998	-6.500	0.030
16.999	-6.500	0.030
17.000	-6.500	0.030
17.001	-6.499	0.030
17.002	-6.499	0.030
17.003	-6.498	0.030
17.004	-6.498	0.030
17.005	-6.498	0.030
17.006	-6.497	0.030
17.007	-6.497	0.030
17.008	-6.497	0.030
17.009	-6.496	0.030
17.010	-6.496	0.030
17.011	-6.496	0.030
17.012	-6.495	0.030
17.013	-6.495	0.030
17.014	-6.495	0.030
17.015	-6.494	0.030
17.016	-6.494	0.030
17.017	-6.493	0.030
17.018	-6.493	0.030
17.019	-6.493	0.030
17.020	-6.492	0.030
17.021	-6.492	0.030
17.022	-6.492	0.030
17.023	-6.491	0.030
17.024	-6.491	0.030
17.025	-6.491	0.030
17.026	-6.490	0.030
17.027	-6.490	0.030
17.028	-6.490	0.030
17.029	-6.489	0.030
17.030	-6.489	0.030
17.031	-6.489	0.030
17.032	-6.488	0.030
17.033	-6.488	0.030
17.034	-6.487	0.030
17.035	-6.487	0.030
17.036	-6.487	0.030
17.037	-6.486	0.030
17.038	-6.486	0.030
17.039	-6.486	0.030
17.040	-6.485	0.030
17.041	-6.485	0.030
17.042	-6.485	0.030
17.043	-6.484	0.030
17.044	-6.484	0.030
17.045	-6.484	0.030
17.046	-6.483	0.030
17.047	-6.483	0.030
17.048	-6.483	0.030
17.049	-6.482	0.030
17.050	-6.482	0.031
17.051	-6.481	0.031
17.052	-6.481	0.031
17.053	-6.481	0.031
17.054	-6.480	0.031
17.055	-6.480	0.031
17.056	-6.480	0.031
17.057	-6.479	0.031
17.058	-6.479	0.031
17.059	-6.479	0.031
17.060	-6.478	0.031
17.061	-6.478	0.031
17.062	-6.478	0.031
17.063	-6.477	0.031
17.064	-6.477	0.031
17.065	-6.477	0.031
17.066	-6.476	0.031
17.067	-6.476	0.032
17.068	-6.476	0.032
17.069	-6.475	0.032
17.070	-6.475	0.032
17.071	-6.475	0.032
17.072	-6.474	0.032
17.073	-6.474	0.032
17.074	-6.473	0.032
17.075	-6.473	0.032
17.076	-6.473	0.032
17.077	-6.472	0.032
17.078	-6.472	0.032
17.079	-6.472	0.033
17.080	-6.471	0.033
17.081	-6.471	0.033
17.082	-6.471	0.033
17.083	-6.470	0.033
17.084	-6.470	0.033
17.085	-6.470	0.033
17.086	-6.469	0.033
17.087	-6.469	0.033
17.088	-6.469	0.033
17.089	-6.468	0.034
17.090	-6.468	0.034
17.091	-6.468	0.034
17.092	-6.467	0.034
17.093	-6.467	0.034
17.094	-6.467	0.034
17.095	-6.466	0.034
17.096	-6.466	0.034
17.097	-6.466	0.034
17.098	-6.465	0.035
17.099	-6.465	0.035
17.100	-6.465	0.035
17.101	-6.464	0.035
17.102	-6.464	0.035
17.103	-6.464	0.035
17.104	-6.463	0.035
17.105	-6.463	0.035
17.106	-6.463	0.035
17.107	-6.462	0.036
17.108	-6.462	0.036
17.109	-6.462	0.036
17.110	-6.461	0.036
17.111	-6.461	0.036
17.112	-6.461	0.036
17.113	-6.460	0.036
17.114	-6.460	0.036
17.115	-6.460	0.037
17.116	-6.459	0.037
17.117	-6.459	0.037
17.118	-6.459	0.037
17.119	-6.458	0.037
17.120	-6.458	0.037
17.121	-6.458	0.037
17.122	-6.457	0.037
17.123	-6.457	0.038
17.124	-6.457	0.038
17.125	-6.457	0.038
17.126	-6.456	0.038
17.127	-6.456	0.038
17.128	-6.456	0.038
17.129	-6.455	0.038
17.130	-6.455	0.039
17.131	-6.455	0.039
17.132	-6.454	0.039
17.133	-6.454	0.039
17.134	-6.454	0.039
17.135	-6.453	0.039
17.136	-6.453	0.039
17.137	-6.453	0.040
17.138	-6.452	0.040
17.139	-6.452	0.040
17.140	-6.452	0.040
17.141	-6.451	0.040
17.142	-6.451	0.040
17.143	-6.451	0.040
17.144	-6.451	0.040
17.145	-6.450	0.041
17.146	-6.450	0.041
17.147	-6.450	0.041
17.148	-6.449	0.041
17.149	-6.449	0.041
17.150	-6.449	0.041
17.151	-6.448	0.041
17.152	-6.448	0.042
17.153	-6.448	0.042
17.154	-6.448	0.042
17.155	-6.447	0.042
17.156	-6.447	0.042
17.157	-6.447	0.042
17.158	-6.446	0.042
17.159	-6.446	0.043
17.160	-6.446	0.043
17.161	-6.445	0.043
17.162	-6.445	0.043
17.163	-6.445	0.043
17.164	-6.445	0.043
17.165	-6.444	0.043
17.166	-6.444	0.044
17.167	-6.444	0.044
17.168	-6.443	0.044
17.169	-6.443	0.044
17.170	-6.443	0.044
17.171	-6.443	0.044
17.172	-6.442	0.044
17.173	-6.442	0.044
17.174	-6.442	0.045
17.175	-6.441	0.045
17.176	-6.441	0.045
17.177	-6.441	0.045
17.178	-6.441	0.045
17.179	-6.440	0.045
17.180	-6.440	0.045
17.181	-6.440	0.046
17.182	-6.439	0.046
17.183	-6.439	0.046
17.184	-6.439	0.046
17.185	-6.439	0.046
17.186	-6.438	0.046
17.187	-6.438	0.046
17.188	-6.438	0.046
17.189	-6.437	0.047
17.190	-6.437	0.047
17.191	-6.437	0.047
17.192	-6.437	0.047
17.193	-6.436	0.047
17.194	-6.436	0.047
17.195	-6.436	0.047
17.196	-6.436	0.048
17.197	-6.435	0.048
17.198	-6.435	0.048
17.199	-6.435	0.048
17.200	-6.435	0.048
17.201	-6.434	0.048
17.202	-6.434	0.048
17.203	-6.434	0.048
17.204	-6.434	0.049
17.205	-6.433	0.049
17.206	-6.433	0.049
17.207	-6.433	0.049
17.208	-6.432	0.049
17.209	-6.432	0.049
17.210	-6.432	0.049
17.211	-6.432	0.049
17.212	-6.431	0.049
17.213	-6.431	0.050
17.214	-6.431	0.050
17.215	-6.431	0.050
17.216	-6.430	0.050
17.217	-6.430	0.050
17.218	-6.430	0.050
17.219	-6.430	0.050
17.220	-6.429	0.050
17.221	-6.429	0.050
17.222	-6.429	0.051
17.223	-6.429	0.051
17.224	-6.429	0.051
17.225	-6.428	0.051
17.226	-6.428	0.051
17.227	-6.428	0.051
17.228	-6.428	0.051
17.229	-6.427	0.051
17.230	-6.427	0.051
17.231	-6.427	0.051
17.232	-6.427	0.052
17.233	-6.426	0.052
17.234	-6.426	0.052
17.235	-6.426	0.052
17.236	-6.426	0.052
17.237	-6.426	0.052
17.238	-6.425	0.052
17.239	-6.425	0.052
17.240	-6.425	0.052
17.241	-6.425	0.052
17.242	-6.424	0.052
17.243	-6.424	0.053
17.244	-6.424	0.053
17.245	-6.424	0.053
17.246	-6.424	0.053
17.247	-6.423	0.053
17.248	-6.423	0.053
17.249	-6.423	0.053
17.250	-6.423	0.053
17.251	-6.422	0.053
17.252	-6.422	0.053
17.253	-6.422	0.053
17.254	-6.422	0.053
17.255	-6.422	0.054
17.256	-6.421	0.054
17.257	-6.421	0.054
17.258	-6.421	0.054
17.259	-6.421	0.054
17.260	-6.421	0.054
17.261	-6.420	0.054
17.262	-6.420	0.054
17.263	-6.420	0.054
17.264	-6.420	0.054
17.265	-6.420	0.054
17.266	-6.419	0.054
17.267	-6.419	0.054
17.268	-6.419	0.054
17.269	-6.419	0.054
17.270	-6.419	0.054
17.271	-6.419	0.055
17.272	-6.418	0.055
17.273	-6.418	0.055
17.274	-6.418	0.055
17.275	-6.418	0.055
17.276	-6.418	0.055
17.277	-6.417	0.055
17.278	-6.417	0.055
17.279	-6.417	0.055
17.280	-6.417	0.055
17.281	-6.417	0.055
17.282	-6.417	0.055
17.283	-6.416	0.055
17.284	-6.416	0.055
17.285	-6.416	0.055
17.286	-6.416	0.055
17.287	-6.416	0.055
17.288	-6.416	0.055
17.289	-6.415	0.055
17.290	-6.415	0.055
17.291	-6.415	0.055
17.292	-6.415	0.055
17.293	-6.415	0.055
17.294	-6.415	0.055
17.295	-6.414	0.055
17.296	-6.414	0.055
17.297	-6.414	0.055
17.298	-6.414	0.055
17.299	-6.414	0.055
17.300	-6.414	0.055
17.301	-6.414	0.055
17.302	-6.413	0.056
17.303	-6.413	0.056
17.304	-6.413	0.056
17.305	-6.413	0.056
17.306	-6.413	0.056
17.307	-6.413	0.056
17.308	-6.413	0.056
17.309	-6.412	0.056
17.310	-6.412	0.056
17.311	-6.412	0.056
17.312	-6.412	0.056
17.313	-6.412	0.056
17.314	-6.412	0.056
17.315	-6.412	0.056
17.316	-6.411	0.056
17.317	-6.411	0.056
17.318	-6.411	0.056
17.319	-6.411	0.056
17.320	-6.411	0.056
17.321	-6.411	0.056
17.322	-6.411	0.056
17.323	-6.411	0.056
17.324	-6.410	0.056
17.325	-6.410	0.056
17.326	-6.410	0.055
17.327	-6.410	0.055
17.328	-6.410	0.055
17.329	-6.410	0.055
17.330	-6.410	0.055
17.331	-6.410	0.055
17.332	-6.410	0.055
17.333	-6.409	0.055
17.334	-6.409	0.055
17.335	-6.409	0.055
17.336	-6.409	0.055
17.337	-6.409	0.055
17.338	-6.409	0.055
17.339	-6.409	0.055
17.340	-6.409	0.055
17.341	-6.409	0.055
17.342	-6.408	0.055
17.343	-6.408	0.055
17.344	-6.408	0.055
17.345	-6.408	0.055
17.346	-6.408	0.055
17.347	-6.408	0.055
17.348	-6.408	0.055
17.349	-6.408	0.055
17.350	-6.408	0.055
17.351	-6.408	0.055
17.352	-6.407	0.055
17.353	-6.407	0.055
17.354	-6.407	0.055
17.355	-6.407	0.055
17.356	-6.407	0.055
17.357	-6.407	0.055
17.358	-6.407	0.055
17.359	-6.407	0.055
17.360	-6.407	0.055
17.361	-6.407	0.054
17.362	-6.407	0.054
17.363	-6.407	0.054
17.364	-6.406	0.054
17.365	-6.406	0.054
17.366	-6.406	0.054
17.367	-6.406	0.054
17.368	-6.406	0.054
17.369	-6.406	0.054
17.370	-6.406	0.054
17.371	-6.406	0.054
17.372	-6.406	0.054
17.373	-6.406	0.054
17.374	-6.406	0.054
17.375	-6.406	0.054
17.376	-6.406	0.054
17.377	-6.406	0.054
17.378	-6.405	0.054
17.379	-6.405	0.054
17.380	-6.405	0.053
17.381	-6.405	0.053
17.382	-6.405	0.053
17.383	-6.405	0.053
17.384	-6.405	0.053
17.385	-6.405	0.053
17.386	-6.405	0.053
17.387	-6.405	0.053
17.388	-6.405	0.053
17.389	-6.405	0.053
17.390	-6.405	0.053
17.391	-6.405	0.053
17.392	-6.405	0.053
17.393	-6.405	0.053
17.394	-6.404	0.053
17.395	-6.404	0.053
17.396	-6.404	0.052
17.397	-6.404	0.052
17.398	-6.404	0.052
17.399	-6.404	0.052
17.400	-6.404	0.052
17.401	-6.404	0.052
17.402	-6.404	0.052
17.403	-6.404	0.052
17.404	-6.404	0.052
17.405	-6.404	0.052
17.406	-6.404	0.052
17.407	-6.404	0.052
17.408	-6.404	0.052
17.409	-6.404	0.052
17.410	-6.404	0.051
17.411	-6.404	0.051
17.412	-6.404	0.051
17.413	-6.404	0.051
17.414	-6.404	0.051
17.415	-6.404	0.051
17.416	-6.404	0.051
17.417	-6.404	0.051
17.418	-6.404	0.051
17.419	-6.403	0.051
17.420	-6.403	0.051
17.421	-6.403	0.051
17.422	-6.403	0.051
17.423	-6.403	0.050
17.424	-6.403	0.050
17.425	-6.403	0.050
17.426	-6.403	0.050
17.427	-6.403	0.050
17.428	-6.403	0.050
17.429	-6.403	0.050
17.430	-6.403	0.050
17.431	-6.403	0.050
17.432	-6.403	0.050
17.433	-6.403	0.050
17.434	-6.403	0.050
17.435	-6.403	0.049
17.436	-6.403	0.049
17.437	-6.403	0.049
17.438	-6.403	0.049
17.439	-6.403	0.049
17.440	-6.403	0.049
17.441	-6.403	0.049
17.442	-6.403	0.049
17.443	-6.403	0.049
17.444	-6.403	0.049
17.445	-6.403	0.049
17.446	-6.403	0.048
17.447	-6.403	0.048
17.448	-6.403	0.048
17.449	-6.403	0.048
17.450	-6.403	0.048
17.451	-6.403	0.048
17.452	-6.403	0.048
17.453	-6.403	0.048
17.454	-6.403	0.048
17.455	-6.403	0.048
17.456	-6.403	0.048
17.457	-6.403	0.048
17.458	-6.403	0.047
17.459	-6.403	0.047
17.460	-6.403	0.047
17.461	-6.403	0.047
17.462	-6.403	0.047
17.463	-6.403	0.047
17.464	-6.403	0.047
17.465	-6.403	0.047
17.466	-6.403	0.047
17.467	-6.403	0.047
17.468	-6.403	0.047
17.469	-6.403	0.046
17.470	-6.403	0.046
17.471	-6.403	0.046
17.472	-6.403	0.046
17.473	-6.403	0.046
17.474	-6.403	0.046
17.475	-6.403	0.046
17.476	-6.403	0.046
17.477	-6.403	0.046
17.478	-6.403	0.046
17.479	-6.403	0.046
17.480	-6.403	0.045
17.481	-6.403	0.045
17.482	-6.403	0.045
17.483	-6.403	0.045
17.484	-6.403	0.045
17.485	-6.403	0.045
17.486	-6.403	0.045
17.487	-6.403	0.045
17.488	-6.403	0.045
17.489	-6.403	0.045
17.490	-6.403	0.045
17.491	-6.403	0.044
17.492	-6.403	0.044
17.493	-6.403	0.044
17.494	-6.403	0.044
17.495	-6.403	0.044
17.496	-6.403	0.044
17.497	-6.403	0.044
17.498	-6.403	0.044
17.499	-6.403	0.044
17.500	-6.403	0.044
17.501	-6.403	0.044
17.502	-6.403	0.044
17.503	-6.404	0.043
17.504	-6.404	0.043
17.505	-6.404	0.043
17.506	-6.404	0.043
17.507	-6.404	0.043
17.508	-6.404	0.043
17.509	-6.404	0.043
17.510	-6.404	0.043
17.511	-6.404	0.043
17.512	-6.404	0.043
17.513	-6.404	0.043
17.514	-6.404	0.043
17.515	-6.404	0.042
17.516	-6.404	0.042
17.517	-6.404	0.042
17.518	-6.404	0.042
17.519	-6.404	0.042
17.520	-6.404	0.042
17.521	-6.404	0.042
17.522	-6.404	0.042
17.523	-6.404	0.042
17.524	-6.404	0.042
17.525	-6.404	0.042
17.526	-6.404	0.042
17.527	-6.404	0.042
17.528	-6.404	0.041
17.529	-6.404	0.041
17.530	-6.404	0.041
17.531	-6.404	0.041
17.532	-6.405	0.041
17.533	-6.405	0.041
17.534	-6.405	0.041
17.535	-6.405	0.041
17.536	-6.405	0.041
17.537	-6.405	0.041
17.538	-6.405	0.041
17.539	-6.405	0.041
17.540	-6.405	0.041
17.541	-6.405	0.041
17.542	-6.405	0.041
17.543	-6.405	0.040
17.544	-6.405	0.040
17.545	-6.405	0.040
17.546	-6.405	0.040
17.547	-6.405	0.040
17.548	-6.405	0.040
17.549	-6.405	0.040
17.550	-6.405	0.040
17.551	-6.405	0.040
17.552	-6.405	0.040
17.553	-6.405	0.040
17.554	-6.405	0.040
17.555	-6.406	0.040
17.556	-6.406	0.040
17.557	-6.406	0.040
17.558	-6.406	0.040
17.559	-6.406	0.040
17.560	-6.406	0.040
17.561	-6.406	0.040
17.562	-6.406	0.040
17.563	-6.406	0.039
17.564	-6.406	0.039
17.565	-6.406	0.039
17.566	-6.406	0.039
17.567	-6.406	0.039
17.568	-6.406	0.039
17.569	-6.406	0.039
17.570	-6.406	0.039
17.571	-6.406	0.039
17.572	-6.406	0.039
17.573	-6.406	0.039
17.574	-6.406	0.039
17.575	-6.407	0.039
17.576	-6.407	0.039
17.577	-6.407	0.039
17.578	-6.407	0.039
17.579	-6.407	0.039
17.580	-6.407	0.039
17.581	-6.407	0.039
17.582	-6.407	0.039
17.583	-6.407	0.039
17.584	-6.407	0.039
17.585	-6.407	0.039
17.586	-6.407	0.039
17.587	-6.407	0.039
17.588	-6.407	0.039
17.589	-6.407	0.039
17.590	-6.407	0.039
17.591	-6.407	0.039
17.592	-6.407	0.039
17.593	-6.407	0.039
17.594	-6.407	0.039
17.595	-6.408	0.039
17.596	-6.408	0.039
17.597	-6.408	0.039
17.598	-6.408	0.039
17.599	-6.408	0.039
17.600	-6.408	0.039
17.601	-6.408	0.039
17.602	-6.408	0.039
17.603	-6.408	0.039
17.604	-6.408	0.039
17.605	-6.408	0.039
17.606	-6.408	0.039
17.607	-6.408	0.039
17.608	-6.408	0.039
17.609	-6.408	0.039
17.610	-6.408	0.039
17.611	-6.408	0.039
17.612	-6.408	0.039
17.613	-6.409	0.039
17.614	-6.409	0.039
17.615	-6.409	0.039
17.616	-6.409	0.039
17.617	-6.409	0.039
17.618	-6.409	0.039
17.619	-6.409	0.039
17.620	-6.409	0.039
17.621	-6.409	0.039
17.622	-6.409	0.039
17.623	-6.409	0.039
17.624	-6.409	0.039
17.625	-6.409	0.039
17.626	-6.409	0.039
17.627	-6.409	0.039
17.628	-6.409	0.039
17.629	-6.409	0.039
17.630	-6.409	0.039
17.631	-6.409	0.039
17.632	-6.409	0.039
17.633	-6.410	0.039
17.634	-6.410	0.039
17.635	-6.410	0.039
17.636	-6.410	0.039
17.637	-6.410	0.039
17.638	-6.410	0.039
17.639	-6.410	0.039
17.640	-6.410	0.039
17.641	-6.410	0.039
17.642	-6.410	0.039
17.643	-6.410	0.039
17.644	-6.410	0.039
17.645	-6.410	0.039
17.646	-6.410	0.039
17.647	-6.410	0.039
17.648	-6.410	0.039
17.649	-6.410	0.039
17.650	-6.410	0.039
17.651	-6.410	0.039
17.652	-6.411	0.039
17.653	-6.411	0.039
17.654	-6.411	0.039
17.655	-6.411	0.039
17.656	-6.411	0.039
17.657	-6.411	0.039
17.658	-6.411	0.039
17.659	-6.411	0.039
17.660	-6.411	0.039
17.661	-6.411	0.039
17.662	-6.411	0.039
17.663	-6.411	0.039
17.664	-6.411	0.039
17.665	-6.411	0.039
17.666	-6.411	0.039
17.667	-6.411	0.039
17.668	-6.411	0.039
17.669	-6.411	0.039
17.670	-6.411	0.039
17.671	-6.411	0.039
17.672	-6.411	0.039
17.673	-6.412	0.039
17.674	-6.412	0.039
17.675	-6.412	0.039
17.676	-6.412	0.039
17.677	-6.412	0.039
17.678	-6.412	0.039
17.679	-6.412	0.039
17.680	-6.412	0.039
17.681	-6.412	0.039
17.682	-6.412	0.039
17.683	-6.412	0.040
17.684	-6.412	0.040
17.685	-6.412	0.040
17.686	-6.412	0.040
17.687	-6.412	0.040
17.688	-6.412	0.040
17.689	-6.412	0.040
17.690	-6.412	0.040
17.691	-6.412	0.040
17.692	-6.412	0.040
17.693	-6.412	0.040
17.694	-6.412	0.040
17.695	-6.413	0.040
17.696	-6.413	0.040
17.697	-6.413	0.040
17.698	-6.413	0.040
17.699	-6.413	0.040
17.700	-6.413	0.040
17.701	-6.413	0.040
17.702	-6.413	0.040
17.703	-6.413	0.040
17.704	-6.413	0.040
17.705	-6.413	0.040
17.706	-6.413	0.040
17.707	-6.413	0.040
17.708	-6.413	0.040
17.709	-6.413	0.040
17.710	-6.413	0.040
17.711	-6.413	0.040
17.712	-6.413	0.040
17.713	-6.413	0.040
17.714	-6.413	0.040
17.715	-6.413	0.040
17.716	-6.413	0.040
17.717	-6.413	0.040
17.718	-6.414	0.040
17.719	-6.414	0.040
17.720	-6.414	0.040
17.721	-6.414	0.040
17.722	-6.414	0.040
17.723	-6.414	0.040
17.724	-6.414	0.040
17.725	-6.414	0.041
17.726	-6.414	0.041
17.727	-6.414	0.041
17.728	-6.414	0.041
17.729	-6.414	0.041
17.730	-6.414	0.041
17.731	-6.414	0.041
17.732	-6.414	0.041
17.733	-6.414	0.041
17.734	-6.414	0.041
17.735	-6.414	0.041
17.736	-6.414	0.041
17.737	-6.414	0.041
17.738	-6.414	0.041
17.739	-6.414	0.041
17.740	-6.414	0.041
17.741	-6.414	0.041
17.742	-6.414	0.041
17.743	-6.414	0.041
17.744	-6.414	0.041
17.745	-6.415	0.041
17.746	-6.415	0.041
17.747	-6.415	0.041
17.748	-6.415	0.041
17.749	-6.415	0.041
17.750	-6.415	0.041
17.751	-6.415	0.041
17.752	-6.415	0.041
17.753	-6.415	0.041
17.754	-6.415	0.041
17.755	-6.415	0.041
17.756	-6.415	0.041
17.757	-6.415	0.041
17.758	-6.415	0.041
17.759	-6.415	0.041
17.760	-6.415	0.041
17.761	-6.415	0.041
17.762	-6.415	0.041
17.763	-6.415	0.041
17.764	-6.415	0.041
17.765	-6.415	0.041
17.766	-6.415	0.041
17.767	-6.415	0.041
17.768	-6.415	0.041
17.769	-6.415	0.041
17.770	-6.415	0.041
17.771	-6.415	0.041
17.772	-6.415	0.041
17.773	-6.415	0.041
17.774	-6.415	0.041
17.775	-6.415	0.041
17.776	-6.416	0.041
17.777	-6.416	0.041
17.778	-6.416	0.041
17.779	-6.416	0.041
17.780	-6.416	0.041
17.781	-6.416	0.042
17.782	-6.416	0.042
17.783	-6.416	0.042
17.784	-6.416	0.042
17.785	-6.416	0.042
17.786	-6.416	0.042
17.787	-6.416	0.042
17.788	-6.416	0.042
17.789	-6.416	0.042
17.790	-6.416	0.042
17.791	-6.416	0.042
17.792	-6.416	0.042
17.793	-6.416	0.042
17.794	-6.416	0.042
17.795	-6.416	0.042
17.796	-6.416	0.042
17.797	-6.416	0.042
17.798	-6.416	0.042
17.799	-6.416	0.042
17.800	-6.416	0.042
17.801	-6.416	0.042
17.802	-6.416	0.042
17.803	-6.416	0.042
17.804	-6.416	0.042
17.805	-6.416	0.042
17.806	-6.416	0.042
17.807	-6.416	0.042
17.808	-6.416	0.042
17.809	-6.416	0.042
17.810	-6.416	0.042
17.811	-6.416	0.042
17.812	-6.416	0.042
17.813	-6.416	0.042
17.814	-6.416	0.042
17.815	-6.416	0.042
17.816	-6.416	0.042
17.817	-6.417	0.042
17.818	-6.417	0.042
17.819	-6.417	0.042
17.820	-6.417	0.042
17.821	-6.417	0.042
17.822	-6.417	0.042
17.823	-6.417	0.042
17.824	-6.417	0.042
17.825	-6.417	0.042
17.826	-6.417	0.042
17.827	-6.417	0.042
17.828	-6.417	0.042
17.829	-6.417	0.042
17.830	-6.417	0.042
17.831	-6.417	0.042
17.832	-6.417	0.042
17.833	-6.417	0.042
17.834	-6.417	0.042
17.835	-6.417	0.042
17.836	-6.417	0.042
17.837	-6.417	0.042
17.838	-6.417	0.042
17.839	-6.417	0.042
17.840	-6.417	0.042
17.841	-6.417	0.042
17.842	-6.417	0.042
17.843	-6.417	0.042
17.844	-6.417	0.042
17.845	-6.417	0.042
17.846	-6.417	0.042
17.847	-6.417	0.042
17.848	-6.417	0.042
17.849	-6.417	0.042
17.850	-6.417	0.042
17.851	-6.417	0.042
17.852	-6.417	0.042
17.853	-6.417	0.042
17.854	-6.417	0.042
17.855	-6.417	0.042
17.856	-6.417	0.042
17.857	-6.417	0.042
17.858	-6.417	0.042
17.859	-6.417	0.042
17.860	-6.417	0.042
17.861	-6.417	0.042
17.862	-6.417	0.042
17.863	-6.417	0.042
17.864	-6.417	0.042
17.865	-6.417	0.042
17.866	-6.417	0.042
17.867	-6.417	0.042
17.868	-6.417	0.042
17.869	-6.417	0.042
17.870	-6.417	0.042
17.871	-6.417	0.042
17.872	-6.417	0.042
17.873	-6.417	0.042
17.874	-6.417	0.042
17.875	-6.417	0.042
17.876	-6.417	0.042
17.877	-6.417	0.042
17.878	-6.417	0.042
17.879	-6.417	0.042
17.880	-6.417	0.042
17.881	-6.417	0.042
17.882	-6.417	0.042
17.883	-6.417	0.042
17.884	-6.417	0.042
17.885	-6.417	0.042
17.886	-6.417	0.042
17.887	-6.417	0.042
17.888	-6.417	0.042
17.889	-6.417	0.042
17.890	-6.417	0.042
17.891	-6.417	0.042
17.892	-6.417	0.042
17.893	-6.417	0.042
17.894	-6.417	0.042
17.895	-6.417	0.042
17.896	-6.417	0.042
17.897	-6.418	0.042
17.898	-6.418	0.041
17.899	-6.418	0.041
17.900	-6.418	0.041
17.901	-6.418	0.041
17.902	-6.418	0.041
17.903	-6.418	0.041
17.904	-6.418	0.041
17.905	-6.418	0.041
17.906	-6.418	0.041
17.907	-6.418	0.041
17.908	-6.418	0.041
17.909	-6.418	0.041
17.910	-6.418	0.041
17.911	-6.418	0.041
17.912	-6.418	0.041
17.913	-6.418	0.041
17.914	-6.418	0.041
17.915	-6.418	0.041
17.916	-6.418	0.041
17.917	-6.418	0.041
17.918	-6.418	0.041
17.919	-6.418	0.041
17.920	-6.418	0.041
17.921	-6.418	0.041
17.922	-6.418	0.041
17.923	-6.418	0.041
17.924	-6.418	0.041
17.925	-6.418	0.041
17.926	-6.418	0.041
17.927	-6.418	0.041
17.928	-6.418	0.041
17.929	-6.418	0.041
17.930	-6.418	0.041
17.931	-6.418	0.041
17.932	-6.418	0.041
17.933	-6.418	0.041
17.934	-6.418	0.041
17.935	-6.418	0.041
17.936	-6.418	0.041
17.937	-6.418	0.041
17.938	-6.418	0.041
17.939	-6.418	0.041
17.940	-6.418	0.041
17.941	-6.418	0.041
17.942	-6.418	0.041
17.943	-6.418	0.041
17.944	-6.418	0.041
17.945	-6.418	0.041
17.946	-6.418	0.041
17.947	-6.418	0.041
17.948	-6.418	0.041
17.949	-6.418	0.041
17.950	-6.418	0.041
17.951	-6.418	0.041
17.952	-6.418	0.041
17.953	-6.418	0.041
17.954	-6.418	0.041
17.955	-6.418	0.040
17.956	-6.418	0.040
17.957	-6.418	0.040
17.958	-6.418	0.040
17.959	-6.418	0.040
17.960	-6.418	0.040
17.961	-6.418	0.040
17.962	-6.418	0.040
17.963	-6.418	0.040
17.964	-6.418	0.040
17.965	-6.418	0.040
17.966	-6.418	0.040
17.967	-6.418	0.040
17.968	-6.418	0.040
17.969	-6.418	0.040
17.970	-6.418	0.040
17.971	-6.418	0.040
17.972	-6.418	0.040
17.973	-6.418	0.040
17.974	-6.418	0.040
17.975	-6.418	0.040
17.976	-6.418	0.040
17.977	-6.418	0.040
17.978	-6.418	0.040
17.979	-6.418	0.040
17.980	-6.418	0.040
17.981	-6.418	0.040
17.982	-6.418	0.040
17.983	-6.418	0.040
17.984	-6.418	0.040
17.985	-6.417	0.040
17.986	-6.417	0.040
17.987	-6.417	0.040
17.988	-6.417	0.040
17.989	-6.417	0.040
17.990	-6.417	0.040
17.991	-6.417	0.040
17.992	-6.417	0.040
17.993	-6.417	0.040
17.994	-6.417	0.040
17.995	-6.417	0.040
17.996	-6.417	0.040
17.997	-6.417	0.040
17.998	-6.417	0.040
17.999	-6.417	0.040
18.000	-6.417	0.040
18.001	-6.417	0.040
18.002	-6.417	0.039
18.003	-6.417	0.039
18.004	-6.417	0.039
18.005	-6.417	0.039
18.006	-6.417	0.039
18.007	-6.417	0.039
18.008	-6.417	0.039
18.009	-6.417	0.039
18.010	-6.417	0.039
18.011	-6.417	0.039
18.012	-6.417	0.039
18.013	-6.417	0.039
18.014	-6.417	0.039
18.015	-6.417	0.039
18.016	-6.417	0.039
18.017	-6.417	0.039
18.018	-6.417	0.039
18.019	-6.417	0.039
18.020	-6.417	0.039
18.021	-6.417	0.039
18.022	-6.417	0.039
18.023	-6.417	0.039
18.024	-6.417	0.039
18.025	-6.417	0.039
18.026	-6.417	0.039
18.027	-6.417	0.039
18.028	-6.417	0.039
18.029	-6.417	0.039
18.030	-6.417	0.039
18.031	-6.417	0.039
18.032	-6.417	0.039
18.033	-6.417	0.039
18.034	-6.417	0.039
18.035	-6.417	0.039
18.036	-6.417	0.039
18.037	-6.417	0.039
18.038	-6.417	0.039
18.039	-6.417	0.039
18.040	-6.417	0.039
18.041	-6.417	0.039
18.042	-6.417	0.039
18.043	-6.417	0.039
18.044	-6.417	0.039
18.045	-6.417	0.039
18.046	-6.417	0.039
18.047	-6.417	0.039
18.048	-6.417	0.039
18.049	-6.417	0.039
18.050	-6.417	0.039
18.051	-6.417	0.039
18.052	-6.417	0.039
18.053	-6.417	0.039
18.054	-6.417	0.039
18.055	-6.417	0.038
18.056	-6.417	0.038
18.057	-6.417	0.038
18.058	-6.417	0.038
18.059	-6.417	0.038
18.060	-6.417	0.038
18.061	-6.417	0.038
18.062	-6.417	0.038
18.063	-6.417	0.038
18.064	-6.417	0.038
18.065	-6.417	0.038
18.066	-6.417	0.038
18.067	-6.417	0.038
18.068	-6.417	0.038
18.069	-6.417	0.038
18.070	-6.417	0.038
18.071	-6.417	0.038
18.072	-6.417	0.038
18.073	-6.417	0.038
18.074	-6.417	0.038
18.075	-6.417	0.038
18.076	-6.417	0.038
18.077	-6.417	0.038
18.078	-6.417	0.038
18.079	-6.417	0.038
18.080	-6.417	0.038
18.081	-6.417	0.038
18.082	-6.417	0.038
18.083	-6.417	0.038
18.084	-6.417	0.038
18.085	-6.417	0.038
18.086	-6.417	0.038
18.087	-6.417	0.038
18.088	-6.417	0.038
18.089	-6.417	0.038
18.090	-6.417	0.038
18.091	-6.417	0.038
18.092	-6.417	0.038
18.093	-6.417	0.038
18.094	-6.417	0.038
18.095	-6.417	0.038
18.096	-6.417	0.038
18.097	-6.417	0.038
18.098	-6.417	0.038
18.099	-6.417	0.038
18.100	-6.417	0.038
18.101	-6.417	0.038
18.102	-6.417	0.038
18.103	-6.417	0.038
18.104	-6.417	0.038
18.105	-6.417	0.038
18.106	-6.417	0.038
18.107	-6.417	0.038
18.108	-6.417	0.038
18.109	-6.417	0.038
18.110	-6.417	0.038
18.111	-6.417	0.038
18.112	-6.417	0.038
18.113	-6.417	0.038
18.114	-6.417	0.038
18.115	-6.417	0.038
18.116	-6.417	0.038
18.117	-6.417	0.038
18.118	-6.417	0.038
18.119	-6.417	0.038
18.120	-6.417	0.038
18.121	-6.417	0.038
18.122	-6.417	0.038
18.123	-6.417	0.038
18.124	-6.417	0.038
18.125	-6.417	0.038
18.126	-6.417	0.038
18.127	-6.417	0.038
18.128	-6.417	0.038
18.129	-6.417	0.038
18.130	-6.417	0.038
18.131	-6.417	0.038
18.132	-6.417	0.038
18.133	-6.417	0.038
18.134	-6.417	0.038
18.135	-6.417	0.038
18.136	-6.417	0.038
18.137	-6.417	0.038
18.138	-6.417	0.038
18.139	-6.417	0.038
18.140	-6.417	0.038
18.141	-6.417	0.038
18.142	-6.417	0.038
18.143	-6.417	0.038
18.144	-6.417	0.038
18.145	-6.417	0.038
18.146	-6.417	0.038
18.147	-6.417	0.038
18.148	-6.417	0.038
18.149	-6.417	0.038
18.150	-6.417	0.038
18.151	-6.417	0.038
18.152	-6.417	0.038
18.153	-6.417	0.037
18.154	-6.417	0.037
18.155	-6.417	0.037
18.156	-6.417	0.037
18.157	-6.417	0.037
18.158	-6.417	0.037
18.159	-6.417	0.037
18.160	-6.417	0.037
18.161	-6.417	0.037
18.162	-6.417	0.037
18.163	-6.417	0.037
18.164	-6.417	0.037
18.165	-6.417	0.037
18.166	-6.417	0.037
18.167	-6.417	0.037
18.168	-6.417	0.037
18.169	-6.417	0.037
18.170	-6.417	0.037
18.171	-6.417	0.037
18.172	-6.417	0.037
18.173	-6.417	0.037
18.174	-6.417	0.037
18.175	-6.417	0.037
18.176	-6.417	0.037
18.177	-6.417	0.037
18.178	-6.417	0.037
18.179	-6.417	0.037
18.180	-6.417	0.037
18.181	-6.417	0.037
18.182	-6.417	0.037
18.183	-6.417	0.037
18.184	-6.417	0.037
18.185	-6.417	0.037
18.186	-6.417	0.037
18.187	-6.417	0.037
18.188	-6.417	0.037
18.189	-6.417	0.037
18.190	-6.417	0.037
18.191	-6.417	0.037
18.192	-6.417	0.037
18.193	-6.417	0.037
18.194	-6.417	0.037
18.195	-6.417	0.037
18.196	-6.417	0.037
18.197	-6.417	0.037
18.198	-6.417	0.037
18.199	-6.417	0.037
18.200	-6.417	0.037
18.201	-6.417	0.037
18.202	-6.417	0.037
18.203	-6.417	0.037
18.204	-6.417	0.037
18.205	-6.417	0.037
18.206	-6.417	0.037
18.207	-6.417	0.037
18.208	-6.417	0.037
18.209	-6.417	0.037
18.210	-6.417	0.037
18.211	-6.417	0.037
18.212	-6.417	0.037
18.213	-6.417	0.037
18.214	-6.417	0.037
18.215	-6.417	0.037
18.216	-6.417	0.037
18.217	-6.417	0.037
18.218	-6.417	0.037
18.219	-6.417	0.037
18.220	-6.417	0.037
18.221	-6.417	0.037
18.222	-6.417	0.037
18.223	-6.417	0.037
18.224	-6.417	0.037
18.225	-6.417	0.037
18.226	-6.417	0.037
18.227	-6.417	0.037
18.228	-6.417	0.037
18.229	-6.417	0.037
18.230	-6.417	0.037
18.231	-6.417	0.037
18.232	-6.417	0.037
18.233	-6.417	0.037
18.234	-6.417	0.037
18.235	-6.417	0.037
18.236	-6.417	0.037
18.237	-6.417	0.037
18.238	-6.417	0.037
18.239	-6.417	0.037
18.240	-6.417	0.037
18.241	-6.417	0.037
18.242	-6.417	0.037
18.243	-6.417	0.037
18.244	-6.417	0.037
18.245	-6.417	0.037
18.246	-6.417	0.037
18.247	-6.417	0.037
18.248	-6.417	0.037
18.249	-6.417	0.037
18.250	-6.417	0.037
18.251	-6.417	0.037
18.252	-6.417	0.037
18.253	-6.417	0.037
18.254	-6.417	0.037
18.255	-6.417	0.037
18.256	-6.417	0.037
18.257	-6.417	0.037
18.258	-6.417	0.037
18.259	-6.417	0.037
18.260	-6.417	0.037
18.261	-6.418	0.037
18.262	-6.418	0.037
18.263	-6.418	0.037
18.264	-6.418	0.037
18.265	-6.418	0.037
18.266	-6.418	0.037
18.267	-6.418	0.036
18.268	-6.418	0.036
18.269	-6.418	0.036
18.270	-6.418	0.036
18.271	-6.418	0.036
18.272	-6.418	0.036
18.273	-6.418	0.036
18.274	-6.418	0.036
18.275	-6.418	0.036
18.276	-6.418	0.036
18.277	-6.418	0.036
18.278	-6.418	0.036
18.279	-6.418	0.036
18.280	-6.418	0.036
18.281	-6.418	0.036
18.282	-6.418	0.036
18.283	-6.418	0.036
18.284	-6.418	0.036
18.285	-6.418	0.036
18.286	-6.418	0.036
18.287	-6.418	0.036
18.288	-6.418	0.036
18.289	-6.418	0.036
18.290	-6.418	0.036
18.291	-6.418	0.036
18.292	-6.418	0.036
18.293	-6.418	0.036
18.294	-6.418	0.036
18.295	-6.418	0.036
18.296	-6.418	0.036
18.297	-6.418	0.036
18.298	-6.418	0.036
18.299	-6.418	0.036
18.300	-6.418	0.036
18.301	-6.418	0.036
18.302	-6.418	0.036
18.303	-6.418	0.036
18.304	-6.418	0.036
18.305	-6.418	0.036
18.306	-6.418	0.036
18.307	-6.418	0.036
18.308	-6.418	0.036
18.309	-6.418	0.036
18.310	-6.418	0.036
18.311	-6.418	0.036
18.312	-6.418	0.036
18.313	-6.418	0.036
18.314	-6.418	0.036
18.315	-6.418	0.036
18.316	-6.418	0.036
18.317	-6.418	0.036
18.318	-6.418	0.036
18.319	-6.419	0.036
18.320	-6.419	0.036
18.321	-6.419	0.036
18.322	-6.419	0.036
18.323	-6.419	0.036
18.324	-6.419	0.036
18.325	-6.419	0.035
18.326	-6.419	0.035
18.327	-6.419	0.035
18.328	-6.419	0.035
18.329	-6.419	0.035
18.330	-6.419	0.035
18.331	-6.419	0.035
18.332	-6.419	0.035
18.333	-6.419	0.035
18.334	-6.419	0.035
18.335	-6.419	0.035
18.336	-6.419	0.035
18.337	-6.419	0.035
18.338	-6.419	0.035
18.339	-6.419	0.035
18.340	-6.419	0.035
18.341	-6.419	0.035
18.342	-6.419	0.035
18.343	-6.419	0.035
18.344	-6.419	0.035
18.345	-6.419	0.035
18.346	-6.419	0.035
18.347	-6.419	0.035
18.348	-6.419	0.035
18.349	-6.419	0.035
18.350	-6.419	0.035
18.351	-6.419	0.035
18.352	-6.419	0.035
18.353	-6.419	0.035
18.354	-6.419	0.035
18.355	-6.419	0.035
18.356	-6.419	0.035
18.357	-6.419	0.035
18.358	-6.419	0.035
18.359	-6.419	0.035
18.360	-6.419	0.035
18.361	-6.419	0.035
18.362	-6.420	0.035
18.363	-6.420	0.035
18.364	-6.420	0.035
18.365	-6.420	0.035
18.366	-6.420	0.035
18.367	-6.420	0.035
18.368	-6.420	0.035
18.369	-6.420	0.035
18.370	-6.420	0.035
18.371	-6.420	0.035
18.372	-6.420	0.035
18.373	-6.420	0.035
18.374	-6.420	0.035
18.375	-6.420	0.034
18.376	-6.420	0.034
18.377	-6.420	0.034
18.378	-6.420	0.034
18.379	-6.420	0.034
18.380	-6.420	0.034
18.381	-6.420	0.034
18.382	-6.420	0.034
18.383	-6.420	0.034
18.384	-6.420	0.034
18.385	-6.420	0.034
18.386	-6.420	0.034
18.387	-6.420	0.034
18.388	-6.420	0.034
18.389	-6.420	0.034
18.390	-6.420	0.034
18.391	-6.420	0.034
18.392	-6.420	0.034
18.393	-6.420	0.034
18.394	-6.420	0.034
18.395	-6.420	0.034
18.396	-6.420	0.034
18.397	-6.420	0.034
18.398	-6.420	0.034
18.399	-6.420	0.034
18.400	-6.421	0.034
18.401	-6.421	0.034
18.402	-6.421	0.034
18.403	-6.421	0.034
18.404	-6.421	0.034
18.405	-6.421	0.034
18.406	-6.421	0.034
18.407	-6.421	0.034
18.408	-6.421	0.034
18.409	-6.421	0.034
18.410	-6.421	0.034
18.411	-6.421	0.034
18.412	-6.421	0.034
18.413	-6.421	0.034
18.414	-6.421	0.034
18.415	-6.421	0.034
18.416	-6.421	0.034
18.417	-6.421	0.034
18.418	-6.421	0.034
18.419	-6.421	0.034
18.420	-6.421	0.034
18.421	-6.421	0.034
18.422	-6.421	0.034
18.423	-6.421	0.034
18.424	-6.421	0.034
18.425	-6.421	0.034
18.426	-6.421	0.034
18.427	-6.421	0.034
18.428	-6.421	0.033
18.429	-6.421	0.033
18.430	-6.421	0.033
18.431	-6.421	0.033
18.432	-6.421	0.033
18.433	-6.422	0.033
18.434	-6.422	0.033
18.435	-6.422	0.033
18.436	-6.422	0.033
18.437	-6.422	0.033
18.438	-6.422	0.033
18.439	-6.422	0.033
18.440	-6.422	0.033
18.441	-6.422	0.033
18.442	-6.422	0.033
18.443	-6.422	0.033
18.444	-6.422	0.033
18.445	-6.422	0.033
18.446	-6.422	0.033
18.447	-6.422	0.033
18.448	-6.422	0.033
18.449	-6.422	0.033
18.450	-6.422	0.033
18.451	-6.422	0.033
18.452	-6.422	0.033
18.453	-6.422	0.033
18.454	-6.422	0.033
18.455	-6.422	0.033
18.456	-6.422	0.033
18.457	-6.422	0.033
18.458	-6.422	0.033
18.459	-6.422	0.033
18.460	-6.422	0.033
18.461	-6.422	0.033
18.462	-6.422	0.033
18.463	-6.422	0.033
18.464	-6.422	0.033
18.465	-6.423	0.033
18.466	-6.423	0.033
18.467	-6.423	0.033
18.468	-6.423	0.033
18.469	-6.423	0.033
18.470	-6.423	0.033
18.471	-6.423	0.033
18.472	-6.423	0.033
18.473	-6.423	0.033
18.474	-6.423	0.033
18.475	-6.423	0.033
18.476	-6.423	0.033
18.477	-6.423	0.033
18.478	-6.423	0.033
18.479	-6.423	0.033
18.480	-6.423	0.033
18.481	-6.423	0.033
18.482	-6.423	0.033
18.483	-6.423	0.033
18.484	-6.423	0.033
18.485	-6.423	0.033
18.486	-6.423	0.033
18.487	-6.423	0.033
18.488	-6.423	0.033
18.489	-6.423	0.033
18.490	-6.423	0.033
18.491	-6.423	0.033
18.492	-6.423	0.033
18.493	-6.423	0.033
18.494	-6.424	0.033
18.495	-6.424	0.033
18.496	-6.424	0.033
18.497	-6.424	0.033
18.498	-6.424	0.033
18.499	-6.424	0.033
18.500	-6.424	0.033
18.501	-6.424	0.033
18.502	-6.424	0.033
18.503	-6.424	0.032
18.504	-6.424	0.032
18.505	-6.424	0.032
18.506	-6.424	0.032
18.507	-6.424	0.032
18.508	-6.424	0.032
18.509	-6.424	0.032
18.510	-6.424	0.032
18.511	-6.424	0.032
18.512	-6.424	0.032
18.513	-6.424	0.032
18.514	-6.424	0.032
18.515	-6.424	0.032
18.516	-6.424	0.032
18.517	-6.424	0.032
18.518	-6.424	0.032
18.519	-6.424	0.032
18.520	-6.424	0.032
18.521	-6.424	0.032
18.522	-6.425	0.032
18.523	-6.425	0.032
18.524	-6.425	0.032
18.525	-6.425	0.032
18.526	-6.425	0.032
18.527	-6.425	0.032
18.528	-6.425	0.032
18.529	-6.425	0.032
18.530	-6.425	0.032
18.531	-6.425	0.032
18.532	-6.425	0.032
18.533	-6.425	0.032
18.534	-6.425	0.032
18.535	-6.425	0.032
18.536	-6.425	0.032
18.537	-6.425	0.032
18.538	-6.425	0.032
18.539	-6.425	0.032
18.540	-6.425	0.032
18.541	-6.425	0.032
18.542	-6.425	0.032
18.543	-6.425	0.032
18.544	-6.425	0.032
18.545	-6.425	0.032
18.546	-6.425	0.032
18.547	-6.425	0.032
18.548	-6.425	0.032
18.549	-6.425	0.032
18.550	-6.426	0.032
18.551	-6.426	0.032
18.552	-6.426	0.032
18.553	-6.426	0.032
18.554	-6.426	0.032
18.555	-6.426	0.032
18.556	-6.426	0.032
18.557	-6.426	0.032
18.558	-6.426	0.032
18.559	-6.426	0.032
18.560	-6.426	0.032
18.561	-6.426	0.032
18.562	-6.426	0.032
18.563	-6.426	0.032
18.564	-6.426	0.032
18.565	-6.426	0.032
18.566	-6.426	0.032
18.567	-6.426	0.032
18.568	-6.426	0.032
18.569	-6.426	0.032
18.570	-6.426	0.032
18.571	-6.426	0.032
18.572	-6.426	0.032
18.573	-6.426	0.032
18.574	-6.426	0.032
18.575	-6.426	0.032
18.576	-6.426	0.032
18.577	-6.427	0.032
18.578	-6.427	0.032
18.579	-6.427	0.032
18.580	-6.427	0.032
18.581	-6.427	0.032
18.582	-6.427	0.032
18.583	-6.427	0.032
18.584	-6.427	0.032
18.585	-6.427	0.032
18.586	-6.427	0.032
18.587	-6.427	0.032
18.588	-6.427	0.032
18.589	-6.427	0.032
18.590	-6.427	0.032
18.591	-6.427	0.032
18.592	-6.427	0.032
18.593	-6.427	0.032
18.594	-6.427	0.032
18.595	-6.427	0.032
18.596	-6.427	0.032
18.597	-6.427	0.032
18.598	-6.427	0.032
18.599	-6.427	0.032
18.600	-6.427	0.032
18.601	-6.427	0.032
18.602	-6.427	0.032
18.603	-6.428	0.032
18.604	-6.428	0.032
18.605	-6.428	0.032
18.606	-6.428	0.032
18.607	-6.428	0.032
18.608	-6.428	0.032
18.609	-6.428	0.032
18.610	-6.428	0.032
18.611	-6.428	0.032
18.612	-6.428	0.032
18.613	-6.428	0.032
18.614	-6.428	0.032
18.615	-6.428	0.032
18.616	-6.428	0.032
18.617	-6.428	0.032
18.618	-6.428	0.032
18.619	-6.428	0.032
18.620	-6.428	0.032
18.621	-6.428	0.032
18.622	-6.428	0.032
18.623	-6.428	0.032
18.624	-6.428	0.032
18.625	-6.428	0.032
18.626	-6.428	0.032
18.627	-6.428	0.032
18.628	-6.428	0.032
18.629	-6.429	0.032
18.630	-6.429	0.032
18.631	-6.429	0.032
18.632	-6.429	0.032
18.633	-6.429	0.032
18.634	-6.429	0.032
18.635	-6.429	0.032
18.636	-6.429	0.032
18.637	-6.429	0.032
18.638	-6.429	0.032
18.639	-6.429	0.032
18.640	-6.429	0.032
18.641	-6.429	0.032
18.642	-6.429	0.032
18.643	-6.429	0.032
18.644	-6.429	0.032
18.645	-6.429	0.032
18.646	-6.429	0.032
18.647	-6.429	0.032
18.648	-6.429	0.032
18.649	-6.429	0.032
18.650	-6.429	0.032
18.651	-6.429	0.032
18.652	-6.429	0.032
18.653	-6.429	0.032
18.654	-6.429	0.032
18.655	-6.430	0.032
18.656	-6.430	0.032
18.657	-6.430	0.032
18.658	-6.430	0.032
18.659	-6.430	0.032
18.660	-6.430	0.032
18.661	-6.430	0.032
18.662	-6.430	0.032
18.663	-6.430	0.032
18.664	-6.430	0.032
18.665	-6.430	0.032
18.666	-6.430	0.032
18.667	-6.430	0.032
18.668	-6.430	0.032
18.669	-6.430	0.032
18.670	-6.430	0.032
18.671	-6.430	0.032
18.672	-6.430	0.032
18.673	-6.430	0.032
18.674	-6.430	0.032
18.675	-6.430	0.032
18.676	-6.430	0.032
18.677	-6.430	0.032
18.678	-6.430	0.032
18.679	-6.430	0.032
18.680	-6.431	0.032
18.681	-6.431	0.032
18.682	-6.431	0.032
18.683	-6.431	0.032
18.684	-6.431	0.032
18.685	-6.431	0.032
18.686	-6.431	0.032
18.687	-6.431	0.032
18.688	-6.431	0.032
18.689	-6.431	0.032
18.690	-6.431	0.032
18.691	-6.431	0.032
18.692	-6.431	0.032
18.693	-6.431	0.032
18.694	-6.431	0.032
18.695	-6.431	0.032
18.696	-6.431	0.032
18.697	-6.431	0.032
18.698	-6.431	0.032
18.699	-6.431	0.032
18.700	-6.431	0.032
18.701	-6.431	0.032
18.702	-6.431	0.032
18.703	-6.431	0.032
18.704	-6.431	0.032
18.705	-6.432	0.032
18.706	-6.432	0.032
18.707	-6.432	0.032
18.708	-6.432	0.032
18.709	-6.432	0.032
18.710	-6.432	0.032
18.711	-6.432	0.032
18.712	-6.432	0.032
18.713	-6.432	0.032
18.714	-6.432	0.032
18.715	-6.432	0.032
18.716	-6.432	0.032
18.717	-6.432	0.032
18.718	-6.432	0.032
18.719	-6.432	0.032
18.720	-6.432	0.032
18.721	-6.432	0.032
18.722	-6.432	0.032
18.723	-6.432	0.032
18.724	-6.432	0.032
18.725	-6.432	0.032
18.726	-6.432	0.032
18.727	-6.432	0.032
18.728	-6.432	0.032
18.729	-6.432	0.032
18.730	-6.433	0.032
18.731	-6.433	0.032
18.732	-6.433	0.032
18.733	-6.433	0.032
18.734	-6.433	0.032
18.735	-6.433	0.032
18.736	-6.433	0.032
18.737	-6.433	0.032
18.738	-6.433	0.032
18.739	-6.433	0.032
18.740	-6.433	0.032
18.741	-6.433	0.032
18.742	-6.433	0.032
18.743	-6.433	0.032
18.744	-6.433	0.032
18.745	-6.433	0.032
18.746	-6.433	0.032
18.747	-6.433	0.032
18.748	-6.433	0.032
18.749	-6.433	0.032
18.750	-6.433	0.032
18.751	-6.433	0.032
18.752	-6.433	0.032
18.753	-6.433	0.032
18.754	-6.433	0.032
18.755	-6.434	0.032
18.756	-6.434	0.032
18.757	-6.434	0.032
18.758	-6.434	0.032
18.759	-6.434	0.032
18.760	-6.434	0.032
18.761	-6.434	0.032
18.762	-6.434	0.032
18.763	-6.434	0.032
18.764	-6.434	0.032
18.765	-6.434	0.032
18.766	-6.434	0.032
18.767	-6.434	0.032
18.768	-6.434	0.032
18.769	-6.434	0.032
18.770	-6.434	0.032
18.771	-6.434	0.032
18.772	-6.434	0.032
18.773	-6.434	0.032
18.774	-6.434	0.032
18.775	-6.434	0.032
18.776	-6.434	0.032
18.777	-6.434	0.032
18.778	-6.434	0.032
18.779	-6.435	0.032
18.780	-6.435	0.032
18.781	-6.435	0.032
18.782	-6.435	0.032
18.783	-6.435	0.032
18.784	-6.435	0.032
18.785	-6.435	0.032
18.786	-6.435	0.032
18.787	-6.435	0.032
18.788	-6.435	0.032
18.789	-6.435	0.032
18.790	-6.435	0.032
18.791	-6.435	0.032
18.792	-6.435	0.032
18.793	-6.435	0.032
18.794	-6.435	0.032
18.795	-6.435	0.032
18.796	-6.435	0.032
18.797	-6.435	0.032
18.798	-6.435	0.032
18.799	-6.435	0.032
18.800	-6.435	0.032
18.801	-6.435	0.032
18.802	-6.435	0.032
18.803	-6.436	0.032
18.804	-6.436	0.032
18.805	-6.436	0.032
18.806	-6.436	0.032
18.807	-6.436	0.032
18.808	-6.436	0.032
18.809	-6.436	0.032
18.810	-6.436	0.032
18.811	-6.436	0.032
18.812	-6.436	0.032
18.813	-6.436	0.032
18.814	-6.436	0.032
18.815	-6.436	0.032
18.816	-6.436	0.033
18.817	-6.436	0.033
18.818	-6.436	0.033
18.819	-6.436	0.033
18.820	-6.436	0.033
18.821	-6.436	0.033
18.822	-6.436	0.033
18.823	-6.436	0.033
18.824	-6.436	0.033
18.825	-6.436	0.033
18.826	-6.437	0.033
18.827	-6.437	0.033
18.828	-6.437	0.033
18.829	-6.437	0.033
18.830	-6.437	0.033
18.831	-6.437	0.033
18.832	-6.437	0.033
18.833	-6.437	0.033
18.834	-6.437	0.033
18.835	-6.437	0.033
18.836	-6.437	0.033
18.837	-6.437	0.033
18.838	-6.437	0.033
18.839	-6.437	0.033
18.840	-6.437	0.033
18.841	-6.437	0.033
18.842	-6.437	0.033
18.843	-6.437	0.033
18.844	-6.437	0.033
18.845	-6.437	0.033
18.846	-6.437	0.033
18.847	-6.437	0.033
18.848	-6.437	0.033
18.849	-6.438	0.033
18.850	-6.438	0.033
18.851	-6.438	0.033
18.852	-6.438	0.033
18.853	-6.438	0.033
18.854	-6.438	0.033
18.855	-6.438	0.033
18.856	-6.438	0.033
18.857	-6.438	0.033
18.858	-6.438	0.033
18.859	-6.438	0.033
18.860	-6.438	0.033
18.861	-6.438	0.033
18.862	-6.438	0.033
18.863	-6.438	0.033
18.864	-6.438	0.033
18.865	-6.438	0.033
18.866	-6.438	0.033
18.867	-6.438	0.033
18.868	-6.438	0.033
18.869	-6.438	0.033
18.870	-6.438	0.033
18.871	-6.438	0.033
18.872	-6.439	0.033
18.873	-6.439	0.033
18.874	-6.439	0.033
18.875	-6.439	0.033
18.876	-6.439	0.033
18.877	-6.439	0.033
18.878	-6.439	0.033
18.879	-6.439	0.033
18.880	-6.439	0.033
18.881	-6.439	0.033
18.882	-6.439	0.033
18.883	-6.439	0.033
18.884	-6.439	0.033
18.885	-6.439	0.033
18.886	-6.439	0.033
18.887	-6.439	0.033
18.888	-6.439	0.033
18.889	-6.439	0.033
18.890	-6.439	0.033
18.891	-6.439	0.033
18.892	-6.439	0.033
18.893	-6.439	0.033
18.894	-6.440	0.033
18.895	-6.440	0.033
18.896	-6.440	0.033
18.897	-6.440	0.033
18.898	-6.440	0.033
18.899	-6.440	0.033
18.900	-6.440	0.033
18.901	-6.440	0.033
18.902	-6.440	0.033
18.903	-6.440	0.033
18.904	-6.440	0.033
18.905	-6.440	0.033
18.906	-6.440	0.033
18.907	-6.440	0.033
18.908	-6.440	0.033
18.909	-6.440	0.033
18.910	-6.440	0.033
18.911	-6.440	0.033
18.912	-6.440	0.033
18.913	-6.440	0.033
18.914	-6.440	0.033
18.915	-6.440	0.033
18.916	-6.441	0.033
18.917	-6.441	0.033
18.918	-6.441	0.033
18.919	-6.441	0.033
18.920	-6.441	0.033
18.921	-6.441	0.033
18.922	-6.441	0.033
18.923	-6.441	0.033
18.924	-6.441	0.033
18.925	-6.441	0.033
18.926	-6.441	0.033
18.927	-6.441	0.033
18.928	-6.441	0.033
18.929	-6.441	0.033
18.930	-6.441	0.033
18.931	-6.441	0.033
18.932	-6.441	0.033
18.933	-6.441	0.033
18.934	-6.441	0.033
18.935	-6.441	0.033
18.936	-6.441	0.033
18.937	-6.442	0.033
18.938	-6.442	0.033
18.939	-6.442	0.033
18.940	-6.442	0.033
18.941	-6.442	0.033
18.942	-6.442	0.033
18.943	-6.442	0.033
18.944	-6.442	0.033
18.945	-6.442	0.033
18.946	-6.442	0.033
18.947	-6.442	0.033
18.948	-6.442	0.033
18.949	-6.442	0.033
18.950	-6.442	0.033
18.951	-6.442	0.033
18.952	-6.442	0.033
18.953	-6.442	0.033
18.954	-6.442	0.033
18.955	-6.442	0.033
18.956	-6.442	0.033
18.957	-6.442	0.033
18.958	-6.442	0.033
18.959	-6.443	0.032
18.960	-6.443	0.032
18.961	-6.443	0.032
18.962	-6.443	0.032
18.963	-6.443	0.032
18.964	-6.443	0.032
18.965	-6.443	0.032
18.966	-6.443	0.032
18.967	-6.443	0.032
18.968	-6.443	0.032
18.969	-6.443	0.032
18.970	-6.443	0.032
18.971	-6.443	0.032
18.972	-6.443	0.032
18.973	-6.443	0.032
18.974	-6.443	0.032
18.975	-6.443	0.032
18.976	-6.443	0.032
18.977	-6.443	0.032
18.978	-6.443	0.032
18.979	-6.444	0.032
18.980	-6.444	0.032
18.981	-6.444	0.032
18.982	-6.444	0.032
18.983	-6.444	0.032
18.984	-6.444	0.032
18.985	-6.444	0.032
18.986	-6.444	0.032
18.987	-6.444	0.032
18.988	-6.444	0.032
18.989	-6.444	0.032
18.990	-6.444	0.032
18.991	-6.444	0.032
18.992	-6.444	0.032
18.993	-6.444	0.032
18.994	-6.444	0.032
18.995	-6.444	0.032
18.996	-6.444	0.032
18.997	-6.444	0.032
18.998	-6.444	0.032
18.999	-6.444	0.032
19.000	-6.445	0.032
19.001	-6.445	0.032
19.002	-6.445	0.032
19.003	-6.445	0.032
19.004	-6.445	0.032
19.005	-6.445	0.032
19.006	-6.445	0.032
19.007	-6.445	0.032
19.008	-6.445	0.032
19.009	-6.445	0.032
19.010	-6.445	0.032
19.011	-6.445	0.032
19.012	-6.445	0.032
19.013	-6.445	0.032
19.014	-6.445	0.032
19.015	-6.445	0.032
19.016	-6.445	0.032
19.017	-6.445	0.032
19.018	-6.445	0.032
19.019	-6.446	0.032
19.020	-6.446	0.032
19.021	-6.446	0.032
19.022	-6.446	0.032
19.023	-6.446	0.032
19.024	-6.446	0.032
19.025	-6.446	0.032
19.026	-6.446	0.032
19.027	-6.446	0.032
19.028	-6.446	0.032
19.029	-6.446	0.032
19.030	-6.446	0.032
19.031	-6.446	0.032
19.032	-6.446	0.032
19.033	-6.446	0.032
19.034	-6.446	0.032
19.035	-6.446	0.032
19.036	-6.446	0.032
19.037	-6.446	0.032
19.038	-6.446	0.032
19.039	-6.447	0.032
19.040	-6.447	0.032
19.041	-6.447	0.032
19.042	-6.447	0.032
19.043	-6.447	0.032
19.044	-6.447	0.032
19.045	-6.447	0.032
19.046	-6.447	0.031
19.047	-6.447	0.031
19.048	-6.447	0.031
19.049	-6.447	0.031
19.050	-6.447	0.031
19.051	-6.447	0.031
19.052	-6.447	0.031
19.053	-6.447	0.031
19.054	-6.447	0.031
19.055	-6.447	0.031
19.056	-6.447	0.031
19.057	-6.447	0.031
19.058	-6.448	0.031
19.059	-6.448	0.031
19.060	-6.448	0.031
19.061	-6.448	0.031
19.062	-6.448	0.031
19.063	-6.448	0.031
19.064	-6.448	0.031
19.065	-6.448	0.031
19.066	-6.448	0.031
19.067	-6.448	0.031
19.068	-6.448	0.031
19.069	-6.448	0.031
19.070	-6.448	0.031
19.071	-6.448	0.031
19.072	-6.448	0.031
19.073	-6.448	0.031
19.074	-6.448	0.031
19.075	-6.448	0.031
19.076	-6.449	0.031
19.077	-6.449	0.031
19.078	-6.449	0.031
19.079	-6.449	0.031
19.080	-6.449	0.031
19.081	-6.449	0.031
19.082	-6.449	0.031
19.083	-6.449	0.031
19.084	-6.449	0.031
19.085	-6.449	0.031
19.086	-6.449	0.031
19.087	-6.449	0.031
19.088	-6.449	0.031
19.089	-6.449	0.031
19.090	-6.449	0.031
19.091	-6.449	0.031
19.092	-6.449	0.031
19.093	-6.449	0.031
19.094	-6.449	0.031
19.095	-6.450	0.031
19.096	-6.450	0.031
19.097	-6.450	0.031
19.098	-6.450	0.031
19.099	-6.450	0.031
19.100	-6.450	0.031
19.101	-6.450	0.031
19.102	-6.450	0.031
19.103	-6.450	0.031
19.104	-6.450	0.031
19.105	-6.450	0.031
19.106	-6.450	0.031
19.107	-6.450	0.031
19.108	-6.450	0.031
19.109	-6.450	0.031
19.110	-6.450	0.031
19.111	-6.450	0.031
19.112	-6.450	0.031
19.113	-6.451	0.031
19.114	-6.451	0.031
19.115	-6.451	0.031
19.116	-6.451	0.031
19.117	-6.451	0.031
19.118	-6.451	0.031
19.119	-6.451	0.031
19.120	-6.451	0.031
19.121	-6.451	0.031
19.122	-6.451	0.031
19.123	-6.451	0.031
19.124	-6.451	0.031
19.125	-6.451	0.031
19.126	-6.451	0.031
19.127	-6.451	0.031
19.128	-6.451	0.031
19.129	-6.451	0.031
19.130	-6.451	0.031
19.131	-6.452	0.031
19.132	-6.452	0.031
19.133	-6.452	0.031
19.134	-6.452	0.031
19.135	-6.452	0.031
19.136	-6.452	0.031
19.137	-6.452	0.031
19.138	-6.452	0.031
19.139	-6.452	0.031
19.140	-6.452	0.031
19.141	-6.452	0.031
19.142	-6.452	0.031
19.143	-6.452	0.031
19.144	-6.452	0.031
19.145	-6.452	0.031
19.146	-6.452	0.031
19.147	-6.452	0.031
19.148	-6.452	0.031
19.149	-6.453	0.031
19.150	-6.453	0.031
19.151	-6.453	0.031
19.152	-6.453	0.031
19.153	-6.453	0.031
19.154	-6.453	0.031
19.155	-6.453	0.031
19.156	-6.453	0.031
19.157	-6.453	0.031
19.158	-6.453	0.031
19.159	-6.453	0.031
19.160	-6.453	0.031
19.161	-6.453	0.031
19.162	-6.453	0.031
19.163	-6.453	0.031
19.164	-6.453	0.031
19.165	-6.453	0.031
19.166	-6.453	0.031
19.167	-6.454	0.031
19.168	-6.454	0.031
19.169	-6.454	0.031
19.170	-6.454	0.031
19.171	-6.454	0.031
19.172	-6.454	0.031
19.173	-6.454	0.031
19.174	-6.454	0.031
19.175	-6.454	0.031
19.176	-6.454	0.031
19.177	-6.454	0.031
19.178	-6.454	0.031
19.179	-6.454	0.031
19.180	-6.454	0.031
19.181	-6.454	0.031
19.182	-6.454	0.031
19.183	-6.454	0.031
19.184	-6.454	0.031
19.185	-6.454	0.031
19.186	-6.455	0.031
19.187	-6.455	0.031
19.188	-6.455	0.031
19.189	-6.455	0.031
19.190	-6.455	0.031
19.191	-6.455	0.031
19.192	-6.455	0.031
19.193	-6.455	0.031
19.194	-6.455	0.031
19.195	-6.455	0.031
19.196	-6.455	0.031
19.197	-6.455	0.031
19.198	-6.455	0.031
19.199	-6.455	0.031
19.200	-6.455	0.031
19.201	-6.455	0.031
19.202	-6.455	0.031
19.203	-6.455	0.031
19.204	-6.455	0.031
19.205	-6.456	0.031
19.206	-6.456	0.031
19.207	-6.456	0.031
19.208	-6.456	0.031
19.209	-6.456	0.031
19.210	-6.456	0.031
19.211	-6.456	0.031
19.212	-6.456	0.031
19.213	-6.456	0.031
19.214	-6.456	0.031
19.215	-6.456	0.031
19.216	-6.456	0.031
19.217	-6.456	0.031
19.218	-6.456	0.031
19.219	-6.456	0.031
19.220	-6.456	0.031
19.221	-6.456	0.031
19.222	-6.456	0.031
19.223	-6.456	0.031
19.224	-6.457	0.031
19.225	-6.457	0.031
19.226	-6.457	0.031
19.227	-6.457	0.031
19.228	-6.457	0.031
19.229	-6.457	0.031
19.230	-6.457	0.031
19.231	-6.457	0.031
19.232	-6.457	0.031
19.233	-6.457	0.031
19.234	-6.457	0.031
19.235	-6.457	0.031
19.236	-6.457	0.031
19.237	-6.457	0.031
19.238	-6.457	0.031
19.239	-6.457	0.031
19.240	-6.457	0.031
19.241	-6.457	0.031
19.242	-6.457	0.031
19.243	-6.457	0.031
19.244	-6.457	0.031
19.245	-6.458	0.031
19.246	-6.458	0.031
19.247	-6.458	0.031
19.248	-6.458	0.031
19.249	-6.458	0.031
19.250	-6.458	0.031
19.251	-6.458	0.031
19.252	-6.458	0.031
19.253	-6.458	0.031
19.254	-6.458	0.031
19.255	-6.458	0.031
19.256	-6.458	0.031
19.257	-6.458	0.031
19.258	-6.458	0.031
19.259	-6.458	0.031
19.260	-6.458	0.031
19.261	-6.458	0.031
19.262	-6.458	0.031
19.263	-6.458	0.031
19.264	-6.458	0.031
19.265	-6.458	0.031
19.266	-6.459	0.031
19.267	-6.459	0.031
19.268	-6.459	0.031
19.269	-6.459	0.031
19.270	-6.459	0.031
19.271	-6.459	0.031
19.272	-6.459	0.031
19.273	-6.459	0.031
19.274	-6.459	0.031
19.275	-6.459	0.031
19.276	-6.459	0.031
19.277	-6.459	0.031
19.278	-6.459	0.031
19.279	-6.459	0.031
19.280	-6.459	0.031
19.281	-6.459	0.031
19.282	-6.459	0.031
19.283	-6.459	0.031
19.284	-6.459	0.031
19.285	-6.459	0.031
19.286	-6.459	0.031
19.287	-6.459	0.031
19.288	-6.459	0.031
19.289	-6.460	0.031
19.290	-6.460	0.031
19.291	-6.460	0.031
19.292	-6.460	0.031
19.293	-6.460	0.031
19.294	-6.460	0.031
19.295	-6.460	0.031
19.296	-6.460	0.031
19.297	-6.460	0.031
19.298	-6.460	0.031
19.299	-6.460	0.031
19.300	-6.460	0.031
19.301	-6.460	0.031
19.302	-6.460	0.031
19.303	-6.460	0.031
19.304	-6.460	0.031
19.305	-6.460	0.031
19.306	-6.460	0.031
19.307	-6.460	0.031
19.308	-6.460	0.031
19.309	-6.460	0.031
19.310	-6.460	0.031
19.311	-6.460	0.031
19.312	-6.460	0.031
19.313	-6.460	0.031
19.314	-6.461	0.031
19.315	-6.461	0.031
19.316	-6.461	0.031
19.317	-6.461	0.031
19.318	-6.461	0.031
19.319	-6.461	0.031
19.320	-6.461	0.031
19.321	-6.461	0.031
19.322	-6.461	0.031
19.323	-6.461	0.032
19.324	-6.461	0.032
19.325	-6.461	0.032
19.326	-6.461	0.032
19.327	-6.461	0.032
19.328	-6.461	0.032
19.329	-6.461	0.032
19.330	-6.461	0.032
19.331	-6.461	0.032
19.332	-6.461	0.032
19.333	-6.461	0.032
19.334	-6.461	0.032
19.335	-6.461	0.032
19.336	-6.461	0.032
19.337	-6.461	0.032
19.338	-6.461	0.032
19.339	-6.461	0.032
19.340	-6.461	0.032
19.341	-6.461	0.032
19.342	-6.462	0.032
19.343	-6.462	0.032
19.344	-6.462	0.032
19.345	-6.462	0.032
19.346	-6.462	0.032
19.347	-6.462	0.032
19.348	-6.462	0.032
19.349	-6.462	0.032
19.350	-6.462	0.032
19.351	-6.462	0.032
19.352	-6.462	0.032
19.353	-6.462	0.032
19.354	-6.462	0.032
19.355	-6.462	0.032
19.356	-6.462	0.032
19.357	-6.462	0.032
19.358	-6.462	0.032
19.359	-6.462	0.032
19.360	-6.462	0.032
19.361	-6.462	0.032
19.362	-6.462	0.032
19.363	-6.462	0.032
19.364	-6.462	0.032
19.365	-6.462	0.032
19.366	-6.462	0.032
19.367	-6.462	0.032
19.368	-6.462	0.032
19.369	-6.462	0.032
19.370	-6.462	0.032
19.371	-6.462	0.032
19.372	-6.462	0.032
19.373	-6.462	0.032
19.374	-6.462	0.032
19.375	-6.462	0.032
19.376	-6.462	0.032
19.377	-6.462	0.032
19.378	-6.463	0.032
19.379	-6.463	0.032
19.380	-6.463	0.032
19.381	-6.463	0.032
19.382	-6.463	0.032
19.383	-6.463	0.032
19.384	-6.463	0.032
19.385	-6.463	0.032
19.386	-6.463	0.032
19.387	-6.463	0.032
19.388	-6.463	0.032
19.389	-6.463	0.032
19.390	-6.463	0.032
19.391	-6.463	0.032
19.392	-6.463	0.032
19.393	-6.463	0.032
19.394	-6.463	0.032
19.395	-6.463	0.032
19.396	-6.463	0.032
19.397	-6.463	0.032
19.398	-6.463	0.032
19.399	-6.463	0.032
19.400	-6.463	0.032
19.401	-6.463	0.032
19.402	-6.463	0.032
19.403	-6.463	0.032
19.404	-6.463	0.032
19.405	-6.463	0.032
19.406	-6.463	0.032
19.407	-6.463	0.032
19.408	-6.463	0.032
19.409	-6.463	0.032
19.410	-6.463	0.032
19.411	-6.463	0.032
19.412	-6.463	0.032
19.413	-6.463	0.032
19.414	-6.463	0.032
19.415	-6.463	0.032
19.416	-6.463	0.032
19.417	-6.463	0.032
19.418	-6.463	0.032
19.419	-6.463	0.032
19.420	-6.463	0.032
19.421	-6.463	0.032
19.422	-6.463	0.032
19.423	-6.463	0.032
19.424	-6.463	0.032
19.425	-6.463	0.032
19.426	-6.463	0.032
19.427	-6.463	0.032
19.428	-6.463	0.032
19.429	-6.463	0.032
19.430	-6.463	0.032
19.431	-6.463	0.032
19.432	-6.463	0.032
19.433	-6.463	0.032
19.434	-6.463	0.032
19.435	-6.463	0.032
19.436	-6.463	0.032
19.437	-6.463	0.032
19.438	-6.463	0.032
19.439	-6.463	0.032
19.440	-6.464	0.032
19.441	-6.464	0.032
19.442	-6.464	0.032
19.443	-6.464	0.032
19.444	-6.464	0.032
19.445	-6.464	0.032
19.446	-6.464	0.032
19.447	-6.464	0.032
19.448	-6.464	0.032
19.449	-6.464	0.032
19.450	-6.464	0.032
19.451	-6.464	0.031
19.452	-6.464	0.031
19.453	-6.464	0.031
19.454	-6.464	0.031
19.455	-6.464	0.031
19.456	-6.464	0.031
19.457	-6.464	0.031
19.458	-6.464	0.031
19.459	-6.464	0.031
19.460	-6.464	0.031
19.461	-6.464	0.031
19.462	-6.464	0.031
19.463	-6.464	0.031
19.464	-6.464	0.031
19.465	-6.464	0.031
19.466	-6.464	0.031
19.467	-6.464	0.031
19.468	-6.464	0.031
19.469	-6.464	0.031
19.470	-6.464	0.031
19.471	-6.464	0.031
19.472	-6.464	0.031
19.473	-6.464	0.031
19.474	-6.464	0.031
19.475	-6.464	0.031
19.476	-6.464	0.031
19.477	-6.464	0.031
19.478	-6.464	0.031
19.479	-6.464	0.031
19.480	-6.464	0.031
19.481	-6.464	0.031
19.482	-6.464	0.031
19.483	-6.464	0.031
19.484	-6.464	0.031
19.485	-6.464	0.031
19.486	-6.464	0.031
19.487	-6.464	0.031
19.488	-6.464	0.031
19.489	-6.464	0.031
19.490	-6.464	0.031
19.491	-6.464	0.031
19.492	-6.464	0.031
19.493	-6.464	0.031
19.494	-6.464	0.031
19.495	-6.464	0.031
19.496	-6.464	0.031
19.497	-6.464	0.031
19.498	-6.464	0.031
19.499	-6.464	0.031
19.500	-6.464	0.031
19.501	-6.464	0.031
19.502	-6.464	0.031
19.503	-6.464	0.031
19.504	-6.464	0.031
19.505	-6.464	0.031
19.506	-6.464	0.031
19.507	-6.464	0.031
19.508	-6.464	0.031
19.509	-6.464	0.031
19.510	-6.464	0.031
19.511	-6.464	0.031
19.512	-6.464	0.031
19.513	-6.464	0.031
19.514	-6.464	0.031
19.515	-6.464	0.031
19.516	-6.464	0.031
19.517	-6.464	0.031
19.518	-6.464	0.031
19.519	-6.464	0.031
19.520	-6.464	0.031
19.521	-6.464	0.031
19.522	-6.464	0.031
19.523	-6.464	0.031
19.524	-6.464	0.031
19.525	-6.464	0.031
19.526	-6.464	0.031
19.527	-6.464	0.031
19.528	-6.464	0.031
19.529	-6.464	0.031
19.530	-6.464	0.031
19.531	-6.464	0.031
19.532	-6.464	0.031
19.533	-6.464	0.031
19.534	-6.464	0.031
19.535	-6.464	0.031
19.536	-6.464	0.031
19.537	-6.464	0.031
19.538	-6.464	0.031
19.539	-6.464	0.031
19.540	-6.464	0.031
19.541	-6.464	0.031
19.542	-6.464	0.031
19.543	-6.464	0.031
19.544	-6.464	0.031
19.545	-6.464	0.031
19.546	-6.464	0.031
19.547	-6.464	0.031
19.548	-6.464	0.031
19.549	-6.464	0.031
19.550	-6.464	0.031
19.551	-6.464	0.031
19.552	-6.464	0.031
19.553	-6.464	0.031
19.554	-6.464	0.031
19.555	-6.464	0.031
19.556	-6.464	0.031
19.557	-6.464	0.031
19.558	-6.464	0.031
19.559	-6.464	0.031
19.560	-6.464	0.031
19.561	-6.464	0.031
19.562	-6.464	0.031
19.563	-6.464	0.031
19.564	-6.464	0.031
19.565	-6.464	0.031
19.566	-6.464	0.031
19.567	-6.464	0.031
19.568	-6.464	0.031
19.569	-6.464	0.031
19.570	-6.464	0.031
19.571	-6.464	0.031
19.572	-6.464	0.031
19.573	-6.464	0.031
19.574	-6.464	0.031
19.575	-6.464	0.031
19.576	-6.464	0.031
19.577	-6.464	0.031
19.578	-6.464	0.031
19.579	-6.464	0.031
19.580	-6.464	0.031
19.581	-6.464	0.031
19.582	-6.464	0.031
19.583	-6.464	0.031
19.584	-6.464	0.031
19.585	-6.464	0.031
19.586	-6.464	0.031
19.587	-6.464	0.031
19.588	-6.464	0.031
19.589	-6.464	0.031
19.590	-6.464	0.031
19.591	-6.464	0.031
19.592	-6.464	0.031
19.593	-6.464	0.031
19.594	-6.464	0.031
19.595	-6.464	0.031
19.596	-6.464	0.031
19.597	-6.464	0.031
19.598	-6.463	0.031
19.599	-6.463	0.031
19.600	-6.463	0.031
19.601	-6.463	0.031
19.602	-6.463	0.031
19.603	-6.463	0.031
19.604	-6.463	0.031
19.605	-6.463	0.031
19.606	-6.463	0.031
19.607	-6.463	0.031
19.608	-6.463	0.031
19.609	-6.463	0.031
19.610	-6.463	0.031
19.611	-6.463	0.031
19.612	-6.463	0.031
19.613	-6.463	0.031
19.614	-6.463	0.031
19.615	-6.463	0.031
19.616	-6.463	0.031
19.617	-6.463	0.031
19.618	-6.463	0.031
19.619	-6.463	0.031
19.620	-6.463	0.031
19.621	-6.463	0.031
19.622	-6.463	0.031
19.623	-6.463	0.031
19.624	-6.463	0.031
19.625	-6.463	0.031
19.626	-6.463	0.031
19.627	-6.463	0.031
19.628	-6.463	0.031
19.629	-6.463	0.031
19.630	-6.463	0.031
19.631	-6.463	0.031
19.632	-6.463	0.031
19.633	-6.463	0.031
19.634	-6.463	0.031
19.635	-6.463	0.031
19.636	-6.463	0.031
19.637	-6.463	0.031
19.638	-6.463	0.031
19.639	-6.463	0.031
19.640	-6.463	0.031
19.641	-6.463	0.031
19.642	-6.463	0.031
19.643	-6.463	0.031
19.644	-6.463	0.031
19.645	-6.463	0.031
19.646	-6.463	0.031
19.647	-6.463	0.031
19.648	-6.463	0.031
19.649	-6.463	0.031
19.650	-6.463	0.031
19.651	-6.463	0.031
19.652	-6.463	0.031
19.653	-6.463	0.031
19.654	-6.463	0.031
19.655	-6.463	0.031
19.656	-6.463	0.031
19.657	-6.463	0.031
19.658	-6.463	0.031
19.659	-6.463	0.031
19.660	-6.463	0.031
19.661	-6.463	0.031
19.662	-6.463	0.031
19.663	-6.463	0.031
19.664	-6.463	0.031
19.665	-6.463	0.031
19.666	-6.463	0.031
19.667	-6.463	0.031
19.668	-6.463	0.031
19.669	-6.463	0.031
19.670	-6.463	0.031
19.671	-6.463	0.031
19.672	-6.463	0.031
19.673	-6.463	0.031
19.674	-6.463	0.031
19.675	-6.463	0.031
19.676	-6.463	0.031
19.677	-6.463	0.031
19.678	-6.463	0.031
19.679	-6.463	0.031
19.680	-6.463	0.031
19.681	-6.463	0.031
19.682	-6.463	0.031
19.683	-6.463	0.031
19.684	-6.463	0.031
19.685	-6.463	0.031
19.686	-6.463	0.031
19.687	-6.463	0.031
19.688	-6.463	0.031
19.689	-6.463	0.031
19.690	-6.463	0.031
19.691	-6.463	0.031
19.692	-6.463	0.031
19.693	-6.463	0.031
19.694	-6.463	0.031
19.695	-6.463	0.031
19.696	-6.463	0.031
19.697	-6.463	0.031
19.698	-6.463	0.031
19.699	-6.463	0.031
19.700	-6.463	0.031
19.701	-6.463	0.031
19.702	-6.463	0.031
19.703	-6.463	0.031
19.704	-6.463	0.031
19.705	-6.463	0.031
19.706	-6.463	0.031
19.707	-6.463	0.031
19.708	-6.463	0.031
19.709	-6.463	0.031
19.710	-6.463	0.031
19.711	-6.463	0.031
19.712	-6.463	0.031
19.713	-6.463	0.031
19.714	-6.463	0.031
19.715	-6.463	0.031
19.716	-6.463	0.031
19.717	-6.463	0.031
19.718	-6.463	0.031
19.719	-6.463	0.031
19.720	-6.463	0.031
19.721	-6.463	0.031
19.722	-6.463	0.031
19.723	-6.463	0.031
19.724	-6.463	0.031
19.725	-6.463	0.031
19.726	-6.463	0.031
19.727	-6.463	0.031
19.728	-6.463	0.031
19.729	-6.463	0.031
19.730	-6.463	0.031
19.731	-6.463	0.031
19.732	-6.463	0.031
19.733	-6.463	0.031
19.734	-6.463	0.031
19.735	-6.463	0.031
19.736	-6.463	0.031
19.737	-6.463	0.031
19.738	-6.463	0.031
19.739	-6.463	0.031
19.740	-6.463	0.031
19.741	-6.463	0.031
19.742	-6.463	0.031
19.743	-6.463	0.031
19.744	-6.463	0.031
19.745	-6.462	0.031
19.746	-6.462	0.031
19.747	-6.462	0.031
19.748	-6.462	0.031
19.749	-6.462	0.031
19.750	-6.462	0.031
19.751	-6.462	0.031
19.752	-6.462	0.031
19.753	-6.462	0.031
19.754	-6.462	0.031
19.755	-6.462	0.031
19.756	-6.462	0.031
19.757	-6.462	0.031
19.758	-6.462	0.031
19.759	-6.462	0.031
19.760	-6.462	0.031
19.761	-6.462	0.031
19.762	-6.462	0.031
19.763	-6.462	0.031
19.764	-6.462	0.031
19.765	-6.462	0.031
19.766	-6.462	0.031
19.767	-6.462	0.031
19.768	-6.462	0.031
19.769	-6.462	0.031
19.770	-6.462	0.031
19.771	-6.462	0.031
19.772	-6.462	0.031
19.773	-6.462	0.031
19.774	-6.462	0.031
19.775	-6.462	0.031
19.776	-6.462	0.031
19.777	-6.462	0.031
19.778	-6.462	0.031
19.779	-6.462	0.031
19.780	-6.462	0.031
19.781	-6.462	0.031
19.782	-6.462	0.031
19.783	-6.462	0.031
19.784	-6.462	0.031
19.785	-6.462	0.031
19.786	-6.462	0.031
19.787	-6.462	0.031
19.788	-6.462	0.031
19.789	-6.462	0.031
19.790	-6.462	0.031
19.791	-6.462	0.031
19.792	-6.462	0.031
19.793	-6.462	0.031
19.794	-6.462	0.031
19.795	-6.462	0.031
19.796	-6.462	0.031
19.797	-6.462	0.031
19.798	-6.462	0.031
19.799	-6.462	0.031
19.800	-6.462	0.031
19.801	-6.462	0.031
19.802	-6.462	0.031
19.803	-6.462	0.031
19.804	-6.462	0.031
19.805	-6.462	0.031
19.806	-6.462	0.031
19.807	-6.462	0.031
19.808	-6.462	0.031
19.809	-6.462	0.031
19.810	-6.462	0.031
19.811	-6.462	0.031
19.812	-6.462	0.031
19.813	-6.462	0.031
19.814	-6.462	0.031
19.815	-6.462	0.031
19.816	-6.462	0.031
19.817	-6.462	0.031
19.818	-6.462	0.031
19.819	-6.462	0.031
19.820	-6.462	0.031
19.821	-6.462	0.031
19.822	-6.462	0.031
19.823	-6.462	0.031
19.824	-6.462	0.031
19.825	-6.462	0.031
19.826	-6.462	0.031
19.827	-6.462	0.031
19.828	-6.462	0.031
19.829	-6.462	0.031
19.830	-6.462	0.031
19.831	-6.462	0.031
19.832	-6.462	0.031
19.833	-6.462	0.031
19.834	-6.462	0.031
19.835	-6.462	0.031
19.836	-6.462	0.031
19.837	-6.462	0.031
19.838	-6.462	0.031
19.839	-6.462	0.031
19.840	-6.462	0.031
19.841	-6.462	0.031
19.842	-6.462	0.031
19.843	-6.462	0.031
19.844	-6.462	0.031
19.845	-6.462	0.031
19.846	-6.462	0.031
19.847	-6.462	0.031
19.848	-6.462	0.031
19.849	-6.462	0.031
19.850	-6.462	0.031
19.851	-6.462	0.031
19.852	-6.462	0.031
19.853	-6.462	0.031
19.854	-6.462	0.031
19.855	-6.462	0.031
19.856	-6.462	0.031
19.857	-6.462	0.031
19.858	-6.462	0.031
19.859	-6.462	0.031
19.860	-6.462	0.031
19.861	-6.462	0.031
19.862	-6.462	0.031
19.863	-6.462	0.031
19.864	-6.462	0.031
19.865	-6.462	0.031
19.866	-6.462	0.031
19.867	-6.462	0.031
19.868	-6.462	0.031
19.869	-6.462	0.031
19.870	-6.462	0.031
19.871	-6.462	0.031
19.872	-6.462	0.031
19.873	-6.462	0.031
19.874	-6.462	0.031
19.875	-6.462	0.031
19.876	-6.462	0.031
19.877	-6.462	0.031
19.878	-6.462	0.031
19.879	-6.462	0.031
19.880	-6.462	0.031
19.881	-6.462	0.031
19.882	-6.462	0.031
19.883	-6.462	0.031
19.884	-6.462	0.031
19.885	-6.462	0.031
19.886	-6.462	0.031
19.887	-6.462	0.031
19.888	-6.462	0.031
19.889	-6.462	0.031
19.890	-6.462	0.031
19.891	-6.462	0.031
19.892	-6.462	0.031
19.893	-6.462	0.031
19.894	-6.462	0.031
19.895	-6.462	0.031
19.896	-6.462	0.032
19.897	-6.462	0.032
19.898	-6.462	0.032
19.899	-6.462	0.032
19.900	-6.462	0.032
19.901	-6.462	0.032
19.902	-6.462	0.032
19.903	-6.462	0.032
19.904	-6.462	0.032
19.905	-6.462	0.032
19.906	-6.462	0.032
19.907	-6.462	0.032
19.908	-6.462	0.032
19.909	-6.462	0.032
19.910	-6.462	0.032
19.911	-6.462	0.032
19.912	-6.462	0.032
19.913	-6.462	0.032
19.914	-6.462	0.032
19.915	-6.461	0.032
19.916	-6.461	0.032
19.917	-6.461	0.032
19.918	-6.461	0.032
19.919	-6.461	0.032
19.920	-6.461	0.032
19.921	-6.461	0.032
19.922	-6.461	0.032
19.923	-6.461	0.032
19.924	-6.461	0.032
19.925	-6.461	0.032
19.926	-6.461	0.032
19.927	-6.461	0.032
19.928	-6.461	0.032
19.929	-6.461	0.032
19.930	-6.461	0.032
19.931	-6.461	0.032
19.932	-6.461	0.032
19.933	-6.461	0.032
19.934	-6.461	0.032
19.935	-6.461	0.032
19.936	-6.461	0.032
19.937	-6.461	0.032
19.938	-6.461	0.032
19.939	-6.461	0.032
19.940	-6.461	0.032
19.941	-6.461	0.032
19.942	-6.461	0.032
19.943	-6.461	0.032
19.944	-6.461	0.032
19.945	-6.461	0.032
19.946	-6.461	0.032
19.947	-6.461	0.032
19.948	-6.461	0.032
19.949	-6.461	0.032
19.950	-6.461	0.032
19.951	-6.461	0.032
19.952	-6.461	0.032
19.953	-6.461	0.032
19.954	-6.461	0.032
19.955	-6.461	0.032
19.956	-6.461	0.032
19.957	-6.461	0.032
19.958	-6.461	0.032
19.959	-6.461	0.032
19.960	-6.461	0.032
19.961	-6.461	0.032
19.962	-6.461	0.032
19.963	-6.461	0.032
19.964	-6.461	0.032
19.965	-6.461	0.032
19.966	-6.461	0.032
19.967	-6.461	0.032
19.968	-6.461	0.032
19.969	-6.461	0.032
19.970	-6.461	0.032
19.971	-6.461	0.032
19.972	-6.461	0.032
19.973	-6.461	0.032
19.974	-6.461	0.032
19.975	-6.461	0.032
19.976	-6.461	0.032
19.977	-6.461	0.032
19.978	-6.461	0.032
19.979	-6.461	0.032
19.980	-6.461	0.032
19.981	-6.461	0.032
19.982	-6.461	0.032
19.983	-6.461	0.032
19.984	-6.461	0.032
19.985	-6.461	0.032
19.986	-6.461	0.032
19.987	-6.461	0.032
19.988	-6.461	0.032
19.989	-6.461	0.032
19.990	-6.461	0.032
19.991	-6.461	0.032
19.992	-6.461	0.032
19.993	-6.461	0.032
19.994	-6.461	0.032
19.995	-6.461	0.032
19.996	-6.461	0.032
19.997	-6.461	0.033
19.998	-6.461	0.033
19.999	-6.461	0.033
20.000	-6.461	0.033
20.001	-6.461	0.033
20.002	-6.461	0.033
20.003	-6.461	0.033
20.004	-6.461	0.033
20.005	-6.461	0.033
20.006	-6.461	0.033
20.007	-6.461	0.033
20.008	-6.461	0.033
20.009	-6.461	0.033
20.010	-6.461	0.033
20.011	-6.461	0.033
20.012	-6.461	0.033
20.013	-6.461	0.033
20.014	-6.461	0.033
20.015	-6.461	0.033
20.016	-6.461	0.033
20.017	-6.461	0.033
20.018	-6.461	0.033
20.019	-6.461	0.033
20.020	-6.461	0.033
20.021	-6.461	0.033
20.022	-6.461	0.033
20.023	-6.461	0.033
20.024	-6.461	0.033
20.025	-6.461	0.033
20.026	-6.461	0.033
20.027	-6.461	0.033
20.028	-6.461	0.033
20.029	-6.461	0.033
20.030	-6.461	0.033
20.031	-6.461	0.033
20.032	-6.461	0.033
20.033	-6.461	0.033
20.034	-6.461	0.033
20.035	-6.461	0.033
20.036	-6.461	0.033
20.037	-6.461	0.033
20.038	-6.461	0.033
20.039	-6.461	0.033
20.040	-6.461	0.033
20.041	-6.461	0.033
20.042	-6.461	0.033
20.043	-6.461	0.033
20.044	-6.461	0.033
20.045	-6.461	0.033
20.046	-6.461	0.033
20.047	-6.461	0.033
20.048	-6.461	0.033
20.049	-6.461	0.033
20.050	-6.461	0.033
20.051	-6.461	0.033
20.052	-6.461	0.033
20.053	-6.461	0.033
20.054	-6.461	0.033
20.055	-6.461	0.033
20.056	-6.461	0.033
20.057	-6.461	0.033
20.058	-6.461	0.033
20.059	-6.461	0.033
20.060	-6.461	0.033
20.061	-6.461	0.034
20.062	-6.461	0.034
20.063	-6.461	0.034
20.064	-6.461	0.034
20.065	-6.461	0.034
20.066	-6.461	0.034
20.067	-6.461	0.034
20.068	-6.461	0.034
20.069	-6.461	0.034
20.070	-6.461	0.034
20.071	-6.461	0.034
20.072	-6.461	0.034
20.073	-6.461	0.034
20.074	-6.461	0.034
20.075	-6.461	0.034
20.076	-6.461	0.034
20.077	-6.461	0.034
20.078	-6.461	0.034
20.079	-6.461	0.034
20.080	-6.461	0.034
20.081	-6.461	0.034
20.082	-6.461	0.034
20.083	-6.461	0.034
20.084	-6.461	0.034
20.085	-6.461	0.034
20.086	-6.461	0.034
20.087	-6.461	0.034
20.088	-6.461	0.034
20.089	-6.461	0.034
20.090	-6.461	0.034
20.091	-6.461	0.034
20.092	-6.461	0.034
20.093	-6.461	0.034
20.094	-6.461	0.034
20.095	-6.461	0.034
20.096	-6.461	0.034
20.097	-6.461	0.034
20.098	-6.461	0.034
20.099	-6.461	0.034
20.100	-6.461	0.034
20.101	-6.461	0.034
20.102	-6.461	0.034
20.103	-6.461	0.034
20.104	-6.461	0.034
20.105	-6.461	0.034
20.106	-6.461	0.034
20.107	-6.461	0.034
20.108	-6.461	0.034
20.109	-6.461	0.034
20.110	-6.461	0.034
20.111	-6.461	0.034
20.112	-6.461	0.034
20.113	-6.461	0.034
20.114	-6.461	0.034
20.115	-6.461	0.034
20.116	-6.461	0.034
20.117	-6.461	0.034
20.118	-6.461	0.035
20.119	-6.461	0.035
20.120	-6.461	0.035
20.121	-6.461	0.035
20.122	-6.461	0.035
20.123	-6.461	0.035
20.124	-6.461	0.035
20.125	-6.461	0.035
20.126	-6.461	0.035
20.127	-6.461	0.035
20.128	-6.461	0.035
20.129	-6.461	0.035
20.130	-6.461	0.035
20.131	-6.461	0.035
20.132	-6.461	0.035
20.133	-6.461	0.035
20.134	-6.461	0.035
20.135	-6.461	0.035
20.136	-6.460	0.035
20.137	-6.460	0.035
20.138	-6.460	0.035
20.139	-6.460	0.035
20.140	-6.460	0.035
20.141	-6.460	0.035
20.142	-6.460	0.035
20.143	-6.460	0.035
20.144	-6.460	0.035
20.145	-6.460	0.035
20.146	-6.460	0.035
20.147	-6.460	0.035
20.148	-6.460	0.035
20.149	-6.460	0.035
20.150	-6.460	0.035
20.151	-6.460	0.035
20.152	-6.460	0.035
20.153	-6.460	0.035
20.154	-6.460	0.035
20.155	-6.460	0.035
20.156	-6.460	0.035
20.157	-6.460	0.035
20.158	-6.460	0.035
20.159	-6.460	0.035
20.160	-6.460	0.035
20.161	-6.460	0.035
20.162	-6.460	0.035
20.163	-6.460	0.035
20.164	-6.460	0.035
20.165	-6.460	0.035
20.166	-6.460	0.035
20.167	-6.460	0.035
20.168	-6.460	0.035
20.169	-6.460	0.035
20.170	-6.460	0.035
20.171	-6.460	0.035
20.172	-6.460	0.035
20.173	-6.460	0.035
20.174	-6.460	0.035
20.175	-6.460	0.035
20.176	-6.460	0.036
20.177	-6.460	0.036
20.178	-6.460	0.036
20.179	-6.460	0.036
20.180	-6.460	0.036
20.181	-6.460	0.036
20.182	-6.460	0.036
20.183	-6.460	0.036
20.184	-6.460	0.036
20.185	-6.460	0.036
20.186	-6.460	0.036
20.187	-6.460	0.036
20.188	-6.460	0.036
20.189	-6.460	0.036
20.190	-6.460	0.036
20.191	-6.460	0.036
20.192	-6.460	0.036
20.193	-6.460	0.036
20.194	-6.460	0.036
20.195	-6.460	0.036
20.196	-6.460	0.036
20.197	-6.460	0.036
20.198	-6.460	0.036
20.199	-6.460	0.036
20.200	-6.460	0.036
20.201	-6.460	0.036
20.202	-6.460	0.036
20.203	-6.460	0.036
20.204	-6.460	0.036
20.205	-6.460	0.036
20.206	-6.460	0.036
20.207	-6.460	0.036
20.208	-6.460	0.036
20.209	-6.460	0.036
20.210	-6.460	0.036
20.211	-6.460	0.036
20.212	-6.460	0.036
20.213	-6.460	0.036
20.214	-6.460	0.036
20.215	-6.460	0.036
20.216	-6.460	0.036
20.217	-6.460	0.036
20.218	-6.460	0.036
20.219	-6.460	0.036
20.220	-6.460	0.036
20.221	-6.460	0.036
20.222	-6.460	0.036
20.223	-6.460	0.036
20.224	-6.460	0.036
20.225	-6.460	0.036
20.226	-6.460	0.036
20.227	-6.460	0.036
20.228	-6.460	0.036
20.229	-6.460	0.036
20.230	-6.460	0.036
20.231	-6.460	0.036
20.232	-6.460	0.036
20.233	-6.460	0.036
20.234	-6.460	0.036
20.235	-6.460	0.036
20.236	-6.460	0.036
20.237	-6.460	0.037
20.238	-6.460	0.037
20.239	-6.460	0.037
20.240	-6.460	0.037
20.241	-6.460	0.037
20.242	-6.460	0.037
20.243	-6.460	0.037
20.244	-6.460	0.037
20.245	-6.460	0.037
20.246	-6.460	0.037
20.247	-6.460	0.037
20.248	-6.460	0.037
20.249	-6.460	0.037
20.250	-6.460	0.037
20.251	-6.460	0.037
20.252	-6.460	0.037
20.253	-6.460	0.037
20.254	-6.460	0.037
20.255	-6.460	0.037
20.256	-6.460	0.037
20.257	-6.460	0.037
20.258	-6.460	0.037
20.259	-6.460	0.037
20.260	-6.460	0.037
20.261	-6.460	0.037
20.262	-6.460	0.037
20.263	-6.460	0.037
20.264	-6.460	0.037
20.265	-6.460	0.037
20.266	-6.460	0.037
20.267	-6.460	0.037
20.268	-6.460	0.037
20.269	-6.460	0.037
20.270	-6.460	0.037
20.271	-6.460	0.037
20.272	-6.460	0.037
20.273	-6.460	0.037
20.274	-6.460	0.037
20.275	-6.460	0.037
20.276	-6.460	0.037
20.277	-6.460	0.037
20.278	-6.460	0.037
20.279	-6.460	0.037
20.280	-6.460	0.037
20.281	-6.460	0.037
20.282	-6.460	0.037
20.283	-6.460	0.037
20.284	-6.460	0.037
20.285	-6.460	0.037
20.286	-6.460	0.037
20.287	-6.460	0.037
20.288	-6.460	0.037
20.289	-6.460	0.037
20.290	-6.460	0.037
20.291	-6.460	0.037
20.292	-6.460	0.037
20.293	-6.460	0.037
20.294	-6.460	0.037
20.295	-6.460	0.037
20.296	-6.460	0.037
20.297	-6.460	0.037
20.298	-6.460	0.037
20.299	-6.460	0.037
20.300	-6.460	0.037
20.301	-6.460	0.037
20.302	-6.460	0.037
20.303	-6.460	0.037
20.304	-6.460	0.037
20.305	-6.460	0.037
20.306	-6.460	0.037
20.307	-6.460	0.037
20.308	-6.460	0.037
20.309	-6.460	0.038
20.310	-6.460	0.038
20.311	-6.460	0.038
20.312	-6.460	0.038
20.313	-6.460	0.038
20.314	-6.460	0.038
20.315	-6.460	0.038
20.316	-6.460	0.038
20.317	-6.460	0.038
20.318	-6.460	0.038
20.319	-6.460	0.038
20.320	-6.460	0.038
20.321	-6.460	0.038
20.322	-6.460	0.038
20.323	-6.460	0.038
20.324	-6.460	0.038
20.325	-6.460	0.038
20.326	-6.460	0.038
20.327	-6.460	0.038
20.328	-6.460	0.038
20.329	-6.460	0.038
20.330	-6.460	0.038
20.331	-6.460	0.038
20.332	-6.460	0.038
20.333	-6.460	0.038
20.334	-6.460	0.038
20.335	-6.460	0.038
20.336	-6.460	0.038
20.337	-6.460	0.038
20.338	-6.460	0.038
20.339	-6.460	0.038
20.340	-6.460	0.038
20.341	-6.460	0.038
20.342	-6.460	0.038
20.343	-6.460	0.038
20.344	-6.460	0.038
20.345	-6.460	0.038
20.346	-6.460	0.038
20.347	-6.460	0.038
20.348	-6.460	0.038
20.349	-6.460	0.038
20.350	-6.460	0.038
20.351	-6.460	0.038
20.352	-6.460	0.038
20.353	-6.460	0.038
20.354	-6.460	0.038
20.355	-6.460	0.038
20.356	-6.460	0.038
20.357	-6.460	0.038
20.358	-6.460	0.038
20.359	-6.460	0.038
20.360	-6.460	0.038
20.361	-6.460	0.038
20.362	-6.460	0.038
20.363	-6.460	0.038
20.364	-6.460	0.038
20.365	-6.460	0.038
20.366	-6.460	0.038
20.367	-6.460	0.038
20.368	-6.460	0.038
20.369	-6.460	0.038
20.370	-6.460	0.038
20.371	-6.460	0.038
20.372	-6.460	0.038
20.373	-6.460	0.038
20.374	-6.460	0.038
20.375	-6.460	0.038
20.376	-6.460	0.038
20.377	-6.460	0.038
20.378	-6.460	0.038
20.379	-6.460	0.038
20.380	-6.460	0.038
20.381	-6.460	0.038
20.382	-6.460	0.038
20.383	-6.460	0.038
20.384	-6.460	0.038
20.385	-6.460	0.038
20.386	-6.460	0.038
20.387	-6.460	0.038
20.388	-6.460	0.038
20.389	-6.460	0.038
20.390	-6.460	0.038
20.391	-6.460	0.038
20.392	-6.460	0.038
20.393	-6.460	0.038
20.394	-6.460	0.038
20.395	-6.460	0.038
20.396	-6.460	0.038
20.397	-6.460	0.038
20.398	-6.460	0.038
20.399	-6.460	0.038
20.400	-6.460	0.038
20.401	-6.460	0.038
20.402	-6.460	0.038
20.403	-6.460	0.038
20.404	-6.460	0.039
20.405	-6.460	0.039
20.406	-6.460	0.039
20.407	-6.460	0.039
20.408	-6.460	0.039
20.409	-6.460	0.039
20.410	-6.460	0.039
20.411	-6.460	0.039
20.412	-6.460	0.039
20.413	-6.460	0.039
20.414	-6.460	0.039
20.415	-6.460	0.039
20.416	-6.460	0.039
20.417	-6.460	0.039
20.418	-6.460	0.039
20.419	-6.460	0.039
20.420	-6.460	0.039
20.421	-6.460	0.039
20.422	-6.460	0.039
20.423	-6.460	0.039
20.424	-6.460	0.039
20.425	-6.460	0.039
20.426	-6.460	0.039
20.427	-6.460	0.039
20.428	-6.460	0.039
20.429	-6.460	0.039
20.430	-6.460	0.039
20.431	-6.460	0.039
20.432	-6.460	0.039
20.433	-6.460	0.039
20.434	-6.460	0.039
20.435	-6.460	0.039
20.436	-6.460	0.039
20.437	-6.460	0.039
20.438	-6.460	0.039
20.439	-6.460	0.039
20.440	-6.460	0.039
20.441	-6.460	0.039
20.442	-6.460	0.039
20.443	-6.460	0.039
20.444	-6.460	0.039
20.445	-6.460	0.039
20.446	-6.460	0.039
20.447	-6.460	0.039
20.448	-6.460	0.039
20.449	-6.460	0.039
20.450	-6.460	0.039
20.451	-6.460	0.039
20.452	-6.460	0.039
20.453	-6.460	0.039
20.454	-6.460	0.039
20.455	-6.460	0.039
20.456	-6.460	0.039
20.457	-6.460	0.039
20.458	-6.460	0.039
20.459	-6.460	0.039
20.460	-6.460	0.039
20.461	-6.460	0.039
20.462	-6.460	0.039
20.463	-6.460	0.039
20.464	-6.460	0.039
20.465	-6.460	0.039
20.466	-6.460	0.039
20.467	-6.460	0.039
20.468	-6.460	0.039
20.469	-6.460	0.039
20.470	-6.460	0.039
20.471	-6.460	0.039
20.472	-6.460	0.039
20.473	-6.460	0.039
20.474	-6.460	0.039
20.475	-6.460	0.039
20.476	-6.460	0.039
20.477	-6.460	0.039
20.478	-6.460	0.039
20.479	-6.460	0.039
20.480	-6.460	0.039
20.481	-6.460	0.039
20.482	-6.460	0.039
20.483	-6.460	0.039
20.484	-6.460	0.039
20.485	-6.460	0.039
20.486	-6.460	0.039
20.487	-6.460	0.039
20.488	-6.460	0.039
20.489	-6.460	0.039
20.490	-6.460	0.039
20.491	-6.460	0.039
20.492	-6.460	0.039
20.493	-6.459	0.039
20.494	-6.459	0.039
20.495	-6.459	0.039
20.496	-6.459	0.039
20.497	-6.459	0.039
20.498	-6.459	0.039
20.499	-6.459	0.039
20.500	-6.459	0.039
20.501	-6.459	0.039
20.502	-6.459	0.039
20.503	-6.459	0.039
20.504	-6.459	0.039
20.505	-6.459	0.039
20.506	-6.459	0.039
20.507	-6.459	0.039
20.508	-6.459	0.039
20.509	-6.459	0.039
20.510	-6.459	0.039
20.511	-6.459	0.039
20.512	-6.459	0.039
20.513	-6.459	0.039
20.514	-6.459	0.039
20.515	-6.459	0.039
20.516	-6.459	0.039
20.517	-6.459	0.039
20.518	-6.459	0.039
20.519	-6.459	0.039
20.520	-6.459	0.039
20.521	-6.459	0.039
20.522	-6.459	0.039
20.523	-6.459	0.039
20.524	-6.459	0.039
20.525	-6.459	0.039
20.526	-6.459	0.039
20.527	-6.459	0.039
20.528	-6.459	0.039
20.529	-6.459	0.039
20.530	-6.459	0.039
20.531	-6.459	0.039
20.532	-6.459	0.039
20.533	-6.459	0.039
20.534	-6.459	0.039
20.535	-6.459	0.039
20.536	-6.459	0.039
20.537	-6.459	0.039
20.538	-6.459	0.039
20.539	-6.459	0.039
20.540	-6.459	0.039
20.541	-6.459	0.039
20.542	-6.459	0.039
20.543	-6.459	0.039
20.544	-6.459	0.039
20.545	-6.459	0.039
20.546	-6.459	0.039
20.547	-6.459	0.039
20.548	-6.459	0.039
20.549	-6.459	0.039
20.550	-6.459	0.039
20.551	-6.459	0.039
20.552	-6.459	0.039
20.553	-6.459	0.039
20.554	-6.459	0.039
20.555	-6.459	0.039
20.556	-6.459	0.039
20.557	-6.459	0.039
20.558	-6.459	0.039
20.559	-6.459	0.039
20.560	-6.459	0.039
20.561	-6.459	0.039
20.562	-6.459	0.039
20.563	-6.459	0.039
20.564	-6.459	0.039
20.565	-6.459	0.039
20.566	-6.459	0.039
20.567	-6.459	0.039
20.568	-6.459	0.039
20.569	-6.459	0.039
20.570	-6.459	0.039
20.571	-6.459	0.039
20.572	-6.459	0.039
20.573	-6.459	0.039
20.574	-6.459	0.039
20.575	-6.459	0.039
20.576	-6.459	0.039
20.577	-6.459	0.039
20.578	-6.459	0.039
20.579	-6.459	0.039
20.580	-6.459	0.039
20.581	-6.459	0.039
20.582	-6.459	0.039
20.583	-6.459	0.039
20.584	-6.459	0.039
20.585	-6.459	0.039
20.586	-6.459	0.039
20.587	-6.459	0.039
20.588	-6.459	0.039
20.589	-6.459	0.039
20.590	-6.459	0.039
20.591	-6.459	0.039
20.592	-6.459	0.039
20.593	-6.459	0.039
20.594	-6.459	0.039
20.595	-6.459	0.039
20.596	-6.459	0.039
20.597	-6.459	0.039
20.598	-6.459	0.039
20.599	-6.459	0.039
20.600	-6.459	0.039
20.601	-6.459	0.039
20.602	-6.459	0.039
20.603	-6.459	0.039
20.604	-6.459	0.039
20.605	-6.459	0.039
20.606	-6.459	0.039
20.607	-6.459	0.039
20.608	-6.459	0.039
20.609	-6.459	0.039
20.610	-6.459	0.039
20.611	-6.459	0.039
20.612	-6.459	0.039
20.613	-6.459	0.039
20.614	-6.459	0.039
20.615	-6.459	0.039
20.616	-6.459	0.039
20.617	-6.459	0.039
20.618	-6.459	0.039
20.619	-6.459	0.039
20.620	-6.459	0.039
20.621	-6.459	0.039
20.622	-6.459	0.039
20.623	-6.459	0.039
20.624	-6.459	0.039
20.625	-6.459	0.039
20.626	-6.459	0.039
20.627	-6.459	0.039
20.628	-6.459	0.039
20.629	-6.459	0.039
20.630	-6.459	0.039
20.631	-6.459	0.039
20.632	-6.459	0.039
20.633	-6.459	0.039
20.634	-6.459	0.039
20.635	-6.459	0.039
20.636	-6.459	0.039
20.637	-6.459	0.039
20.638	-6.459	0.039
20.639	-6.459	0.039
20.640	-6.459	0.039
20.641	-6.459	0.039
20.642	-6.459	0.039
20.643	-6.459	0.039
20.644	-6.459	0.039
20.645	-6.459	0.039
20.646	-6.459	0.039
20.647	-6.459	0.039
20.648	-6.459	0.039
20.649	-6.459	0.039
20.650	-6.459	0.039
20.651	-6.459	0.039
20.652	-6.459	0.039
20.653	-6.459	0.039
20.654	-6.459	0.039
20.655	-6.459	0.039
20.656	-6.459	0.039
20.657	-6.459	0.039
20.658	-6.459	0.039
20.659	-6.459	0.039
20.660	-6.459	0.039
20.661	-6.459	0.039
20.662	-6.459	0.039
20.663	-6.459	0.039
20.664	-6.459	0.039
20.665	-6.459	0.039
20.666	-6.459	0.039
20.667	-6.459	0.039
20.668	-6.459	0.039
20.669	-6.459	0.039
20.670	-6.459	0.039
20.671	-6.459	0.039
20.672	-6.459	0.039
20.673	-6.459	0.039
20.674	-6.459	0.039
20.675	-6.459	0.039
20.676	-6.459	0.039
20.677	-6.459	0.039
20.678	-6.459	0.039
20.679	-6.459	0.039
20.680	-6.459	0.039
20.681	-6.459	0.039
20.682	-6.459	0.039
20.683	-6.459	0.039
20.684	-6.459	0.039
20.685	-6.459	0.039
20.686	-6.459	0.039
20.687	-6.459	0.039
20.688	-6.459	0.039
20.689	-6.459	0.039
20.690	-6.459	0.039
20.691	-6.459	0.039
20.692	-6.459	0.039
20.693	-6.459	0.039
20.694	-6.459	0.039
20.695	-6.459	0.039
20.696	-6.459	0.039
20.697	-6.459	0.039
20.698	-6.459	0.039
20.699	-6.459	0.039
20.700	-6.459	0.039
20.701	-6.459	0.039
20.702	-6.459	0.039
20.703	-6.459	0.039
20.704	-6.459	0.039
20.705	-6.459	0.039
20.706	-6.459	0.039
20.707	-6.459	0.039
20.708	-6.459	0.039
20.709	-6.459	0.039
20.710	-6.459	0.039
20.711	-6.459	0.039
20.712	-6.459	0.039
20.713	-6.459	0.039
20.714	-6.459	0.039
20.715	-6.459	0.039
20.716	-6.459	0.039
20.717	-6.459	0.039
20.718	-6.459	0.039
20.719	-6.459	0.039
20.720	-6.459	0.039
20.721	-6.459	0.039
20.722	-6.459	0.039
20.723	-6.459	0.039
20.724	-6.459	0.039
20.725	-6.459	0.039
20.726	-6.459	0.039
20.727	-6.459	0.039
20.728	-6.459	0.039
20.729	-6.459	0.039
20.730	-6.459	0.039
20.731	-6.459	0.039
20.732	-6.459	0.039
20.733	-6.459	0.039
20.734	-6.459	0.039
20.735	-6.459	0.039
20.736	-6.459	0.039
20.737	-6.459	0.039
20.738	-6.459	0.039
20.739	-6.459	0.039
20.740	-6.459	0.039
20.741	-6.459	0.039
20.742	-6.459	0.039
20.743	-6.459	0.039
20.744	-6.459	0.039
20.745	-6.459	0.039
20.746	-6.459	0.039
20.747	-6.459	0.039
20.748	-6.459	0.039
20.749	-6.459	0.039
20.750	-6.459	0.039
20.751	-6.459	0.039
20.752	-6.459	0.039
20.753	-6.459	0.039
20.754	-6.459	0.039
20.755	-6.459	0.039
20.756	-6.459	0.039
20.757	-6.459	0.039
20.758	-6.459	0.039
20.759	-6.459	0.039
20.760	-6.459	0.039
20.761	-6.459	0.039
20.762	-6.459	0.039
20.763	-6.459	0.039
20.764	-6.459	0.039
20.765	-6.459	0.039
20.766	-6.459	0.039
20.767	-6.459	0.039
20.768	-6.459	0.039
20.769	-6.459	0.039
20.770	-6.459	0.039
20.771	-6.459	0.039
20.772	-6.459	0.039
20.773	-6.459	0.039
20.774	-6.459	0.039
20.775	-6.459	0.039
20.776	-6.459	0.039
20.777	-6.459	0.039
20.778	-6.459	0.039
20.779	-6.459	0.039
20.780	-6.459	0.039
20.781	-6.459	0.039
20.782	-6.459	0.039
20.783	-6.459	0.039
20.784	-6.459	0.039
20.785	-6.459	0.039
20.786	-6.459	0.039
20.787	-6.459	0.039
20.788	-6.459	0.039
20.789	-6.459	0.039
20.790	-6.459	0.039
20.791	-6.459	0.039
20.792	-6.459	0.039
20.793	-6.459	0.039
20.794	-6.459	0.039
20.795	-6.459	0.039
20.796	-6.459	0.039
20.797	-6.459	0.039
20.798	-6.459	0.039
20.799	-6.459	0.039
20.800	-6.459	0.039
20.801	-6.459	0.039
20.802	-6.459	0.039
20.803	-6.459	0.039
20.804	-6.459	0.039
20.805	-6.459	0.039
20.806	-6.459	0.039
20.807	-6.459	0.039
20.808	-6.459	0.039
20.809	-6.459	0.039
20.810	-6.459	0.039
20.811	-6.459	0.039
20.812	-6.459	0.039
20.813	-6.459	0.039
20.814	-6.459	0.039
20.815	-6.459	0.039
20.816	-6.459	0.039
20.817	-6.459	0.039
20.818	-6.459	0.039
20.819	-6.459	0.038
20.820	-6.459	0.038
20.821	-6.459	0.038
20.822	-6.459	0.038
20.823	-6.459	0.038
20.824	-6.459	0.038
20.825	-6.459	0.038
20.826	-6.459	0.038
20.827	-6.459	0.038
20.828	-6.459	0.038
20.829	-6.459	0.038
20.830	-6.459	0.038
20.831	-6.459	0.038
20.832	-6.459	0.038
20.833	-6.459	0.038
20.834	-6.459	0.038
20.835	-6.459	0.038
20.836	-6.459	0.038
20.837	-6.459	0.038
20.838	-6.459	0.038
20.839	-6.459	0.038
20.840	-6.459	0.038
20.841	-6.459	0.038
20.842	-6.459	0.038
20.843	-6.459	0.038
20.844	-6.459	0.038
20.845	-6.459	0.038
20.846	-6.459	0.038
20.847	-6.459	0.038
20.848	-6.459	0.038
20.849	-6.459	0.038
20.850	-6.459	0.038
20.851	-6.459	0.038
20.852	-6.459	0.038
20.853	-6.459	0.038
20.854	-6.459	0.038
20.855	-6.459	0.038
20.856	-6.459	0.038
20.857	-6.459	0.038
20.858	-6.459	0.038
20.859	-6.459	0.038
20.860	-6.459	0.038
20.861	-6.459	0.038
20.862	-6.459	0.038
20.863	-6.459	0.038
20.864	-6.459	0.038
20.865	-6.459	0.038
20.866	-6.459	0.038
20.867	-6.459	0.038
20.868	-6.459	0.038
20.869	-6.459	0.038
20.870	-6.459	0.038
20.871	-6.459	0.038
20.872	-6.459	0.038
20.873	-6.459	0.038
20.874	-6.459	0.038
20.875	-6.459	0.038
20.876	-6.459	0.038
20.877	-6.459	0.038
20.878	-6.459	0.038
20.879	-6.459	0.038
20.880	-6.459	0.038
20.881	-6.459	0.038
20.882	-6.459	0.038
20.883	-6.459	0.038
20.884	-6.459	0.038
20.885	-6.459	0.038
20.886	-6.459	0.038
20.887	-6.459	0.038
20.888	-6.459	0.038
20.889	-6.459	0.038
20.890	-6.459	0.038
20.891	-6.459	0.038
20.892	-6.459	0.038
20.893	-6.459	0.038
20.894	-6.459	0.038
20.895	-6.459	0.038
20.896	-6.459	0.038
20.897	-6.459	0.038
20.898	-6.459	0.038
20.899	-6.459	0.038
20.900	-6.459	0.038
20.901	-6.459	0.038
20.902	-6.459	0.038
20.903	-6.459	0.038
20.904	-6.459	0.038
20.905	-6.459	0.038
20.906	-6.459	0.038
20.907	-6.459	0.038
20.908	-6.459	0.038
20.909	-6.459	0.038
20.910	-6.459	0.038
20.911	-6.459	0.038
20.912	-6.459	0.038
20.913	-6.459	0.038
20.914	-6.459	0.038
20.915	-6.459	0.038
20.916	-6.459	0.038
20.917	-6.459	0.038
20.918	-6.459	0.038
20.919	-6.459	0.038
20.920	-6.459	0.038
20.921	-6.459	0.038
20.922	-6.459	0.038
20.923	-6.459	0.038
20.924	-6.459	0.038
20.925	-6.459	0.038
20.926	-6.459	0.038
20.927	-6.459	0.038
20.928	-6.459	0.038
20.929	-6.459	0.038
20.930	-6.459	0.038
20.931	-6.459	0.038
20.932	-6.459	0.038
20.933	-6.459	0.038
20.934	-6.459	0.038
20.935	-6.459	0.038
20.936	-6.459	0.038
20.937	-6.459	0.038
20.938	-6.459	0.038
20.939	-6.459	0.038
20.940	-6.459	0.038
20.941	-6.459	0.038
20.942	-6.459	0.038
20.943	-6.459	0.038
20.944	-6.459	0.038
20.945	-6.459	0.038
20.946	-6.459	0.038
20.947	-6.459	0.038
20.948	-6.459	0.038
20.949	-6.459	0.038
20.950	-6.459	0.038
20.951	-6.459	0.038
20.952	-6.459	0.038
20.953	-6.459	0.038
20.954	-6.459	0.038
20.955	-6.459	0.037
20.956	-6.459	0.037
20.957	-6.459	0.037
20.958	-6.459	0.037
20.959	-6.459	0.037
20.960	-6.459	0.037
20.961	-6.459	0.037
20.962	-6.459	0.037
20.963	-6.459	0.037
20.964	-6.459	0.037
20.965	-6.459	0.037
20.966	-6.459	0.037
20.967	-6.459	0.037
20.968	-6.459	0.037
20.969	-6.459	0.037
20.970	-6.459	0.037
20.971	-6.459	0.037
20.972	-6.459	0.037
20.973	-6.459	0.037
20.974	-6.459	0.037
20.975	-6.459	0.037
20.976	-6.459	0.037
20.977	-6.459	0.037
20.978	-6.459	0.037
20.979	-6.459	0.037
20.980	-6.459	0.037
20.981	-6.459	0.037
20.982	-6.459	0.037
20.983	-6.459	0.037
20.984	-6.459	0.037
20.985	-6.459	0.037
20.986	-6.459	0.037
20.987	-6.459	0.037
20.988	-6.459	0.037
20.989	-6.459	0.037
20.990	-6.459	0.037
20.991	-6.459	0.037
20.992	-6.459	0.037
20.993	-6.459	0.037
20.994	-6.459	0.037
20.995	-6.459	0.037
20.996	-6.459	0.037
20.997	-6.459	0.037
20.998	-6.459	0.037
20.999	-6.459	0.037
21.000	-6.459	0.037
21.001	-6.459	0.037
21.002	-6.459	0.037
21.003	-6.459	0.037
21.004	-6.459	0.037
21.005	-6.459	0.037
21.006	-6.459	0.037
21.007	-6.459	0.037
21.008	-6.459	0.037
21.009	-6.459	0.037
21.010	-6.459	0.037
21.011	-6.459	0.037
21.012	-6.459	0.037
21.013	-6.459	0.037
21.014	-6.459	0.037
21.015	-6.459	0.037
21.016	-6.459	0.037
21.017	-6.459	0.037
21.018	-6.459	0.037
21.019	-6.459	0.037
21.020	-6.459	0.037
21.021	-6.459	0.037
21.022	-6.459	0.037
21.023	-6.459	0.037
21.024	-6.459	0.037
21.025	-6.459	0.037
21.026	-6.459	0.037
21.027	-6.459	0.037
21.028	-6.459	0.037
21.029	-6.459	0.037
21.030	-6.459	0.037
21.031	-6.459	0.037
21.032	-6.459	0.037
21.033	-6.459	0.037
21.034	-6.459	0.037
21.035	-6.459	0.037
21.036	-6.459	0.037
21.037	-6.459	0.037
21.038	-6.459	0.037
21.039	-6.459	0.037
21.040	-6.459	0.037
21.041	-6.459	0.037
21.042	-6.459	0.037
21.043	-6.459	0.037
21.044	-6.459	0.037
21.045	-6.459	0.037
21.046	-6.459	0.037
21.047	-6.459	0.037
21.048	-6.459	0.037
21.049	-6.459	0.037
21.050	-6.459	0.037
21.051	-6.459	0.037
21.052	-6.459	0.037
21.053	-6.459	0.037
21.054	-6.459	0.037
21.055	-6.459	0.037
21.056	-6.459	0.037
21.057	-6.459	0.037
21.058	-6.459	0.037
21.059	-6.459	0.037
21.060	-6.459	0.037
21.061	-6.459	0.037
21.062	-6.459	0.037
21.063	-6.459	0.037
21.064	-6.459	0.037
21.065	-6.459	0.037
21.066	-6.459	0.037
21.067	-6.459	0.037
21.068	-6.459	0.037
21.069	-6.459	0.037
21.070	-6.459	0.037
21.071	-6.459	0.037
21.072	-6.459	0.037
21.073	-6.459	0.037
21.074	-6.459	0.037
21.075	-6.459	0.037
21.076	-6.459	0.037
21.077	-6.459	0.037
21.078	-6.459	0.037
21.079	-6.459	0.037
21.080	-6.459	0.036
21.081	-6.459	0.036
21.082	-6.459	0.036
21.083	-6.459	0.036
21.084	-6.459	0.036
21.085	-6.459	0.036
21.086	-6.459	0.036
21.087	-6.459	0.036
21.088	-6.459	0.036
21.089	-6.459	0.036
21.090	-6.459	0.036
21.091	-6.459	0.036
21.092	-6.459	0.036
21.093	-6.459	0.036
21.094	-6.459	0.036
21.095	-6.459	0.036
21.096	-6.459	0.036
21.097	-6.459	0.036
21.098	-6.459	0.036
21.099	-6.459	0.036
21.100	-6.459	0.036
21.101	-6.459	0.036
21.102	-6.459	0.036
21.103	-6.459	0.036
21.104	-6.459	0.036
21.105	-6.459	0.036
21.106	-6.459	0.036
21.107	-6.459	0.036
21.108	-6.459	0.036
21.109	-6.459	0.036
21.110	-6.459	0.036
21.111	-6.459	0.036
21.112	-6.459	0.036
21.113	-6.459	0.036
21.114	-6.459	0.036
21.115	-6.459	0.036
21.116	-6.459	0.036
21.117	-6.459	0.036
21.118	-6.459	0.036
21.119	-6.459	0.036
21.120	-6.459	0.036
21.121	-6.459	0.036
21.122	-6.459	0.036
21.123	-6.459	0.036
21.124	-6.459	0.036
21.125	-6.459	0.036
21.126	-6.459	0.036
21.127	-6.459	0.036
21.128	-6.459	0.036
21.129	-6.459	0.036
21.130	-6.459	0.036
21.131	-6.459	0.036
21.132	-6.459	0.036
21.133	-6.459	0.036
21.134	-6.459	0.036
21.135	-6.459	0.036
21.136	-6.459	0.036
21.137	-6.459	0.036
21.138	-6.459	0.036
21.139	-6.459	0.036
21.140	-6.459	0.036
21.141	-6.459	0.036
21.142	-6.459	0.036
21.143	-6.459	0.036
21.144	-6.459	0.036
21.145	-6.459	0.036
21.146	-6.459	0.036
21.147	-6.459	0.036
21.148	-6.459	0.036
21.149	-6.459	0.036
21.150	-6.459	0.036
21.151	-6.459	0.036
21.152	-6.459	0.036
21.153	-6.459	0.036
21.154	-6.459	0.036
21.155	-6.459	0.036
21.156	-6.459	0.036
21.157	-6.459	0.036
21.158	-6.459	0.036
21.159	-6.459	0.036
21.160	-6.459	0.036
21.161	-6.459	0.036
21.162	-6.459	0.036
21.163	-6.459	0.036
21.164	-6.459	0.036
21.165	-6.459	0.036
21.166	-6.459	0.036
21.167	-6.459	0.036
21.168	-6.459	0.036
21.169	-6.459	0.036
21.170	-6.459	0.036
21.171	-6.459	0.036
21.172	-6.459	0.036
21.173	-6.459	0.036
21.174	-6.459	0.036
21.175	-6.459	0.036
21.176	-6.459	0.036
21.177	-6.459	0.036
21.178	-6.459	0.036
21.179	-6.459	0.036
21.180	-6.459	0.036
21.181	-6.459	0.036
21.182	-6.459	0.036
21.183	-6.459	0.036
21.184	-6.459	0.036
21.185	-6.459	0.036
21.186	-6.459	0.036
21.187	-6.459	0.036
21.188	-6.459	0.036
21.189	-6.459	0.036
21.190	-6.459	0.036
21.191	-6.459	0.036
21.192	-6.459	0.036
21.193	-6.459	0.036
21.194	-6.459	0.036
21.195	-6.459	0.036
21.196	-6.459	0.036
21.197	-6.459	0.036
21.198	-6.459	0.036
21.199	-6.459	0.036
21.200	-6.459	0.036
21.201	-6.459	0.036
21.202	-6.459	0.036
21.203	-6.459	0.036
21.204	-6.459	0.036
21.205	-6.459	0.036
21.206	-6.459	0.036
21.207	-6.459	0.036
21.208	-6.459	0.036
21.209	-6.459	0.036
21.210	-6.459	0.036
21.211	-6.459	0.036
21.212	-6.459	0.036
21.213	-6.459	0.036
21.214	-6.459	0.036
21.215	-6.459	0.036
21.216	-6.459	0.036
21.217	-6.459	0.036
21.218	-6.459	0.036
21.219	-6.459	0.036
21.220	-6.459	0.036
21.221	-6.459	0.036
21.222	-6.459	0.036
21.223	-6.459	0.036
21.224	-6.459	0.036
21.225	-6.459	0.036
21.226	-6.459	0.036
21.227	-6.459	0.036
21.228	-6.459	0.036
21.229	-6.459	0.036
21.230	-6.459	0.036
21.231	-6.459	0.036
21.232	-6.459	0.036
21.233	-6.459	0.035
21.234	-6.459	0.035
21.235	-6.459	0.035
21.236	-6.459	0.035
21.237	-6.459	0.035
21.238	-6.459	0.035
21.239	-6.459	0.035
21.240	-6.459	0.035
21.241	-6.459	0.035
21.242	-6.459	0.035
21.243	-6.459	0.035
21.244	-6.459	0.035
21.245	-6.459	0.035
21.246	-6.459	0.035
21.247	-6.459	0.035
21.248	-6.459	0.035
21.249	-6.459	0.035
21.250	-6.459	0.035
21.251	-6.459	0.035
21.252	-6.459	0.035
21.253	-6.459	0.035
21.254	-6.459	0.035
21.255	-6.459	0.035
21.256	-6.459	0.035
21.257	-6.459	0.035
21.258	-6.459	0.035
21.259	-6.459	0.035
21.260	-6.459	0.035
21.261	-6.459	0.035
21.262	-6.459	0.035
21.263	-6.459	0.035
21.264	-6.459	0.035
21.265	-6.459	0.035
21.266	-6.459	0.035
21.267	-6.459	0.035
21.268	-6.459	0.035
21.269	-6.459	0.035
21.270	-6.459	0.035
21.271	-6.459	0.035
21.272	-6.459	0.035
21.273	-6.459	0.035
21.274	-6.459	0.035
21.275	-6.459	0.035
21.276	-6.459	0.035
21.277	-6.459	0.035
21.278	-6.459	0.035
21.279	-6.459	0.035
21.280	-6.459	0.035
21.281	-6.459	0.035
21.282	-6.459	0.035
21.283	-6.459	0.035
21.284	-6.459	0.035
21.285	-6.459	0.035
21.286	-6.459	0.035
21.287	-6.459	0.035
21.288	-6.459	0.035
21.289	-6.459	0.035
21.290	-6.459	0.035
21.291	-6.459	0.035
21.292	-6.459	0.035
21.293	-6.459	0.035
21.294	-6.459	0.035
21.295	-6.459	0.035
21.296	-6.459	0.035
21.297	-6.459	0.035
21.298	-6.459	0.035
21.299	-6.459	0.035
21.300	-6.459	0.035
21.301	-6.459	0.035
21.302	-6.459	0.035
21.303	-6.459	0.035
21.304	-6.459	0.035
21.305	-6.459	0.035
21.306	-6.459	0.035
21.307	-6.459	0.035
21.308	-6.459	0.035
21.309	-6.459	0.035
21.310	-6.459	0.035
21.311	-6.459	0.035
21.312	-6.459	0.035
21.313	-6.459	0.035
21.314	-6.459	0.035
21.315	-6.459	0.035
21.316	-6.459	0.035
21.317	-6.459	0.035
21.318	-6.459	0.035
21.319	-6.459	0.035
21.320	-6.459	0.035
21.321	-6.459	0.035
21.322	-6.459	0.035
21.323	-6.459	0.035
21.324	-6.459	0.035
21.325	-6.459	0.035
21.326	-6.459	0.035
21.327	-6.459	0.035
21.328	-6.459	0.035
21.329	-6.459	0.035
21.330	-6.459	0.035
21.331	-6.459	0.035
21.332	-6.459	0.035
21.333	-6.459	0.035
21.334	-6.459	0.035
21.335	-6.459	0.035
21.336	-6.459	0.035
21.337	-6.459	0.035
21.338	-6.458	0.035
21.339	-6.458	0.035
21.340	-6.458	0.035
21.341	-6.458	0.035
21.342	-6.458	0.035
21.343	-6.458	0.035
21.344	-6.458	0.035
21.345	-6.458	0.035
21.346	-6.458	0.035
21.347	-6.458	0.035
21.348	-6.458	0.035
21.349	-6.458	0.035
21.350	-6.458	0.035
21.351	-6.458	0.035
21.352	-6.458	0.035
21.353	-6.458	0.035
21.354	-6.458	0.035
21.355	-6.458	0.035
21.356	-6.458	0.035
21.357	-6.458	0.035
21.358	-6.458	0.035
21.359	-6.458	0.035
21.360	-6.458	0.035
21.361	-6.458	0.035
21.362	-6.458	0.035
21.363	-6.458	0.035
21.364	-6.458	0.035
21.365	-6.458	0.035
21.366	-6.458	0.035
21.367	-6.458	0.035
21.368	-6.458	0.035
21.369	-6.458	0.035
21.370	-6.458	0.035
21.371	-6.458	0.035
21.372	-6.458	0.035
21.373	-6.458	0.035
21.374	-6.458	0.035
21.375	-6.458	0.035
21.376	-6.458	0.035
21.377	-6.458	0.035
21.378	-6.458	0.035
21.379	-6.458	0.035
21.380	-6.458	0.035
21.381	-6.458	0.035
21.382	-6.458	0.035
21.383	-6.458	0.035
21.384	-6.458	0.035
21.385	-6.458	0.035
21.386	-6.458	0.035
21.387	-6.458	0.035
21.388	-6.458	0.035
21.389	-6.458	0.035
21.390	-6.458	0.035
21.391	-6.458	0.035
21.392	-6.458	0.035
21.393	-6.458	0.035
21.394	-6.458	0.035
21.395	-6.458	0.035
21.396	-6.458	0.035
21.397	-6.458	0.035
21.398	-6.458	0.035
21.399	-6.458	0.035
21.400	-6.458	0.035
21.401	-6.458	0.035
21.402	-6.458	0.035
21.403	-6.458	0.035
21.404	-6.458	0.035
21.405	-6.458	0.035
21.406	-6.458	0.035
21.407	-6.458	0.035
21.408	-6.458	0.035
21.409	-6.458	0.035
21.410	-6.458	0.035
21.411	-6.458	0.035
21.412	-6.458	0.035
21.413	-6.458	0.035
21.414	-6.458	0.035
21.415	-6.458	0.035
21.416	-6.458	0.035
21.417	-6.458	0.035
21.418	-6.458	0.035
21.419	-6.458	0.035
21.420	-6.458	0.035
21.421	-6.458	0.035
21.422	-6.458	0.035
21.423	-6.458	0.035
21.424	-6.458	0.035
21.425	-6.458	0.035
21.426	-6.458	0.035
21.427	-6.458	0.035
21.428	-6.458	0.035
21.429	-6.458	0.035
21.430	-6.458	0.035
21.431	-6.458	0.035
21.432	-6.458	0.035
21.433	-6.458	0.035
21.434	-6.458	0.035
21.435	-6.458	0.035
21.436	-6.458	0.035
21.437	-6.458	0.035
21.438	-6.458	0.035
21.439	-6.458	0.035
21.440	-6.458	0.035
21.441	-6.458	0.035
21.442	-6.458	0.035
21.443	-6.458	0.035
21.444	-6.458	0.035
21.445	-6.458	0.035
21.446	-6.458	0.035
21.447	-6.458	0.035
21.448	-6.458	0.035
21.449	-6.458	0.035
21.450	-6.458	0.035
21.451	-6.458	0.035
21.452	-6.458	0.035
21.453	-6.458	0.035
21.454	-6.458	0.035
21.455	-6.458	0.035
21.456	-6.458	0.035
21.457	-6.458	0.035
21.458	-6.458	0.035
21.459	-6.458	0.035
21.460	-6.458	0.035
21.461	-6.458	0.035
21.462	-6.458	0.035
21.463	-6.458	0.035
21.464	-6.458	0.035
21.465	-6.458	0.035
21.466	-6.458	0.035
21.467	-6.458	0.035
21.468	-6.458	0.035
21.469	-6.458	0.035
21.470	-6.458	0.035
21.471	-6.458	0.035
21.472	-6.458	0.035
21.473	-6.458	0.035
21.474	-6.458	0.035
21.475	-6.458	0.035
21.476	-6.458	0.035
21.477	-6.458	0.035
21.478	-6.458	0.035
21.479	-6.458	0.035
21.480	-6.458	0.035
21.481	-6.458	0.035
21.482	-6.458	0.035
21.483	-6.458	0.035
21.484	-6.458	0.035
21.485	-6.458	0.035
21.486	-6.458	0.035
21.487	-6.458	0.035
21.488	-6.458	0.035
21.489	-6.458	0.035
21.490	-6.458	0.035
21.491	-6.458	0.035
21.492	-6.458	0.035
21.493	-6.458	0.035
21.494	-6.458	0.035
21.495	-6.458	0.035
21.496	-6.458	0.035
21.497	-6.458	0.035
21.498	-6.458	0.035
21.499	-6.458	0.035
21.500	-6.458	0.035
21.501	-6.458	0.035
21.502	-6.458	0.035
21.503	-6.458	0.035
21.504	-6.458	0.035
21.505	-6.458	0.035
21.506	-6.458	0.035
21.507	-6.458	0.035
21.508	-6.458	0.035
21.509	-6.458	0.035
21.510	-6.458	0.035
21.511	-6.458	0.035
21.512	-6.458	0.035
21.513	-6.458	0.035
21.514	-6.458	0.035
21.515	-6.458	0.035
21.516	-6.458	0.035
21.517	-6.458	0.035
21.518	-6.458	0.035
21.519	-6.458	0.035
21.520	-6.458	0.035
21.521	-6.458	0.035
21.522	-6.458	0.035
21.523	-6.458	0.035
21.524	-6.458	0.035
21.525	-6.458	0.035
21.526	-6.458	0.035
21.527	-6.458	0.035
21.528	-6.458	0.035
21.529	-6.458	0.035
21.530	-6.458	0.035
21.531	-6.458	0.035
21.532	-6.458	0.035
21.533	-6.458	0.035
21.534	-6.458	0.035
21.535	-6.458	0.035
21.536	-6.458	0.035
21.537	-6.458	0.035
21.538	-6.458	0.035
21.539	-6.458	0.035
21.540	-6.458	0.035
21.541	-6.458	0.035
21.542	-6.458	0.035
21.543	-6.458	0.035
21.544	-6.458	0.035
21.545	-6.458	0.035
21.546	-6.458	0.035
21.547	-6.458	0.035
21.548	-6.458	0.035
21.549	-6.458	0.035
21.550	-6.458	0.035
21.551	-6.458	0.035
21.552	-6.458	0.035
21.553	-6.458	0.035
21.554	-6.458	0.035
21.555	-6.458	0.035
21.556	-6.458	0.035
21.557	-6.458	0.035
21.558	-6.458	0.035
21.559	-6.458	0.035
21.560	-6.458	0.035
21.561	-6.458	0.035
21.562	-6.458	0.035
21.563	-6.458	0.035
21.564	-6.458	0.036
21.565	-6.458	0.036
21.566	-6.458	0.036
21.567	-6.458	0.036
21.568	-6.458	0.036
21.569	-6.458	0.036
21.570	-6.458	0.036
21.571	-6.458	0.036
21.572	-6.458	0.036
21.573	-6.458	0.036
21.574	-6.458	0.036
21.575	-6.458	0.036
21.576	-6.458	0.036
21.577	-6.458	0.036
21.578	-6.458	0.036
21.579	-6.458	0.036
21.580	-6.458	0.036
21.581	-6.458	0.036
21.582	-6.458	0.036
21.583	-6.458	0.036
21.584	-6.458	0.036
21.585	-6.458	0.036
21.586	-6.458	0.036
21.587	-6.458	0.036
21.588	-6.458	0.036
21.589	-6.458	0.036
21.590	-6.458	0.036
21.591	-6.458	0.036
21.592	-6.458	0.036
21.593	-6.458	0.036
21.594	-6.458	0.036
21.595	-6.458	0.036
21.596	-6.458	0.036
21.597	-6.458	0.036
21.598	-6.458	0.036
21.599	-6.458	0.036
21.600	-6.458	0.036
21.601	-6.458	0.036
21.602	-6.458	0.036
21.603	-6.458	0.036
21.604	-6.458	0.036
21.605	-6.458	0.036
21.606	-6.458	0.036
21.607	-6.458	0.036
21.608	-6.458	0.036
21.609	-6.458	0.036
21.610	-6.458	0.036
21.611	-6.458	0.036
21.612	-6.458	0.036
21.613	-6.458	0.036
21.614	-6.458	0.036
21.615	-6.458	0.036
21.616	-6.458	0.036
21.617	-6.458	0.036
21.618	-6.458	0.036
21.619	-6.458	0.036
21.620	-6.458	0.036
21.621	-6.458	0.036
21.622	-6.458	0.036
21.623	-6.458	0.036
21.624	-6.458	0.036
21.625	-6.458	0.036
21.626	-6.458	0.036
21.627	-6.458	0.036
21.628	-6.458	0.036
21.629	-6.458	0.036
21.630	-6.458	0.036
21.631	-6.458	0.036
21.632	-6.458	0.036
21.633	-6.458	0.036
21.634	-6.458	0.036
21.635	-6.458	0.036
21.636	-6.458	0.036
21.637	-6.458	0.036
21.638	-6.458	0.036
21.639	-6.458	0.036
21.640	-6.458	0.036
21.641	-6.458	0.036
21.642	-6.458	0.036
21.643	-6.458	0.036
21.644	-6.458	0.036
21.645	-6.458	0.036
21.646	-6.458	0.036
21.647	-6.458	0.036
21.648	-6.458	0.036
21.649	-6.458	0.036
21.650	-6.458	0.036
21.651	-6.458	0.036
21.652	-6.458	0.036
21.653	-6.458	0.036
21.654	-6.458	0.036
21.655	-6.458	0.036
21.656	-6.458	0.036
21.657	-6.458	0.036
21.658	-6.458	0.036
21.659	-6.458	0.036
21.660	-6.458	0.036
21.661	-6.458	0.036
21.662	-6.458	0.036
21.663	-6.458	0.036
21.664	-6.458	0.036
21.665	-6.458	0.036
21.666	-6.458	0.036
21.667	-6.458	0.036
21.668	-6.458	0.036
21.669	-6.458	0.036
21.670	-6.458	0.036
21.671	-6.458	0.036
21.672	-6.458	0.036
21.673	-6.458	0.036
21.674	-6.458	0.036
21.675	-6.458	0.036
21.676	-6.458	0.036
21.677	-6.458	0.036
21.678	-6.458	0.036
21.679	-6.458	0.036
21.680	-6.458	0.036
21.681	-6.458	0.036
21.682	-6.458	0.036
21.683	-6.458	0.036
21.684	-6.458	0.036
21.685	-6.458	0.037
21.686	-6.458	0.037
21.687	-6.458	0.037
21.688	-6.458	0.037
21.689	-6.458	0.037
21.690	-6.458	0.037
21.691	-6.458	0.037
21.692	-6.458	0.037
21.693	-6.458	0.037
21.694	-6.458	0.037
21.695	-6.458	0.037
21.696	-6.458	0.037
21.697	-6.458	0.037
21.698	-6.458	0.037
21.699	-6.458	0.037
21.700	-6.458	0.037
21.701	-6.458	0.037
21.702	-6.458	0.037
21.703	-6.458	0.037
21.704	-6.458	0.037
21.705	-6.458	0.037
21.706	-6.458	0.037
21.707	-6.458	0.037
21.708	-6.458	0.037
21.709	-6.458	0.037
21.710	-6.458	0.037
21.711	-6.458	0.037
21.712	-6.458	0.037
21.713	-6.458	0.037
21.714	-6.458	0.037
21.715	-6.458	0.037
21.716	-6.458	0.037
21.717	-6.458	0.037
21.718	-6.458	0.037
21.719	-6.458	0.037
21.720	-6.458	0.037
21.721	-6.458	0.037
21.722	-6.458	0.037
21.723	-6.458	0.037
21.724	-6.458	0.037
21.725	-6.458	0.037
21.726	-6.458	0.037
21.727	-6.458	0.037
21.728	-6.458	0.037
21.729	-6.458	0.037
21.730	-6.458	0.037
21.731	-6.458	0.037
21.732	-6.458	0.037
21.733	-6.458	0.037
21.734	-6.458	0.037
21.735	-6.458	0.037
21.736	-6.458	0.037
21.737	-6.458	0.037
21.738	-6.458	0.037
21.739	-6.458	0.037
21.740	-6.458	0.037
21.741	-6.458	0.037
21.742	-6.458	0.037
21.743	-6.458	0.037
21.744	-6.458	0.037
21.745	-6.458	0.037
21.746	-6.458	0.037
21.747	-6.458	0.037
21.748	-6.458	0.037
21.749	-6.458	0.037
21.750	-6.458	0.037
21.751	-6.458	0.037
21.752	-6.458	0.037
21.753	-6.458	0.037
21.754	-6.458	0.037
21.755	-6.458	0.037
21.756	-6.458	0.037
21.757	-6.458	0.037
21.758	-6.458	0.037
21.759	-6.458	0.037
21.760	-6.458	0.037
21.761	-6.458	0.037
21.762	-6.458	0.037
21.763	-6.458	0.037
21.764	-6.458	0.037
21.765	-6.458	0.037
21.766	-6.458	0.037
21.767	-6.458	0.037
21.768	-6.458	0.037
21.769	-6.458	0.037
21.770	-6.458	0.038
21.771	-6.458	0.038
21.772	-6.458	0.038
21.773	-6.458	0.038
21.774	-6.458	0.038
21.775	-6.458	0.038
21.776	-6.458	0.038
21.777	-6.458	0.038
21.778	-6.458	0.038
21.779	-6.458	0.038
21.780	-6.458	0.038
21.781	-6.458	0.038
21.782	-6.458	0.038
21.783	-6.458	0.038
21.784	-6.458	0.038
21.785	-6.458	0.038
21.786	-6.458	0.038
21.787	-6.458	0.038
21.788	-6.458	0.038
21.789	-6.458	0.038
21.790	-6.458	0.038
21.791	-6.458	0.038
21.792	-6.458	0.038
21.793	-6.458	0.038
21.794	-6.458	0.038
21.795	-6.458	0.038
21.796	-6.458	0.038
21.797	-6.458	0.038
21.798	-6.458	0.038
21.799	-6.458	0.038
21.800	-6.458	0.038
21.801	-6.458	0.038
21.802	-6.458	0.038
21.803	-6.458	0.038
21.804	-6.458	0.038
21.805	-6.458	0.038
21.806	-6.458	0.038
21.807	-6.458	0.038
21.808	-6.458	0.038
21.809	-6.458	0.038
21.810	-6.458	0.038
21.811	-6.458	0.038
21.812	-6.458	0.038
21.813	-6.457	0.038
21.814	-6.457	0.038
21.815	-6.457	0.038
21.816	-6.457	0.038
21.817	-6.457	0.038
21.818	-6.457	0.038
21.819	-6.457	0.038
21.820	-6.457	0.038
21.821	-6.457	0.038
21.822	-6.457	0.038
21.823	-6.457	0.038
21.824	-6.457	0.038
21.825	-6.457	0.038
21.826	-6.457	0.038
21.827	-6.457	0.038
21.828	-6.457	0.038
21.829	-6.457	0.038
21.830	-6.457	0.038
21.831	-6.457	0.038
21.832	-6.457	0.038
21.833	-6.457	0.038
21.834	-6.457	0.038
21.835	-6.457	0.038
21.836	-6.457	0.038
21.837	-6.457	0.038
21.838	-6.457	0.038
21.839	-6.457	0.038
21.840	-6.457	0.038
21.841	-6.457	0.038
21.842	-6.457	0.039
21.843	-6.457	0.039
21.844	-6.457	0.039
21.845	-6.457	0.039
21.846	-6.457	0.039
21.847	-6.457	0.039
21.848	-6.457	0.039
21.849	-6.457	0.039
21.850	-6.457	0.039
21.851	-6.457	0.039
21.852	-6.457	0.039
21.853	-6.457	0.039
21.854	-6.457	0.039
21.855	-6.457	0.039
21.856	-6.457	0.039
21.857	-6.457	0.039
21.858	-6.457	0.039
21.859	-6.457	0.039
21.860	-6.457	0.039
21.861	-6.457	0.039
21.862	-6.457	0.039
21.863	-6.457	0.039
21.864	-6.457	0.039
21.865	-6.457	0.039
21.866	-6.457	0.039
21.867	-6.457	0.039
21.868	-6.457	0.039
21.869	-6.457	0.039
21.870	-6.457	0.039
21.871	-6.457	0.039
21.872	-6.457	0.039
21.873	-6.457	0.039
21.874	-6.457	0.039
21.875	-6.457	0.039
21.876	-6.457	0.039
21.877	-6.457	0.039
21.878	-6.457	0.039
21.879	-6.457	0.039
21.880	-6.457	0.039
21.881	-6.457	0.039
21.882	-6.457	0.039
21.883	-6.457	0.039
21.884	-6.457	0.039
21.885	-6.457	0.039
21.886	-6.457	0.039
21.887	-6.457	0.039
21.888	-6.457	0.039
21.889	-6.457	0.039
21.890	-6.457	0.039
21.891	-6.457	0.039
21.892	-6.457	0.039
21.893	-6.457	0.039
21.894	-6.457	0.039
21.895	-6.457	0.039
21.896	-6.457	0.039
21.897	-6.457	0.039
21.898	-6.457	0.039
21.899	-6.457	0.039
21.900	-6.457	0.039
21.901	-6.457	0.039
21.902	-6.457	0.039
21.903	-6.457	0.039
21.904	-6.457	0.039
21.905	-6.457	0.040
21.906	-6.457	0.040
21.907	-6.457	0.040
21.908	-6.457	0.040
21.909	-6.457	0.040
21.910	-6.457	0.040
21.911	-6.457	0.040
21.912	-6.457	0.040
21.913	-6.457	0.040
21.914	-6.457	0.040
21.915	-6.457	0.040
21.916	-6.457	0.040
21.917	-6.457	0.040
21.918	-6.457	0.040
21.919	-6.457	0.040
21.920	-6.457	0.040
21.921	-6.457	0.040
21.922	-6.457	0.040
21.923	-6.457	0.040
21.924	-6.457	0.040
21.925	-6.457	0.040
21.926	-6.457	0.040
21.927	-6.457	0.040
21.928	-6.457	0.040
21.929	-6.457	0.040
21.930	-6.457	0.040
21.931	-6.457	0.040
21.932	-6.457	0.040
21.933	-6.457	0.040
21.934	-6.457	0.040
21.935	-6.457	0.040
21.936	-6.457	0.040
21.937	-6.457	0.040
21.938	-6.457	0.040
21.939	-6.457	0.040
21.940	-6.457	0.040
21.941	-6.457	0.040
21.942	-6.457	0.040
21.943	-6.457	0.040
21.944	-6.457	0.040
21.945	-6.457	0.040
21.946	-6.457	0.040
21.947	-6.457	0.040
21.948	-6.457	0.040
21.949	-6.457	0.040
21.950	-6.457	0.040
21.951	-6.457	0.040
21.952	-6.457	0.040
21.953	-6.457	0.040
21.954	-6.457	0.040
21.955	-6.457	0.040
21.956	-6.457	0.040
21.957	-6.457	0.040
21.958	-6.457	0.040
21.959	-6.457	0.040
21.960	-6.457	0.040
21.961	-6.457	0.040
21.962	-6.457	0.040
21.963	-6.457	0.040
21.964	-6.457	0.041
21.965	-6.457	0.041
21.966	-6.457	0.041
21.967	-6.457	0.041
21.968	-6.457	0.041
21.969	-6.457	0.041
21.970	-6.457	0.041
21.971	-6.457	0.041
21.972	-6.457	0.041
21.973	-6.457	0.041
21.974	-6.457	0.041
21.975	-6.457	0.041
21.976	-6.457	0.041
21.977	-6.457	0.041
21.978	-6.457	0.041
21.979	-6.457	0.041
21.980	-6.457	0.041
21.981	-6.457	0.041
21.982	-6.457	0.041
21.983	-6.457	0.041
21.984	-6.457	0.041
21.985	-6.457	0.041
21.986	-6.457	0.041
21.987	-6.457	0.041
21.988	-6.457	0.041
21.989	-6.457	0.041
21.990	-6.457	0.041
21.991	-6.457	0.041
21.992	-6.457	0.041
21.993	-6.457	0.041
21.994	-6.457	0.041
21.995	-6.457	0.041
21.996	-6.457	0.041
21.997	-6.457	0.041
21.998	-6.457	0.041
21.999	-6.457	0.041
22.000	-6.457	0.041
22.001	-6.457	0.041
22.002	-6.457	0.041
22.003	-6.457	0.041
22.004	-6.457	0.041
22.005	-6.457	0.041
22.006	-6.457	0.041
22.007	-6.457	0.041
22.008	-6.457	0.041
22.009	-6.457	0.041
22.010	-6.457	0.041
22.011	-6.457	0.041
22.012	-6.457	0.041
22.013	-6.457	0.041
22.014	-6.457	0.041
22.015	-6.457	0.041
22.016	-6.457	0.041
22.017	-6.457	0.041
22.018	-6.457	0.041
22.019	-6.457	0.041
22.020	-6.457	0.042
22.021	-6.457	0.042
22.022	-6.457	0.042
22.023	-6.457	0.042
22.024	-6.457	0.042
22.025	-6.457	0.042
22.026	-6.457	0.042
22.027	-6.457	0.042
22.028	-6.457	0.042
22.029	-6.456	0.042
22.030	-6.456	0.042
22.031	-6.456	0.042
22.032	-6.456	0.042
22.033	-6.456	0.042
22.034	-6.456	0.042
22.035	-6.456	0.042
22.036	-6.456	0.042
22.037	-6.456	0.042
22.038	-6.456	0.042
22.039	-6.456	0.042
22.040	-6.456	0.042
22.041	-6.456	0.042
22.042	-6.456	0.042
22.043	-6.456	0.042
22.044	-6.456	0.042
22.045	-6.456	0.042
22.046	-6.456	0.042
22.047	-6.456	0.042
22.048	-6.456	0.042
22.049	-6.456	0.042
22.050	-6.456	0.042
22.051	-6.456	0.042
22.052	-6.456	0.042
22.053	-6.456	0.042
22.054	-6.456	0.042
22.055	-6.456	0.042
22.056	-6.456	0.042
22.057	-6.456	0.042
22.058	-6.456	0.042
22.059	-6.456	0.042
22.060	-6.456	0.042
22.061	-6.456	0.042
22.062	-6.456	0.042
22.063	-6.456	0.042
22.064	-6.456	0.042
22.065	-6.456	0.042
22.066	-6.456	0.042
22.067	-6.456	0.042
22.068	-6.456	0.042
22.069	-6.456	0.042
22.070	-6.456	0.042
22.071	-6.456	0.042
22.072	-6.456	0.042
22.073	-6.456	0.043
22.074	-6.456	0.043
22.075	-6.456	0.043
22.076	-6.456	0.043
22.077	-6.456	0.043
22.078	-6.456	0.043
22.079	-6.456	0.043
22.080	-6.456	0.043
22.081	-6.456	0.043
22.082	-6.456	0.043
22.083	-6.456	0.043
22.084	-6.456	0.043
22.085	-6.456	0.043
22.086	-6.456	0.043
22.087	-6.456	0.043
22.088	-6.456	0.043
22.089	-6.456	0.043
22.090	-6.456	0.043
22.091	-6.456	0.043
22.092	-6.456	0.043
22.093	-6.456	0.043
22.094	-6.456	0.043
22.095	-6.456	0.043
22.096	-6.456	0.043
22.097	-6.456	0.043
22.098	-6.456	0.043
22.099	-6.456	0.043
22.100	-6.456	0.043
22.101	-6.456	0.043
22.102	-6.456	0.043
22.103	-6.456	0.043
22.104	-6.456	0.043
22.105	-6.456	0.043
22.106	-6.456	0.043
22.107	-6.456	0.043
22.108	-6.456	0.043
22.109	-6.456	0.043
22.110	-6.456	0.043
22.111	-6.456	0.043
22.112	-6.456	0.043
22.113	-6.456	0.043
22.114	-6.456	0.043
22.115	-6.456	0.043
22.116	-6.456	0.043
22.117	-6.456	0.043
22.118	-6.456	0.043
22.119	-6.456	0.043
22.120	-6.456	0.043
22.121	-6.456	0.043
22.122	-6.456	0.043
22.123	-6.456	0.043
22.124	-6.456	0.044
22.125	-6.456	0.044
22.126	-6.456	0.044
22.127	-6.456	0.044
22.128	-6.456	0.044
22.129	-6.456	0.044
22.130	-6.456	0.044
22.131	-6.456	0.044
22.132	-6.456	0.044
22.133	-6.456	0.044
22.134	-6.456	0.044
22.135	-6.456	0.044
22.136	-6.456	0.044
22.137	-6.456	0.044
22.138	-6.456	0.044
22.139	-6.456	0.044
22.140	-6.456	0.044
22.141	-6.456	0.044
22.142	-6.456	0.044
22.143	-6.456	0.044
22.144	-6.456	0.044
22.145	-6.456	0.044
22.146	-6.456	0.044
22.147	-6.456	0.044
22.148	-6.456	0.044
22.149	-6.456	0.044
22.150	-6.456	0.044
22.151	-6.456	0.044
22.152	-6.456	0.044
22.153	-6.456	0.044
22.154	-6.456	0.044
22.155	-6.456	0.044
22.156	-6.456	0.044
22.157	-6.456	0.044
22.158	-6.456	0.044
22.159	-6.456	0.044
22.160	-6.456	0.044
22.161	-6.456	0.044
22.162	-6.456	0.044
22.163	-6.456	0.044
22.164	-6.456	0.044
22.165	-6.456	0.044
22.166	-6.456	0.044
22.167	-6.456	0.044
22.168	-6.456	0.044
22.169	-6.456	0.044
22.170	-6.456	0.044
22.171	-6.456	0.044
22.172	-6.456	0.044
22.173	-6.456	0.045
22.174	-6.456	0.045
22.175	-6.456	0.045
22.176	-6.456	0.045
22.177	-6.456	0.045
22.178	-6.456	0.045
22.179	-6.455	0.045
22.180	-6.455	0.045
22.181	-6.455	0.045
22.182	-6.455	0.045
22.183	-6.455	0.045
22.184	-6.455	0.045
22.185	-6.455	0.045
22.186	-6.455	0.045
22.187	-6.455	0.045
22.188	-6.455	0.045
22.189	-6.455	0.045
22.190	-6.455	0.045
22.191	-6.455	0.045
22.192	-6.455	0.045
22.193	-6.455	0.045
22.194	-6.455	0.045
22.195	-6.455	0.045
22.196	-6.455	0.045
22.197	-6.455	0.045
22.198	-6.455	0.045
22.199	-6.455	0.045
22.200	-6.455	0.045
22.201	-6.455	0.045
22.202	-6.455	0.045
22.203	-6.455	0.045
22.204	-6.455	0.045
22.205	-6.455	0.045
22.206	-6.455	0.045
22.207	-6.455	0.045
22.208	-6.455	0.045
22.209	-6.455	0.045
22.210	-6.455	0.045
22.211	-6.455	0.045
22.212	-6.455	0.045
22.213	-6.455	0.045
22.214	-6.455	0.045
22.215	-6.455	0.045
22.216	-6.455	0.045
22.217	-6.455	0.045
22.218	-6.455	0.045
22.219	-6.455	0.045
22.220	-6.455	0.045
22.221	-6.455	0.046
22.222	-6.455	0.046
22.223	-6.455	0.046
22.224	-6.455	0.046
22.225	-6.455	0.046
22.226	-6.455	0.046
22.227	-6.455	0.046
22.228	-6.455	0.046
22.229	-6.455	0.046
22.230	-6.455	0.046
22.231	-6.455	0.046
22.232	-6.455	0.046
22.233	-6.455	0.046
22.234	-6.455	0.046
22.235	-6.455	0.046
22.236	-6.455	0.046
22.237	-6.455	0.046
22.238	-6.455	0.046
22.239	-6.455	0.046
22.240	-6.455	0.046
22.241	-6.455	0.046
22.242	-6.455	0.046
22.243	-6.455	0.046
22.244	-6.455	0.046
22.245	-6.455	0.046
22.246	-6.455	0.046
22.247	-6.455	0.046
22.248	-6.455	0.046
22.249	-6.455	0.046
22.250	-6.455	0.046
22.251	-6.455	0.046
22.252	-6.455	0.046
22.253	-6.455	0.046
22.254	-6.455	0.046
22.255	-6.455	0.046
22.256	-6.455	0.046
22.257	-6.455	0.046
22.258	-6.455	0.046
22.259	-6.455	0.046
22.260	-6.455	0.046
22.261	-6.455	0.046
22.262	-6.455	0.046
22.263	-6.455	0.046
22.264	-6.455	0.046
22.265	-6.455	0.046
22.266	-6.455	0.046
22.267	-6.455	0.046
22.268	-6.455	0.046
22.269	-6.455	0.047
22.270	-6.455	0.047
22.271	-6.455	0.047
22.272	-6.455	0.047
22.273	-6.455	0.047
22.274	-6.455	0.047
22.275	-6.455	0.047
22.276	-6.455	0.047
22.277	-6.455	0.047
22.278	-6.455	0.047
22.279	-6.455	0.047
22.280	-6.455	0.047
22.281	-6.455	0.047
22.282	-6.455	0.047
22.283	-6.455	0.047
22.284	-6.455	0.047
22.285	-6.455	0.047
22.286	-6.455	0.047
22.287	-6.455	0.047
22.288	-6.455	0.047
22.289	-6.455	0.047
22.290	-6.455	0.047
22.291	-6.455	0.047
22.292	-6.455	0.047
22.293	-6.455	0.047
22.294	-6.455	0.047
22.295	-6.455	0.047
22.296	-6.455	0.047
22.297	-6.455	0.047
22.298	-6.454	0.047
22.299	-6.454	0.047
22.300	-6.454	0.047
22.301	-6.454	0.047
22.302	-6.454	0.047
22.303	-6.454	0.047
22.304	-6.454	0.047
22.305	-6.454	0.047
22.306	-6.454	0.047
22.307	-6.454	0.047
22.308	-6.454	0.047
22.309	-6.454	0.047
22.310	-6.454	0.047
22.311	-6.454	0.047
22.312	-6.454	0.047
22.313	-6.454	0.047
22.314	-6.454	0.047
22.315	-6.454	0.047
22.316	-6.454	0.048
22.317	-6.454	0.048
22.318	-6.454	0.048
22.319	-6.454	0.048
22.320	-6.454	0.048
22.321	-6.454	0.048
22.322	-6.454	0.048
22.323	-6.454	0.048
22.324	-6.454	0.048
22.325	-6.454	0.048
22.326	-6.454	0.048
22.327	-6.454	0.048
22.328	-6.454	0.048
22.329	-6.454	0.048
22.330	-6.454	0.048
22.331	-6.454	0.048
22.332	-6.454	0.048
22.333	-6.454	0.048
22.334	-6.454	0.048
22.335	-6.454	0.048
22.336	-6.454	0.048
22.337	-6.454	0.048
22.338	-6.454	0.048
22.339	-6.454	0.048
22.340	-6.454	0.048
22.341	-6.454	0.048
22.342	-6.454	0.048
22.343	-6.454	0.048
22.344	-6.454	0.048
22.345	-6.454	0.048
22.346	-6.454	0.048
22.347	-6.454	0.048
22.348	-6.454	0.048
22.349	-6.454	0.048
22.350	-6.454	0.048
22.351	-6.454	0.048
22.352	-6.454	0.048
22.353	-6.454	0.048
22.354	-6.454	0.048
22.355	-6.454	0.048
22.356	-6.454	0.048
22.357	-6.454	0.048
22.358	-6.454	0.048
22.359	-6.454	0.048
22.360	-6.454	0.048
22.361	-6.454	0.048
22.362	-6.454	0.048
22.363	-6.454	0.048
22.364	-6.454	0.049
22.365	-6.454	0.049
22.366	-6.454	0.049
22.367	-6.454	0.049
22.368	-6.454	0.049
22.369	-6.454	0.049
22.370	-6.454	0.049
22.371	-6.454	0.049
22.372	-6.454	0.049
22.373	-6.454	0.049
22.374	-6.454	0.049
22.375	-6.454	0.049
22.376	-6.454	0.049
22.377	-6.454	0.049
22.378	-6.454	0.049
22.379	-6.454	0.049
22.380	-6.454	0.049
22.381	-6.454	0.049
22.382	-6.454	0.049
22.383	-6.454	0.049
22.384	-6.454	0.049
22.385	-6.454	0.049
22.386	-6.454	0.049
22.387	-6.454	0.049
22.388	-6.454	0.049
22.389	-6.454	0.049
22.390	-6.454	0.049
22.391	-6.454	0.049
22.392	-6.454	0.049
22.393	-6.454	0.049
22.394	-6.454	0.049
22.395	-6.454	0.049
22.396	-6.454	0.049
22.397	-6.453	0.049
22.398	-6.453	0.049
22.399	-6.453	0.049
22.400	-6.453	0.049
22.401	-6.453	0.049
22.402	-6.453	0.049
22.403	-6.453	0.049
22.404	-6.453	0.049
22.405	-6.453	0.049
22.406	-6.453	0.049
22.407	-6.453	0.049
22.408	-6.453	0.049
22.409	-6.453	0.049
22.410	-6.453	0.049
22.411	-6.453	0.050
22.412	-6.453	0.050
22.413	-6.453	0.050
22.414	-6.453	0.050
22.415	-6.453	0.050
22.416	-6.453	0.050
22.417	-6.453	0.050
22.418	-6.453	0.050
22.419	-6.453	0.050
22.420	-6.453	0.050
22.421	-6.453	0.050
22.422	-6.453	0.050
22.423	-6.453	0.050
22.424	-6.453	0.050
22.425	-6.453	0.050
22.426	-6.453	0.050
22.427	-6.453	0.050
22.428	-6.453	0.050
22.429	-6.453	0.050
22.430	-6.453	0.050
22.431	-6.453	0.050
22.432	-6.453	0.050
22.433	-6.453	0.050
22.434	-6.453	0.050
22.435	-6.453	0.050
22.436	-6.453	0.050
22.437	-6.453	0.050
22.438	-6.453	0.050
22.439	-6.453	0.050
22.440	-6.453	0.050
22.441	-6.453	0.050
22.442	-6.453	0.050
22.443	-6.453	0.050
22.444	-6.453	0.050
22.445	-6.453	0.050
22.446	-6.453	0.050
22.447	-6.453	0.050
22.448	-6.453	0.050
22.449	-6.453	0.050
22.450	-6.453	0.050
22.451	-6.453	0.050
22.452	-6.453	0.050
22.453	-6.453	0.050
22.454	-6.453	0.050
22.455	-6.453	0.050
22.456	-6.453	0.050
22.457	-6.453	0.050
22.458	-6.453	0.050
22.459	-6.453	0.051
22.460	-6.453	0.051
22.461	-6.453	0.051
22.462	-6.453	0.051
22.463	-6.453	0.051
22.464	-6.453	0.051
22.465	-6.453	0.051
22.466	-6.453	0.051
22.467	-6.453	0.051
22.468	-6.453	0.051
22.469	-6.453	0.051
22.470	-6.453	0.051
22.471	-6.453	0.051
22.472	-6.453	0.051
22.473	-6.453	0.051
22.474	-6.453	0.051
22.475	-6.453	0.051
22.476	-6.453	0.051
22.477	-6.453	0.051
22.478	-6.453	0.051
22.479	-6.453	0.051
22.480	-6.453	0.051
22.481	-6.453	0.051
22.482	-6.453	0.051
22.483	-6.453	0.051
22.484	-6.452	0.051
22.485	-6.452	0.051
22.486	-6.452	0.051
22.487	-6.452	0.051
22.488	-6.452	0.051
22.489	-6.452	0.051
22.490	-6.452	0.051
22.491	-6.452	0.051
22.492	-6.452	0.051
22.493	-6.452	0.051
22.494	-6.452	0.051
22.495	-6.452	0.051
22.496	-6.452	0.051
22.497	-6.452	0.051
22.498	-6.452	0.051
22.499	-6.452	0.051
22.500	-6.452	0.051
22.501	-6.452	0.051
22.502	-6.452	0.051
22.503	-6.452	0.051
22.504	-6.452	0.051
22.505	-6.452	0.051
22.506	-6.452	0.051
22.507	-6.452	0.052
22.508	-6.452	0.052
22.509	-6.452	0.052
22.510	-6.452	0.052
22.511	-6.452	0.052
22.512	-6.452	0.052
22.513	-6.452	0.052
22.514	-6.452	0.052
22.515	-6.452	0.052
22.516	-6.452	0.052
22.517	-6.452	0.052
22.518	-6.452	0.052
22.519	-6.452	0.052
22.520	-6.452	0.052
22.521	-6.452	0.052
22.522	-6.452	0.052
22.523	-6.452	0.052
22.524	-6.452	0.052
22.525	-6.452	0.052
22.526	-6.452	0.052
22.527	-6.452	0.052
22.528	-6.452	0.052
22.529	-6.452	0.052
22.530	-6.452	0.052
22.531	-6.452	0.052
22.532	-6.452	0.052
22.533	-6.452	0.052
22.534	-6.452	0.052
22.535	-6.452	0.052
22.536	-6.452	0.052
22.537	-6.452	0.052
22.538	-6.452	0.052
22.539	-6.452	0.052
22.540	-6.452	0.052
22.541	-6.452	0.052
22.542	-6.452	0.052
22.543	-6.452	0.052
22.544	-6.452	0.052
22.545	-6.452	0.052
22.546	-6.452	0.052
22.547	-6.452	0.052
22.548	-6.452	0.052
22.549	-6.452	0.052
22.550	-6.452	0.052
22.551	-6.452	0.052
22.552	-6.452	0.052
22.553	-6.452	0.052
22.554	-6.452	0.052
22.555	-6.452	0.052
22.556	-6.452	0.052
22.557	-6.452	0.053
22.558	-6.452	0.053
22.559	-6.452	0.053
22.560	-6.452	0.053
22.561	-6.451	0.053
22.562	-6.451	0.053
22.563	-6.451	0.053
22.564	-6.451	0.053
22.565	-6.451	0.053
22.566	-6.451	0.053
22.567	-6.451	0.053
22.568	-6.451	0.053
22.569	-6.451	0.053
22.570	-6.451	0.053
22.571	-6.451	0.053
22.572	-6.451	0.053
22.573	-6.451	0.053
22.574	-6.451	0.053
22.575	-6.451	0.053
22.576	-6.451	0.053
22.577	-6.451	0.053
22.578	-6.451	0.053
22.579	-6.451	0.053
22.580	-6.451	0.053
22.581	-6.451	0.053
22.582	-6.451	0.053
22.583	-6.451	0.053
22.584	-6.451	0.053
22.585	-6.451	0.053
22.586	-6.451	0.053
22.587	-6.451	0.053
22.588	-6.451	0.053
22.589	-6.451	0.053
22.590	-6.451	0.053
22.591	-6.451	0.053
22.592	-6.451	0.053
22.593	-6.451	0.053
22.594	-6.451	0.053
22.595	-6.451	0.053
22.596	-6.451	0.053
22.597	-6.451	0.053
22.598	-6.451	0.053
22.599	-6.451	0.053
22.600	-6.451	0.053
22.601	-6.451	0.053
22.602	-6.451	0.053
22.603	-6.451	0.053
22.604	-6.451	0.053
22.605	-6.451	0.053
22.606	-6.451	0.053
22.607	-6.451	0.053
22.608	-6.451	0.053
22.609	-6.451	0.054
22.610	-6.451	0.054
22.611	-6.451	0.054
22.612	-6.451	0.054
22.613	-6.451	0.054
22.614	-6.451	0.054
22.615	-6.451	0.054
22.616	-6.451	0.054
22.617	-6.451	0.054
22.618	-6.451	0.054
22.619	-6.451	0.054
22.620	-6.451	0.054
22.621	-6.451	0.054
22.622	-6.451	0.054
22.623	-6.451	0.054
22.624	-6.451	0.054
22.625	-6.451	0.054
22.626	-6.451	0.054
22.627	-6.451	0.054
22.628	-6.451	0.054
22.629	-6.451	0.054
22.630	-6.451	0.054
22.631	-6.450	0.054
22.632	-6.450	0.054
22.633	-6.450	0.054
22.634	-6.450	0.054
22.635	-6.450	0.054
22.636	-6.450	0.054
22.637	-6.450	0.054
22.638	-6.450	0.054
22.639	-6.450	0.054
22.640	-6.450	0.054
22.641	-6.450	0.054
22.642	-6.450	0.054
22.643	-6.450	0.054
22.644	-6.450	0.054
22.645	-6.450	0.054
22.646	-6.450	0.054
22.647	-6.450	0.054
22.648	-6.450	0.054
22.649	-6.450	0.054
22.650	-6.450	0.054
22.651	-6.450	0.054
22.652	-6.450	0.054
22.653	-6.450	0.054
22.654	-6.450	0.054
22.655	-6.450	0.054
22.656	-6.450	0.054
22.657	-6.450	0.054
22.658	-6.450	0.054
22.659	-6.450	0.054
22.660	-6.450	0.054
22.661	-6.450	0.054
22.662	-6.450	0.054
22.663	-6.450	0.055
22.664	-6.450	0.055
22.665	-6.450	0.055
22.666	-6.450	0.055
22.667	-6.450	0.055
22.668	-6.450	0.055
22.669	-6.450	0.055
22.670	-6.450	0.055
22.671	-6.450	0.055
22.672	-6.450	0.055
22.673	-6.450	0.055
22.674	-6.450	0.055
22.675	-6.450	0.055
22.676	-6.450	0.055
22.677	-6.450	0.055
22.678	-6.450	0.055
22.679	-6.450	0.055
22.680	-6.450	0.055
22.681	-6.450	0.055
22.682	-6.450	0.055
22.683	-6.450	0.055
22.684	-6.450	0.055
22.685	-6.450	0.055
22.686	-6.450	0.055
22.687	-6.450	0.055
22.688	-6.450	0.055
22.689	-6.450	0.055
22.690	-6.450	0.055
22.691	-6.450	0.055
22.692	-6.450	0.055
22.693	-6.450	0.055
22.694	-6.450	0.055
22.695	-6.449	0.055
22.696	-6.449	0.055
22.697	-6.449	0.055
22.698	-6.449	0.055
22.699	-6.449	0.055
22.700	-6.449	0.055
22.701	-6.449	0.055
22.702	-6.449	0.055
22.703	-6.449	0.055
22.704	-6.449	0.055
22.705	-6.449	0.055
22.706	-6.449	0.055
22.707	-6.449	0.055
22.708	-6.449	0.055
22.709	-6.449	0.055
22.710	-6.449	0.055
22.711	-6.449	0.055
22.712	-6.449	0.055
22.713	-6.449	0.055
22.714	-6.449	0.055
22.715	-6.449	0.055
22.716	-6.449	0.055
22.717	-6.449	0.055
22.718	-6.449	0.055
22.719	-6.449	0.055
22.720	-6.449	0.056
22.721	-6.449	0.056
22.722	-6.449	0.056
22.723	-6.449	0.056
22.724	-6.449	0.056
22.725	-6.449	0.056
22.726	-6.449	0.056
22.727	-6.449	0.056
22.728	-6.449	0.056
22.729	-6.449	0.056
22.730	-6.449	0.056
22.731	-6.449	0.056
22.732	-6.449	0.056
22.733	-6.449	0.056
22.734	-6.449	0.056
22.735	-6.449	0.056
22.736	-6.449	0.056
22.737	-6.449	0.056
22.738	-6.449	0.056
22.739	-6.449	0.056
22.740	-6.449	0.056
22.741	-6.449	0.056
22.742	-6.449	0.056
22.743	-6.449	0.056
22.744	-6.449	0.056
22.745	-6.449	0.056
22.746	-6.449	0.056
22.747	-6.449	0.056
22.748	-6.449	0.056
22.749	-6.449	0.056
22.750	-6.449	0.056
22.751	-6.449	0.056
22.752	-6.449	0.056
22.753	-6.449	0.056
22.754	-6.448	0.056
22.755	-6.448	0.056
22.756	-6.448	0.056
22.757	-6.448	0.056
22.758	-6.448	0.056
22.759	-6.448	0.056
22.760	-6.448	0.056
22.761	-6.448	0.056
22.762	-6.448	0.056
22.763	-6.448	0.056
22.764	-6.448	0.056
22.765	-6.448	0.056
22.766	-6.448	0.056
22.767	-6.448	0.056
22.768	-6.448	0.056
22.769	-6.448	0.056
22.770	-6.448	0.056
22.771	-6.448	0.056
22.772	-6.448	0.056
22.773	-6.448	0.056
22.774	-6.448	0.056
22.775	-6.448	0.056
22.776	-6.448	0.056
22.777	-6.448	0.056
22.778	-6.448	0.056
22.779	-6.448	0.056
22.780	-6.448	0.056
22.781	-6.448	0.056
22.782	-6.448	0.056
22.783	-6.448	0.057
22.784	-6.448	0.057
22.785	-6.448	0.057
22.786	-6.448	0.057
22.787	-6.448	0.057
22.788	-6.448	0.057
22.789	-6.448	0.057
22.790	-6.448	0.057
22.791	-6.448	0.057
22.792	-6.448	0.057
22.793	-6.448	0.057
22.794	-6.448	0.057
22.795	-6.448	0.057
22.796	-6.448	0.057
22.797	-6.448	0.057
22.798	-6.448	0.057
22.799	-6.448	0.057
22.800	-6.448	0.057
22.801	-6.448	0.057
22.802	-6.448	0.057
22.803	-6.448	0.057
22.804	-6.448	0.057
22.805	-6.448	0.057
22.806	-6.448	0.057
22.807	-6.448	0.057
22.808	-6.448	0.057
22.809	-6.448	0.057
22.810	-6.447	0.057
22.811	-6.447	0.057
22.812	-6.447	0.057
22.813	-6.447	0.057
22.814	-6.447	0.057
22.815	-6.447	0.057
22.816	-6.447	0.057
22.817	-6.447	0.057
22.818	-6.447	0.057
22.819	-6.447	0.057
22.820	-6.447	0.057
22.821	-6.447	0.057
22.822	-6.447	0.057
22.823	-6.447	0.057
22.824	-6.447	0.057
22.825	-6.447	0.057
22.826	-6.447	0.057
22.827	-6.447	0.057
22.828	-6.447	0.057
22.829	-6.447	0.057
22.830	-6.447	0.057
22.831	-6.447	0.057
22.832	-6.447	0.057
22.833	-6.447	0.057
22.834	-6.447	0.057
22.835	-6.447	0.057
22.836	-6.447	0.057
22.837	-6.447	0.057
22.838	-6.447	0.057
22.839	-6.447	0.057
22.840	-6.447	0.057
22.841	-6.447	0.057
22.842	-6.447	0.057
22.843	-6.447	0.057
22.844	-6.447	0.057
22.845	-6.447	0.057
22.846	-6.447	0.057
22.847	-6.447	0.057
22.848	-6.447	0.057
22.849	-6.447	0.057
22.850	-6.447	0.057
22.851	-6.447	0.057
22.852	-6.447	0.057
22.853	-6.447	0.058
22.854	-6.447	0.058
22.855	-6.447	0.058
22.856	-6.447	0.058
22.857	-6.447	0.058
22.858	-6.447	0.058
22.859	-6.447	0.058
22.860	-6.447	0.058
22.861	-6.447	0.058
22.862	-6.446	0.058
22.863	-6.446	0.058
22.864	-6.446	0.058
22.865	-6.446	0.058
22.866	-6.446	0.058
22.867	-6.446	0.058
22.868	-6.446	0.058
22.869	-6.446	0.058
22.870	-6.446	0.058
22.871	-6.446	0.058
22.872	-6.446	0.058
22.873	-6.446	0.058
22.874	-6.446	0.058
22.875	-6.446	0.058
22.876	-6.446	0.058
22.877	-6.446	0.058
22.878	-6.446	0.058
22.879	-6.446	0.058
22.880	-6.446	0.058
22.881	-6.446	0.058
22.882	-6.446	0.058
22.883	-6.446	0.058
22.884	-6.446	0.058
22.885	-6.446	0.058
22.886	-6.446	0.058
22.887	-6.446	0.058
22.888	-6.446	0.058
22.889	-6.446	0.058
22.890	-6.446	0.058
22.891	-6.446	0.058
22.892	-6.446	0.058
22.893	-6.446	0.058
22.894	-6.446	0.058
22.895	-6.446	0.058
22.896	-6.446	0.058
22.897	-6.446	0.058
22.898	-6.446	0.058
22.899	-6.446	0.058
22.900	-6.446	0.058
22.901	-6.446	0.058
22.902	-6.446	0.058
22.903	-6.446	0.058
22.904	-6.446	0.058
22.905	-6.446	0.058
22.906	-6.446	0.058
22.907	-6.446	0.058
22.908	-6.446	0.058
22.909	-6.446	0.058
22.910	-6.446	0.058
22.911	-6.445	0.058
22.912	-6.445	0.058
22.913	-6.445	0.058
22.914	-6.445	0.058
22.915	-6.445	0.058
22.916	-6.445	0.058
22.917	-6.445	0.058
22.918	-6.445	0.058
22.919	-6.445	0.058
22.920	-6.445	0.058
22.921	-6.445	0.058
22.922	-6.445	0.058
22.923	-6.445	0.058
22.924	-6.445	0.058
22.925	-6.445	0.058
22.926	-6.445	0.058
22.927	-6.445	0.058
22.928	-6.445	0.058
22.929	-6.445	0.058
22.930	-6.445	0.058
22.931	-6.445	0.058
22.932	-6.445	0.058
22.933	-6.445	0.058
22.934	-6.445	0.058
22.935	-6.445	0.058
22.936	-6.445	0.058
22.937	-6.445	0.059
22.938	-6.445	0.059
22.939	-6.445	0.059
22.940	-6.445	0.059
22.941	-6.445	0.059
22.942	-6.445	0.059
22.943	-6.445	0.059
22.944	-6.445	0.059
22.945	-6.445	0.059
22.946	-6.445	0.059
22.947	-6.445	0.059
22.948	-6.445	0.059
22.949	-6.445	0.059
22.950	-6.445	0.059
22.951	-6.445	0.059
22.952	-6.445	0.059
22.953	-6.445	0.059
22.954	-6.445	0.059
22.955	-6.445	0.059
22.956	-6.445	0.059
22.957	-6.445	0.059
22.958	-6.444	0.059
22.959	-6.444	0.059
22.960	-6.444	0.059
22.961	-6.444	0.059
22.962	-6.444	0.059
22.963	-6.444	0.059
22.964	-6.444	0.059
22.965	-6.444	0.059
22.966	-6.444	0.059
22.967	-6.444	0.059
22.968	-6.444	0.059
22.969	-6.444	0.059
22.970	-6.444	0.059
22.971	-6.444	0.059
22.972	-6.444	0.059
22.973	-6.444	0.059
22.974	-6.444	0.059
22.975	-6.444	0.059
22.976	-6.444	0.059
22.977	-6.444	0.059
22.978	-6.444	0.059
22.979	-6.444	0.059
22.980	-6.444	0.059
22.981	-6.444	0.059
22.982	-6.444	0.059
22.983	-6.444	0.059
22.984	-6.444	0.059
22.985	-6.444	0.059
22.986	-6.444	0.059
22.987	-6.444	0.059
22.988	-6.444	0.059
22.989	-6.444	0.059
22.990	-6.444	0.059
22.991	-6.444	0.059
22.992	-6.444	0.059
22.993	-6.444	0.059
22.994	-6.444	0.059
22.995	-6.444	0.059
22.996	-6.444	0.059
22.997	-6.444	0.059
22.998	-6.444	0.059
22.999	-6.444	0.059
23.000	-6.444	0.059
23.001	-6.444	0.059
23.002	-6.444	0.059
23.003	-6.443	0.059
23.004	-6.443	0.059
23.005	-6.443	0.059
23.006	-6.443	0.059
23.007	-6.443	0.059
23.008	-6.443	0.059
23.009	-6.443	0.059
23.010	-6.443	0.059
23.011	-6.443	0.059
23.012	-6.443	0.059
23.013	-6.443	0.059
23.014	-6.443	0.059
23.015	-6.443	0.059
23.016	-6.443	0.059
23.017	-6.443	0.059
23.018	-6.443	0.059
23.019	-6.443	0.059
23.020	-6.443	0.059
23.021	-6.443	0.059
23.022	-6.443	0.059
23.023	-6.443	0.059
23.024	-6.443	0.059
23.025	-6.443	0.059
23.026	-6.443	0.059
23.027	-6.443	0.059
23.028	-6.443	0.059
23.029	-6.443	0.059
23.030	-6.443	0.059
23.031	-6.443	0.059
23.032	-6.443	0.059
23.033	-6.443	0.059
23.034	-6.443	0.059
23.035	-6.443	0.059
23.036	-6.443	0.059
23.037	-6.443	0.059
23.038	-6.443	0.059
23.039	-6.443	0.059
23.040	-6.443	0.059
23.041	-6.443	0.059
23.042	-6.443	0.059
23.043	-6.443	0.059
23.044	-6.443	0.059
23.045	-6.443	0.059
23.046	-6.442	0.059
23.047	-6.442	0.059
23.048	-6.442	0.059
23.049	-6.442	0.059
23.050	-6.442	0.059
23.051	-6.442	0.059
23.052	-6.442	0.059
23.053	-6.442	0.059
23.054	-6.442	0.059
23.055	-6.442	0.059
23.056	-6.442	0.059
23.057	-6.442	0.059
23.058	-6.442	0.059
23.059	-6.442	0.059
23.060	-6.442	0.059
23.061	-6.442	0.060
23.062	-6.442	0.060
23.063	-6.442	0.060
23.064	-6.442	0.060
23.065	-6.442	0.060
23.066	-6.442	0.060
23.067	-6.442	0.060
23.068	-6.442	0.060
23.069	-6.442	0.060
23.070	-6.442	0.060
23.071	-6.442	0.060
23.072	-6.442	0.060
23.073	-6.442	0.060
23.074	-6.442	0.060
23.075	-6.442	0.060
23.076	-6.442	0.060
23.077	-6.442	0.060
23.078	-6.442	0.060
23.079	-6.442	0.060
23.080	-6.442	0.060
23.081	-6.442	0.060
23.082	-6.442	0.060
23.083	-6.442	0.060
23.084	-6.442	0.060
23.085	-6.442	0.060
23.086	-6.441	0.060
23.087	-6.441	0.060
23.088	-6.441	0.060
23.089	-6.441	0.060
23.090	-6.441	0.060
23.091	-6.441	0.060
23.092	-6.441	0.060
23.093	-6.441	0.060
23.094	-6.441	0.060
23.095	-6.441	0.060
23.096	-6.441	0.060
23.097	-6.441	0.060
23.098	-6.441	0.060
23.099	-6.441	0.060
23.100	-6.441	0.060
23.101	-6.441	0.060
23.102	-6.441	0.060
23.103	-6.441	0.060
23.104	-6.441	0.060
23.105	-6.441	0.060
23.106	-6.441	0.060
23.107	-6.441	0.060
23.108	-6.441	0.060
23.109	-6.441	0.060
23.110	-6.441	0.060
23.111	-6.441	0.060
23.112	-6.441	0.060
23.113	-6.441	0.060
23.114	-6.441	0.060
23.115	-6.441	0.060
23.116	-6.441	0.060
23.117	-6.441	0.060
23.118	-6.441	0.060
23.119	-6.441	0.060
23.120	-6.441	0.060
23.121	-6.441	0.060
23.122	-6.441	0.060
23.123	-6.441	0.060
23.124	-6.441	0.060
23.125	-6.441	0.060
23.126	-6.440	0.060
23.127	-6.440	0.060
23.128	-6.440	0.060
23.129	-6.440	0.060
23.130	-6.440	0.060
23.131	-6.440	0.060
23.132	-6.440	0.060
23.133	-6.440	0.060
23.134	-6.440	0.060
23.135	-6.440	0.060
23.136	-6.440	0.060
23.137	-6.440	0.060
23.138	-6.440	0.060
23.139	-6.440	0.060
23.140	-6.440	0.060
23.141	-6.440	0.060
23.142	-6.440	0.060
23.143	-6.440	0.060
23.144	-6.440	0.060
23.145	-6.440	0.060
23.146	-6.440	0.060
23.147	-6.440	0.060
23.148	-6.440	0.060
23.149	-6.440	0.060
23.150	-6.440	0.060
23.151	-6.440	0.060
23.152	-6.440	0.060
23.153	-6.440	0.060
23.154	-6.440	0.060
23.155	-6.440	0.060
23.156	-6.440	0.060
23.157	-6.440	0.060
23.158	-6.440	0.060
23.159	-6.440	0.060
23.160	-6.440	0.060
23.161	-6.440	0.060
23.162	-6.440	0.060
23.163	-6.439	0.060
23.164	-6.439	0.060
23.165	-6.439	0.060
23.166	-6.439	0.060
23.167	-6.439	0.060
23.168	-6.439	0.060
23.169	-6.439	0.060
23.170	-6.439	0.060
23.171	-6.439	0.060
23.172	-6.439	0.060
23.173	-6.439	0.060
23.174	-6.439	0.060
23.175	-6.439	0.060
23.176	-6.439	0.060
23.177	-6.439	0.060
23.178	-6.439	0.060
23.179	-6.439	0.060
23.180	-6.439	0.060
23.181	-6.439	0.060
23.182	-6.439	0.060
23.183	-6.439	0.060
23.184	-6.439	0.060
23.185	-6.439	0.060
23.186	-6.439	0.060
23.187	-6.439	0.060
23.188	-6.439	0.060
23.189	-6.439	0.060
23.190	-6.439	0.060
23.191	-6.439	0.060
23.192	-6.439	0.060
23.193	-6.439	0.060
23.194	-6.439	0.060
23.195	-6.439	0.060
23.196	-6.439	0.060
23.197	-6.439	0.060
23.198	-6.439	0.060
23.199	-6.439	0.060
23.200	-6.438	0.060
23.201	-6.438	0.060
23.202	-6.438	0.060
23.203	-6.438	0.060
23.204	-6.438	0.060
23.205	-6.438	0.060
23.206	-6.438	0.060
23.207	-6.438	0.060
23.208	-6.438	0.060
23.209	-6.438	0.060
23.210	-6.438	0.060
23.211	-6.438	0.060
23.212	-6.438	0.060
23.213	-6.438	0.060
23.214	-6.438	0.060
23.215	-6.438	0.060
23.216	-6.438	0.060
23.217	-6.438	0.060
23.218	-6.438	0.060
23.219	-6.438	0.060
23.220	-6.438	0.060
23.221	-6.438	0.060
23.222	-6.438	0.060
23.223	-6.438	0.060
23.224	-6.438	0.060
23.225	-6.438	0.060
23.226	-6.438	0.060
23.227	-6.438	0.060
23.228	-6.438	0.060
23.229	-6.438	0.060
23.230	-6.438	0.060
23.231	-6.438	0.060
23.232	-6.438	0.060
23.233	-6.438	0.060
23.234	-6.438	0.060
23.235	-6.437	0.060
23.236	-6.437	0.060
23.237	-6.437	0.060
23.238	-6.437	0.060
23.239	-6.437	0.060
23.240	-6.437	0.060
23.241	-6.437	0.060
23.242	-6.437	0.060
23.243	-6.437	0.060
23.244	-6.437	0.060
23.245	-6.437	0.060
23.246	-6.437	0.060
23.247	-6.437	0.060
23.248	-6.437	0.060
23.249	-6.437	0.060
23.250	-6.437	0.060
23.251	-6.437	0.060
23.252	-6.437	0.060
23.253	-6.437	0.060
23.254	-6.437	0.060
23.255	-6.437	0.060
23.256	-6.437	0.060
23.257	-6.437	0.060
23.258	-6.437	0.060
23.259	-6.437	0.060
23.260	-6.437	0.060
23.261	-6.437	0.060
23.262	-6.437	0.060
23.263	-6.437	0.060
23.264	-6.437	0.060
23.265	-6.437	0.060
23.266	-6.437	0.060
23.267	-6.437	0.060
23.268	-6.437	0.060
23.269	-6.436	0.060
23.270	-6.436	0.060
23.271	-6.436	0.060
23.272	-6.436	0.060
23.273	-6.436	0.060
23.274	-6.436	0.060
23.275	-6.436	0.060
23.276	-6.436	0.060
23.277	-6.436	0.060
23.278	-6.436	0.060
23.279	-6.436	0.060
23.280	-6.436	0.060
23.281	-6.436	0.060
23.282	-6.436	0.060
23.283	-6.436	0.060
23.284	-6.436	0.060
23.285	-6.436	0.060
23.286	-6.436	0.060
23.287	-6.436	0.060
23.288	-6.436	0.060
23.289	-6.436	0.060
23.290	-6.436	0.060
23.291	-6.436	0.060
23.292	-6.436	0.060
23.293	-6.436	0.060
23.294	-6.436	0.060
23.295	-6.436	0.060
23.296	-6.436	0.060
23.297	-6.436	0.060
23.298	-6.436	0.060
23.299	-6.436	0.060
23.300	-6.436	0.060
23.301	-6.436	0.060
23.302	-6.435	0.060
23.303	-6.435	0.060
23.304	-6.435	0.060
23.305	-6.435	0.060
23.306	-6.435	0.060
23.307	-6.435	0.060
23.308	-6.435	0.060
23.309	-6.435	0.060
23.310	-6.435	0.060
23.311	-6.435	0.060
23.312	-6.435	0.060
23.313	-6.435	0.060
23.314	-6.435	0.060
23.315	-6.435	0.060
23.316	-6.435	0.060
23.317	-6.435	0.060
23.318	-6.435	0.059
23.319	-6.435	0.059
23.320	-6.435	0.059
23.321	-6.435	0.059
23.322	-6.435	0.059
23.323	-6.435	0.059
23.324	-6.435	0.059
23.325	-6.435	0.059
23.326	-6.435	0.059
23.327	-6.435	0.059
23.328	-6.435	0.059
23.329	-6.435	0.059
23.330	-6.435	0.059
23.331	-6.435	0.059
23.332	-6.435	0.059
23.333	-6.435	0.059
23.334	-6.434	0.059
23.335	-6.434	0.059
23.336	-6.434	0.059
23.337	-6.434	0.059
23.338	-6.434	0.059
23.339	-6.434	0.059
23.340	-6.434	0.059
23.341	-6.434	0.059
23.342	-6.434	0.059
23.343	-6.434	0.059
23.344	-6.434	0.059
23.345	-6.434	0.059
23.346	-6.434	0.059
23.347	-6.434	0.059
23.348	-6.434	0.059
23.349	-6.434	0.059
23.350	-6.434	0.059
23.351	-6.434	0.059
23.352	-6.434	0.059
23.353	-6.434	0.059
23.354	-6.434	0.059
23.355	-6.434	0.059
23.356	-6.434	0.059
23.357	-6.434	0.059
23.358	-6.434	0.059
23.359	-6.434	0.059
23.360	-6.434	0.059
23.361	-6.434	0.059
23.362	-6.434	0.059
23.363	-6.434	0.059
23.364	-6.434	0.059
23.365	-6.434	0.059
23.366	-6.433	0.059
23.367	-6.433	0.059
23.368	-6.433	0.059
23.369	-6.433	0.059
23.370	-6.433	0.059
23.371	-6.433	0.059
23.372	-6.433	0.059
23.373	-6.433	0.059
23.374	-6.433	0.059
23.375	-6.433	0.059
23.376	-6.433	0.059
23.377	-6.433	0.059
23.378	-6.433	0.059
23.379	-6.433	0.059
23.380	-6.433	0.059
23.381	-6.433	0.059
23.382	-6.433	0.059
23.383	-6.433	0.059
23.384	-6.433	0.059
23.385	-6.433	0.059
23.386	-6.433	0.059
23.387	-6.433	0.059
23.388	-6.433	0.059
23.389	-6.433	0.059
23.390	-6.433	0.059
23.391	-6.433	0.059
23.392	-6.433	0.059
23.393	-6.433	0.059
23.394	-6.433	0.059
23.395	-6.433	0.059
23.396	-6.432	0.059
23.397	-6.432	0.059
23.398	-6.432	0.059
23.399	-6.432	0.059
23.400	-6.432	0.059
23.401	-6.432	0.059
23.402	-6.432	0.059
23.403	-6.432	0.059
23.404	-6.432	0.059
23.405	-6.432	0.059
23.406	-6.432	0.059
23.407	-6.432	0.059
23.408	-6.432	0.059
23.409	-6.432	0.059
23.410	-6.432	0.059
23.411	-6.432	0.059
23.412	-6.432	0.059
23.413	-6.432	0.059
23.414	-6.432	0.059
23.415	-6.432	0.059
23.416	-6.432	0.059
23.417	-6.432	0.059
23.418	-6.432	0.059
23.419	-6.432	0.059
23.420	-6.432	0.059
23.421	-6.432	0.059
23.422	-6.432	0.059
23.423	-6.432	0.059
23.424	-6.432	0.059
23.425	-6.431	0.059
23.426	-6.431	0.059
23.427	-6.431	0.059
23.428	-6.431	0.059
23.429	-6.431	0.059
23.430	-6.431	0.059
23.431	-6.431	0.059
23.432	-6.431	0.059
23.433	-6.431	0.058
23.434	-6.431	0.058
23.435	-6.431	0.058
23.436	-6.431	0.058
23.437	-6.431	0.058
23.438	-6.431	0.058
23.439	-6.431	0.058
23.440	-6.431	0.058
23.441	-6.431	0.058
23.442	-6.431	0.058
23.443	-6.431	0.058
23.444	-6.431	0.058
23.445	-6.431	0.058
23.446	-6.431	0.058
23.447	-6.431	0.058
23.448	-6.431	0.058
23.449	-6.431	0.058
23.450	-6.431	0.058
23.451	-6.431	0.058
23.452	-6.431	0.058
23.453	-6.431	0.058
23.454	-6.430	0.058
23.455	-6.430	0.058
23.456	-6.430	0.058
23.457	-6.430	0.058
23.458	-6.430	0.058
23.459	-6.430	0.058
23.460	-6.430	0.058
23.461	-6.430	0.058
23.462	-6.430	0.058
23.463	-6.430	0.058
23.464	-6.430	0.058
23.465	-6.430	0.058
23.466	-6.430	0.058
23.467	-6.430	0.058
23.468	-6.430	0.058
23.469	-6.430	0.058
23.470	-6.430	0.058
23.471	-6.430	0.058
23.472	-6.430	0.058
23.473	-6.430	0.058
23.474	-6.430	0.058
23.475	-6.430	0.058
23.476	-6.430	0.058
23.477	-6.430	0.058
23.478	-6.430	0.058
23.479	-6.430	0.058
23.480	-6.430	0.058
23.481	-6.430	0.058
23.482	-6.429	0.058
23.483	-6.429	0.058
23.484	-6.429	0.058
23.485	-6.429	0.058
23.486	-6.429	0.058
23.487	-6.429	0.058
23.488	-6.429	0.058
23.489	-6.429	0.058
23.490	-6.429	0.058
23.491	-6.429	0.058
23.492	-6.429	0.058
23.493	-6.429	0.058
23.494	-6.429	0.058
23.495	-6.429	0.058
23.496	-6.429	0.058
23.497	-6.429	0.058
23.498	-6.429	0.058
23.499	-6.429	0.058
23.500	-6.429	0.058
23.501	-6.429	0.058
23.502	-6.429	0.058
23.503	-6.429	0.058
23.504	-6.429	0.058
23.505	-6.429	0.058
23.506	-6.429	0.058
23.507	-6.429	0.058
23.508	-6.429	0.058
23.509	-6.429	0.057
23.510	-6.428	0.057
23.511	-6.428	0.057
23.512	-6.428	0.057
23.513	-6.428	0.057
23.514	-6.428	0.057
23.515	-6.428	0.057
23.516	-6.428	0.057
23.517	-6.428	0.057
23.518	-6.428	0.057
23.519	-6.428	0.057
23.520	-6.428	0.057
23.521	-6.428	0.057
23.522	-6.428	0.057
23.523	-6.428	0.057
23.524	-6.428	0.057
23.525	-6.428	0.057
23.526	-6.428	0.057
23.527	-6.428	0.057
23.528	-6.428	0.057
23.529	-6.428	0.057
23.530	-6.428	0.057
23.531	-6.428	0.057
23.532	-6.428	0.057
23.533	-6.428	0.057
23.534	-6.428	0.057
23.535	-6.428	0.057
23.536	-6.428	0.057
23.537	-6.427	0.057
23.538	-6.427	0.057
23.539	-6.427	0.057
23.540	-6.427	0.057
23.541	-6.427	0.057
23.542	-6.427	0.057
23.543	-6.427	0.057
23.544	-6.427	0.057
23.545	-6.427	0.057
23.546	-6.427	0.057
23.547	-6.427	0.057
23.548	-6.427	0.057
23.549	-6.427	0.057
23.550	-6.427	0.057
23.551	-6.427	0.057
23.552	-6.427	0.057
23.553	-6.427	0.057
23.554	-6.427	0.057
23.555	-6.427	0.057
23.556	-6.427	0.057
23.557	-6.427	0.057
23.558	-6.427	0.057
23.559	-6.427	0.057
23.560	-6.427	0.057
23.561	-6.427	0.057
23.562	-6.427	0.057
23.563	-6.426	0.057
23.564	-6.426	0.057
23.565	-6.426	0.057
23.566	-6.426	0.057
23.567	-6.426	0.057
23.568	-6.426	0.057
23.569	-6.426	0.057
23.570	-6.426	0.057
23.571	-6.426	0.057
23.572	-6.426	0.056
23.573	-6.426	0.056
23.574	-6.426	0.056
23.575	-6.426	0.056
23.576	-6.426	0.056
23.577	-6.426	0.056
23.578	-6.426	0.056
23.579	-6.426	0.056
23.580	-6.426	0.056
23.581	-6.426	0.056
23.582	-6.426	0.056
23.583	-6.426	0.056
23.584	-6.426	0.056
23.585	-6.426	0.056
23.586	-6.426	0.056
23.587	-6.426	0.056
23.588	-6.425	0.056
23.589	-6.425	0.056
23.590	-6.425	0.056
23.591	-6.425	0.056
23.592	-6.425	0.056
23.593	-6.425	0.056
23.594	-6.425	0.056
23.595	-6.425	0.056
23.596	-6.425	0.056
23.597	-6.425	0.056
23.598	-6.425	0.056
23.599	-6.425	0.056
23.600	-6.425	0.056
23.601	-6.425	0.056
23.602	-6.425	0.056
23.603	-6.425	0.056
23.604	-6.425	0.056
23.605	-6.425	0.056
23.606	-6.425	0.056
23.607	-6.425	0.056
23.608	-6.425	0.056
23.609	-6.425	0.056
23.610	-6.425	0.056
23.611	-6.425	0.056
23.612	-6.425	0.056
23.613	-6.425	0.056
23.614	-6.424	0.056
23.615	-6.424	0.056
23.616	-6.424	0.056
23.617	-6.424	0.056
23.618	-6.424	0.056
23.619	-6.424	0.056
23.620	-6.424	0.056
23.621	-6.424	0.056
23.622	-6.424	0.056
23.623	-6.424	0.056
23.624	-6.424	0.056
23.625	-6.424	0.056
23.626	-6.424	0.055
23.627	-6.424	0.055
23.628	-6.424	0.055
23.629	-6.424	0.055
23.630	-6.424	0.055
23.631	-6.424	0.055
23.632	-6.424	0.055
23.633	-6.424	0.055
23.634	-6.424	0.055
23.635	-6.424	0.055
23.636	-6.424	0.055
23.637	-6.424	0.055
23.638	-6.423	0.055
23.639	-6.423	0.055
23.640	-6.423	0.055
23.641	-6.423	0.055
23.642	-6.423	0.055
23.643	-6.423	0.055
23.644	-6.423	0.055
23.645	-6.423	0.055
23.646	-6.423	0.055
23.647	-6.423	0.055
23.648	-6.423	0.055
23.649	-6.423	0.055
23.650	-6.423	0.055
23.651	-6.423	0.055
23.652	-6.423	0.055
23.653	-6.423	0.055
23.654	-6.423	0.055
23.655	-6.423	0.055
23.656	-6.423	0.055
23.657	-6.423	0.055
23.658	-6.423	0.055
23.659	-6.423	0.055
23.660	-6.423	0.055
23.661	-6.423	0.055
23.662	-6.422	0.055
23.663	-6.422	0.055
23.664	-6.422	0.055
23.665	-6.422	0.055
23.666	-6.422	0.055
23.667	-6.422	0.055
23.668	-6.422	0.055
23.669	-6.422	0.055
23.670	-6.422	0.055
23.671	-6.422	0.055
23.672	-6.422	0.055
23.673	-6.422	0.055
23.674	-6.422	0.055
23.675	-6.422	0.055
23.676	-6.422	0.055
23.677	-6.422	0.054
23.678	-6.422	0.054
23.679	-6.422	0.054
23.680	-6.422	0.054
23.681	-6.422	0.054
23.682	-6.422	0.054
23.683	-6.422	0.054
23.684	-6.422	0.054
23.685	-6.422	0.054
23.686	-6.421	0.054
23.687	-6.421	0.054
23.688	-6.421	0.054
23.689	-6.421	0.054
23.690	-6.421	0.054
23.691	-6.421	0.054
23.692	-6.421	0.054
23.693	-6.421	0.054
23.694	-6.421	0.054
23.695	-6.421	0.054
23.696	-6.421	0.054
23.697	-6.421	0.054
23.698	-6.421	0.054
23.699	-6.421	0.054
23.700	-6.421	0.054
23.701	-6.421	0.054
23.702	-6.421	0.054
23.703	-6.421	0.054
23.704	-6.421	0.054
23.705	-6.421	0.054
23.706	-6.421	0.054
23.707	-6.421	0.054
23.708	-6.421	0.054
23.709	-6.420	0.054
23.710	-6.420	0.054
23.711	-6.420	0.054
23.712	-6.420	0.054
23.713	-6.420	0.054
23.714	-6.420	0.054
23.715	-6.420	0.054
23.716	-6.420	0.054
23.717	-6.420	0.054
23.718	-6.420	0.054
23.719	-6.420	0.054
23.720	-6.420	0.054
23.721	-6.420	0.054
23.722	-6.420	0.054
23.723	-6.420	0.054
23.724	-6.420	0.054
23.725	-6.420	0.053
23.726	-6.420	0.053
23.727	-6.420	0.053
23.728	-6.420	0.053
23.729	-6.420	0.053
23.730	-6.420	0.053
23.731	-6.420	0.053
23.732	-6.419	0.053
23.733	-6.419	0.053
23.734	-6.419	0.053
23.735	-6.419	0.053
23.736	-6.419	0.053
23.737	-6.419	0.053
23.738	-6.419	0.053
23.739	-6.419	0.053
23.740	-6.419	0.053
23.741	-6.419	0.053
23.742	-6.419	0.053
23.743	-6.419	0.053
23.744	-6.419	0.053
23.745	-6.419	0.053
23.746	-6.419	0.053
23.747	-6.419	0.053
23.748	-6.419	0.053
23.749	-6.419	0.053
23.750	-6.419	0.053
23.751	-6.419	0.053
23.752	-6.419	0.053
23.753	-6.419	0.053
23.754	-6.419	0.053
23.755	-6.418	0.053
23.756	-6.418	0.053
23.757	-6.418	0.053
23.758	-6.418	0.053
23.759	-6.418	0.053
23.760	-6.418	0.053
23.761	-6.418	0.053
23.762	-6.418	0.053
23.763	-6.418	0.053
23.764	-6.418	0.053
23.765	-6.418	0.053
23.766	-6.418	0.053
23.767	-6.418	0.053
23.768	-6.418	0.053
23.769	-6.418	0.053
23.770	-6.418	0.053
23.771	-6.418	0.053
23.772	-6.418	0.052
23.773	-6.418	0.052
23.774	-6.418	0.052
23.775	-6.418	0.052
23.776	-6.418	0.052
23.777	-6.417	0.052
23.778	-6.417	0.052
23.779	-6.417	0.052
23.780	-6.417	0.052
23.781	-6.417	0.052
23.782	-6.417	0.052
23.783	-6.417	0.052
23.784	-6.417	0.052
23.785	-6.417	0.052
23.786	-6.417	0.052
23.787	-6.417	0.052
23.788	-6.417	0.052
23.789	-6.417	0.052
23.790	-6.417	0.052
23.791	-6.417	0.052
23.792	-6.417	0.052
23.793	-6.417	0.052
23.794	-6.417	0.052
23.795	-6.417	0.052
23.796	-6.417	0.052
23.797	-6.417	0.052
23.798	-6.417	0.052
23.799	-6.416	0.052
23.800	-6.416	0.052
23.801	-6.416	0.052
23.802	-6.416	0.052
23.803	-6.416	0.052
23.804	-6.416	0.052
23.805	-6.416	0.052
23.806	-6.416	0.052
23.807	-6.416	0.052
23.808	-6.416	0.052
23.809	-6.416	0.052
23.810	-6.416	0.052
23.811	-6.416	0.052
23.812	-6.416	0.052
23.813	-6.416	0.052
23.814	-6.416	0.052
23.815	-6.416	0.052
23.816	-6.416	0.052
23.817	-6.416	0.052
23.818	-6.416	0.052
23.819	-6.416	0.051
23.820	-6.415	0.051
23.821	-6.415	0.051
23.822	-6.415	0.051
23.823	-6.415	0.051
23.824	-6.415	0.051
23.825	-6.415	0.051
23.826	-6.415	0.051
23.827	-6.415	0.051
23.828	-6.415	0.051
23.829	-6.415	0.051
23.830	-6.415	0.051
23.831	-6.415	0.051
23.832	-6.415	0.051
23.833	-6.415	0.051
23.834	-6.415	0.051
23.835	-6.415	0.051
23.836	-6.415	0.051
23.837	-6.415	0.051
23.838	-6.415	0.051
23.839	-6.415	0.051
23.840	-6.415	0.051
23.841	-6.414	0.051
23.842	-6.414	0.051
23.843	-6.414	0.051
23.844	-6.414	0.051
23.845	-6.414	0.051
23.846	-6.414	0.051
23.847	-6.414	0.051
23.848	-6.414	0.051
23.849	-6.414	0.051
23.850	-6.414	0.051
23.851	-6.414	0.051
23.852	-6.414	0.051
23.853	-6.414	0.051
23.854	-6.414	0.051
23.855	-6.414	0.051
23.856	-6.414	0.051
23.857	-6.414	0.051
23.858	-6.414	0.051
23.859	-6.414	0.051
23.860	-6.414	0.051
23.861	-6.414	0.051
23.862	-6.413	0.051
23.863	-6.413	0.051
23.864	-6.413	0.051
23.865	-6.413	0.051
23.866	-6.413	0.051
23.867	-6.413	0.051
23.868	-6.413	0.051
23.869	-6.413	0.051
23.870	-6.413	0.050
23.871	-6.413	0.050
23.872	-6.413	0.050
23.873	-6.413	0.050
23.874	-6.413	0.050
23.875	-6.413	0.050
23.876	-6.413	0.050
23.877	-6.413	0.050
23.878	-6.413	0.050
23.879	-6.413	0.050
23.880	-6.413	0.050
23.881	-6.413	0.050
23.882	-6.412	0.050
23.883	-6.412	0.050
23.884	-6.412	0.050
23.885	-6.412	0.050
23.886	-6.412	0.050
23.887	-6.412	0.050
23.888	-6.412	0.050
23.889	-6.412	0.050
23.890	-6.412	0.050
23.891	-6.412	0.050
23.892	-6.412	0.050
23.893	-6.412	0.050
23.894	-6.412	0.050
23.895	-6.412	0.050
23.896	-6.412	0.050
23.897	-6.412	0.050
23.898	-6.412	0.050
23.899	-6.412	0.050
23.900	-6.412	0.050
23.901	-6.412	0.050
23.902	-6.411	0.050
23.903	-6.411	0.050
23.904	-6.411	0.050
23.905	-6.411	0.050
23.906	-6.411	0.050
23.907	-6.411	0.050
23.908	-6.411	0.050
23.909	-6.411	0.050
23.910	-6.411	0.050
23.911	-6.411	0.050
23.912	-6.411	0.050
23.913	-6.411	0.050
23.914	-6.411	0.050
23.915	-6.411	0.050
23.916	-6.411	0.050
23.917	-6.411	0.050
23.918	-6.411	0.050
23.919	-6.411	0.050
23.920	-6.411	0.050
23.921	-6.411	0.050
23.922	-6.410	0.050
23.923	-6.410	0.050
23.924	-6.410	0.050
23.925	-6.410	0.050
23.926	-6.410	0.050
23.927	-6.410	0.049
23.928	-6.410	0.049
23.929	-6.410	0.049
23.930	-6.410	0.049
23.931	-6.410	0.049
23.932	-6.410	0.049
23.933	-6.410	0.049
23.934	-6.410	0.049
23.935	-6.410	0.049
23.936	-6.410	0.049
23.937	-6.410	0.049
23.938	-6.410	0.049
23.939	-6.410	0.049
23.940	-6.410	0.049
23.941	-6.409	0.049
23.942	-6.409	0.049
23.943	-6.409	0.049
23.944	-6.409	0.049
23.945	-6.409	0.049
23.946	-6.409	0.049
23.947	-6.409	0.049
23.948	-6.409	0.049
23.949	-6.409	0.049
23.950	-6.409	0.049
23.951	-6.409	0.049
23.952	-6.409	0.049
23.953	-6.409	0.049
23.954	-6.409	0.049
23.955	-6.409	0.049
23.956	-6.409	0.049
23.957	-6.409	0.049
23.958	-6.409	0.049
23.959	-6.409	0.049
23.960	-6.409	0.049
23.961	-6.408	0.049
23.962	-6.408	0.049
23.963	-6.408	0.049
23.964	-6.408	0.049
23.965	-6.408	0.049
23.966	-6.408	0.049
23.967	-6.408	0.049
23.968	-6.408	0.049
23.969	-6.408	0.049
23.970	-6.408	0.049
23.971	-6.408	0.049
23.972	-6.408	0.049
23.973	-6.408	0.049
23.974	-6.408	0.049
23.975	-6.408	0.049
23.976	-6.408	0.049
23.977	-6.408	0.049
23.978	-6.408	0.049
23.979	-6.408	0.049
23.980	-6.407	0.049
23.981	-6.407	0.049
23.982	-6.407	0.049
23.983	-6.407	0.049
23.984	-6.407	0.049
23.985	-6.407	0.049
23.986	-6.407	0.049
23.987	-6.407	0.049
23.988	-6.407	0.049
23.989	-6.407	0.049
23.990	-6.407	0.049
23.991	-6.407	0.049
23.992	-6.407	0.049
23.993	-6.407	0.049
23.994	-6.407	0.049
23.995	-6.407	0.049
23.996	-6.407	0.049
23.997	-6.407	0.049
23.998	-6.406	0.049
23.999	-6.406	0.049
24.000	-6.406	0.049
24.001	-6.406	0.049
24.002	-6.406	0.049
24.003	-6.406	0.049
24.004	-6.406	0.049
24.005	-6.406	0.049
24.006	-6.406	0.049
24.007	-6.406	0.049
24.008	-6.406	0.049
24.009	-6.406	0.049
24.010	-6.406	0.049
24.011	-6.406	0.049
24.012	-6.406	0.049
24.013	-6.406	0.049
24.014	-6.406	0.049
24.015	-6.406	0.049
24.016	-6.406	0.049
24.017	-6.405	0.049
24.018	-6.405	0.048
24.019	-6.405	0.048
24.020	-6.405	0.048
24.021	-6.405	0.048
24.022	-6.405	0.048
24.023	-6.405	0.048
24.024	-6.405	0.048
24.025	-6.405	0.048
24.026	-6.405	0.048
24.027	-6.405	0.048
24.028	-6.405	0.048
24.029	-6.405	0.048
24.030	-6.405	0.048
24.031	-6.405	0.048
24.032	-6.405	0.048
24.033	-6.405	0.048
24.034	-6.405	0.048
24.035	-6.404	0.048
24.036	-6.404	0.048
24.037	-6.404	0.048
24.038	-6.404	0.048
24.039	-6.404	0.048
24.040	-6.404	0.048
24.041	-6.404	0.048
24.042	-6.404	0.048
24.043	-6.404	0.048
24.044	-6.404	0.048
24.045	-6.404	0.048
24.046	-6.404	0.048
24.047	-6.404	0.048
24.048	-6.404	0.048
24.049	-6.404	0.048
24.050	-6.404	0.048
24.051	-6.404	0.048
24.052	-6.404	0.048
24.053	-6.403	0.048
24.054	-6.403	0.048
24.055	-6.403	0.048
24.056	-6.403	0.048
24.057	-6.403	0.048
24.058	-6.403	0.048
24.059	-6.403	0.048
24.060	-6.403	0.048
24.061	-6.403	0.048
24.062	-6.403	0.048
24.063	-6.403	0.048
24.064	-6.403	0.048
24.065	-6.403	0.048
24.066	-6.403	0.048
24.067	-6.403	0.048
24.068	-6.403	0.048
24.069	-6.403	0.048
24.070	-6.403	0.048
24.071	-6.402	0.048
24.072	-6.402	0.048
24.073	-6.402	0.048
24.074	-6.402	0.048
24.075	-6.402	0.048
24.076	-6.402	0.048
24.077	-6.402	0.048
24.078	-6.402	0.048
24.079	-6.402	0.048
24.080	-6.402	0.048
24.081	-6.402	0.048
24.082	-6.402	0.048
24.083	-6.402	0.048
24.084	-6.402	0.048
24.085	-6.402	0.048
24.086	-6.402	0.048
24.087	-6.402	0.048
24.088	-6.401	0.048
24.089	-6.401	0.048
24.090	-6.401	0.049
24.091	-6.401	0.049
24.092	-6.401	0.049
24.093	-6.401	0.049
24.094	-6.401	0.049
24.095	-6.401	0.049
24.096	-6.401	0.049
24.097	-6.401	0.049
24.098	-6.401	0.049
24.099	-6.401	0.049
24.100	-6.401	0.049
24.101	-6.401	0.049
24.102	-6.401	0.049
24.103	-6.401	0.049
24.104	-6.401	0.049
24.105	-6.401	0.049
24.106	-6.400	0.049
24.107	-6.400	0.049
24.108	-6.400	0.049
24.109	-6.400	0.049
24.110	-6.400	0.049
24.111	-6.400	0.049
24.112	-6.400	0.049
24.113	-6.400	0.049
24.114	-6.400	0.049
24.115	-6.400	0.049
24.116	-6.400	0.049
24.117	-6.400	0.049
24.118	-6.400	0.049
24.119	-6.400	0.049
24.120	-6.400	0.049
24.121	-6.400	0.049
24.122	-6.400	0.049
24.123	-6.399	0.049
24.124	-6.399	0.049
24.125	-6.399	0.049
24.126	-6.399	0.049
24.127	-6.399	0.049
24.128	-6.399	0.049
24.129	-6.399	0.049
24.130	-6.399	0.049
24.131	-6.399	0.049
24.132	-6.399	0.049
24.133	-6.399	0.049
24.134	-6.399	0.049
24.135	-6.399	0.049
24.136	-6.399	0.049
24.137	-6.399	0.049
24.138	-6.399	0.049
24.139	-6.399	0.049
24.140	-6.398	0.049
24.141	-6.398	0.049
24.142	-6.398	0.049
24.143	-6.398	0.049
24.144	-6.398	0.049
24.145	-6.398	0.049
24.146	-6.398	0.049
24.147	-6.398	0.049
24.148	-6.398	0.049
24.149	-6.398	0.049
24.150	-6.398	0.049
24.151	-6.398	0.049
24.152	-6.398	0.049
24.153	-6.398	0.049
24.154	-6.398	0.049
24.155	-6.398	0.049
24.156	-6.398	0.049
24.157	-6.397	0.049
24.158	-6.397	0.049
24.159	-6.397	0.049
24.160	-6.397	0.049
24.161	-6.397	0.050
24.162	-6.397	0.050
24.163	-6.397	0.050
24.164	-6.397	0.050
24.165	-6.397	0.050
24.166	-6.397	0.050
24.167	-6.397	0.050
24.168	-6.397	0.050
24.169	-6.397	0.050
24.170	-6.397	0.050
24.171	-6.397	0.050
24.172	-6.397	0.050
24.173	-6.396	0.050
24.174	-6.396	0.050
24.175	-6.396	0.050
24.176	-6.396	0.050
24.177	-6.396	0.050
24.178	-6.396	0.050
24.179	-6.396	0.050
24.180	-6.396	0.050
24.181	-6.396	0.050
24.182	-6.396	0.050
24.183	-6.396	0.050
24.184	-6.396	0.050
24.185	-6.396	0.050
24.186	-6.396	0.050
24.187	-6.396	0.050
24.188	-6.396	0.050
24.189	-6.396	0.050
24.190	-6.395	0.050
24.191	-6.395	0.050
24.192	-6.395	0.050
24.193	-6.395	0.050
24.194	-6.395	0.050
24.195	-6.395	0.050
24.196	-6.395	0.050
24.197	-6.395	0.050
24.198	-6.395	0.050
24.199	-6.395	0.051
24.200	-6.395	0.051
24.201	-6.395	0.051
24.202	-6.395	0.051
24.203	-6.395	0.051
24.204	-6.395	0.051
24.205	-6.395	0.051
24.206	-6.394	0.051
24.207	-6.394	0.051
24.208	-6.394	0.051
24.209	-6.394	0.051
24.210	-6.394	0.051
24.211	-6.394	0.051
24.212	-6.394	0.051
24.213	-6.394	0.051
24.214	-6.394	0.051
24.215	-6.394	0.051
24.216	-6.394	0.051
24.217	-6.394	0.051
24.218	-6.394	0.051
24.219	-6.394	0.051
24.220	-6.394	0.051
24.221	-6.394	0.051
24.222	-6.393	0.051
24.223	-6.393	0.051
24.224	-6.393	0.051
24.225	-6.393	0.051
24.226	-6.393	0.051
24.227	-6.393	0.052
24.228	-6.393	0.052
24.229	-6.393	0.052
24.230	-6.393	0.052
24.231	-6.393	0.052
24.232	-6.393	0.052
24.233	-6.393	0.052
24.234	-6.393	0.052
24.235	-6.393	0.052
24.236	-6.393	0.052
24.237	-6.393	0.052
24.238	-6.392	0.052
24.239	-6.392	0.052
24.240	-6.392	0.052
24.241	-6.392	0.052
24.242	-6.392	0.052
24.243	-6.392	0.052
24.244	-6.392	0.052
24.245	-6.392	0.052
24.246	-6.392	0.052
24.247	-6.392	0.052
24.248	-6.392	0.052
24.249	-6.392	0.052
24.250	-6.392	0.053
24.251	-6.392	0.053
24.252	-6.392	0.053
24.253	-6.392	0.053
24.254	-6.391	0.053
24.255	-6.391	0.053
24.256	-6.391	0.053
24.257	-6.391	0.053
24.258	-6.391	0.053
24.259	-6.391	0.053
24.260	-6.391	0.053
24.261	-6.391	0.053
24.262	-6.391	0.053
24.263	-6.391	0.053
24.264	-6.391	0.053
24.265	-6.391	0.053
24.266	-6.391	0.053
24.267	-6.391	0.053
24.268	-6.391	0.053
24.269	-6.390	0.053
24.270	-6.390	0.053
24.271	-6.390	0.054
24.272	-6.390	0.054
24.273	-6.390	0.054
24.274	-6.390	0.054
24.275	-6.390	0.054
24.276	-6.390	0.054
24.277	-6.390	0.054
24.278	-6.390	0.054
24.279	-6.390	0.054
24.280	-6.390	0.054
24.281	-6.390	0.054
24.282	-6.390	0.054
24.283	-6.390	0.054
24.284	-6.390	0.054
24.285	-6.389	0.054
24.286	-6.389	0.054
24.287	-6.389	0.054
24.288	-6.389	0.054
24.289	-6.389	0.055
24.290	-6.389	0.055
24.291	-6.389	0.055
24.292	-6.389	0.055
24.293	-6.389	0.055
24.294	-6.389	0.055
24.295	-6.389	0.055
24.296	-6.389	0.055
24.297	-6.389	0.055
24.298	-6.389	0.055
24.299	-6.389	0.055
24.300	-6.388	0.055
24.301	-6.388	0.055
24.302	-6.388	0.055
24.303	-6.388	0.055
24.304	-6.388	0.055
24.305	-6.388	0.055
24.306	-6.388	0.056
24.307	-6.388	0.056
24.308	-6.388	0.056
24.309	-6.388	0.056
24.310	-6.388	0.056
24.311	-6.388	0.056
24.312	-6.388	0.056
24.313	-6.388	0.056
24.314	-6.388	0.056
24.315	-6.387	0.056
24.316	-6.387	0.056
24.317	-6.387	0.056
24.318	-6.387	0.056
24.319	-6.387	0.056
24.320	-6.387	0.056
24.321	-6.387	0.057
24.322	-6.387	0.057
24.323	-6.387	0.057
24.324	-6.387	0.057
24.325	-6.387	0.057
24.326	-6.387	0.057
24.327	-6.387	0.057
24.328	-6.387	0.057
24.329	-6.387	0.057
24.330	-6.386	0.057
24.331	-6.386	0.057
24.332	-6.386	0.057
24.333	-6.386	0.057
24.334	-6.386	0.057
24.335	-6.386	0.057
24.336	-6.386	0.058
24.337	-6.386	0.058
24.338	-6.386	0.058
24.339	-6.386	0.058
24.340	-6.386	0.058
24.341	-6.386	0.058
24.342	-6.386	0.058
24.343	-6.386	0.058
24.344	-6.386	0.058
24.345	-6.385	0.058
24.346	-6.385	0.058
24.347	-6.385	0.058
24.348	-6.385	0.058
24.349	-6.385	0.058
24.350	-6.385	0.059
24.351	-6.385	0.059
24.352	-6.385	0.059
24.353	-6.385	0.059
24.354	-6.385	0.059
24.355	-6.385	0.059
24.356	-6.385	0.059
24.357	-6.385	0.059
24.358	-6.385	0.059
24.359	-6.384	0.059
24.360	-6.384	0.059
24.361	-6.384	0.059
24.362	-6.384	0.059
24.363	-6.384	0.060
24.364	-6.384	0.060
24.365	-6.384	0.060
24.366	-6.384	0.060
24.367	-6.384	0.060
24.368	-6.384	0.060
24.369	-6.384	0.060
24.370	-6.384	0.060
24.371	-6.384	0.060
24.372	-6.384	0.060
24.373	-6.384	0.060
24.374	-6.383	0.060
24.375	-6.383	0.061
24.376	-6.383	0.061
24.377	-6.383	0.061
24.378	-6.383	0.061
24.379	-6.383	0.061
24.380	-6.383	0.061
24.381	-6.383	0.061
24.382	-6.383	0.061
