/* DATA DESCRIPTION:
Citation:	Rae, James W B; Sarnthein, Michael; Foster, Gavin L; Ridgwell, Andy; Grootes, Pieter Meiert; Elliott, Tim (2014): (Table 4) Atmospheric 14C record used for calculating foram-atmosphere reservoir ages. PANGAEA, https://doi.org/10.1594/PANGAEA.833525, 
	In supplement to: Rae, JWB et al. (2014): Deep water formation in the North Pacific and deglacial CO2 rise. Paleoceanography, 29(6), 645-667, https://doi.org/10.1002/2013PA002570
Further details:	Reimer, Paula J; Baillie, Mike G L; Bard, Edouard; Bayliss, Alex; Beck, J Warren; Blackwell, Paul G; Ramsey, Christopher Bronk; Burr, George S; Edwards, R Lawrence; Friedrich, Michael; Grootes, Pieter Meiert; Guilderson, Thomas P; Hajdas, Irena; Heaton, T J; Hogg, Alan G; Hughen, Konrad A; Kaiser, Klaus-Felix; Kromer, Bernd; McCormac, F Gerry; Manning, Sturt W; Reimer, Ron W; Richards, David A; Southon, John R; Talamo, Sahra; Turney, Chris S M; van der Plicht, Johannes; Weyhenmeyer, Constanze E (2009): IntCal09 and Marine09 Radiocarbon Age Calibration Curves, 0-50,000 Years cal BP. Radiocarbon, 51(4), 1111-1150, https://doi.org/10.1017/S0033822200034202
	Southon, John; Noronha, Alexandra L; Cheng, Hai; Edwards, R Lawrence; Wang, Yongjin (2012): A high-resolution record of atmospheric 14C based on Hulu Cave speleothem H82. Quaternary Science Reviews, 33, 32-41, https://doi.org/10.1016/j.quascirev.2011.11.022
Comment:	Based on IntCal09 from 0-15 and 26-50 kyr BP, and Southon et al. 2012's Hulu Cave 14C record from 15-26 kyr BP.
Parameter(s):	AGE [ka BP] (Age) * GEOCODE
	Age, dated [ka] (Age dated) * PI: Rae, James W B (https://orcid.org/0000-0003-3904-2526, jwbr@st-andrews.ac.uk, http://earthsci.st-andrews.ac.uk/profile_jwbr.aspx) * METHOD/DEVICE: Age, 14C conventional
	Age, error [±] (Age e) * PI: Rae, James W B (https://orcid.org/0000-0003-3904-2526, jwbr@st-andrews.ac.uk, http://earthsci.st-andrews.ac.uk/profile_jwbr.aspx) * METHOD/DEVICE: Age, 14C conventional * COMMENT: 1 sigma
	Δ14C [‰] (Δ14C) * PI: Rae, James W B (https://orcid.org/0000-0003-3904-2526, jwbr@st-andrews.ac.uk, http://earthsci.st-andrews.ac.uk/profile_jwbr.aspx)
	Δ14C, standard deviation [±] (Δ14C std dev) * PI: Rae, James W B (https://orcid.org/0000-0003-3904-2526, jwbr@st-andrews.ac.uk, http://earthsci.st-andrews.ac.uk/profile_jwbr.aspx)
	Reference/source (Reference) * PI: Rae, James W B (https://orcid.org/0000-0003-3904-2526, jwbr@st-andrews.ac.uk, http://earthsci.st-andrews.ac.uk/profile_jwbr.aspx)
License:	Creative Commons Attribution 3.0 Unported (CC-BY-3.0)
Size:	15415 data points
*/
Age [ka BP]	Age dated [ka]	Age e [±]	Δ14C [‰]	Δ14C std dev [±]	Reference
50.000	46.400	0.415	312.9	67.8	IntCal09
49.900	46.316	0.410	310.8	66.9	IntCal09
49.800	46.229	0.403	309.1	65.7	IntCal09
49.700	46.135	0.396	308.6	64.5	IntCal09
49.600	46.036	0.389	308.9	63.4	IntCal09
49.500	45.933	0.380	309.9	62.0	IntCal09
49.400	45.822	0.368	312.1	60.1	IntCal09
49.300	45.708	0.354	314.9	57.9	IntCal09
49.200	45.600	0.340	316.6	55.7	IntCal09
49.100	45.522	0.339	313.5	55.4	IntCal09
49.000	45.452	0.340	309.1	55.4	IntCal09
48.900	45.382	0.338	304.6	54.9	IntCal09
48.800	45.306	0.332	301.2	53.8	IntCal09
48.700	45.230	0.325	297.8	52.5	IntCal09
48.600	45.150	0.313	295.0	50.5	IntCal09
48.500	45.069	0.298	292.4	47.9	IntCal09
48.400	44.993	0.285	289.0	45.7	IntCal09
48.300	44.924	0.273	284.5	43.7	IntCal09
48.200	44.868	0.269	277.9	42.8	IntCal09
48.100	44.844	0.284	266.3	44.8	IntCal09
48.000	44.810	0.300	256.4	46.9	IntCal09
47.900	44.769	0.312	247.7	48.5	IntCal09
47.800	44.724	0.321	239.6	49.5	IntCal09
47.700	44.674	0.328	232.3	50.3	IntCal09
47.600	44.620	0.330	225.7	50.4	IntCal09
47.500	44.564	0.330	219.4	50.1	IntCal09
47.400	44.504	0.330	213.8	49.9	IntCal09
47.300	44.441	0.329	208.7	49.5	IntCal09
47.200	44.375	0.329	204.0	49.3	IntCal09
47.100	44.306	0.330	199.8	49.3	IntCal09
47.000	44.232	0.332	196.3	49.4	IntCal09
46.900	44.150	0.335	194.1	49.8	IntCal09
46.800	44.060	0.341	193.0	50.6	IntCal09
46.700	43.960	0.346	193.4	51.4	IntCal09
46.600	43.848	0.350	195.6	52.1	IntCal09
46.500	43.726	0.355	199.3	53.0	IntCal09
46.400	43.596	0.357	204.2	53.5	IntCal09
46.300	43.459	0.359	210.2	54.1	IntCal09
46.200	43.317	0.360	217.0	54.5	IntCal09
46.100	43.170	0.361	224.6	55.0	IntCal09
46.000	43.019	0.361	232.8	55.4	IntCal09
45.900	42.862	0.359	242.0	55.5	IntCal09
45.800	42.700	0.358	252.1	55.8	IntCal09
45.700	42.536	0.354	262.5	55.6	IntCal09
45.600	42.375	0.354	272.6	56.1	IntCal09
45.500	42.217	0.353	282.3	56.3	IntCal09
45.400	42.060	0.348	291.9	56.0	IntCal09
45.300	41.904	0.339	301.3	54.9	IntCal09
45.200	41.751	0.325	310.4	53.0	IntCal09
45.100	41.600	0.311	319.2	51.1	IntCal09
45.000	41.453	0.292	327.4	48.3	IntCal09
44.900	41.310	0.276	335.0	45.9	IntCal09
44.800	41.164	0.270	343.2	45.1	IntCal09
44.700	41.014	0.274	352.0	46.1	IntCal09
44.600	40.859	0.276	361.8	46.8	IntCal09
44.500	40.698	0.277	372.7	47.3	IntCal09
44.400	40.533	0.275	384.3	47.4	IntCal09
44.300	40.360	0.267	397.4	46.4	IntCal09
44.200	40.181	0.254	411.7	44.6	IntCal09
44.100	40.006	0.232	425.5	41.2	IntCal09
44.000	39.869	0.215	432.6	38.3	IntCal09
43.900	39.766	0.208	433.6	37.1	IntCal09
43.800	39.684	0.206	430.9	36.7	IntCal09
43.700	39.611	0.209	426.6	37.1	IntCal09
43.600	39.535	0.205	422.9	36.3	IntCal09
43.500	39.441	0.204	422.3	36.1	IntCal09
43.400	39.321	0.223	426.3	39.6	IntCal09
43.300	39.189	0.244	432.5	43.5	IntCal09
43.200	39.048	0.257	440.4	46.1	IntCal09
43.100	38.896	0.262	450.2	47.3	IntCal09
43.000	38.742	0.260	460.5	47.3	IntCal09
42.900	38.589	0.256	470.7	46.9	IntCal09
42.800	38.434	0.255	481.3	47.0	IntCal09
42.700	38.279	0.251	492.0	46.6	IntCal09
42.600	38.126	0.240	502.4	44.9	IntCal09
42.500	37.980	0.227	511.6	42.7	IntCal09
42.400	37.838	0.225	520.1	42.6	IntCal09
42.300	37.691	0.234	529.5	44.6	IntCal09
42.200	37.536	0.246	540.6	47.2	IntCal09
42.100	37.374	0.257	553.1	49.7	IntCal09
42.000	37.202	0.262	567.6	51.1	IntCal09
41.900	37.033	0.261	581.7	51.4	IntCal09
41.800	36.866	0.251	595.5	49.9	IntCal09
41.700	36.709	0.241	607.4	48.2	IntCal09
41.600	36.560	0.232	617.8	46.7	IntCal09
41.500	36.418	0.226	626.9	45.8	IntCal09
41.400	36.277	0.224	635.8	45.6	IntCal09
41.300	36.136	0.222	644.7	45.5	IntCal09
41.200	35.992	0.217	654.3	44.7	IntCal09
41.100	35.847	0.208	664.2	43.1	IntCal09
41.000	35.694	0.195	675.8	40.7	IntCal09
40.900	35.558	0.178	683.9	37.3	IntCal09
40.800	35.480	0.186	679.9	38.9	IntCal09
40.700	35.405	0.197	675.3	41.1	IntCal09
40.600	35.321	0.209	672.5	43.5	IntCal09
40.500	35.229	0.217	671.5	45.2	IntCal09
40.400	35.130	0.215	671.8	44.7	IntCal09
40.300	35.034	0.202	671.6	42.0	IntCal09
40.200	34.951	0.185	668.7	38.4	IntCal09
40.100	34.876	0.176	664.1	36.5	IntCal09
40.000	34.786	0.168	662.6	34.8	IntCal09
39.950	34.751	0.160	659.8	33.1	IntCal09
39.900	34.735	0.157	653.0	32.3	IntCal09
39.850	34.739	0.161	642.3	32.9	IntCal09
39.800	34.746	0.164	630.9	33.3	IntCal09
39.750	34.744	0.166	621.5	33.5	IntCal09
39.700	34.733	0.169	613.9	34.0	IntCal09
39.650	34.712	0.177	608.4	35.4	IntCal09
39.600	34.684	0.186	604.3	37.1	IntCal09
39.550	34.651	0.193	601.2	38.5	IntCal09
39.500	34.615	0.196	598.7	39.0	IntCal09
39.450	34.577	0.196	596.6	39.0	IntCal09
39.400	34.540	0.194	594.3	38.5	IntCal09
39.350	34.505	0.190	591.6	37.6	IntCal09
39.300	34.472	0.185	588.5	36.6	IntCal09
39.250	34.442	0.179	584.8	35.3	IntCal09
39.200	34.414	0.175	580.7	34.4	IntCal09
39.150	34.385	0.174	576.9	34.2	IntCal09
39.100	34.351	0.178	574.0	34.9	IntCal09
39.050	34.310	0.186	572.5	36.4	IntCal09
39.000	34.258	0.199	573.2	39.0	IntCal09
38.950	34.194	0.212	576.2	41.6	IntCal09
38.900	34.119	0.223	581.4	43.9	IntCal09
38.850	34.035	0.229	588.4	45.3	IntCal09
38.800	33.946	0.231	596.4	45.9	IntCal09
38.750	33.852	0.229	605.5	45.8	IntCal09
38.700	33.759	0.224	614.4	45.0	IntCal09
38.650	33.666	0.216	623.3	43.6	IntCal09
38.600	33.574	0.205	632.1	41.7	IntCal09
38.550	33.486	0.193	640.2	39.4	IntCal09
38.500	33.401	0.180	647.6	36.9	IntCal09
38.450	33.324	0.167	653.4	34.4	IntCal09
38.400	33.267	0.155	655.2	31.9	IntCal09
38.350	33.244	0.152	649.9	31.2	IntCal09
38.300	33.248	0.157	639.1	32.0	IntCal09
38.250	33.259	0.161	627.0	32.6	IntCal09
38.200	33.264	0.165	616.2	33.2	IntCal09
38.150	33.264	0.168	606.5	33.6	IntCal09
38.100	33.255	0.172	598.6	34.2	IntCal09
38.050	33.242	0.175	591.5	34.7	IntCal09
38.000	33.227	0.177	584.9	34.9	IntCal09
37.950	33.211	0.179	578.4	35.2	IntCal09
37.900	33.194	0.179	572.3	35.0	IntCal09
37.850	33.177	0.180	566.1	35.1	IntCal09
37.800	33.161	0.180	559.7	35.0	IntCal09
37.750	33.143	0.181	553.8	35.0	IntCal09
37.700	33.120	0.182	548.9	35.1	IntCal09
37.650	33.091	0.184	545.1	35.4	IntCal09
37.600	33.059	0.185	541.9	35.5	IntCal09
37.550	33.025	0.186	539.1	35.6	IntCal09
37.500	32.989	0.185	536.7	35.4	IntCal09
37.450	32.953	0.183	534.3	35.0	IntCal09
37.400	32.918	0.179	531.7	34.1	IntCal09
37.350	32.884	0.174	528.9	33.1	IntCal09
37.300	32.853	0.168	525.6	31.9	IntCal09
37.250	32.825	0.161	521.7	30.5	IntCal09
37.200	32.801	0.155	517.0	29.3	IntCal09
37.150	32.778	0.151	512.2	28.4	IntCal09
37.100	32.754	0.150	507.6	28.2	IntCal09
37.050	32.726	0.153	503.7	28.6	IntCal09
37.000	32.692	0.158	501.0	29.5	IntCal09
36.950	32.650	0.164	499.8	30.6	IntCal09
36.900	32.599	0.169	500.2	31.6	IntCal09
36.850	32.541	0.171	502.0	32.0	IntCal09
36.800	32.473	0.171	505.6	32.1	IntCal09
36.750	32.399	0.171	510.4	32.2	IntCal09
36.700	32.315	0.170	517.1	32.1	IntCal09
36.650	32.221	0.173	525.7	32.9	IntCal09
36.600	32.113	0.178	537.0	34.1	IntCal09
36.550	31.987	0.182	551.9	35.2	IntCal09
36.500	31.859	0.179	567.3	34.9	IntCal09
36.450	31.757	0.180	577.7	35.4	IntCal09
36.400	31.675	0.191	584.3	37.7	IntCal09
36.350	31.587	0.196	592.1	38.8	IntCal09
36.300	31.487	0.192	602.3	38.3	IntCal09
36.250	31.372	0.185	615.6	37.2	IntCal09
36.200	31.252	0.177	630.1	35.9	IntCal09
36.150	31.160	0.170	638.9	34.7	IntCal09
36.100	31.106	0.165	640.0	33.7	IntCal09
36.050	31.093	0.145	632.7	29.5	IntCal09
36.000	31.139	0.168	613.6	33.7	IntCal09
35.950	31.220	0.205	587.8	40.5	IntCal09
35.900	31.304	0.212	561.8	41.2	IntCal09
35.850	31.373	0.202	539.1	38.7	IntCal09
35.800	31.420	0.187	520.9	35.4	IntCal09
35.750	31.440	0.173	508.0	32.5	IntCal09
35.700	31.430	0.166	500.8	31.0	IntCal09
35.650	31.394	0.164	498.4	30.6	IntCal09
35.600	31.338	0.163	499.8	30.4	IntCal09
35.550	31.272	0.158	503.1	29.6	IntCal09
35.500	31.215	0.151	504.6	28.3	IntCal09
35.450	31.182	0.152	501.7	28.4	IntCal09
35.400	31.155	0.155	497.7	28.9	IntCal09
35.350	31.124	0.160	494.4	29.8	IntCal09
35.300	31.083	0.171	493.0	31.8	IntCal09
35.250	31.030	0.188	493.8	35.0	IntCal09
35.200	30.962	0.209	497.4	39.0	IntCal09
35.150	30.877	0.228	504.2	42.7	IntCal09
35.100	30.778	0.237	513.7	44.7	IntCal09
35.050	30.675	0.231	524.0	43.8	IntCal09
35.000	30.578	0.210	533.2	40.1	IntCal09
34.950	30.491	0.185	540.5	35.5	IntCal09
34.900	30.417	0.166	545.4	31.9	IntCal09
34.850	30.345	0.162	549.9	31.3	IntCal09
34.800	30.265	0.172	556.0	33.3	IntCal09
34.750	30.168	0.185	565.4	36.1	IntCal09
34.700	30.054	0.197	578.2	38.7	IntCal09
34.650	29.924	0.204	594.3	40.5	IntCal09
34.600	29.784	0.206	612.5	41.4	IntCal09
34.550	29.636	0.201	632.6	40.9	IntCal09
34.500	29.484	0.191	653.8	39.3	IntCal09
34.450	29.356	0.169	670.2	35.1	IntCal09
34.400	29.310	0.160	669.7	33.3	IntCal09
34.350	29.325	0.169	656.5	34.8	IntCal09
34.300	29.343	0.176	642.8	36.0	IntCal09
34.250	29.350	0.181	631.5	36.8	IntCal09
34.200	29.345	0.183	622.7	37.0	IntCal09
34.150	29.330	0.184	615.9	37.0	IntCal09
34.100	29.308	0.182	610.6	36.5	IntCal09
34.050	29.280	0.177	606.4	35.4	IntCal09
34.000	29.253	0.168	602.1	33.5	IntCal09
33.950	29.229	0.157	597.2	31.2	IntCal09
33.900	29.210	0.147	591.4	29.1	IntCal09
33.850	29.199	0.138	583.9	27.2	IntCal09
33.800	29.196	0.130	575.0	25.5	IntCal09
33.750	29.198	0.122	565.1	23.8	IntCal09
33.700	29.198	0.114	555.6	22.1	IntCal09
33.650	29.177	0.116	550.3	22.4	IntCal09
33.600	29.138	0.123	548.5	23.7	IntCal09
33.550	29.095	0.128	547.4	24.7	IntCal09
33.500	29.052	0.131	546.3	25.2	IntCal09
33.450	29.008	0.136	545.4	26.2	IntCal09
33.400	28.959	0.142	545.5	27.3	IntCal09
33.350	28.903	0.150	546.9	28.9	IntCal09
33.300	28.842	0.156	549.3	30.1	IntCal09
33.250	28.779	0.157	552.1	30.3	IntCal09
33.200	28.718	0.152	554.5	29.4	IntCal09
33.150	28.663	0.143	555.7	27.7	IntCal09
33.100	28.616	0.134	555.4	25.9	IntCal09
33.050	28.575	0.132	554.0	25.5	IntCal09
33.000	28.535	0.133	552.3	25.7	IntCal09
32.950	28.492	0.137	551.2	26.5	IntCal09
32.900	28.445	0.139	550.9	26.8	IntCal09
32.850	28.400	0.138	550.2	26.6	IntCal09
32.800	28.358	0.137	549.0	26.4	IntCal09
32.750	28.322	0.136	546.5	26.2	IntCal09
32.700	28.290	0.137	543.3	26.3	IntCal09
32.650	28.261	0.139	539.6	26.6	IntCal09
32.600	28.234	0.141	535.5	27.0	IntCal09
32.550	28.208	0.143	531.1	27.3	IntCal09
32.500	28.183	0.144	526.7	27.4	IntCal09
32.450	28.162	0.144	521.4	27.3	IntCal09
32.400	28.146	0.144	515.3	27.2	IntCal09
32.350	28.134	0.145	508.4	27.2	IntCal09
32.300	28.123	0.147	501.3	27.5	IntCal09
32.250	28.111	0.150	494.5	27.9	IntCal09
32.200	28.093	0.155	488.8	28.7	IntCal09
32.150	28.069	0.159	484.3	29.4	IntCal09
32.100	28.040	0.163	480.7	30.0	IntCal09
32.050	28.006	0.164	478.0	30.2	IntCal09
32.000	27.968	0.162	476.0	29.8	IntCal09
31.950	27.931	0.157	473.9	28.8	IntCal09
31.900	27.895	0.150	471.6	27.5	IntCal09
31.850	27.862	0.143	468.7	26.1	IntCal09
31.800	27.831	0.139	465.5	25.4	IntCal09
31.750	27.798	0.140	462.7	25.5	IntCal09
31.700	27.758	0.148	461.1	26.9	IntCal09
31.650	27.705	0.163	461.9	29.7	IntCal09
31.600	27.636	0.178	465.7	32.5	IntCal09
31.550	27.552	0.188	472.1	34.5	IntCal09
31.500	27.456	0.186	480.8	34.3	IntCal09
31.450	27.355	0.172	490.5	31.9	IntCal09
31.400	27.251	0.157	500.9	29.3	IntCal09
31.350	27.139	0.152	512.8	28.6	IntCal09
31.300	27.022	0.156	525.7	29.6	IntCal09
31.250	26.902	0.171	539.3	32.8	IntCal09
31.200	26.769	0.191	555.6	37.0	IntCal09
31.150	26.626	0.197	574.0	38.6	IntCal09
31.100	26.487	0.190	591.8	37.6	IntCal09
31.050	26.360	0.178	607.4	35.6	IntCal09
31.000	26.245	0.164	620.7	33.1	IntCal09
30.950	26.151	0.144	629.9	29.2	IntCal09
30.900	26.079	0.126	634.7	25.6	IntCal09
30.850	26.025	0.118	635.8	24.0	IntCal09
30.800	25.980	0.117	635.1	23.8	IntCal09
30.750	25.943	0.116	632.7	23.6	IntCal09
30.700	25.911	0.118	629.3	23.9	IntCal09
30.650	25.874	0.122	627.0	24.7	IntCal09
30.600	25.828	0.128	626.5	25.9	IntCal09
30.550	25.776	0.129	627.2	26.1	IntCal09
30.500	25.723	0.130	628.0	26.3	IntCal09
30.450	25.666	0.136	629.8	27.6	IntCal09
30.400	25.598	0.145	633.7	29.5	IntCal09
30.350	25.515	0.153	640.7	31.2	IntCal09
30.300	25.419	0.151	650.4	31.0	IntCal09
30.250	25.312	0.139	662.5	28.8	IntCal09
30.200	25.193	0.120	677.1	25.1	IntCal09
30.150	25.089	0.087	688.7	18.3	IntCal09
30.100	25.067	0.090	683.1	18.9	IntCal09
30.050	25.085	0.112	669.2	23.3	IntCal09
30.000	25.096	0.123	656.9	25.4	IntCal09
29.950	25.100	0.129	646.1	26.4	IntCal09
29.900	25.099	0.135	636.4	27.5	IntCal09
29.850	25.094	0.142	627.5	28.8	IntCal09
29.800	25.082	0.150	620.1	30.3	IntCal09
29.750	25.063	0.157	614.2	31.5	IntCal09
29.700	25.033	0.158	610.4	31.7	IntCal09
29.650	24.989	0.151	609.5	30.3	IntCal09
29.600	24.926	0.139	612.4	27.9	IntCal09
29.550	24.820	0.152	624.0	30.7	IntCal09
29.500	24.682	0.163	642.1	33.3	IntCal09
29.450	24.559	0.146	657.4	30.1	IntCal09
29.400	24.472	0.130	665.4	27.0	IntCal09
29.350	24.404	0.129	669.4	26.8	IntCal09
29.300	24.339	0.136	672.8	28.3	IntCal09
29.250	24.277	0.134	675.6	28.0	IntCal09
29.200	24.227	0.123	675.9	25.7	IntCal09
29.150	24.194	0.113	672.7	23.5	IntCal09
29.100	24.173	0.106	666.9	22.0	IntCal09
29.050	24.159	0.104	659.8	21.5	IntCal09
29.000	24.146	0.105	652.4	21.6	IntCal09
28.950	24.131	0.106	645.5	21.7	IntCal09
28.900	24.116	0.107	638.7	21.8	IntCal09
28.850	24.099	0.110	632.2	22.4	IntCal09
28.800	24.082	0.116	625.8	23.5	IntCal09
28.750	24.060	0.127	620.5	25.6	IntCal09
28.700	24.028	0.148	617.1	29.8	IntCal09
28.650	23.982	0.178	616.6	35.8	IntCal09
28.600	23.918	0.210	619.7	42.3	IntCal09
28.550	23.836	0.235	626.4	47.6	IntCal09
28.500	23.743	0.245	635.5	49.9	IntCal09
28.450	23.652	0.234	644.1	47.9	IntCal09
28.400	23.574	0.208	650.2	42.7	IntCal09
28.350	23.517	0.175	651.9	36.0	IntCal09
28.300	23.478	0.150	649.9	30.8	IntCal09
28.250	23.450	0.138	645.7	28.3	IntCal09
28.200	23.423	0.142	641.3	29.0	IntCal09
28.150	23.386	0.157	638.9	32.0	IntCal09
28.100	23.333	0.177	639.8	36.1	IntCal09
28.050	23.267	0.194	643.4	39.7	IntCal09
28.000	23.191	0.206	649.0	42.3	IntCal09
27.950	23.110	0.208	655.6	42.9	IntCal09
27.900	23.031	0.202	661.9	41.8	IntCal09
27.850	22.956	0.192	667.4	39.9	IntCal09
27.800	22.886	0.184	671.9	38.3	IntCal09
27.750	22.818	0.178	675.9	37.1	IntCal09
27.700	22.753	0.175	679.3	36.6	IntCal09
27.650	22.691	0.169	682.1	35.4	IntCal09
27.600	22.634	0.158	683.9	33.1	IntCal09
27.550	22.587	0.144	683.6	30.2	IntCal09
27.500	22.551	0.129	680.9	27.0	IntCal09
27.450	22.528	0.118	675.6	24.6	IntCal09
27.400	22.519	0.114	667.3	23.7	IntCal09
27.350	22.524	0.118	656.3	24.3	IntCal09
27.300	22.542	0.126	642.6	25.8	IntCal09
27.250	22.568	0.133	627.4	26.9	IntCal09
27.200	22.594	0.136	612.4	27.3	IntCal09
27.150	22.608	0.139	599.9	27.7	IntCal09
27.100	22.601	0.147	591.6	29.1	IntCal09
27.050	22.571	0.161	587.9	31.8	IntCal09
27.000	22.523	0.171	587.8	33.8	IntCal09
26.950	22.464	0.173	589.9	34.2	IntCal09
26.900	22.402	0.169	592.5	33.5	IntCal09
26.850	22.342	0.166	594.8	33.0	IntCal09
26.800	22.282	0.166	597.0	33.0	IntCal09
26.750	22.221	0.166	599.5	33.1	IntCal09
26.700	22.160	0.163	602.0	32.5	IntCal09
26.650	22.107	0.151	602.9	30.1	IntCal09
26.600	22.068	0.135	601.0	26.9	IntCal09
26.550	22.048	0.121	595.3	24.0	IntCal09
26.500	22.048	0.114	585.6	22.5	IntCal09
26.475	22.180	0.085	555.0	11.0	Southon12
26.090	21.970	0.080	523.0	10.0	Southon12
25.793	21.385	0.070	581.0	9.0	Southon12
25.498	20.960	0.070	608.0	9.0	Southon12
25.157	20.785	0.065	577.0	8.0	Southon12
24.982	20.705	0.065	559.0	8.0	Southon12
24.865	20.585	0.065	561.0	8.0	Southon12
24.518	20.635	0.065	487.0	8.0	Southon12
23.805	19.705	0.065	532.0	8.0	Southon12
22.897	18.913	0.060	515.0	7.0	Southon12
22.351	18.400	0.060	511.0	7.0	Southon12
22.265	18.325	0.063	510.0	8.0	Southon12
22.109	18.165	0.060	512.0	7.0	Southon12
21.808	17.848	0.058	516.0	7.0	Southon12
21.540	17.745	0.055	487.0	7.0	Southon12
21.420	17.725	0.068	469.0	8.0	Southon12
21.329	17.600	0.060	476.0	7.0	Southon12
21.159	17.520	0.070	460.0	9.0	Southon12
20.976	17.410	0.080	448.0	10.0	Southon12
20.789	17.200	0.065	453.0	8.0	Southon12
20.640	17.105	0.065	444.0	8.0	Southon12
20.534	16.995	0.065	445.0	8.0	Southon12
20.436	16.870	0.065	450.0	8.0	Southon12
20.247	16.785	0.065	433.0	8.0	Southon12
19.830	16.388	0.060	431.0	7.0	Southon12
19.478	16.015	0.063	437.0	8.0	Southon12
19.369	16.058	0.060	411.0	7.0	Southon12
19.277	16.045	0.060	397.0	7.0	Southon12
19.210	15.960	0.060	401.0	7.0	Southon12
19.203	15.880	0.060	413.0	7.0	Southon12
19.169	15.875	0.065	409.0	8.0	Southon12
19.128	15.825	0.060	410.0	7.0	Southon12
19.091	15.870	0.060	396.0	7.0	Southon12
19.068	15.885	0.065	390.0	8.0	Southon12
19.004	15.775	0.060	398.0	7.0	Southon12
18.938	15.745	0.060	392.0	7.0	Southon12
18.927	15.710	0.060	396.0	7.0	Southon12
18.886	15.610	0.060	407.0	7.0	Southon12
18.843	15.585	0.065	404.0	8.0	Southon12
18.842	15.570	0.065	406.0	8.0	Southon12
18.832	15.615	0.065	397.0	8.0	Southon12
18.831	15.620	0.065	396.0	8.0	Southon12
18.758	15.525	0.065	400.0	8.0	Southon12
18.698	15.345	0.065	421.0	8.0	Southon12
18.620	15.360	0.065	405.0	8.0	Southon12
18.529	15.270	0.060	406.0	7.0	Southon12
18.484	15.250	0.060	401.0	7.0	Southon12
18.455	15.233	0.063	400.0	8.0	Southon12
18.450	15.095	0.065	423.0	8.0	Southon12
18.381	15.155	0.060	400.0	7.0	Southon12
18.308	15.050	0.060	406.0	7.0	Southon12
18.250	14.960	0.065	412.0	8.0	Southon12
18.053	14.860	0.070	396.0	9.0	Southon12
17.821	14.565	0.065	409.0	8.0	Southon12
17.716	14.625	0.065	380.0	8.0	Southon12
17.646	14.505	0.065	389.0	8.0	Southon12
17.541	14.405	0.065	389.0	8.0	Southon12
17.420	14.280	0.065	390.0	8.0	Southon12
17.292	14.210	0.065	381.0	8.0	Southon12
17.239	14.220	0.065	370.0	8.0	Southon12
17.186	14.135	0.065	376.0	8.0	Southon12
17.108	14.125	0.065	365.0	8.0	Southon12
17.072	14.075	0.065	367.0	8.0	Southon12
17.062	14.030	0.065	373.0	8.0	Southon12
17.053	14.065	0.065	366.0	8.0	Southon12
17.001	13.980	0.060	372.0	7.0	Southon12
16.936	13.895	0.060	376.0	7.0	Southon12
16.826	13.890	0.060	358.0	7.0	Southon12
16.731	13.825	0.060	354.0	7.0	Southon12
16.686	13.840	0.060	344.0	7.0	Southon12
16.564	13.740	0.055	341.0	7.0	Southon12
16.434	13.665	0.060	332.0	7.0	Southon12
16.361	13.650	0.055	323.0	7.0	Southon12
16.284	13.595	0.055	320.0	7.0	Southon12
16.190	13.460	0.060	327.0	7.0	Southon12
16.133	13.365	0.058	333.0	7.0	Southon12
16.132	13.460	0.055	318.0	7.0	Southon12
16.034	13.320	0.060	325.0	7.0	Southon12
15.879	13.230	0.060	315.0	7.0	Southon12
15.799	13.160	0.055	314.0	7.0	Southon12
15.712	13.075	0.055	314.0	7.0	Southon12
15.652	13.080	0.055	303.0	7.0	Southon12
15.634	13.040	0.055	307.0	7.0	Southon12
15.603	13.030	0.055	304.0	7.0	Southon12
15.554	12.940	0.055	311.0	7.0	Southon12
15.467	12.980	0.055	291.0	7.0	Southon12
15.349	12.970	0.055	274.0	7.0	Southon12
15.245	12.830	0.055	280.0	7.0	Southon12
15.169	12.773	0.058	278.0	7.0	Southon12
15.069	12.620	0.055	286.0	7.0	Southon12
15.000	12.609	0.110	277.5	17.5	IntCal09
14.990	12.602	0.109	277.0	17.3	IntCal09
14.980	12.595	0.108	276.6	17.2	IntCal09
14.970	12.588	0.107	276.2	17.0	IntCal09
14.960	12.581	0.105	275.7	16.7	IntCal09
14.950	12.574	0.103	275.3	16.4	IntCal09
14.940	12.567	0.102	274.9	16.2	IntCal09
14.930	12.560	0.099	274.4	15.7	IntCal09
14.920	12.553	0.097	274.0	15.4	IntCal09
14.910	12.544	0.093	273.9	14.7	IntCal09
14.900	12.536	0.090	273.6	14.3	IntCal09
14.890	12.528	0.087	273.4	13.8	IntCal09
14.880	12.520	0.084	273.1	13.3	IntCal09
14.870	12.514	0.082	272.5	13.0	IntCal09
14.860	12.509	0.082	271.7	13.0	IntCal09
14.850	12.507	0.084	270.5	13.3	IntCal09
14.840	12.504	0.086	269.5	13.6	IntCal09
14.830	12.503	0.089	268.1	14.0	IntCal09
14.820	12.502	0.091	266.7	14.3	IntCal09
14.810	12.501	0.093	265.3	14.6	IntCal09
14.800	12.499	0.093	264.1	14.6	IntCal09
14.790	12.498	0.094	262.8	14.8	IntCal09
14.780	12.497	0.094	261.4	14.8	IntCal09
14.770	12.496	0.093	260.0	14.6	IntCal09
14.760	12.497	0.092	258.3	14.4	IntCal09
14.750	12.498	0.090	256.7	14.1	IntCal09
14.740	12.499	0.088	255.0	13.7	IntCal09
14.730	12.501	0.085	253.2	13.3	IntCal09
14.720	12.503	0.081	251.3	12.6	IntCal09
14.710	12.506	0.077	249.3	12.0	IntCal09
14.700	12.508	0.072	247.5	11.2	IntCal09
14.690	12.508	0.069	246.0	10.7	IntCal09
14.680	12.507	0.067	244.7	10.4	IntCal09
14.670	12.505	0.066	243.5	10.2	IntCal09
14.660	12.502	0.066	242.4	10.2	IntCal09
14.650	12.498	0.066	241.5	10.2	IntCal09
14.640	12.495	0.065	240.5	10.0	IntCal09
14.630	12.491	0.064	239.6	9.9	IntCal09
14.620	12.488	0.062	238.6	9.6	IntCal09
14.610	12.484	0.060	237.7	9.2	IntCal09
14.600	12.479	0.058	237.0	8.9	IntCal09
14.590	12.473	0.057	236.4	8.8	IntCal09
14.580	12.465	0.055	236.1	8.5	IntCal09
14.570	12.457	0.054	235.9	8.3	IntCal09
14.560	12.450	0.055	235.5	8.5	IntCal09
14.550	12.442	0.056	235.2	8.6	IntCal09
14.540	12.435	0.058	234.8	8.9	IntCal09
14.530	12.429	0.059	234.2	9.1	IntCal09
14.520	12.424	0.061	233.5	9.4	IntCal09
14.510	12.420	0.062	232.6	9.5	IntCal09
14.500	12.416	0.062	231.7	9.5	IntCal09
14.490	12.412	0.062	230.9	9.5	IntCal09
14.480	12.409	0.062	229.8	9.5	IntCal09
14.470	12.406	0.061	228.8	9.3	IntCal09
14.460	12.403	0.061	227.8	9.3	IntCal09
14.450	12.402	0.061	226.4	9.3	IntCal09
14.440	12.402	0.060	225.0	9.1	IntCal09
14.430	12.403	0.058	223.3	8.8	IntCal09
14.420	12.404	0.056	221.7	8.5	IntCal09
14.410	12.404	0.054	220.2	8.2	IntCal09
14.400	12.404	0.053	218.7	8.0	IntCal09
14.390	12.404	0.054	217.3	8.2	IntCal09
14.380	12.403	0.056	215.9	8.5	IntCal09
14.370	12.402	0.059	214.6	8.9	IntCal09
14.360	12.403	0.061	213.0	9.2	IntCal09
14.350	12.404	0.062	211.4	9.3	IntCal09
14.340	12.408	0.062	209.3	9.3	IntCal09
14.330	12.412	0.062	207.3	9.3	IntCal09
14.320	12.416	0.062	205.2	9.3	IntCal09
14.310	12.420	0.062	203.1	9.3	IntCal09
14.300	12.424	0.061	201.1	9.1	IntCal09
14.290	12.425	0.061	199.5	9.1	IntCal09
14.280	12.425	0.060	198.0	8.9	IntCal09
14.270	12.423	0.059	196.9	8.8	IntCal09
14.260	12.418	0.058	196.2	8.6	IntCal09
14.250	12.411	0.058	195.8	8.6	IntCal09
14.240	12.402	0.059	195.7	8.8	IntCal09
14.230	12.392	0.061	195.7	9.1	IntCal09
14.220	12.381	0.063	195.9	9.4	IntCal09
14.210	12.371	0.065	196.0	9.7	IntCal09
14.200	12.361	0.067	196.0	10.0	IntCal09
14.190	12.350	0.070	196.2	10.4	IntCal09
14.180	12.339	0.072	196.4	10.7	IntCal09
14.170	12.328	0.074	196.6	11.0	IntCal09
14.160	12.315	0.075	197.1	11.2	IntCal09
14.150	12.303	0.075	197.4	11.2	IntCal09
14.140	12.291	0.074	197.7	11.0	IntCal09
14.130	12.280	0.072	197.9	10.7	IntCal09
14.120	12.269	0.070	198.1	10.4	IntCal09
14.110	12.260	0.068	198.0	10.1	IntCal09
14.100	12.252	0.065	197.8	9.7	IntCal09
14.090	12.246	0.062	197.2	9.2	IntCal09
14.080	12.240	0.059	196.6	8.8	IntCal09
14.070	12.234	0.056	196.1	8.3	IntCal09
14.060	12.227	0.055	195.7	8.2	IntCal09
14.050	12.216	0.055	195.9	8.2	IntCal09
14.040	12.203	0.055	196.4	8.2	IntCal09
14.030	12.188	0.056	197.2	8.3	IntCal09
14.020	12.174	0.055	197.8	8.2	IntCal09
14.010	12.161	0.055	198.3	8.2	IntCal09
14.000	12.150	0.055	198.5	8.2	IntCal09
13.990	12.141	0.055	198.4	8.2	IntCal09
13.980	12.132	0.056	198.3	8.4	IntCal09
13.970	12.123	0.056	198.2	8.4	IntCal09
13.960	12.114	0.056	198.0	8.4	IntCal09
13.950	12.106	0.057	197.8	8.5	IntCal09
13.940	12.097	0.057	197.7	8.5	IntCal09
13.930	12.088	0.057	197.6	8.5	IntCal09
13.920	12.080	0.057	197.3	8.5	IntCal09
13.910	12.071	0.056	197.2	8.3	IntCal09
13.900	12.063	0.056	197.0	8.3	IntCal09
13.890	12.055	0.056	196.7	8.3	IntCal09
13.880	12.046	0.056	196.6	8.3	IntCal09
13.870	12.037	0.057	196.5	8.5	IntCal09
13.860	12.028	0.058	196.4	8.6	IntCal09
13.850	12.017	0.060	196.6	8.9	IntCal09
13.840	12.004	0.062	197.1	9.2	IntCal09
13.830	11.991	0.064	197.6	9.5	IntCal09
13.820	11.977	0.066	198.2	9.8	IntCal09
13.810	11.963	0.066	198.8	9.8	IntCal09
13.800	11.948	0.067	199.6	10.0	IntCal09
13.790	11.933	0.066	200.4	9.9	IntCal09
13.780	11.918	0.065	201.2	9.7	IntCal09
13.770	11.903	0.064	202.0	9.6	IntCal09
13.760	11.887	0.062	202.9	9.3	IntCal09
13.750	11.872	0.061	203.7	9.1	IntCal09
13.740	11.857	0.059	204.5	8.8	IntCal09
13.730	11.843	0.056	205.2	8.4	IntCal09
13.720	11.830	0.053	205.6	8.0	IntCal09
13.710	11.820	0.052	205.7	7.8	IntCal09
13.700	11.812	0.051	205.4	7.7	IntCal09
13.690	11.805	0.051	205.0	7.7	IntCal09
13.680	11.798	0.051	204.6	7.6	IntCal09
13.670	11.792	0.053	204.1	7.9	IntCal09
13.660	11.784	0.054	203.8	8.1	IntCal09
13.650	11.777	0.055	203.4	8.2	IntCal09
13.640	11.770	0.056	203.0	8.4	IntCal09
13.630	11.762	0.056	202.7	8.4	IntCal09
13.620	11.754	0.056	202.5	8.4	IntCal09
13.610	11.746	0.056	202.2	8.4	IntCal09
13.600	11.736	0.056	202.3	8.4	IntCal09
13.590	11.727	0.054	202.2	8.1	IntCal09
13.580	11.719	0.054	201.9	8.1	IntCal09
13.570	11.713	0.052	201.3	7.8	IntCal09
13.560	11.710	0.052	200.3	7.8	IntCal09
13.550	11.711	0.053	198.7	7.9	IntCal09
13.540	11.714	0.055	196.8	8.2	IntCal09
13.530	11.717	0.058	194.9	8.6	IntCal09
13.520	11.718	0.060	193.3	8.9	IntCal09
13.510	11.715	0.062	192.4	9.2	IntCal09
13.500	11.709	0.063	191.8	9.3	IntCal09
13.490	11.700	0.065	191.7	9.6	IntCal09
13.480	11.689	0.066	191.9	9.8	IntCal09
13.470	11.676	0.067	192.4	9.9	IntCal09
13.460	11.661	0.068	193.2	10.1	IntCal09
13.450	11.646	0.067	193.9	10.0	IntCal09
13.440	11.630	0.067	194.9	10.0	IntCal09
13.430	11.614	0.066	195.8	9.8	IntCal09
13.420	11.598	0.064	196.7	9.5	IntCal09
13.410	11.583	0.061	197.5	9.1	IntCal09
13.400	11.568	0.059	198.3	8.8	IntCal09
13.390	11.553	0.058	199.1	8.7	IntCal09
13.380	11.539	0.056	199.7	8.4	IntCal09
13.370	11.526	0.055	200.2	8.2	IntCal09
13.360	11.516	0.055	200.3	8.2	IntCal09
13.350	11.506	0.055	200.3	8.2	IntCal09
13.340	11.496	0.056	200.4	8.4	IntCal09
13.330	11.484	0.058	200.7	8.7	IntCal09
13.320	11.472	0.060	201.0	9.0	IntCal09
13.310	11.457	0.062	201.8	9.3	IntCal09
13.300	11.440	0.064	202.9	9.6	IntCal09
13.290	11.421	0.066	204.3	9.9	IntCal09
13.280	11.401	0.066	205.9	9.9	IntCal09
13.270	11.381	0.064	207.4	9.6	IntCal09
13.260	11.364	0.061	208.5	9.2	IntCal09
13.250	11.350	0.057	209.1	8.6	IntCal09
13.240	11.338	0.054	209.5	8.1	IntCal09
13.230	11.330	0.052	209.2	7.8	IntCal09
13.220	11.323	0.051	208.8	7.7	IntCal09
13.210	11.318	0.051	208.1	7.7	IntCal09
13.200	11.311	0.052	207.7	7.8	IntCal09
13.190	11.303	0.052	207.4	7.8	IntCal09
13.180	11.295	0.052	207.2	7.8	IntCal09
13.170	11.285	0.053	207.2	8.0	IntCal09
13.160	11.275	0.053	207.3	8.0	IntCal09
13.150	11.265	0.053	207.3	8.0	IntCal09
13.140	11.253	0.052	207.7	7.8	IntCal09
13.130	11.238	0.053	208.5	8.0	IntCal09
13.120	11.219	0.054	209.8	8.1	IntCal09
13.110	11.196	0.055	211.9	8.3	IntCal09
13.100	11.168	0.053	214.6	8.0	IntCal09
13.090	11.140	0.050	217.4	7.6	IntCal09
13.080	11.117	0.047	219.4	7.1	IntCal09
13.070	11.103	0.045	220.0	6.8	IntCal09
13.060	11.094	0.045	219.9	6.8	IntCal09
13.050	11.090	0.045	219.1	6.8	IntCal09
13.040	11.088	0.044	217.9	6.7	IntCal09
13.030	11.090	0.044	216.1	6.7	IntCal09
13.020	11.094	0.045	214.0	6.8	IntCal09
13.010	11.100	0.046	211.7	6.9	IntCal09
13.000	11.104	0.047	209.6	7.1	IntCal09
12.990	11.104	0.047	208.1	7.1	IntCal09
12.980	11.100	0.048	207.3	7.2	IntCal09
12.970	11.093	0.048	206.9	7.2	IntCal09
12.960	11.085	0.050	206.6	7.5	IntCal09
12.950	11.077	0.053	206.4	8.0	IntCal09
12.940	11.068	0.057	206.3	8.6	IntCal09
12.930	11.058	0.061	206.3	9.2	IntCal09
12.920	11.046	0.065	206.6	9.8	IntCal09
12.910	11.034	0.068	207.0	10.2	IntCal09
12.900	11.022	0.069	207.3	10.4	IntCal09
12.890	11.009	0.069	207.8	10.4	IntCal09
12.880	10.997	0.069	208.2	10.4	IntCal09
12.870	10.987	0.068	208.2	10.2	IntCal09
12.860	10.980	0.067	207.8	10.1	IntCal09
12.850	10.975	0.066	207.1	9.9	IntCal09
12.840	10.972	0.066	206.1	9.9	IntCal09
12.830	10.970	0.066	204.9	9.9	IntCal09
12.820	10.969	0.066	203.6	9.9	IntCal09
12.810	10.968	0.067	202.3	10.0	IntCal09
12.800	10.965	0.068	201.3	10.2	IntCal09
12.790	10.961	0.069	200.4	10.3	IntCal09
12.780	10.955	0.070	199.9	10.5	IntCal09
12.770	10.947	0.071	199.6	10.6	IntCal09
12.760	10.938	0.073	199.5	10.9	IntCal09
12.750	10.927	0.073	199.7	10.9	IntCal09
12.740	10.916	0.075	199.9	11.2	IntCal09
12.730	10.906	0.076	200.0	11.4	IntCal09
12.720	10.895	0.078	200.1	11.7	IntCal09
12.710	10.883	0.080	200.5	12.0	IntCal09
12.700	10.870	0.082	201.0	12.3	IntCal09
12.690	10.856	0.083	201.6	12.4	IntCal09
12.680	10.840	0.083	202.6	12.4	IntCal09
12.670	10.822	0.082	203.8	12.3	IntCal09
12.660	10.802	0.080	205.3	12.0	IntCal09
12.650	10.780	0.076	207.2	11.4	IntCal09
12.640	10.759	0.072	208.9	10.8	IntCal09
12.630	10.741	0.072	210.1	10.8	IntCal09
12.620	10.723	0.075	211.4	11.3	IntCal09
12.610	10.702	0.077	213.1	11.6	IntCal09
12.600	10.678	0.078	215.2	11.8	IntCal09
12.590	10.652	0.077	217.7	11.7	IntCal09
12.580	10.626	0.074	220.2	11.2	IntCal09
12.570	10.600	0.068	222.6	10.3	IntCal09
12.560	10.576	0.059	224.8	9.0	IntCal09
12.550	10.553	0.046	226.9	7.0	IntCal09
12.540	10.530	0.016	228.9	2.4	IntCal09
12.530	10.521	0.016	228.8	2.4	IntCal09
12.520	10.493	0.018	231.6	2.8	IntCal09
12.510	10.476	0.020	232.7	3.1	IntCal09
12.500	10.481	0.023	230.4	3.5	IntCal09
12.490	10.486	0.027	228.2	4.1	IntCal09
12.480	10.492	0.024	225.8	3.7	IntCal09
12.470	10.501	0.024	222.9	3.7	IntCal09
12.460	10.515	0.023	219.3	3.5	IntCal09
12.450	10.523	0.020	216.6	3.0	IntCal09
12.440	10.519	0.019	215.8	2.9	IntCal09
12.430	10.501	0.020	217.0	3.0	IntCal09
12.420	10.475	0.019	219.5	2.9	IntCal09
12.410	10.455	0.019	221.1	2.9	IntCal09
12.400	10.440	0.019	221.9	2.9	IntCal09
12.390	10.423	0.016	223.0	2.4	IntCal09
12.380	10.398	0.018	225.3	2.7	IntCal09
12.370	10.375	0.018	227.3	2.8	IntCal09
12.360	10.369	0.016	226.8	2.4	IntCal09
12.350	10.388	0.017	222.4	2.6	IntCal09
12.340	10.395	0.018	219.8	2.7	IntCal09
12.330	10.397	0.017	218.1	2.6	IntCal09
12.320	10.393	0.018	217.2	2.7	IntCal09
12.310	10.380	0.020	217.7	3.0	IntCal09
12.300	10.376	0.019	216.8	2.9	IntCal09
12.290	10.383	0.020	214.3	3.0	IntCal09
12.280	10.390	0.022	211.8	3.3	IntCal09
12.270	10.394	0.020	209.7	3.0	IntCal09
12.260	10.399	0.021	207.5	3.2	IntCal09
12.250	10.407	0.021	204.8	3.1	IntCal09
12.240	10.421	0.019	201.3	2.8	IntCal09
12.230	10.413	0.020	201.0	3.0	IntCal09
12.220	10.390	0.022	203.0	3.3	IntCal09
12.210	10.372	0.022	204.2	3.3	IntCal09
12.200	10.365	0.020	203.8	3.0	IntCal09
12.190	10.375	0.018	200.9	2.7	IntCal09
12.180	10.387	0.017	197.6	2.5	IntCal09
12.170	10.386	0.018	196.3	2.7	IntCal09
12.160	10.384	0.019	195.2	2.8	IntCal09
12.150	10.377	0.024	194.8	3.6	IntCal09
12.140	10.364	0.029	195.3	4.3	IntCal09
12.130	10.352	0.030	195.6	4.5	IntCal09
12.120	10.343	0.031	195.5	4.6	IntCal09
12.110	10.336	0.029	195.1	4.3	IntCal09
12.100	10.329	0.027	194.7	4.0	IntCal09
12.090	10.319	0.025	194.7	3.7	IntCal09
12.080	10.305	0.025	195.4	3.7	IntCal09
12.070	10.294	0.025	195.6	3.7	IntCal09
12.060	10.285	0.025	195.5	3.7	IntCal09
12.050	10.275	0.024	195.5	3.6	IntCal09
12.040	10.262	0.022	196.0	3.3	IntCal09
12.030	10.250	0.024	196.3	3.6	IntCal09
12.020	10.245	0.028	195.6	4.2	IntCal09
12.010	10.245	0.029	194.2	4.3	IntCal09
12.000	10.243	0.026	193.0	3.9	IntCal09
11.990	10.235	0.025	192.8	3.7	IntCal09
11.980	10.217	0.028	194.0	4.2	IntCal09
11.970	10.197	0.029	195.6	4.3	IntCal09
11.960	10.177	0.027	197.1	4.0	IntCal09
11.950	10.165	0.025	197.4	3.7	IntCal09
11.940	10.163	0.025	196.3	3.7	IntCal09
11.930	10.166	0.024	194.4	3.6	IntCal09
11.920	10.169	0.021	192.5	3.1	IntCal09
11.910	10.171	0.021	190.8	3.1	IntCal09
11.900	10.169	0.024	189.6	3.6	IntCal09
11.890	10.170	0.025	188.0	3.7	IntCal09
11.880	10.173	0.024	186.1	3.5	IntCal09
11.870	10.183	0.023	183.2	3.4	IntCal09
11.860	10.200	0.022	179.3	3.2	IntCal09
11.850	10.207	0.021	176.9	3.1	IntCal09
11.840	10.197	0.022	176.9	3.2	IntCal09
11.830	10.178	0.021	178.3	3.1	IntCal09
11.820	10.157	0.020	179.9	2.9	IntCal09
11.810	10.144	0.018	180.4	2.6	IntCal09
11.800	10.140	0.019	179.6	2.8	IntCal09
11.790	10.141	0.019	178.0	2.8	IntCal09
11.780	10.146	0.021	175.8	3.1	IntCal09
11.770	10.143	0.020	174.8	2.9	IntCal09
11.760	10.124	0.022	176.2	3.2	IntCal09
11.750	10.103	0.021	177.9	3.1	IntCal09
11.740	10.098	0.018	177.2	2.6	IntCal09
11.730	10.106	0.019	174.6	2.8	IntCal09
11.720	10.103	0.021	173.6	3.1	IntCal09
11.710	10.093	0.021	173.6	3.1	IntCal09
11.700	10.078	0.021	174.4	3.1	IntCal09
11.690	10.065	0.018	174.9	2.6	IntCal09
11.680	10.062	0.018	173.9	2.6	IntCal09
11.670	10.079	0.018	170.0	2.6	IntCal09
11.660	10.090	0.017	167.0	2.5	IntCal09
11.650	10.088	0.016	165.9	2.3	IntCal09
11.640	10.077	0.016	166.1	2.3	IntCal09
11.630	10.077	0.017	164.6	2.5	IntCal09
11.620	10.064	0.017	165.1	2.5	IntCal09
11.610	10.047	0.019	166.2	2.8	IntCal09
11.600	10.025	0.018	168.0	2.6	IntCal09
11.590	10.011	0.018	168.6	2.6	IntCal09
11.580	10.012	0.018	167.0	2.6	IntCal09
11.570	10.013	0.018	165.5	2.6	IntCal09
11.560	10.017	0.018	163.5	2.6	IntCal09
11.550	10.027	0.018	160.6	2.6	IntCal09
11.540	10.029	0.016	158.9	2.3	IntCal09
11.530	10.028	0.017	157.7	2.4	IntCal09
11.520	10.046	0.018	153.7	2.6	IntCal09
11.510	10.051	0.017	151.6	2.4	IntCal09
11.500	10.034	0.016	152.6	2.3	IntCal09
11.490	10.024	0.018	152.7	2.6	IntCal09
11.480	10.027	0.018	150.8	2.6	IntCal09
11.470	10.017	0.017	150.9	2.4	IntCal09
11.460	10.013	0.018	150.1	2.6	IntCal09
11.450	10.020	0.016	147.7	2.3	IntCal09
11.440	10.022	0.016	146.0	2.3	IntCal09
11.430	10.028	0.017	143.8	2.4	IntCal09
11.420	10.036	0.018	141.2	2.6	IntCal09
11.410	10.027	0.018	141.1	2.6	IntCal09
11.400	10.004	0.017	143.0	2.4	IntCal09
11.390	9.973	0.017	146.1	2.4	IntCal09
11.380	9.965	0.017	145.8	2.4	IntCal09
11.370	9.982	0.018	142.0	2.6	IntCal09
11.360	9.976	0.023	141.5	3.3	IntCal09
11.350	9.968	0.023	141.2	3.3	IntCal09
11.340	9.964	0.020	140.4	2.8	IntCal09
11.330	9.960	0.018	139.6	2.6	IntCal09
11.320	9.946	0.021	140.2	3.0	IntCal09
11.310	9.934	0.022	140.5	3.1	IntCal09
11.300	9.929	0.020	139.9	2.8	IntCal09
11.290	9.931	0.021	138.2	3.0	IntCal09
11.280	9.928	0.017	137.3	2.4	IntCal09
11.270	9.918	0.015	137.3	2.1	IntCal09
11.260	9.894	0.014	139.3	2.0	IntCal09
11.250	9.879	0.016	140.1	2.3	IntCal09
11.240	9.846	0.018	143.4	2.6	IntCal09
11.230	9.818	0.018	146.0	2.6	IntCal09
11.220	9.799	0.021	147.3	3.0	IntCal09
11.210	9.780	0.018	148.6	2.6	IntCal09
11.200	9.754	0.016	151.0	2.3	IntCal09
11.195	9.736	0.015	152.9	2.2	IntCal09
11.190	9.730	0.014	153.0	2.0	IntCal09
11.185	9.722	0.015	153.5	2.2	IntCal09
11.180	9.714	0.015	153.9	2.2	IntCal09
11.175	9.702	0.016	155.0	2.3	IntCal09
11.170	9.688	0.016	156.3	2.3	IntCal09
11.165	9.679	0.018	156.9	2.6	IntCal09
11.160	9.674	0.018	156.9	2.6	IntCal09
11.155	9.672	0.016	156.5	2.3	IntCal09
11.150	9.672	0.016	155.8	2.3	IntCal09
11.145	9.671	0.015	155.2	2.2	IntCal09
11.140	9.667	0.016	155.1	2.3	IntCal09
11.135	9.662	0.016	155.1	2.3	IntCal09
11.130	9.658	0.018	155.0	2.6	IntCal09
11.125	9.653	0.019	155.0	2.7	IntCal09
11.120	9.648	0.017	155.0	2.4	IntCal09
11.115	9.650	0.015	154.0	2.2	IntCal09
11.110	9.653	0.016	152.9	2.3	IntCal09
11.105	9.647	0.016	153.1	2.3	IntCal09
11.100	9.636	0.016	154.0	2.3	IntCal09
11.095	9.628	0.016	154.4	2.3	IntCal09
11.090	9.625	0.016	154.1	2.3	IntCal09
11.085	9.618	0.015	154.5	2.2	IntCal09
11.080	9.609	0.015	155.0	2.2	IntCal09
11.075	9.602	0.015	155.4	2.2	IntCal09
11.070	9.587	0.014	156.8	2.0	IntCal09
11.065	9.567	0.014	159.0	2.0	IntCal09
11.060	9.551	0.015	160.6	2.2	IntCal09
11.055	9.547	0.017	160.5	2.5	IntCal09
11.050	9.546	0.016	159.9	2.3	IntCal09
11.045	9.546	0.015	159.2	2.2	IntCal09
11.040	9.546	0.015	158.5	2.2	IntCal09
11.035	9.551	0.015	157.1	2.2	IntCal09
11.030	9.560	0.017	155.1	2.4	IntCal09
11.025	9.568	0.018	153.3	2.6	IntCal09
11.020	9.574	0.020	151.7	2.9	IntCal09
11.015	9.578	0.020	150.4	2.9	IntCal09
11.010	9.578	0.019	149.7	2.7	IntCal09
11.005	9.569	0.021	150.3	3.0	IntCal09
11.000	9.560	0.021	150.9	3.0	IntCal09
10.995	9.556	0.023	150.8	3.3	IntCal09
10.990	9.552	0.023	150.7	3.3	IntCal09
10.985	9.550	0.021	150.3	3.0	IntCal09
10.980	9.550	0.019	149.6	2.7	IntCal09
10.975	9.554	0.018	148.3	2.6	IntCal09
10.970	9.560	0.017	146.8	2.4	IntCal09
10.965	9.566	0.017	145.2	2.4	IntCal09
10.960	9.571	0.017	143.8	2.4	IntCal09
10.955	9.578	0.017	142.1	2.4	IntCal09
10.950	9.590	0.016	139.7	2.3	IntCal09
10.945	9.602	0.016	137.3	2.3	IntCal09
10.940	9.608	0.014	135.8	2.0	IntCal09
10.935	9.607	0.014	135.2	2.0	IntCal09
10.930	9.609	0.016	134.3	2.3	IntCal09
10.925	9.614	0.018	132.9	2.5	IntCal09
10.920	9.621	0.019	131.2	2.7	IntCal09
10.915	9.626	0.020	129.8	2.8	IntCal09
10.910	9.626	0.020	129.1	2.8	IntCal09
10.905	9.625	0.019	128.6	2.7	IntCal09
10.900	9.624	0.018	128.1	2.5	IntCal09
10.895	9.622	0.017	127.7	2.4	IntCal09
10.890	9.620	0.017	127.3	2.4	IntCal09
10.885	9.617	0.015	127.0	2.1	IntCal09
10.880	9.611	0.016	127.2	2.2	IntCal09
10.875	9.604	0.018	127.5	2.5	IntCal09
10.870	9.593	0.018	128.3	2.5	IntCal09
10.865	9.580	0.016	129.5	2.2	IntCal09
10.860	9.567	0.016	130.6	2.3	IntCal09
10.855	9.566	0.016	130.1	2.3	IntCal09
10.850	9.577	0.014	127.8	2.0	IntCal09
10.845	9.584	0.015	126.2	2.1	IntCal09
10.840	9.587	0.016	125.1	2.2	IntCal09
10.835	9.588	0.016	124.3	2.2	IntCal09
10.830	9.587	0.020	123.7	2.8	IntCal09
10.825	9.586	0.020	123.2	2.8	IntCal09
10.820	9.585	0.019	122.6	2.7	IntCal09
10.815	9.584	0.021	122.1	2.9	IntCal09
10.810	9.583	0.021	121.6	2.9	IntCal09
10.805	9.581	0.018	121.2	2.5	IntCal09
10.800	9.578	0.019	120.9	2.7	IntCal09
10.795	9.574	0.018	120.8	2.5	IntCal09
10.790	9.562	0.020	121.8	2.8	IntCal09
10.785	9.550	0.021	122.8	2.9	IntCal09
10.780	9.546	0.021	122.7	2.9	IntCal09
10.775	9.545	0.020	122.1	2.8	IntCal09
10.770	9.540	0.021	122.1	2.9	IntCal09
10.765	9.535	0.021	122.2	2.9	IntCal09
10.760	9.529	0.025	122.3	3.5	IntCal09
10.755	9.522	0.028	122.6	3.9	IntCal09
10.750	9.516	0.029	122.8	4.1	IntCal09
10.745	9.510	0.030	122.9	4.2	IntCal09
10.740	9.503	0.030	123.2	4.2	IntCal09
10.735	9.497	0.028	123.4	3.9	IntCal09
10.730	9.491	0.026	123.5	3.6	IntCal09
10.725	9.487	0.026	123.4	3.6	IntCal09
10.720	9.483	0.025	123.3	3.5	IntCal09
10.715	9.478	0.022	123.3	3.1	IntCal09
10.710	9.470	0.020	123.8	2.8	IntCal09
10.705	9.463	0.017	124.1	2.4	IntCal09
10.700	9.456	0.016	124.4	2.2	IntCal09
10.695	9.446	0.016	125.1	2.2	IntCal09
10.690	9.440	0.016	125.2	2.2	IntCal09
10.685	9.437	0.016	125.0	2.2	IntCal09
10.680	9.432	0.016	125.0	2.2	IntCal09
10.675	9.428	0.016	124.9	2.2	IntCal09
10.670	9.426	0.016	124.5	2.2	IntCal09
10.665	9.424	0.016	124.1	2.2	IntCal09
10.660	9.419	0.016	124.1	2.2	IntCal09
10.655	9.411	0.015	124.5	2.1	IntCal09
10.650	9.399	0.015	125.5	2.1	IntCal09
10.645	9.390	0.015	126.1	2.1	IntCal09
10.640	9.385	0.016	126.1	2.2	IntCal09
10.635	9.386	0.016	125.3	2.2	IntCal09
10.630	9.392	0.015	123.8	2.1	IntCal09
10.625	9.398	0.015	122.3	2.1	IntCal09
10.620	9.406	0.017	120.5	2.4	IntCal09
10.615	9.416	0.016	118.4	2.2	IntCal09
10.610	9.422	0.014	116.9	1.9	IntCal09
10.605	9.409	0.016	118.0	2.2	IntCal09
10.600	9.401	0.017	118.5	2.4	IntCal09
10.595	9.399	0.016	118.1	2.2	IntCal09
10.590	9.396	0.016	117.8	2.2	IntCal09
10.585	9.380	0.018	119.4	2.5	IntCal09
10.580	9.369	0.018	120.2	2.5	IntCal09
10.575	9.359	0.017	120.9	2.4	IntCal09
10.570	9.345	0.018	122.2	2.5	IntCal09
10.565	9.336	0.018	122.8	2.5	IntCal09
10.560	9.330	0.016	123.0	2.2	IntCal09
10.555	9.324	0.017	123.1	2.4	IntCal09
10.550	9.321	0.017	122.9	2.4	IntCal09
10.545	9.319	0.017	122.5	2.4	IntCal09
10.540	9.318	0.017	121.9	2.4	IntCal09
10.535	9.320	0.017	121.0	2.4	IntCal09
10.530	9.325	0.016	119.6	2.2	IntCal09
10.525	9.326	0.016	118.8	2.2	IntCal09
10.520	9.320	0.017	118.9	2.4	IntCal09
10.515	9.312	0.017	119.4	2.4	IntCal09
10.510	9.300	0.018	120.4	2.5	IntCal09
10.505	9.291	0.018	120.9	2.5	IntCal09
10.500	9.283	0.017	121.4	2.4	IntCal09
10.495	9.274	0.016	122.0	2.2	IntCal09
10.490	9.263	0.016	122.8	2.2	IntCal09
10.485	9.254	0.017	123.4	2.4	IntCal09
10.480	9.246	0.018	123.8	2.5	IntCal09
10.475	9.240	0.017	124.0	2.4	IntCal09
10.470	9.241	0.018	123.2	2.5	IntCal09
10.465	9.249	0.017	121.4	2.4	IntCal09
10.460	9.256	0.017	119.7	2.4	IntCal09
10.455	9.265	0.016	117.8	2.2	IntCal09
10.450	9.276	0.016	115.6	2.2	IntCal09
10.445	9.277	0.016	114.8	2.2	IntCal09
10.440	9.268	0.017	115.4	2.4	IntCal09
10.435	9.258	0.019	116.1	2.6	IntCal09
10.430	9.252	0.019	116.2	2.6	IntCal09
10.425	9.246	0.018	116.4	2.5	IntCal09
10.420	9.242	0.017	116.3	2.4	IntCal09
10.415	9.238	0.015	116.1	2.1	IntCal09
10.410	9.230	0.017	116.6	2.4	IntCal09
10.405	9.222	0.018	117.0	2.5	IntCal09
10.400	9.218	0.018	116.9	2.5	IntCal09
10.395	9.216	0.018	116.5	2.5	IntCal09
10.390	9.212	0.017	116.4	2.4	IntCal09
10.385	9.209	0.018	116.1	2.5	IntCal09
10.380	9.207	0.018	115.7	2.5	IntCal09
10.375	9.205	0.017	115.3	2.4	IntCal09
10.370	9.198	0.018	115.6	2.5	IntCal09
10.365	9.192	0.019	115.8	2.6	IntCal09
10.360	9.194	0.019	114.8	2.6	IntCal09
10.355	9.200	0.018	113.3	2.5	IntCal09
10.350	9.206	0.017	111.8	2.4	IntCal09
10.345	9.207	0.017	111.0	2.4	IntCal09
10.340	9.201	0.017	111.2	2.4	IntCal09
10.335	9.197	0.017	111.1	2.4	IntCal09
10.330	9.200	0.017	110.0	2.3	IntCal09
10.325	9.202	0.018	109.0	2.5	IntCal09
10.320	9.205	0.019	107.9	2.6	IntCal09
10.315	9.211	0.019	106.4	2.6	IntCal09
10.310	9.220	0.017	104.5	2.3	IntCal09
10.305	9.219	0.015	104.0	2.1	IntCal09
10.300	9.206	0.015	105.1	2.1	IntCal09
10.295	9.194	0.016	106.1	2.2	IntCal09
10.290	9.188	0.017	106.3	2.3	IntCal09
10.285	9.185	0.018	106.0	2.5	IntCal09
10.280	9.182	0.017	105.7	2.3	IntCal09
10.275	9.177	0.016	105.8	2.2	IntCal09
10.270	9.171	0.015	105.9	2.1	IntCal09
10.265	9.165	0.015	106.1	2.1	IntCal09
10.260	9.161	0.015	106.0	2.1	IntCal09
10.255	9.155	0.015	106.1	2.1	IntCal09
10.250	9.140	0.016	107.5	2.2	IntCal09
10.245	9.118	0.016	109.9	2.2	IntCal09
10.240	9.100	0.015	111.7	2.1	IntCal09
10.235	9.083	0.015	113.4	2.1	IntCal09
10.230	9.063	0.015	115.5	2.1	IntCal09
10.225	9.043	0.015	117.6	2.1	IntCal09
10.220	9.030	0.015	118.7	2.1	IntCal09
10.215	9.026	0.014	118.6	1.9	IntCal09
10.210	9.025	0.015	118.1	2.1	IntCal09
10.205	9.020	0.016	118.1	2.2	IntCal09
10.200	9.011	0.015	118.7	2.1	IntCal09
10.195	8.995	0.017	120.2	2.4	IntCal09
10.190	8.983	0.018	121.2	2.5	IntCal09
10.185	8.973	0.018	121.9	2.5	IntCal09
10.180	8.962	0.015	122.8	2.1	IntCal09
10.175	8.949	0.016	123.9	2.2	IntCal09
10.170	8.936	0.016	125.1	2.2	IntCal09
10.165	8.930	0.017	125.2	2.4	IntCal09
10.160	8.926	0.015	125.1	2.1	IntCal09
10.155	8.911	0.017	126.5	2.4	IntCal09
10.150	8.898	0.018	127.7	2.5	IntCal09
10.145	8.893	0.017	127.7	2.4	IntCal09
10.140	8.894	0.015	126.9	2.1	IntCal09
10.135	8.894	0.015	126.2	2.1	IntCal09
10.130	8.889	0.016	126.2	2.2	IntCal09
10.125	8.886	0.017	125.9	2.4	IntCal09
10.120	8.883	0.015	125.7	2.1	IntCal09
10.115	8.867	0.016	127.2	2.2	IntCal09
10.110	8.857	0.017	128.0	2.4	IntCal09
10.105	8.853	0.015	127.8	2.1	IntCal09
10.100	8.856	0.014	126.7	2.0	IntCal09
10.095	8.863	0.015	125.1	2.1	IntCal09
10.090	8.864	0.016	124.3	2.2	IntCal09
10.085	8.865	0.016	123.4	2.2	IntCal09
10.080	8.867	0.017	122.5	2.4	IntCal09
10.075	8.867	0.016	121.8	2.2	IntCal09
10.070	8.869	0.016	120.8	2.2	IntCal09
10.065	8.878	0.015	118.9	2.1	IntCal09
10.060	8.894	0.015	116.0	2.1	IntCal09
10.055	8.902	0.015	114.2	2.1	IntCal09
10.050	8.906	0.013	113.0	1.8	IntCal09
10.045	8.906	0.013	112.3	1.8	IntCal09
10.040	8.891	0.016	113.7	2.2	IntCal09
10.035	8.880	0.015	114.6	2.1	IntCal09
10.030	8.881	0.016	113.8	2.2	IntCal09
10.025	8.889	0.016	112.0	2.2	IntCal09
10.020	8.897	0.015	110.2	2.1	IntCal09
10.015	8.897	0.014	109.5	1.9	IntCal09
10.010	8.889	0.017	110.0	2.3	IntCal09
10.005	8.882	0.017	110.3	2.3	IntCal09
10.000	8.877	0.015	110.3	2.1	IntCal09
9.995	8.880	0.016	109.2	2.2	IntCal09
9.990	8.892	0.016	106.9	2.2	IntCal09
9.985	8.905	0.016	104.4	2.2	IntCal09
9.980	8.917	0.014	102.1	1.9	IntCal09
9.975	8.917	0.015	101.4	2.1	IntCal09
9.970	8.915	0.013	101.0	1.8	IntCal09
9.965	8.908	0.013	101.3	1.8	IntCal09
9.960	8.901	0.015	101.6	2.1	IntCal09
9.955	8.897	0.019	101.5	2.6	IntCal09
9.950	8.894	0.022	101.3	3.0	IntCal09
9.945	8.891	0.023	101.0	3.2	IntCal09
9.940	8.888	0.022	100.8	3.0	IntCal09
9.935	8.884	0.022	100.6	3.0	IntCal09
9.930	8.879	0.023	100.7	3.2	IntCal09
9.925	8.875	0.023	100.5	3.2	IntCal09
9.920	8.869	0.022	100.7	3.0	IntCal09
9.915	8.859	0.020	101.4	2.7	IntCal09
9.910	8.848	0.018	102.2	2.5	IntCal09
9.905	8.833	0.017	103.6	2.3	IntCal09
9.900	8.818	0.017	105.0	2.3	IntCal09
9.895	8.817	0.017	104.5	2.3	IntCal09
9.890	8.811	0.017	104.7	2.3	IntCal09
9.885	8.797	0.017	105.9	2.3	IntCal09
9.880	8.793	0.017	105.8	2.3	IntCal09
9.875	8.800	0.017	104.2	2.3	IntCal09
9.870	8.806	0.017	102.7	2.3	IntCal09
9.865	8.798	0.017	103.1	2.3	IntCal09
9.860	8.796	0.017	102.7	2.3	IntCal09
9.855	8.793	0.017	102.5	2.3	IntCal09
9.850	8.796	0.016	101.4	2.2	IntCal09
9.845	8.803	0.016	99.7	2.2	IntCal09
9.840	8.805	0.017	98.8	2.3	IntCal09
9.835	8.805	0.017	98.1	2.3	IntCal09
9.830	8.804	0.019	97.6	2.6	IntCal09
9.825	8.804	0.018	97.0	2.5	IntCal09
9.820	8.803	0.018	96.4	2.5	IntCal09
9.815	8.800	0.021	96.2	2.9	IntCal09
9.810	8.800	0.021	95.5	2.9	IntCal09
9.805	8.801	0.020	94.7	2.7	IntCal09
9.800	8.803	0.019	93.8	2.6	IntCal09
9.795	8.801	0.020	93.4	2.7	IntCal09
9.790	8.800	0.020	92.9	2.7	IntCal09
9.785	8.798	0.018	92.5	2.4	IntCal09
9.780	8.796	0.017	92.1	2.3	IntCal09
9.775	8.793	0.015	91.8	2.0	IntCal09
9.770	8.785	0.015	92.3	2.0	IntCal09
9.765	8.780	0.015	92.3	2.0	IntCal09
9.760	8.778	0.016	91.9	2.2	IntCal09
9.755	8.778	0.016	91.2	2.2	IntCal09
9.750	8.780	0.016	90.3	2.2	IntCal09
9.745	8.780	0.017	89.6	2.3	IntCal09
9.740	8.774	0.017	89.8	2.3	IntCal09
9.735	8.764	0.017	90.5	2.3	IntCal09
9.730	8.757	0.018	90.8	2.4	IntCal09
9.725	8.755	0.018	90.4	2.4	IntCal09
9.720	8.760	0.017	89.1	2.3	IntCal09
9.715	8.767	0.016	87.5	2.2	IntCal09
9.710	8.767	0.016	86.8	2.2	IntCal09
9.705	8.760	0.017	87.1	2.3	IntCal09
9.700	8.749	0.018	87.9	2.4	IntCal09
9.695	8.737	0.019	88.9	2.6	IntCal09
9.690	8.731	0.020	89.0	2.7	IntCal09
9.685	8.725	0.020	89.2	2.7	IntCal09
9.680	8.718	0.020	89.5	2.7	IntCal09
9.675	8.712	0.019	89.6	2.6	IntCal09
9.670	8.709	0.019	89.4	2.6	IntCal09
9.665	8.707	0.018	89.0	2.4	IntCal09
9.660	8.703	0.018	88.9	2.4	IntCal09
9.655	8.700	0.018	88.6	2.4	IntCal09
9.650	8.696	0.017	88.5	2.3	IntCal09
9.645	8.701	0.017	87.2	2.3	IntCal09
9.640	8.706	0.017	85.8	2.3	IntCal09
9.635	8.706	0.017	85.2	2.3	IntCal09
9.630	8.699	0.018	85.5	2.4	IntCal09
9.625	8.693	0.018	85.6	2.4	IntCal09
9.620	8.692	0.019	85.1	2.6	IntCal09
9.615	8.693	0.019	84.3	2.6	IntCal09
9.610	8.693	0.018	83.7	2.4	IntCal09
9.605	8.691	0.017	83.3	2.3	IntCal09
9.600	8.684	0.017	83.6	2.3	IntCal09
9.595	8.677	0.018	83.9	2.4	IntCal09
9.590	8.677	0.018	83.2	2.4	IntCal09
9.585	8.678	0.017	82.4	2.3	IntCal09
9.580	8.673	0.018	82.4	2.4	IntCal09
9.575	8.672	0.018	81.9	2.4	IntCal09
9.570	8.680	0.017	80.2	2.3	IntCal09
9.565	8.682	0.016	79.3	2.1	IntCal09
9.560	8.674	0.015	79.7	2.0	IntCal09
9.555	8.655	0.016	81.6	2.2	IntCal09
9.550	8.638	0.017	83.2	2.3	IntCal09
9.545	8.609	0.017	86.5	2.3	IntCal09
9.540	8.583	0.016	89.3	2.2	IntCal09
9.535	8.558	0.015	92.1	2.0	IntCal09
9.530	8.533	0.017	94.8	2.3	IntCal09
9.525	8.511	0.017	97.2	2.3	IntCal09
9.520	8.497	0.017	98.4	2.3	IntCal09
9.515	8.490	0.017	98.7	2.3	IntCal09
9.510	8.492	0.017	97.8	2.3	IntCal09
9.505	8.495	0.016	96.7	2.2	IntCal09
9.500	8.492	0.017	96.4	2.3	IntCal09
9.495	8.485	0.018	96.7	2.5	IntCal09
9.490	8.474	0.017	97.6	2.3	IntCal09
9.485	8.462	0.017	98.5	2.3	IntCal09
9.480	8.452	0.017	99.2	2.3	IntCal09
9.475	8.442	0.017	99.9	2.3	IntCal09
9.470	8.429	0.016	101.1	2.2	IntCal09
9.465	8.412	0.016	102.7	2.2	IntCal09
9.460	8.403	0.017	103.3	2.3	IntCal09
9.455	8.401	0.018	102.9	2.5	IntCal09
9.450	8.400	0.019	102.4	2.6	IntCal09
9.445	8.398	0.020	102.0	2.7	IntCal09
9.440	8.392	0.019	102.1	2.6	IntCal09
9.435	8.383	0.018	102.7	2.5	IntCal09
9.430	8.369	0.018	104.0	2.5	IntCal09
9.425	8.358	0.017	104.8	2.3	IntCal09
9.420	8.352	0.016	105.0	2.2	IntCal09
9.415	8.348	0.017	104.8	2.3	IntCal09
9.410	8.348	0.016	104.2	2.2	IntCal09
9.405	8.343	0.016	104.2	2.2	IntCal09
9.400	8.324	0.018	106.1	2.5	IntCal09
9.395	8.309	0.019	107.5	2.6	IntCal09
9.390	8.308	0.019	107.0	2.6	IntCal09
9.385	8.310	0.019	106.1	2.6	IntCal09
9.380	8.314	0.019	104.8	2.6	IntCal09
9.375	8.314	0.018	104.2	2.5	IntCal09
9.370	8.307	0.016	104.5	2.2	IntCal09
9.365	8.306	0.017	103.9	2.3	IntCal09
9.360	8.315	0.018	102.0	2.5	IntCal09
9.355	8.325	0.018	100.0	2.5	IntCal09
9.350	8.324	0.018	99.5	2.5	IntCal09
9.345	8.328	0.018	98.3	2.5	IntCal09
9.340	8.340	0.017	96.0	2.3	IntCal09
9.335	8.345	0.017	94.6	2.3	IntCal09
9.330	8.337	0.018	95.0	2.5	IntCal09
9.325	8.329	0.019	95.5	2.6	IntCal09
9.320	8.324	0.020	95.5	2.7	IntCal09
9.315	8.320	0.021	95.4	2.9	IntCal09
9.310	8.316	0.020	95.3	2.7	IntCal09
9.305	8.310	0.019	95.4	2.6	IntCal09
9.300	8.301	0.018	96.0	2.5	IntCal09
9.295	8.292	0.018	96.5	2.5	IntCal09
9.290	8.285	0.019	96.8	2.6	IntCal09
9.285	8.278	0.019	97.1	2.6	IntCal09
9.280	8.271	0.019	97.4	2.6	IntCal09
9.275	8.264	0.019	97.7	2.6	IntCal09
9.270	8.259	0.021	97.7	2.9	IntCal09
9.265	8.253	0.022	97.9	3.0	IntCal09
9.260	8.247	0.023	98.0	3.1	IntCal09
9.255	8.241	0.024	98.2	3.3	IntCal09
9.250	8.234	0.024	98.5	3.3	IntCal09
9.245	8.228	0.024	98.6	3.3	IntCal09
9.240	8.223	0.024	98.7	3.3	IntCal09
9.235	8.220	0.024	98.4	3.3	IntCal09
9.230	8.218	0.023	98.0	3.1	IntCal09
9.225	8.219	0.023	97.2	3.1	IntCal09
9.220	8.224	0.021	95.9	2.9	IntCal09
9.215	8.227	0.020	94.8	2.7	IntCal09
9.210	8.227	0.020	94.1	2.7	IntCal09
9.205	8.224	0.020	93.9	2.7	IntCal09
9.200	8.219	0.020	93.9	2.7	IntCal09
9.195	8.217	0.020	93.5	2.7	IntCal09
9.190	8.217	0.020	92.9	2.7	IntCal09
9.185	8.216	0.020	92.3	2.7	IntCal09
9.180	8.218	0.020	91.4	2.7	IntCal09
9.175	8.224	0.021	89.9	2.8	IntCal09
9.170	8.233	0.021	88.0	2.8	IntCal09
9.165	8.239	0.022	86.6	3.0	IntCal09
9.160	8.242	0.021	85.5	2.8	IntCal09
9.155	8.242	0.020	84.9	2.7	IntCal09
9.150	8.239	0.017	84.6	2.3	IntCal09
9.145	8.232	0.015	84.9	2.0	IntCal09
9.140	8.224	0.015	85.3	2.0	IntCal09
9.135	8.217	0.015	85.6	2.0	IntCal09
9.130	8.203	0.015	86.8	2.0	IntCal09
9.125	8.182	0.015	89.0	2.0	IntCal09
9.120	8.173	0.016	89.6	2.2	IntCal09
9.115	8.172	0.015	89.1	2.0	IntCal09
9.110	8.171	0.016	88.5	2.2	IntCal09
9.105	8.173	0.016	87.6	2.2	IntCal09
9.100	8.178	0.016	86.3	2.2	IntCal09
9.095	8.180	0.015	85.4	2.0	IntCal09
9.090	8.169	0.016	86.2	2.2	IntCal09
9.085	8.158	0.016	87.0	2.2	IntCal09
9.080	8.154	0.017	86.9	2.3	IntCal09
9.075	8.152	0.017	86.5	2.3	IntCal09
9.070	8.148	0.016	86.4	2.2	IntCal09
9.065	8.148	0.016	85.7	2.2	IntCal09
9.060	8.152	0.015	84.5	2.0	IntCal09
9.055	8.153	0.016	83.8	2.2	IntCal09
9.050	8.159	0.017	82.3	2.3	IntCal09
9.045	8.169	0.016	80.3	2.2	IntCal09
9.040	8.170	0.016	79.5	2.2	IntCal09
9.035	8.166	0.014	79.4	1.9	IntCal09
9.030	8.144	0.015	81.7	2.0	IntCal09
9.025	8.127	0.014	83.3	1.9	IntCal09
9.020	8.113	0.015	84.6	2.0	IntCal09
9.015	8.104	0.014	85.1	1.9	IntCal09
9.010	8.086	0.013	86.9	1.8	IntCal09
9.005	8.061	0.014	89.6	1.9	IntCal09
9.000	8.056	0.013	89.6	1.8	IntCal09
8.995	8.031	0.015	92.4	2.0	IntCal09
8.990	8.013	0.017	94.2	2.3	IntCal09
8.985	8.003	0.017	94.9	2.3	IntCal09
8.980	7.995	0.015	95.3	2.0	IntCal09
8.975	7.978	0.015	97.0	2.0	IntCal09
8.970	7.969	0.015	97.5	2.0	IntCal09
8.965	7.966	0.013	97.3	1.8	IntCal09
8.960	7.972	0.014	95.8	1.9	IntCal09
8.955	7.971	0.014	95.3	1.9	IntCal09
8.950	7.966	0.016	95.3	2.2	IntCal09
8.945	7.963	0.017	95.0	2.3	IntCal09
8.940	7.966	0.017	94.0	2.3	IntCal09
8.935	7.967	0.016	93.2	2.2	IntCal09
8.930	7.961	0.018	93.3	2.4	IntCal09
8.925	7.960	0.018	92.8	2.4	IntCal09
8.920	7.966	0.017	91.3	2.3	IntCal09
8.915	7.976	0.015	89.3	2.0	IntCal09
8.910	7.981	0.015	88.0	2.0	IntCal09
8.905	7.984	0.016	86.9	2.2	IntCal09
8.900	7.982	0.016	86.5	2.2	IntCal09
8.895	7.972	0.016	87.2	2.2	IntCal09
8.890	7.967	0.016	87.2	2.2	IntCal09
8.885	7.971	0.015	86.0	2.0	IntCal09
8.880	7.985	0.015	83.5	2.0	IntCal09
8.875	7.993	0.013	81.7	1.8	IntCal09
8.870	7.986	0.015	82.0	2.0	IntCal09
8.865	7.976	0.016	82.7	2.2	IntCal09
8.860	7.964	0.017	83.7	2.3	IntCal09
8.855	7.958	0.017	83.8	2.3	IntCal09
8.850	7.956	0.015	83.5	2.0	IntCal09
8.845	7.952	0.015	83.3	2.0	IntCal09
8.840	7.953	0.015	82.6	2.0	IntCal09
8.835	7.960	0.016	81.0	2.2	IntCal09
8.830	7.973	0.016	78.6	2.1	IntCal09
8.825	7.989	0.015	75.8	2.0	IntCal09
8.820	7.999	0.015	73.8	2.0	IntCal09
8.815	7.993	0.016	73.9	2.1	IntCal09
8.810	7.987	0.018	74.1	2.4	IntCal09
8.805	7.984	0.017	73.8	2.3	IntCal09
8.800	7.986	0.017	72.9	2.3	IntCal09
8.795	7.983	0.017	72.7	2.3	IntCal09
8.790	7.976	0.018	72.9	2.4	IntCal09
8.785	7.972	0.017	72.8	2.3	IntCal09
8.780	7.969	0.015	72.6	2.0	IntCal09
8.775	7.955	0.016	73.8	2.1	IntCal09
8.770	7.942	0.016	74.9	2.1	IntCal09
8.765	7.938	0.015	74.8	2.0	IntCal09
8.760	7.934	0.016	74.7	2.1	IntCal09
8.755	7.934	0.015	74.0	2.0	IntCal09
8.750	7.931	0.016	73.8	2.1	IntCal09
8.745	7.930	0.017	73.3	2.3	IntCal09
8.740	7.931	0.016	72.5	2.1	IntCal09
8.735	7.934	0.015	71.4	2.0	IntCal09
8.730	7.937	0.016	70.4	2.1	IntCal09
8.725	7.931	0.016	70.5	2.1	IntCal09
8.720	7.923	0.015	70.9	2.0	IntCal09
8.715	7.917	0.013	71.1	1.7	IntCal09
8.710	7.918	0.014	70.3	1.9	IntCal09
8.705	7.919	0.014	69.5	1.9	IntCal09
8.700	7.914	0.014	69.6	1.9	IntCal09
8.695	7.906	0.015	70.0	2.0	IntCal09
8.690	7.905	0.015	69.5	2.0	IntCal09
8.685	7.906	0.016	68.7	2.1	IntCal09
8.680	7.903	0.017	68.4	2.3	IntCal09
8.675	7.905	0.016	67.5	2.1	IntCal09
8.670	7.913	0.015	65.8	2.0	IntCal09
8.665	7.920	0.015	64.2	2.0	IntCal09
8.660	7.917	0.016	64.0	2.1	IntCal09
8.655	7.912	0.016	64.0	2.1	IntCal09
8.650	7.909	0.015	63.8	2.0	IntCal09
8.645	7.899	0.015	64.4	2.0	IntCal09
8.640	7.886	0.016	65.5	2.1	IntCal09
8.635	7.873	0.017	66.6	2.3	IntCal09
8.630	7.863	0.017	67.3	2.3	IntCal09
8.625	7.855	0.015	67.7	2.0	IntCal09
8.620	7.857	0.016	66.8	2.1	IntCal09
8.615	7.860	0.017	65.8	2.3	IntCal09
8.610	7.860	0.016	65.1	2.1	IntCal09
8.605	7.852	0.017	65.5	2.3	IntCal09
8.600	7.840	0.015	66.5	2.0	IntCal09
8.595	7.822	0.014	68.2	1.9	IntCal09
8.590	7.799	0.015	70.6	2.0	IntCal09
8.585	7.785	0.015	71.9	2.0	IntCal09
8.580	7.780	0.015	71.9	2.0	IntCal09
8.575	7.778	0.015	71.5	2.0	IntCal09
8.570	7.780	0.016	70.6	2.1	IntCal09
8.565	7.783	0.016	69.5	2.1	IntCal09
8.560	7.781	0.015	69.1	2.0	IntCal09
8.555	7.777	0.014	69.0	1.9	IntCal09
8.550	7.769	0.014	69.5	1.9	IntCal09
8.545	7.757	0.014	70.4	1.9	IntCal09
8.540	7.731	0.015	73.2	2.0	IntCal09
8.535	7.717	0.015	74.4	2.0	IntCal09
8.530	7.722	0.015	73.1	2.0	IntCal09
8.525	7.731	0.014	71.3	1.9	IntCal09
8.520	7.723	0.016	71.7	2.1	IntCal09
8.515	7.714	0.017	72.3	2.3	IntCal09
8.510	7.709	0.016	72.3	2.1	IntCal09
8.505	7.704	0.014	72.3	1.9	IntCal09
8.500	7.705	0.014	71.5	1.9	IntCal09
8.495	7.713	0.015	69.8	2.0	IntCal09
8.490	7.722	0.016	67.9	2.1	IntCal09
8.485	7.726	0.015	66.8	2.0	IntCal09
8.480	7.716	0.016	67.5	2.1	IntCal09
8.475	7.708	0.016	67.9	2.1	IntCal09
8.470	7.707	0.016	67.4	2.1	IntCal09
8.465	7.714	0.014	65.8	1.9	IntCal09
8.460	7.711	0.015	65.5	2.0	IntCal09
8.455	7.705	0.015	65.7	2.0	IntCal09
8.450	7.690	0.015	67.0	2.0	IntCal09
8.445	7.681	0.016	67.6	2.1	IntCal09
8.440	7.680	0.017	67.1	2.3	IntCal09
8.435	7.681	0.017	66.3	2.3	IntCal09
8.430	7.679	0.016	65.9	2.1	IntCal09
8.425	7.663	0.014	67.4	1.9	IntCal09
8.420	7.652	0.015	68.2	2.0	IntCal09
8.415	7.638	0.015	69.4	2.0	IntCal09
8.410	7.622	0.015	70.9	2.0	IntCal09
8.405	7.609	0.014	72.0	1.9	IntCal09
8.400	7.596	0.015	73.1	2.0	IntCal09
8.395	7.593	0.015	72.8	2.0	IntCal09
8.390	7.582	0.015	73.7	2.0	IntCal09
8.385	7.567	0.016	75.0	2.1	IntCal09
8.380	7.554	0.015	76.1	2.0	IntCal09
8.375	7.538	0.014	77.6	1.9	IntCal09
8.370	7.527	0.015	78.4	2.0	IntCal09
8.365	7.524	0.014	78.2	1.9	IntCal09
8.360	7.512	0.014	79.1	1.9	IntCal09
8.355	7.511	0.014	78.6	1.9	IntCal09
8.350	7.510	0.014	78.1	1.9	IntCal09
8.345	7.499	0.014	78.9	1.9	IntCal09
8.340	7.485	0.014	80.1	1.9	IntCal09
8.335	7.480	0.014	80.2	1.9	IntCal09
8.330	7.477	0.015	79.9	2.0	IntCal09
8.325	7.465	0.015	80.9	2.0	IntCal09
8.320	7.457	0.016	81.3	2.2	IntCal09
8.315	7.450	0.016	81.6	2.2	IntCal09
8.310	7.446	0.017	81.5	2.3	IntCal09
8.305	7.443	0.018	81.2	2.4	IntCal09
8.300	7.436	0.016	81.5	2.2	IntCal09
8.295	7.432	0.015	81.4	2.0	IntCal09
8.290	7.427	0.016	81.4	2.2	IntCal09
8.285	7.423	0.016	81.3	2.2	IntCal09
8.280	7.420	0.016	81.0	2.2	IntCal09
8.275	7.413	0.015	81.3	2.0	IntCal09
8.270	7.413	0.015	80.7	2.0	IntCal09
8.265	7.421	0.015	79.0	2.0	IntCal09
8.260	7.435	0.015	76.4	2.0	IntCal09
8.255	7.442	0.015	74.8	2.0	IntCal09
8.250	7.439	0.016	74.6	2.1	IntCal09
8.245	7.438	0.016	74.1	2.1	IntCal09
8.240	7.444	0.016	72.6	2.1	IntCal09
8.235	7.447	0.017	71.6	2.3	IntCal09
8.230	7.449	0.018	70.7	2.4	IntCal09
8.225	7.450	0.018	69.9	2.4	IntCal09
8.220	7.446	0.017	69.8	2.3	IntCal09
8.215	7.441	0.017	69.8	2.3	IntCal09
8.210	7.433	0.018	70.2	2.4	IntCal09
8.205	7.425	0.018	70.6	2.4	IntCal09
8.200	7.415	0.018	71.3	2.4	IntCal09
8.195	7.405	0.018	72.0	2.4	IntCal09
8.190	7.396	0.018	72.5	2.4	IntCal09
8.185	7.384	0.018	73.5	2.4	IntCal09
8.180	7.366	0.018	75.3	2.4	IntCal09
8.175	7.346	0.018	77.3	2.4	IntCal09
8.170	7.330	0.018	78.8	2.4	IntCal09
8.165	7.316	0.018	80.0	2.4	IntCal09
8.160	7.301	0.017	81.4	2.3	IntCal09
8.155	7.289	0.016	82.3	2.2	IntCal09
8.150	7.279	0.016	83.0	2.2	IntCal09
8.145	7.277	0.016	82.6	2.2	IntCal09
8.140	7.286	0.016	80.8	2.2	IntCal09
8.135	7.291	0.016	79.4	2.2	IntCal09
8.130	7.282	0.016	80.0	2.2	IntCal09
8.125	7.280	0.015	79.6	2.0	IntCal09
8.120	7.286	0.018	78.2	2.4	IntCal09
8.115	7.294	0.019	76.4	2.5	IntCal09
8.110	7.290	0.021	76.3	2.8	IntCal09
8.105	7.283	0.022	76.6	2.9	IntCal09
8.100	7.280	0.021	76.4	2.8	IntCal09
8.095	7.282	0.021	75.4	2.8	IntCal09
8.090	7.290	0.021	73.7	2.8	IntCal09
8.085	7.301	0.021	71.6	2.8	IntCal09
8.080	7.305	0.022	70.4	2.9	IntCal09
8.075	7.305	0.023	69.8	3.1	IntCal09
8.070	7.303	0.024	69.4	3.2	IntCal09
8.065	7.300	0.024	69.1	3.2	IntCal09
8.060	7.295	0.025	69.2	3.3	IntCal09
8.055	7.289	0.024	69.3	3.2	IntCal09
8.050	7.283	0.024	69.5	3.2	IntCal09
8.045	7.276	0.024	69.8	3.2	IntCal09
8.040	7.268	0.024	70.2	3.2	IntCal09
8.035	7.262	0.023	70.3	3.1	IntCal09
8.030	7.257	0.021	70.3	2.8	IntCal09
8.025	7.246	0.022	71.2	2.9	IntCal09
8.020	7.234	0.023	72.1	3.1	IntCal09
8.015	7.221	0.022	73.2	2.9	IntCal09
8.010	7.207	0.021	74.4	2.8	IntCal09
8.005	7.195	0.020	75.4	2.7	IntCal09
8.000	7.187	0.019	75.8	2.5	IntCal09
7.995	7.178	0.016	76.4	2.1	IntCal09
7.990	7.178	0.015	75.7	2.0	IntCal09
7.985	7.183	0.016	74.4	2.1	IntCal09
7.980	7.177	0.016	74.5	2.1	IntCal09
7.975	7.169	0.015	75.0	2.0	IntCal09
7.970	7.160	0.016	75.5	2.1	IntCal09
7.965	7.147	0.017	76.6	2.3	IntCal09
7.960	7.135	0.018	77.6	2.4	IntCal09
7.955	7.123	0.017	78.5	2.3	IntCal09
7.950	7.113	0.017	79.2	2.3	IntCal09
7.945	7.105	0.017	79.6	2.3	IntCal09
7.940	7.100	0.016	79.7	2.2	IntCal09
7.935	7.081	0.017	81.6	2.3	IntCal09
7.930	7.059	0.018	83.9	2.4	IntCal09
7.925	7.040	0.018	85.8	2.4	IntCal09
7.920	7.026	0.016	87.0	2.2	IntCal09
7.915	7.019	0.014	87.3	1.9	IntCal09
7.910	7.015	0.015	87.2	2.0	IntCal09
7.905	7.020	0.015	85.8	2.0	IntCal09
7.900	7.034	0.015	83.3	2.0	IntCal09
7.895	7.050	0.015	80.5	2.0	IntCal09
7.890	7.065	0.016	77.8	2.1	IntCal09
7.885	7.071	0.017	76.4	2.3	IntCal09
7.880	7.068	0.018	76.1	2.4	IntCal09
7.875	7.059	0.017	76.7	2.3	IntCal09
7.870	7.045	0.017	77.9	2.3	IntCal09
7.865	7.033	0.017	78.9	2.3	IntCal09
7.860	7.026	0.017	79.1	2.3	IntCal09
7.855	7.023	0.016	78.9	2.1	IntCal09
7.850	7.018	0.016	78.9	2.1	IntCal09
7.845	7.011	0.016	79.2	2.1	IntCal09
7.840	7.000	0.016	80.0	2.2	IntCal09
7.835	6.989	0.015	80.9	2.0	IntCal09
7.830	6.982	0.015	81.1	2.0	IntCal09
7.825	6.977	0.015	81.2	2.0	IntCal09
7.820	6.972	0.015	81.2	2.0	IntCal09
7.815	6.971	0.015	80.7	2.0	IntCal09
7.810	6.975	0.015	79.5	2.0	IntCal09
7.805	6.978	0.016	78.4	2.1	IntCal09
7.800	6.980	0.016	77.5	2.1	IntCal09
7.795	6.974	0.016	77.6	2.1	IntCal09
7.790	6.954	0.016	79.7	2.2	IntCal09
7.785	6.939	0.016	81.0	2.2	IntCal09
7.780	6.935	0.016	80.9	2.2	IntCal09
7.775	6.938	0.015	79.9	2.0	IntCal09
7.770	6.942	0.016	78.7	2.1	IntCal09
7.765	6.943	0.017	77.9	2.3	IntCal09
7.760	6.938	0.017	77.9	2.3	IntCal09
7.755	6.932	0.016	78.1	2.1	IntCal09
7.750	6.931	0.017	77.6	2.3	IntCal09
7.745	6.929	0.017	77.2	2.3	IntCal09
7.740	6.925	0.017	77.1	2.3	IntCal09
7.735	6.921	0.017	76.9	2.3	IntCal09
7.730	6.918	0.017	76.7	2.3	IntCal09
7.725	6.915	0.017	76.4	2.3	IntCal09
7.720	6.912	0.017	76.2	2.3	IntCal09
7.715	6.910	0.017	75.8	2.3	IntCal09
7.710	6.909	0.017	75.3	2.3	IntCal09
7.705	6.907	0.017	74.9	2.3	IntCal09
7.700	6.902	0.016	74.9	2.1	IntCal09
7.695	6.895	0.015	75.2	2.0	IntCal09
7.690	6.886	0.017	75.8	2.3	IntCal09
7.685	6.874	0.018	76.7	2.4	IntCal09
7.680	6.860	0.019	78.0	2.5	IntCal09
7.675	6.845	0.019	79.3	2.6	IntCal09
7.670	6.830	0.018	80.7	2.4	IntCal09
7.665	6.816	0.018	81.9	2.4	IntCal09
7.660	6.804	0.017	82.9	2.3	IntCal09
7.655	6.795	0.016	83.4	2.2	IntCal09
7.650	6.791	0.017	83.3	2.3	IntCal09
7.645	6.791	0.017	82.7	2.3	IntCal09
7.640	6.792	0.017	81.9	2.3	IntCal09
7.635	6.795	0.017	80.8	2.3	IntCal09
7.630	6.797	0.016	79.9	2.2	IntCal09
7.625	6.796	0.015	79.4	2.0	IntCal09
7.620	6.788	0.016	79.8	2.2	IntCal09
7.615	6.777	0.017	80.6	2.3	IntCal09
7.610	6.762	0.016	82.0	2.2	IntCal09
7.605	6.753	0.015	82.5	2.0	IntCal09
7.600	6.755	0.015	81.6	2.0	IntCal09
7.595	6.756	0.015	80.8	2.0	IntCal09
7.590	6.745	0.016	81.7	2.2	IntCal09
7.585	6.731	0.016	82.9	2.2	IntCal09
7.580	6.717	0.017	84.1	2.3	IntCal09
7.575	6.700	0.016	85.8	2.2	IntCal09
7.570	6.679	0.016	87.9	2.2	IntCal09
7.565	6.658	0.015	90.1	2.0	IntCal09
7.560	6.639	0.016	92.1	2.2	IntCal09
7.555	6.625	0.016	93.3	2.2	IntCal09
7.550	6.619	0.017	93.4	2.3	IntCal09
7.545	6.623	0.017	92.2	2.3	IntCal09
7.540	6.638	0.017	89.5	2.3	IntCal09
7.535	6.653	0.017	86.9	2.3	IntCal09
7.530	6.661	0.017	85.1	2.3	IntCal09
7.525	6.662	0.017	84.3	2.3	IntCal09
7.520	6.657	0.017	84.3	2.3	IntCal09
7.515	6.646	0.016	85.2	2.2	IntCal09
7.510	6.629	0.017	86.8	2.3	IntCal09
7.505	6.614	0.016	88.2	2.2	IntCal09
7.500	6.610	0.017	88.1	2.3	IntCal09
7.495	6.609	0.017	87.6	2.3	IntCal09
7.490	6.605	0.017	87.4	2.3	IntCal09
7.485	6.600	0.017	87.5	2.3	IntCal09
7.480	6.591	0.017	88.0	2.3	IntCal09
7.475	6.584	0.017	88.3	2.3	IntCal09
7.470	6.580	0.017	88.2	2.3	IntCal09
7.465	6.575	0.017	88.2	2.3	IntCal09
7.460	6.566	0.016	88.8	2.2	IntCal09
7.455	6.560	0.015	88.9	2.0	IntCal09
7.450	6.563	0.016	87.9	2.2	IntCal09
7.445	6.566	0.016	86.8	2.2	IntCal09
7.440	6.564	0.016	86.4	2.2	IntCal09
7.435	6.551	0.015	87.5	2.0	IntCal09
7.430	6.525	0.016	90.4	2.2	IntCal09
7.425	6.493	0.016	94.1	2.2	IntCal09
7.420	6.460	0.016	97.9	2.2	IntCal09
7.415	6.433	0.015	100.9	2.1	IntCal09
7.410	6.417	0.015	102.5	2.1	IntCal09
7.405	6.413	0.015	102.3	2.1	IntCal09
7.400	6.418	0.016	101.0	2.2	IntCal09
7.395	6.426	0.017	99.2	2.3	IntCal09
7.390	6.431	0.017	97.9	2.3	IntCal09
7.385	6.434	0.017	96.8	2.3	IntCal09
7.380	6.436	0.017	95.9	2.3	IntCal09
7.375	6.435	0.018	95.3	2.5	IntCal09
7.370	6.428	0.018	95.6	2.5	IntCal09
7.365	6.423	0.017	95.7	2.3	IntCal09
7.360	6.424	0.017	94.9	2.3	IntCal09
7.355	6.431	0.017	93.2	2.3	IntCal09
7.350	6.443	0.016	91.0	2.2	IntCal09
7.345	6.450	0.015	89.3	2.0	IntCal09
7.340	6.445	0.015	89.4	2.0	IntCal09
7.335	6.437	0.015	89.8	2.0	IntCal09
7.330	6.429	0.016	90.2	2.2	IntCal09
7.325	6.419	0.016	90.9	2.2	IntCal09
7.320	6.406	0.016	92.0	2.2	IntCal09
7.315	6.392	0.015	93.3	2.0	IntCal09
7.310	6.382	0.015	94.0	2.0	IntCal09
7.305	6.377	0.015	94.0	2.0	IntCal09
7.300	6.377	0.016	93.3	2.2	IntCal09
7.295	6.378	0.017	92.5	2.3	IntCal09
7.290	6.375	0.017	92.3	2.3	IntCal09
7.285	6.373	0.017	91.9	2.3	IntCal09
7.280	6.375	0.016	91.0	2.2	IntCal09
7.275	6.371	0.015	90.8	2.0	IntCal09
7.270	6.354	0.015	92.5	2.0	IntCal09
7.265	6.336	0.014	94.3	1.9	IntCal09
7.260	6.324	0.015	95.2	2.0	IntCal09
7.255	6.310	0.016	96.5	2.2	IntCal09
7.250	6.292	0.016	98.3	2.2	IntCal09
7.245	6.277	0.015	99.7	2.1	IntCal09
7.240	6.269	0.015	100.1	2.1	IntCal09
7.235	6.265	0.015	100.0	2.1	IntCal09
7.230	6.261	0.016	99.9	2.2	IntCal09
7.225	6.261	0.017	99.2	2.3	IntCal09
7.220	6.266	0.017	97.9	2.3	IntCal09
7.215	6.272	0.018	96.4	2.5	IntCal09
7.210	6.273	0.020	95.6	2.7	IntCal09
7.205	6.273	0.022	94.9	3.0	IntCal09
7.200	6.274	0.022	94.1	3.0	IntCal09
7.195	6.277	0.023	93.0	3.1	IntCal09
7.190	6.280	0.022	92.0	3.0	IntCal09
7.185	6.283	0.021	90.9	2.9	IntCal09
7.180	6.279	0.020	90.8	2.7	IntCal09
7.175	6.268	0.021	91.6	2.9	IntCal09
7.170	6.255	0.019	92.7	2.6	IntCal09
7.165	6.231	0.018	95.3	2.5	IntCal09
7.160	6.202	0.017	98.6	2.3	IntCal09
7.155	6.176	0.016	101.5	2.2	IntCal09
7.150	6.161	0.016	102.9	2.2	IntCal09
7.145	6.152	0.016	103.5	2.2	IntCal09
7.140	6.145	0.015	103.8	2.1	IntCal09
7.135	6.142	0.014	103.5	1.9	IntCal09
7.130	6.148	0.015	102.0	2.1	IntCal09
7.125	6.163	0.015	99.3	2.1	IntCal09
7.120	6.168	0.016	98.0	2.2	IntCal09
7.115	6.175	0.016	96.4	2.2	IntCal09
7.110	6.179	0.018	95.1	2.5	IntCal09
7.105	6.180	0.018	94.3	2.5	IntCal09
7.100	6.179	0.017	93.8	2.3	IntCal09
7.095	6.180	0.015	93.0	2.0	IntCal09
7.090	6.185	0.015	91.7	2.0	IntCal09
7.085	6.178	0.015	92.0	2.0	IntCal09
7.080	6.177	0.016	91.4	2.2	IntCal09
7.075	6.182	0.016	90.1	2.2	IntCal09
7.070	6.181	0.016	89.6	2.2	IntCal09
7.065	6.173	0.016	90.0	2.2	IntCal09
7.060	6.173	0.016	89.4	2.2	IntCal09
7.055	6.178	0.016	88.0	2.2	IntCal09
7.050	6.179	0.016	87.2	2.2	IntCal09
7.045	6.178	0.015	86.7	2.0	IntCal09
7.040	6.182	0.015	85.5	2.0	IntCal09
7.035	6.186	0.015	84.3	2.0	IntCal09
7.030	6.181	0.017	84.3	2.3	IntCal09
7.025	6.173	0.016	84.8	2.2	IntCal09
7.020	6.165	0.016	85.2	2.2	IntCal09
7.015	6.158	0.016	85.5	2.2	IntCal09
7.010	6.151	0.016	85.8	2.2	IntCal09
7.005	6.144	0.015	86.0	2.0	IntCal09
7.000	6.130	0.016	87.3	2.2	IntCal09
6.995	6.123	0.016	87.6	2.2	IntCal09
6.990	6.118	0.017	87.6	2.3	IntCal09
6.985	6.115	0.016	87.3	2.2	IntCal09
6.980	6.113	0.015	87.0	2.0	IntCal09
6.975	6.109	0.016	86.8	2.2	IntCal09
6.970	6.106	0.016	86.6	2.2	IntCal09
6.965	6.104	0.016	86.2	2.2	IntCal09
6.960	6.104	0.016	85.5	2.2	IntCal09
6.955	6.102	0.016	85.2	2.2	IntCal09
6.950	6.093	0.016	85.7	2.2	IntCal09
6.945	6.079	0.015	86.9	2.0	IntCal09
6.940	6.071	0.015	87.4	2.0	IntCal09
6.935	6.064	0.014	87.7	1.9	IntCal09
6.930	6.060	0.015	87.5	2.0	IntCal09
6.925	6.059	0.014	87.0	1.9	IntCal09
6.920	6.060	0.014	86.2	1.9	IntCal09
6.915	6.061	0.014	85.4	1.9	IntCal09
6.910	6.059	0.015	85.1	2.0	IntCal09
6.905	6.055	0.014	84.9	1.9	IntCal09
6.900	6.054	0.013	84.4	1.8	IntCal09
6.895	6.048	0.013	84.6	1.8	IntCal09
6.890	6.034	0.014	85.8	1.9	IntCal09
6.885	6.027	0.013	86.1	1.8	IntCal09
6.880	6.014	0.013	87.2	1.8	IntCal09
6.875	6.012	0.015	86.8	2.0	IntCal09
6.870	6.016	0.015	85.6	2.0	IntCal09
6.865	6.020	0.014	84.4	1.9	IntCal09
6.860	6.016	0.014	84.3	1.9	IntCal09
6.855	6.008	0.012	84.7	1.6	IntCal09
6.850	6.006	0.012	84.3	1.6	IntCal09
6.845	5.995	0.014	85.2	1.9	IntCal09
6.840	5.988	0.014	85.5	1.9	IntCal09
6.835	5.994	0.012	84.0	1.6	IntCal09
6.830	5.988	0.014	84.1	1.9	IntCal09
6.825	5.987	0.014	83.6	1.9	IntCal09
6.820	5.987	0.015	83.0	2.0	IntCal09
6.815	5.996	0.014	81.1	1.9	IntCal09
6.810	6.017	0.013	77.6	1.7	IntCal09
6.805	6.008	0.012	78.2	1.6	IntCal09
6.800	5.996	0.014	79.1	1.9	IntCal09
6.795	5.981	0.015	80.5	2.0	IntCal09
6.790	5.967	0.015	81.7	2.0	IntCal09
6.785	5.956	0.014	82.6	1.9	IntCal09
6.780	5.951	0.013	82.6	1.8	IntCal09
6.775	5.941	0.014	83.3	1.9	IntCal09
6.770	5.937	0.015	83.2	2.0	IntCal09
6.765	5.941	0.014	82.0	1.9	IntCal09
6.760	5.957	0.013	79.2	1.7	IntCal09
6.755	5.948	0.014	79.7	1.9	IntCal09
6.750	5.942	0.015	79.9	2.0	IntCal09
6.745	5.933	0.016	80.4	2.2	IntCal09
6.740	5.919	0.016	81.7	2.2	IntCal09
6.735	5.906	0.018	82.8	2.4	IntCal09
6.730	5.897	0.019	83.3	2.6	IntCal09
6.725	5.891	0.019	83.5	2.6	IntCal09
6.720	5.892	0.016	82.7	2.2	IntCal09
6.715	5.884	0.019	83.1	2.6	IntCal09
6.710	5.880	0.020	83.0	2.7	IntCal09
6.705	5.884	0.019	81.8	2.6	IntCal09
6.700	5.892	0.017	80.1	2.3	IntCal09
6.695	5.891	0.017	79.5	2.3	IntCal09
6.690	5.885	0.018	79.7	2.4	IntCal09
6.685	5.885	0.016	79.0	2.1	IntCal09
6.680	5.892	0.014	77.4	1.9	IntCal09
6.675	5.878	0.015	78.7	2.0	IntCal09
6.670	5.860	0.016	80.4	2.2	IntCal09
6.665	5.847	0.015	81.5	2.0	IntCal09
6.660	5.838	0.013	82.1	1.8	IntCal09
6.655	5.824	0.014	83.3	1.9	IntCal09
6.650	5.820	0.014	83.2	1.9	IntCal09
6.645	5.821	0.014	82.4	1.9	IntCal09
6.640	5.818	0.012	82.2	1.6	IntCal09
6.635	5.795	0.013	84.6	1.8	IntCal09
6.630	5.782	0.015	85.7	2.0	IntCal09
6.625	5.779	0.016	85.5	2.2	IntCal09
6.620	5.781	0.015	84.5	2.0	IntCal09
6.615	5.777	0.016	84.4	2.2	IntCal09
6.610	5.778	0.015	83.6	2.0	IntCal09
6.605	5.782	0.014	82.4	1.9	IntCal09
6.600	5.774	0.014	82.9	1.9	IntCal09
6.595	5.770	0.012	82.7	1.6	IntCal09
6.590	5.775	0.014	81.4	1.9	IntCal09
6.585	5.782	0.015	79.8	2.0	IntCal09
6.580	5.790	0.015	78.1	2.0	IntCal09
6.575	5.793	0.014	77.0	1.9	IntCal09
6.570	5.786	0.015	77.3	2.0	IntCal09
6.565	5.774	0.016	78.3	2.1	IntCal09
6.560	5.767	0.016	78.6	2.1	IntCal09
6.555	5.761	0.016	78.7	2.1	IntCal09
6.550	5.757	0.016	78.6	2.1	IntCal09
6.545	5.752	0.015	78.6	2.0	IntCal09
6.540	5.751	0.015	78.1	2.0	IntCal09
6.535	5.749	0.014	77.7	1.9	IntCal09
6.530	5.745	0.015	77.6	2.0	IntCal09
6.525	5.743	0.014	77.2	1.9	IntCal09
6.520	5.745	0.014	76.3	1.9	IntCal09
6.515	5.747	0.014	75.4	1.9	IntCal09
6.510	5.747	0.015	74.7	2.0	IntCal09
6.505	5.746	0.016	74.2	2.1	IntCal09
6.500	5.739	0.016	74.5	2.1	IntCal09
6.495	5.723	0.016	76.0	2.1	IntCal09
6.490	5.706	0.016	77.6	2.1	IntCal09
6.485	5.699	0.016	77.9	2.1	IntCal09
6.480	5.694	0.016	77.9	2.1	IntCal09
6.475	5.691	0.016	77.7	2.1	IntCal09
6.470	5.689	0.016	77.3	2.1	IntCal09
6.465	5.685	0.016	77.2	2.1	IntCal09
6.460	5.684	0.016	76.7	2.1	IntCal09
6.455	5.687	0.015	75.6	2.0	IntCal09
6.450	5.681	0.016	75.8	2.1	IntCal09
6.445	5.670	0.016	76.6	2.1	IntCal09
6.440	5.660	0.016	77.3	2.1	IntCal09
6.435	5.651	0.016	77.8	2.1	IntCal09
6.430	5.648	0.016	77.6	2.1	IntCal09
6.425	5.653	0.016	76.3	2.1	IntCal09
6.420	5.653	0.014	75.6	1.9	IntCal09
6.415	5.656	0.014	74.6	1.9	IntCal09
6.410	5.645	0.015	75.4	2.0	IntCal09
6.405	5.620	0.015	78.1	2.0	IntCal09
6.400	5.602	0.015	79.9	2.0	IntCal09
6.395	5.581	0.015	82.0	2.0	IntCal09
6.390	5.570	0.016	82.9	2.2	IntCal09
6.385	5.566	0.015	82.7	2.0	IntCal09
6.380	5.565	0.016	82.2	2.2	IntCal09
6.375	5.567	0.016	81.3	2.2	IntCal09
6.370	5.577	0.017	79.3	2.3	IntCal09
6.365	5.589	0.016	77.0	2.1	IntCal09
6.360	5.594	0.016	75.7	2.1	IntCal09
6.355	5.592	0.015	75.3	2.0	IntCal09
6.350	5.583	0.016	75.9	2.1	IntCal09
6.345	5.578	0.016	75.9	2.1	IntCal09
6.340	5.575	0.015	75.7	2.0	IntCal09
6.335	5.577	0.015	74.7	2.0	IntCal09
6.330	5.581	0.015	73.6	2.0	IntCal09
6.325	5.585	0.014	72.4	1.9	IntCal09
6.320	5.572	0.015	73.5	2.0	IntCal09
6.315	5.561	0.016	74.3	2.1	IntCal09
6.310	5.547	0.016	75.5	2.1	IntCal09
6.305	5.533	0.016	76.7	2.1	IntCal09
6.300	5.518	0.015	78.1	2.0	IntCal09
6.295	5.503	0.014	79.4	1.9	IntCal09
6.290	5.486	0.015	81.1	2.0	IntCal09
6.285	5.468	0.014	82.8	1.9	IntCal09
6.280	5.447	0.015	85.0	2.0	IntCal09
6.275	5.426	0.016	87.2	2.2	IntCal09
6.270	5.410	0.016	88.7	2.2	IntCal09
6.265	5.399	0.016	89.6	2.2	IntCal09
6.260	5.393	0.016	89.7	2.2	IntCal09
6.255	5.391	0.016	89.3	2.2	IntCal09
6.250	5.395	0.017	88.1	2.3	IntCal09
6.245	5.403	0.016	86.4	2.2	IntCal09
6.240	5.413	0.016	84.4	2.2	IntCal09
6.235	5.423	0.014	82.4	1.9	IntCal09
6.230	5.433	0.015	80.4	2.0	IntCal09
6.225	5.437	0.014	79.2	1.9	IntCal09
6.220	5.430	0.015	79.5	2.0	IntCal09
6.215	5.414	0.016	81.0	2.2	IntCal09
6.210	5.397	0.016	82.6	2.2	IntCal09
6.205	5.384	0.015	83.7	2.0	IntCal09
6.200	5.380	0.015	83.6	2.0	IntCal09
6.195	5.380	0.014	82.9	1.9	IntCal09
6.190	5.374	0.015	83.1	2.0	IntCal09
6.185	5.359	0.014	84.4	1.9	IntCal09
6.180	5.335	0.015	87.0	2.0	IntCal09
6.175	5.310	0.016	89.8	2.2	IntCal09
6.170	5.293	0.016	91.4	2.2	IntCal09
6.165	5.287	0.016	91.6	2.2	IntCal09
6.160	5.293	0.015	90.1	2.0	IntCal09
6.155	5.305	0.014	87.8	1.9	IntCal09
6.150	5.318	0.016	85.4	2.2	IntCal09
6.145	5.329	0.016	83.2	2.2	IntCal09
6.140	5.339	0.017	81.2	2.3	IntCal09
6.135	5.344	0.016	79.9	2.2	IntCal09
6.130	5.342	0.017	79.5	2.3	IntCal09
6.125	5.334	0.016	80.0	2.2	IntCal09
6.120	5.323	0.016	80.8	2.2	IntCal09
6.115	5.311	0.017	81.7	2.3	IntCal09
6.110	5.304	0.018	82.0	2.4	IntCal09
6.105	5.300	0.019	81.9	2.6	IntCal09
6.100	5.293	0.018	82.2	2.4	IntCal09
6.095	5.287	0.015	82.4	2.0	IntCal09
6.090	5.284	0.015	82.1	2.0	IntCal09
6.085	5.286	0.014	81.2	1.9	IntCal09
6.080	5.303	0.014	78.2	1.9	IntCal09
6.075	5.322	0.013	75.1	1.7	IntCal09
6.070	5.320	0.014	74.7	1.9	IntCal09
6.065	5.313	0.014	75.0	1.9	IntCal09
6.060	5.306	0.014	75.2	1.9	IntCal09
6.055	5.306	0.013	74.6	1.7	IntCal09
6.050	5.308	0.014	73.7	1.9	IntCal09
6.045	5.317	0.013	71.8	1.7	IntCal09
6.040	5.320	0.015	70.8	2.0	IntCal09
6.035	5.327	0.015	69.2	2.0	IntCal09
6.030	5.321	0.017	69.3	2.3	IntCal09
6.025	5.314	0.016	69.6	2.1	IntCal09
6.020	5.305	0.017	70.2	2.3	IntCal09
6.015	5.300	0.019	70.2	2.5	IntCal09
6.010	5.298	0.019	69.8	2.5	IntCal09
6.005	5.295	0.018	69.6	2.4	IntCal09
6.000	5.283	0.016	70.5	2.1	IntCal09
5.995	5.264	0.014	72.4	1.9	IntCal09
5.990	5.239	0.014	75.1	1.9	IntCal09
5.985	5.216	0.012	77.5	1.6	IntCal09
5.980	5.208	0.013	78.0	1.7	IntCal09
5.975	5.211	0.013	76.9	1.7	IntCal09
5.970	5.220	0.015	75.0	2.0	IntCal09
5.965	5.232	0.015	72.8	2.0	IntCal09
5.960	5.240	0.015	71.1	2.0	IntCal09
5.955	5.242	0.014	70.2	1.9	IntCal09
5.950	5.235	0.015	70.4	2.0	IntCal09
5.945	5.223	0.014	71.4	1.9	IntCal09
5.940	5.212	0.014	72.2	1.9	IntCal09
5.935	5.203	0.013	72.8	1.7	IntCal09
5.930	5.193	0.014	73.5	1.9	IntCal09
5.925	5.182	0.013	74.3	1.7	IntCal09
5.920	5.169	0.013	75.4	1.7	IntCal09
5.915	5.153	0.013	76.9	1.7	IntCal09
5.910	5.135	0.014	78.6	1.9	IntCal09
5.905	5.117	0.015	80.4	2.0	IntCal09
5.900	5.103	0.015	81.6	2.0	IntCal09
5.895	5.091	0.014	82.6	1.9	IntCal09
5.890	5.078	0.015	83.7	2.0	IntCal09
5.885	5.066	0.015	84.6	2.0	IntCal09
5.880	5.057	0.015	85.2	2.0	IntCal09
5.875	5.053	0.015	85.1	2.0	IntCal09
5.870	5.053	0.015	84.4	2.0	IntCal09
5.865	5.054	0.014	83.6	1.9	IntCal09
5.860	5.052	0.014	83.3	1.9	IntCal09
5.855	5.043	0.012	83.8	1.6	IntCal09
5.850	5.041	0.013	83.4	1.8	IntCal09
5.845	5.043	0.012	82.5	1.6	IntCal09
5.840	5.031	0.013	83.5	1.8	IntCal09
5.835	5.029	0.009	83.1	1.2	IntCal09
5.830	5.040	0.013	80.9	1.7	IntCal09
5.825	5.058	0.011	77.9	1.5	IntCal09
5.820	5.069	0.012	75.7	1.6	IntCal09
5.815	5.070	0.010	75.0	1.3	IntCal09
5.810	5.069	0.011	74.4	1.5	IntCal09
5.805	5.080	0.012	72.3	1.6	IntCal09
5.800	5.087	0.011	70.7	1.5	IntCal09
5.795	5.082	0.014	70.8	1.9	IntCal09
5.790	5.078	0.011	70.7	1.5	IntCal09
5.785	5.080	0.014	69.7	1.9	IntCal09
5.780	5.083	0.014	68.7	1.9	IntCal09
5.775	5.084	0.012	67.9	1.6	IntCal09
5.770	5.080	0.014	67.8	1.9	IntCal09
5.765	5.077	0.011	67.6	1.5	IntCal09
5.760	5.069	0.013	68.0	1.7	IntCal09
5.755	5.060	0.012	68.5	1.6	IntCal09
5.750	5.045	0.013	69.9	1.7	IntCal09
5.745	5.025	0.013	71.9	1.7	IntCal09
5.740	5.014	0.013	72.7	1.7	IntCal09
5.735	5.006	0.012	73.1	1.6	IntCal09
5.730	5.000	0.013	73.3	1.7	IntCal09
5.725	4.995	0.012	73.3	1.6	IntCal09
5.720	4.985	0.012	74.0	1.6	IntCal09
5.715	4.981	0.013	73.9	1.7	IntCal09
5.710	4.975	0.012	74.0	1.6	IntCal09
5.705	4.968	0.010	74.3	1.3	IntCal09
5.700	4.970	0.011	73.4	1.5	IntCal09
5.695	4.966	0.012	73.3	1.6	IntCal09
5.690	4.974	0.011	71.6	1.5	IntCal09
5.685	4.975	0.012	70.8	1.6	IntCal09
5.680	4.974	0.013	70.3	1.7	IntCal09
5.675	4.973	0.011	69.8	1.5	IntCal09
5.670	4.982	0.012	67.9	1.6	IntCal09
5.665	4.979	0.012	67.7	1.6	IntCal09
5.660	4.964	0.012	69.0	1.6	IntCal09
5.655	4.942	0.012	71.3	1.6	IntCal09
5.650	4.927	0.013	72.6	1.7	IntCal09
5.645	4.921	0.012	72.8	1.6	IntCal09
5.640	4.905	0.013	74.3	1.7	IntCal09
5.635	4.906	0.012	73.5	1.6	IntCal09
5.630	4.912	0.012	72.1	1.6	IntCal09
5.625	4.918	0.011	70.6	1.5	IntCal09
5.620	4.917	0.012	70.1	1.6	IntCal09
5.615	4.915	0.011	69.7	1.5	IntCal09
5.610	4.907	0.012	70.1	1.6	IntCal09
5.605	4.894	0.010	71.2	1.3	IntCal09
5.600	4.874	0.011	73.2	1.5	IntCal09
5.595	4.859	0.012	74.6	1.6	IntCal09
5.590	4.842	0.011	76.2	1.5	IntCal09
5.585	4.805	0.012	80.5	1.6	IntCal09
5.580	4.770	0.012	84.6	1.6	IntCal09
5.575	4.745	0.013	87.3	1.8	IntCal09
5.570	4.730	0.015	88.7	2.0	IntCal09
5.565	4.721	0.013	89.3	1.8	IntCal09
5.560	4.726	0.011	87.9	1.5	IntCal09
5.555	4.732	0.012	86.4	1.6	IntCal09
5.550	4.741	0.012	84.6	1.6	IntCal09
5.545	4.748	0.011	83.0	1.5	IntCal09
5.540	4.749	0.012	82.2	1.6	IntCal09
5.535	4.756	0.011	80.6	1.5	IntCal09
5.530	4.763	0.013	79.0	1.7	IntCal09
5.525	4.774	0.012	76.9	1.6	IntCal09
5.520	4.768	0.014	77.0	1.9	IntCal09
5.515	4.771	0.011	76.0	1.5	IntCal09
5.510	4.772	0.014	75.2	1.9	IntCal09
5.505	4.783	0.012	73.1	1.6	IntCal09
5.500	4.793	0.013	71.1	1.7	IntCal09
5.495	4.798	0.012	69.8	1.6	IntCal09
5.490	4.792	0.012	69.9	1.6	IntCal09
5.485	4.772	0.011	71.9	1.5	IntCal09
5.480	4.759	0.012	73.0	1.6	IntCal09
5.475	4.747	0.012	74.0	1.6	IntCal09
5.470	4.727	0.012	76.0	1.6	IntCal09
5.465	4.702	0.012	78.7	1.6	IntCal09
5.460	4.695	0.013	79.0	1.7	IntCal09
5.455	4.690	0.012	79.0	1.6	IntCal09
5.450	4.689	0.011	78.5	1.5	IntCal09
5.445	4.662	0.012	81.5	1.6	IntCal09
5.440	4.644	0.012	83.2	1.6	IntCal09
5.435	4.633	0.011	84.1	1.5	IntCal09
5.430	4.625	0.012	84.5	1.6	IntCal09
5.425	4.628	0.011	83.4	1.5	IntCal09
5.420	4.639	0.012	81.3	1.6	IntCal09
5.415	4.657	0.010	78.2	1.3	IntCal09
5.410	4.661	0.012	77.0	1.6	IntCal09
5.405	4.667	0.011	75.6	1.5	IntCal09
5.400	4.669	0.012	74.7	1.6	IntCal09
5.395	4.671	0.011	73.7	1.5	IntCal09
5.390	4.668	0.012	73.5	1.6	IntCal09
5.385	4.672	0.011	72.3	1.5	IntCal09
5.380	4.682	0.011	70.3	1.5	IntCal09
5.375	4.693	0.010	68.2	1.3	IntCal09
5.370	4.704	0.009	66.1	1.2	IntCal09
5.365	4.700	0.013	66.0	1.7	IntCal09
5.360	4.701	0.013	65.2	1.7	IntCal09
5.355	4.703	0.012	64.3	1.6	IntCal09
5.350	4.696	0.013	64.6	1.7	IntCal09
5.345	4.706	0.013	62.6	1.7	IntCal09
5.340	4.716	0.009	60.7	1.2	IntCal09
5.335	4.708	0.012	61.1	1.6	IntCal09
5.330	4.691	0.012	62.7	1.6	IntCal09
5.325	4.662	0.013	65.9	1.7	IntCal09
5.320	4.632	0.010	69.2	1.3	IntCal09
5.315	4.608	0.012	71.8	1.6	IntCal09
5.310	4.583	0.012	74.5	1.6	IntCal09
5.305	4.568	0.013	75.8	1.7	IntCal09
5.300	4.555	0.014	76.9	1.9	IntCal09
5.295	4.539	0.010	78.4	1.3	IntCal09
5.290	4.533	0.011	78.6	1.5	IntCal09
5.285	4.520	0.012	79.7	1.6	IntCal09
5.280	4.508	0.010	80.6	1.3	IntCal09
5.275	4.495	0.013	81.7	1.8	IntCal09
5.270	4.490	0.012	81.7	1.6	IntCal09
5.265	4.488	0.011	81.3	1.5	IntCal09
5.260	4.484	0.012	81.2	1.6	IntCal09
5.255	4.478	0.012	81.4	1.6	IntCal09
5.250	4.481	0.012	80.3	1.6	IntCal09
5.245	4.482	0.011	79.5	1.5	IntCal09
5.240	4.490	0.012	77.8	1.6	IntCal09
5.235	4.484	0.011	78.0	1.5	IntCal09
5.230	4.480	0.012	77.8	1.6	IntCal09
5.225	4.481	0.011	77.1	1.5	IntCal09
5.220	4.493	0.012	74.8	1.6	IntCal09
5.215	4.489	0.007	74.7	0.9	IntCal09
5.210	4.457	0.012	78.3	1.6	IntCal09
5.205	4.458	0.012	77.5	1.6	IntCal09
5.200	4.464	0.011	76.1	1.5	IntCal09
5.195	4.469	0.012	74.8	1.6	IntCal09
5.190	4.479	0.011	72.8	1.5	IntCal09
5.185	4.490	0.011	70.7	1.5	IntCal09
5.180	4.496	0.011	69.2	1.5	IntCal09
5.175	4.498	0.010	68.3	1.3	IntCal09
5.170	4.491	0.011	68.6	1.5	IntCal09
5.165	4.503	0.010	66.3	1.3	IntCal09
5.160	4.517	0.011	63.8	1.5	IntCal09
5.155	4.526	0.012	62.0	1.6	IntCal09
5.150	4.532	0.011	60.6	1.5	IntCal09
5.145	4.528	0.012	60.5	1.6	IntCal09
5.140	4.517	0.013	61.3	1.7	IntCal09
5.135	4.508	0.013	61.8	1.7	IntCal09
5.130	4.503	0.014	61.8	1.9	IntCal09
5.125	4.498	0.013	61.9	1.7	IntCal09
5.120	4.491	0.014	62.1	1.9	IntCal09
5.115	4.485	0.013	62.3	1.7	IntCal09
5.110	4.493	0.014	60.6	1.8	IntCal09
5.105	4.508	0.013	58.0	1.7	IntCal09
5.100	4.520	0.014	55.8	1.8	IntCal09
5.095	4.527	0.013	54.2	1.7	IntCal09
5.090	4.524	0.014	54.0	1.8	IntCal09
5.085	4.516	0.013	54.4	1.7	IntCal09
5.080	4.511	0.014	54.4	1.8	IntCal09
5.075	4.507	0.013	54.3	1.7	IntCal09
5.070	4.498	0.014	54.8	1.8	IntCal09
5.065	4.491	0.013	55.1	1.7	IntCal09
5.060	4.489	0.014	54.7	1.8	IntCal09
5.055	4.485	0.014	54.6	1.8	IntCal09
5.050	4.472	0.015	55.7	2.0	IntCal09
5.045	4.455	0.013	57.3	1.7	IntCal09
5.040	4.437	0.013	59.0	1.7	IntCal09
5.035	4.426	0.014	59.8	1.8	IntCal09
5.030	4.413	0.013	60.9	1.7	IntCal09
5.025	4.403	0.012	61.6	1.6	IntCal09
5.020	4.408	0.012	60.3	1.6	IntCal09
5.015	4.419	0.014	58.2	1.8	IntCal09
5.010	4.427	0.013	56.5	1.7	IntCal09
5.005	4.433	0.013	55.1	1.7	IntCal09
5.000	4.433	0.013	54.4	1.7	IntCal09
4.995	4.434	0.013	53.7	1.7	IntCal09
4.990	4.436	0.012	52.8	1.6	IntCal09
4.985	4.435	0.012	52.3	1.6	IntCal09
4.980	4.433	0.013	51.9	1.7	IntCal09
4.975	4.414	0.012	53.7	1.6	IntCal09
4.970	4.397	0.013	55.3	1.7	IntCal09
4.965	4.386	0.014	56.1	1.8	IntCal09
4.960	4.381	0.013	56.1	1.7	IntCal09
4.955	4.371	0.014	56.8	1.8	IntCal09
4.950	4.368	0.013	56.6	1.7	IntCal09
4.945	4.366	0.014	56.2	1.8	IntCal09
4.940	4.370	0.012	55.0	1.6	IntCal09
4.935	4.375	0.012	53.7	1.6	IntCal09
4.930	4.378	0.014	52.7	1.8	IntCal09
4.925	4.382	0.014	51.6	1.8	IntCal09
4.920	4.381	0.014	51.1	1.8	IntCal09
4.915	4.381	0.014	50.4	1.8	IntCal09
4.910	4.381	0.012	49.8	1.6	IntCal09
4.905	4.378	0.012	49.5	1.6	IntCal09
4.900	4.379	0.013	48.8	1.7	IntCal09
4.895	4.383	0.013	47.6	1.7	IntCal09
4.890	4.379	0.013	47.5	1.7	IntCal09
4.885	4.378	0.014	47.0	1.8	IntCal09
4.880	4.373	0.013	47.0	1.7	IntCal09
4.875	4.365	0.014	47.4	1.8	IntCal09
4.870	4.351	0.013	48.6	1.7	IntCal09
4.865	4.334	0.012	50.2	1.6	IntCal09
4.860	4.321	0.012	51.3	1.6	IntCal09
4.855	4.305	0.012	52.7	1.6	IntCal09
4.850	4.288	0.013	54.3	1.7	IntCal09
4.845	4.275	0.014	55.4	1.8	IntCal09
4.840	4.258	0.012	57.0	1.6	IntCal09
4.835	4.237	0.013	59.1	1.7	IntCal09
4.830	4.225	0.012	60.1	1.6	IntCal09
4.825	4.199	0.011	62.9	1.5	IntCal09
4.820	4.180	0.013	64.7	1.7	IntCal09
4.815	4.174	0.012	64.9	1.6	IntCal09
4.810	4.162	0.013	65.8	1.7	IntCal09
4.805	4.144	0.013	67.6	1.7	IntCal09
4.800	4.139	0.013	67.6	1.7	IntCal09
4.795	4.134	0.013	67.6	1.7	IntCal09
4.790	4.137	0.012	66.6	1.6	IntCal09
4.785	4.125	0.012	67.5	1.6	IntCal09
4.780	4.104	0.012	69.7	1.6	IntCal09
4.775	4.094	0.013	70.3	1.7	IntCal09
4.770	4.104	0.013	68.4	1.7	IntCal09
4.765	4.122	0.013	65.3	1.7	IntCal09
4.760	4.147	0.012	61.4	1.6	IntCal09
4.755	4.169	0.013	57.8	1.7	IntCal09
4.750	4.182	0.012	55.5	1.6	IntCal09
4.745	4.185	0.013	54.5	1.7	IntCal09
4.740	4.181	0.012	54.3	1.6	IntCal09
4.735	4.182	0.012	53.6	1.6	IntCal09
4.730	4.184	0.013	52.7	1.7	IntCal09
4.725	4.174	0.014	53.3	1.8	IntCal09
4.720	4.173	0.014	52.8	1.8	IntCal09
4.715	4.176	0.014	51.8	1.8	IntCal09
4.710	4.173	0.013	51.6	1.7	IntCal09
4.705	4.160	0.013	52.6	1.7	IntCal09
4.700	4.152	0.012	53.0	1.6	IntCal09
4.695	4.142	0.014	53.7	1.8	IntCal09
4.690	4.137	0.014	53.7	1.8	IntCal09
4.685	4.135	0.012	53.4	1.6	IntCal09
4.680	4.136	0.012	52.6	1.6	IntCal09
4.675	4.140	0.013	51.4	1.7	IntCal09
4.670	4.155	0.013	48.8	1.7	IntCal09
4.665	4.170	0.013	46.2	1.7	IntCal09
4.660	4.168	0.012	45.9	1.6	IntCal09
4.655	4.164	0.012	45.8	1.6	IntCal09
4.650	4.153	0.013	46.6	1.7	IntCal09
4.645	4.140	0.013	47.6	1.7	IntCal09
4.640	4.134	0.013	47.8	1.7	IntCal09
4.635	4.138	0.012	46.6	1.6	IntCal09
4.630	4.140	0.013	45.7	1.7	IntCal09
4.625	4.132	0.012	46.1	1.6	IntCal09
4.620	4.125	0.013	46.4	1.7	IntCal09
4.615	4.121	0.012	46.3	1.6	IntCal09
4.610	4.113	0.013	46.7	1.7	IntCal09
4.605	4.106	0.014	47.0	1.8	IntCal09
4.600	4.111	0.014	45.7	1.8	IntCal09
4.595	4.118	0.014	44.2	1.8	IntCal09
4.590	4.122	0.013	43.0	1.7	IntCal09
4.585	4.116	0.012	43.2	1.6	IntCal09
4.580	4.105	0.012	44.0	1.6	IntCal09
4.575	4.100	0.013	44.0	1.7	IntCal09
4.570	4.090	0.012	44.6	1.6	IntCal09
4.565	4.073	0.013	46.2	1.7	IntCal09
4.560	4.075	0.013	45.3	1.7	IntCal09
4.555	4.085	0.014	43.4	1.8	IntCal09
4.550	4.086	0.012	42.6	1.6	IntCal09
4.545	4.076	0.013	43.3	1.7	IntCal09
4.540	4.087	0.011	41.2	1.4	IntCal09
4.535	4.083	0.012	41.1	1.6	IntCal09
4.530	4.077	0.012	41.3	1.6	IntCal09
4.525	4.053	0.013	43.8	1.7	IntCal09
4.520	4.037	0.012	45.2	1.6	IntCal09
4.515	4.017	0.013	47.2	1.7	IntCal09
4.510	4.002	0.012	48.5	1.6	IntCal09
4.505	4.000	0.013	48.1	1.7	IntCal09
4.500	4.002	0.012	47.2	1.6	IntCal09
4.495	3.993	0.013	47.8	1.7	IntCal09
4.490	3.993	0.011	47.2	1.4	IntCal09
4.485	4.002	0.013	45.3	1.7	IntCal09
4.480	4.016	0.012	42.9	1.6	IntCal09
4.475	4.013	0.012	42.7	1.6	IntCal09
4.470	4.021	0.012	41.0	1.6	IntCal09
4.465	4.028	0.013	39.5	1.7	IntCal09
4.460	4.042	0.011	37.0	1.4	IntCal09
4.455	4.043	0.013	36.3	1.7	IntCal09
4.450	4.032	0.012	37.1	1.5	IntCal09
4.445	4.015	0.014	38.6	1.8	IntCal09
4.440	4.001	0.012	39.8	1.6	IntCal09
4.435	3.988	0.013	40.9	1.7	IntCal09
4.430	3.987	0.012	40.4	1.6	IntCal09
4.425	3.981	0.013	40.5	1.7	IntCal09
4.420	3.957	0.013	43.0	1.7	IntCal09
4.415	3.930	0.014	45.9	1.8	IntCal09
4.410	3.909	0.016	48.0	2.1	IntCal09
4.405	3.894	0.016	49.3	2.1	IntCal09
4.400	3.891	0.014	49.1	1.8	IntCal09
4.395	3.891	0.013	48.4	1.7	IntCal09
4.390	3.893	0.013	47.5	1.7	IntCal09
4.385	3.891	0.011	47.1	1.4	IntCal09
4.380	3.885	0.012	47.3	1.6	IntCal09
4.375	3.883	0.012	46.9	1.6	IntCal09
4.370	3.889	0.013	45.5	1.7	IntCal09
4.365	3.901	0.013	43.3	1.7	IntCal09
4.360	3.901	0.013	42.7	1.7	IntCal09
4.355	3.894	0.013	43.0	1.7	IntCal09
4.350	3.884	0.015	43.6	1.9	IntCal09
4.345	3.878	0.014	43.8	1.8	IntCal09
4.340	3.878	0.013	43.2	1.7	IntCal09
4.335	3.876	0.013	42.8	1.7	IntCal09
4.330	3.885	0.013	41.0	1.7	IntCal09
4.325	3.895	0.013	39.1	1.7	IntCal09
4.320	3.899	0.012	37.9	1.6	IntCal09
4.315	3.895	0.013	37.8	1.7	IntCal09
4.310	3.896	0.014	37.0	1.8	IntCal09
4.305	3.896	0.014	36.4	1.8	IntCal09
4.300	3.896	0.012	35.8	1.5	IntCal09
4.295	3.879	0.013	37.4	1.7	IntCal09
4.290	3.869	0.013	38.0	1.7	IntCal09
4.285	3.863	0.013	38.2	1.7	IntCal09
4.280	3.857	0.012	38.3	1.6	IntCal09
4.275	3.858	0.012	37.6	1.5	IntCal09
4.270	3.867	0.013	35.8	1.7	IntCal09
4.265	3.866	0.014	35.3	1.8	IntCal09
4.260	3.869	0.013	34.3	1.7	IntCal09
4.255	3.861	0.014	34.7	1.8	IntCal09
4.250	3.862	0.012	33.9	1.5	IntCal09
4.245	3.852	0.012	34.6	1.5	IntCal09
4.240	3.840	0.012	35.5	1.5	IntCal09
4.235	3.825	0.013	36.8	1.7	IntCal09
4.230	3.817	0.012	37.2	1.5	IntCal09
4.225	3.808	0.013	37.7	1.7	IntCal09
4.220	3.799	0.014	38.3	1.8	IntCal09
4.215	3.796	0.013	38.0	1.7	IntCal09
4.210	3.795	0.014	37.5	1.8	IntCal09
4.205	3.804	0.012	35.8	1.5	IntCal09
4.200	3.811	0.013	34.2	1.7	IntCal09
4.195	3.827	0.012	31.5	1.5	IntCal09
4.190	3.824	0.013	31.3	1.7	IntCal09
4.185	3.826	0.011	30.4	1.4	IntCal09
4.180	3.817	0.011	31.0	1.4	IntCal09
4.175	3.804	0.012	32.0	1.5	IntCal09
4.170	3.811	0.012	30.5	1.5	IntCal09
4.165	3.822	0.012	28.4	1.5	IntCal09
4.160	3.814	0.014	28.8	1.8	IntCal09
4.155	3.799	0.012	30.1	1.5	IntCal09
4.150	3.777	0.013	32.3	1.7	IntCal09
4.145	3.757	0.011	34.3	1.4	IntCal09
4.140	3.742	0.012	35.6	1.5	IntCal09
4.135	3.739	0.011	35.4	1.4	IntCal09
4.130	3.741	0.011	34.5	1.4	IntCal09
4.125	3.752	0.011	32.4	1.4	IntCal09
4.120	3.755	0.014	31.4	1.8	IntCal09
4.115	3.763	0.012	29.8	1.5	IntCal09
4.110	3.767	0.012	28.6	1.5	IntCal09
4.105	3.775	0.011	27.0	1.4	IntCal09
4.100	3.764	0.012	27.8	1.5	IntCal09
4.095	3.757	0.011	28.1	1.4	IntCal09
4.090	3.741	0.014	29.5	1.8	IntCal09
4.085	3.719	0.013	31.7	1.7	IntCal09
4.080	3.704	0.014	33.0	1.8	IntCal09
4.075	3.695	0.014	33.5	1.8	IntCal09
4.070	3.689	0.014	33.7	1.8	IntCal09
4.065	3.683	0.012	33.8	1.5	IntCal09
4.060	3.677	0.014	34.0	1.8	IntCal09
4.055	3.675	0.012	33.6	1.5	IntCal09
4.050	3.679	0.014	32.5	1.8	IntCal09
4.045	3.687	0.014	30.8	1.8	IntCal09
4.040	3.693	0.013	29.4	1.7	IntCal09
4.035	3.703	0.013	27.5	1.7	IntCal09
4.030	3.711	0.014	25.9	1.8	IntCal09
4.025	3.715	0.011	24.7	1.4	IntCal09
4.020	3.714	0.014	24.2	1.8	IntCal09
4.015	3.716	0.013	23.4	1.7	IntCal09
4.010	3.712	0.014	23.3	1.8	IntCal09
4.005	3.705	0.011	23.5	1.4	IntCal09
4.000	3.704	0.014	23.0	1.8	IntCal09
3.995	3.699	0.013	23.1	1.7	IntCal09
3.990	3.689	0.014	23.7	1.8	IntCal09
3.985	3.678	0.012	24.5	1.5	IntCal09
3.980	3.661	0.013	26.0	1.7	IntCal09
3.975	3.648	0.012	27.1	1.5	IntCal09
3.970	3.639	0.014	27.6	1.8	IntCal09
3.965	3.634	0.012	27.6	1.5	IntCal09
3.960	3.624	0.014	28.3	1.8	IntCal09
3.955	3.618	0.013	28.4	1.7	IntCal09
3.950	3.622	0.014	27.3	1.8	IntCal09
3.945	3.634	0.012	25.1	1.5	IntCal09
3.940	3.642	0.015	23.5	1.9	IntCal09
3.935	3.645	0.014	22.5	1.8	IntCal09
3.930	3.637	0.013	22.9	1.7	IntCal09
3.925	3.620	0.011	24.5	1.4	IntCal09
3.920	3.617	0.014	24.2	1.8	IntCal09
3.915	3.618	0.014	23.5	1.8	IntCal09
3.910	3.615	0.014	23.2	1.8	IntCal09
3.905	3.612	0.011	23.0	1.4	IntCal09
3.900	3.604	0.014	23.4	1.8	IntCal09
3.895	3.597	0.013	23.7	1.7	IntCal09
3.890	3.590	0.013	23.9	1.7	IntCal09
3.885	3.582	0.009	24.3	1.1	IntCal09
3.880	3.581	0.013	23.9	1.7	IntCal09
3.875	3.579	0.014	23.5	1.8	IntCal09
3.870	3.573	0.016	23.6	2.0	IntCal09
3.865	3.568	0.016	23.7	2.0	IntCal09
3.860	3.565	0.016	23.4	2.0	IntCal09
3.855	3.563	0.016	23.1	2.0	IntCal09
3.850	3.562	0.016	22.6	2.0	IntCal09
3.845	3.558	0.015	22.5	1.9	IntCal09
3.840	3.549	0.015	23.0	1.9	IntCal09
3.835	3.536	0.015	24.0	1.9	IntCal09
3.830	3.517	0.015	25.8	1.9	IntCal09
3.825	3.500	0.014	27.4	1.8	IntCal09
3.820	3.489	0.015	28.2	1.9	IntCal09
3.815	3.482	0.015	28.4	1.9	IntCal09
3.810	3.476	0.016	28.6	2.0	IntCal09
3.805	3.474	0.015	28.2	1.9	IntCal09
3.800	3.477	0.015	27.2	1.9	IntCal09
3.795	3.487	0.015	25.3	1.9	IntCal09
3.790	3.503	0.016	22.6	2.0	IntCal09
3.785	3.515	0.016	20.5	2.0	IntCal09
3.780	3.511	0.016	20.4	2.0	IntCal09
3.775	3.504	0.016	20.7	2.0	IntCal09
3.770	3.501	0.015	20.4	1.9	IntCal09
3.765	3.496	0.014	20.4	1.8	IntCal09
3.760	3.488	0.014	20.8	1.8	IntCal09
3.755	3.485	0.014	20.6	1.8	IntCal09
3.750	3.492	0.014	19.1	1.8	IntCal09
3.745	3.502	0.014	17.2	1.8	IntCal09
3.740	3.508	0.014	15.8	1.8	IntCal09
3.735	3.508	0.014	15.2	1.8	IntCal09
3.730	3.501	0.014	15.5	1.8	IntCal09
3.725	3.489	0.014	16.4	1.8	IntCal09
3.720	3.475	0.014	17.6	1.8	IntCal09
3.715	3.467	0.014	18.0	1.8	IntCal09
3.710	3.468	0.015	17.2	1.9	IntCal09
3.705	3.467	0.014	16.7	1.8	IntCal09
3.700	3.459	0.015	17.1	1.9	IntCal09
3.695	3.446	0.015	18.2	1.9	IntCal09
3.690	3.431	0.016	19.4	2.0	IntCal09
3.685	3.415	0.015	20.9	1.9	IntCal09
3.680	3.405	0.015	21.5	1.9	IntCal09
3.675	3.400	0.015	21.5	1.9	IntCal09
3.670	3.401	0.016	20.8	2.0	IntCal09
3.665	3.409	0.016	19.2	2.0	IntCal09
3.660	3.417	0.016	17.5	2.0	IntCal09
3.655	3.424	0.016	16.0	2.0	IntCal09
3.650	3.427	0.014	15.0	1.8	IntCal09
3.645	3.421	0.012	15.2	1.5	IntCal09
3.640	3.401	0.013	17.1	1.6	IntCal09
3.635	3.380	0.013	19.1	1.6	IntCal09
3.630	3.369	0.013	19.9	1.7	IntCal09
3.625	3.368	0.013	19.4	1.6	IntCal09
3.620	3.370	0.014	18.6	1.8	IntCal09
3.615	3.367	0.014	18.3	1.8	IntCal09
3.610	3.359	0.013	18.7	1.6	IntCal09
3.605	3.355	0.012	18.6	1.5	IntCal09
3.600	3.362	0.012	17.1	1.5	IntCal09
3.595	3.367	0.012	15.9	1.5	IntCal09
3.590	3.362	0.013	15.9	1.6	IntCal09
3.585	3.356	0.013	16.0	1.6	IntCal09
3.580	3.350	0.013	16.2	1.6	IntCal09
3.575	3.342	0.013	16.6	1.6	IntCal09
3.570	3.334	0.013	17.0	1.6	IntCal09
3.565	3.325	0.013	17.5	1.6	IntCal09
3.560	3.314	0.013	18.3	1.6	IntCal09
3.555	3.300	0.012	19.4	1.5	IntCal09
3.550	3.287	0.013	20.5	1.7	IntCal09
3.545	3.284	0.013	20.2	1.7	IntCal09
3.540	3.289	0.013	19.0	1.6	IntCal09
3.535	3.296	0.013	17.5	1.6	IntCal09
3.530	3.297	0.014	16.7	1.8	IntCal09
3.525	3.298	0.014	16.0	1.8	IntCal09
3.520	3.303	0.014	14.7	1.8	IntCal09
3.515	3.307	0.014	13.6	1.8	IntCal09
3.510	3.304	0.014	13.4	1.8	IntCal09
3.505	3.298	0.013	13.5	1.6	IntCal09
3.500	3.300	0.014	12.7	1.8	IntCal09
3.495	3.304	0.014	11.5	1.8	IntCal09
3.490	3.304	0.014	10.9	1.8	IntCal09
3.485	3.298	0.013	11.1	1.6	IntCal09
3.480	3.286	0.014	12.0	1.8	IntCal09
3.475	3.272	0.013	13.1	1.6	IntCal09
3.470	3.262	0.012	13.8	1.5	IntCal09
3.465	3.252	0.012	14.4	1.5	IntCal09
3.460	3.248	0.012	14.3	1.5	IntCal09
3.455	3.247	0.012	13.8	1.5	IntCal09
3.450	3.238	0.012	14.4	1.5	IntCal09
3.445	3.219	0.013	16.1	1.6	IntCal09
3.440	3.201	0.014	17.8	1.8	IntCal09
3.435	3.195	0.014	18.0	1.8	IntCal09
3.430	3.199	0.014	16.8	1.8	IntCal09
3.425	3.207	0.014	15.2	1.8	IntCal09
3.420	3.212	0.014	14.0	1.8	IntCal09
3.415	3.212	0.014	13.3	1.8	IntCal09
3.410	3.208	0.014	13.2	1.8	IntCal09
3.405	3.201	0.013	13.5	1.6	IntCal09
3.400	3.192	0.013	14.0	1.6	IntCal09
3.395	3.184	0.013	14.4	1.6	IntCal09
3.390	3.180	0.014	14.3	1.8	IntCal09
3.385	3.173	0.014	14.6	1.8	IntCal09
3.380	3.159	0.015	15.7	1.9	IntCal09
3.375	3.148	0.015	16.5	1.9	IntCal09
3.370	3.143	0.016	16.5	2.0	IntCal09
3.365	3.135	0.015	16.9	1.9	IntCal09
3.360	3.120	0.015	18.2	1.9	IntCal09
3.355	3.107	0.015	19.3	1.9	IntCal09
3.350	3.103	0.015	19.1	1.9	IntCal09
3.345	3.099	0.014	19.0	1.8	IntCal09
3.340	3.090	0.015	19.6	1.9	IntCal09
3.335	3.080	0.015	20.2	1.9	IntCal09
3.330	3.073	0.016	20.5	2.0	IntCal09
3.325	3.066	0.015	20.8	1.9	IntCal09
3.320	3.054	0.016	21.7	2.0	IntCal09
3.315	3.046	0.016	22.1	2.0	IntCal09
3.310	3.048	0.016	21.2	2.0	IntCal09
3.305	3.052	0.016	20.1	2.0	IntCal09
3.300	3.052	0.016	19.5	2.0	IntCal09
3.295	3.053	0.016	18.7	2.0	IntCal09
3.290	3.060	0.016	17.2	2.0	IntCal09
3.285	3.070	0.016	15.3	2.0	IntCal09
3.280	3.079	0.015	13.6	1.9	IntCal09
3.275	3.080	0.015	12.8	1.9	IntCal09
3.270	3.068	0.016	13.7	2.0	IntCal09
3.265	3.053	0.016	15.0	2.0	IntCal09
3.260	3.042	0.016	15.8	2.0	IntCal09
3.255	3.035	0.016	16.1	2.0	IntCal09
3.250	3.031	0.016	16.0	2.0	IntCal09
3.245	3.027	0.016	15.8	2.0	IntCal09
3.240	3.021	0.016	16.0	2.0	IntCal09
3.235	3.017	0.016	15.9	2.0	IntCal09
3.230	3.020	0.016	14.9	2.0	IntCal09
3.225	3.023	0.016	13.9	2.0	IntCal09
3.220	3.022	0.016	13.4	2.0	IntCal09
3.215	3.014	0.016	13.8	2.0	IntCal09
3.210	2.997	0.015	15.3	1.9	IntCal09
3.205	2.980	0.015	16.9	1.9	IntCal09
3.200	2.972	0.015	17.3	1.9	IntCal09
3.195	2.971	0.015	16.8	1.9	IntCal09
3.190	2.973	0.016	15.9	2.0	IntCal09
3.185	2.981	0.016	14.3	2.0	IntCal09
3.180	2.989	0.015	12.7	1.9	IntCal09
3.175	2.994	0.015	11.4	1.9	IntCal09
3.170	2.993	0.014	10.9	1.8	IntCal09
3.165	2.984	0.013	11.5	1.6	IntCal09
3.160	2.967	0.014	13.0	1.8	IntCal09
3.155	2.957	0.015	13.6	1.9	IntCal09
3.150	2.961	0.016	12.5	2.0	IntCal09
3.145	2.962	0.015	11.8	1.9	IntCal09
3.140	2.949	0.016	12.8	2.0	IntCal09
3.135	2.939	0.016	13.5	2.0	IntCal09
3.130	2.943	0.016	12.3	2.0	IntCal09
3.125	2.951	0.016	10.7	2.0	IntCal09
3.120	2.954	0.016	9.7	2.0	IntCal09
3.115	2.953	0.015	9.3	1.9	IntCal09
3.110	2.950	0.016	9.0	2.0	IntCal09
3.105	2.944	0.016	9.2	2.0	IntCal09
3.100	2.939	0.015	9.2	1.9	IntCal09
3.095	2.941	0.014	8.3	1.8	IntCal09
3.090	2.958	0.014	5.6	1.8	IntCal09
3.085	2.966	0.013	4.0	1.6	IntCal09
3.080	2.948	0.015	5.6	1.9	IntCal09
3.075	2.927	0.015	7.6	1.9	IntCal09
3.070	2.916	0.015	8.4	1.9	IntCal09
3.065	2.908	0.014	8.8	1.8	IntCal09
3.060	2.900	0.014	9.2	1.8	IntCal09
3.055	2.898	0.013	8.8	1.6	IntCal09
3.050	2.901	0.014	7.8	1.8	IntCal09
3.045	2.905	0.013	6.7	1.6	IntCal09
3.040	2.904	0.014	6.3	1.8	IntCal09
3.035	2.901	0.015	6.0	1.9	IntCal09
3.030	2.900	0.015	5.5	1.9	IntCal09
3.025	2.900	0.015	4.9	1.9	IntCal09
3.020	2.899	0.014	4.4	1.8	IntCal09
3.015	2.899	0.015	3.8	1.9	IntCal09
3.010	2.903	0.015	2.7	1.9	IntCal09
3.005	2.900	0.014	2.5	1.7	IntCal09
3.000	2.887	0.014	3.5	1.7	IntCal09
2.995	2.876	0.014	4.3	1.8	IntCal09
2.990	2.873	0.015	4.1	1.9	IntCal09
2.985	2.872	0.015	3.6	1.9	IntCal09
2.980	2.873	0.015	2.8	1.9	IntCal09
2.975	2.872	0.015	2.4	1.9	IntCal09
2.970	2.870	0.015	2.0	1.9	IntCal09
2.965	2.865	0.014	2.0	1.7	IntCal09
2.960	2.855	0.014	2.7	1.7	IntCal09
2.955	2.843	0.014	3.6	1.7	IntCal09
2.950	2.833	0.015	4.2	1.9	IntCal09
2.945	2.825	0.015	4.6	1.9	IntCal09
2.940	2.824	0.015	4.1	1.9	IntCal09
2.935	2.825	0.014	3.4	1.7	IntCal09
2.930	2.826	0.014	2.6	1.7	IntCal09
2.925	2.820	0.013	2.8	1.6	IntCal09
2.920	2.804	0.014	4.2	1.8	IntCal09
2.915	2.794	0.014	4.8	1.8	IntCal09
2.910	2.802	0.015	3.2	1.9	IntCal09
2.905	2.814	0.014	1.1	1.7	IntCal09
2.900	2.820	0.014	-0.2	1.7	IntCal09
2.895	2.819	0.014	-0.7	1.7	IntCal09
2.890	2.814	0.015	-0.7	1.9	IntCal09
2.885	2.806	0.014	-0.3	1.7	IntCal09
2.880	2.800	0.015	-0.2	1.9	IntCal09
2.875	2.793	0.016	0.1	2.0	IntCal09
2.870	2.785	0.016	0.5	2.0	IntCal09
2.865	2.776	0.015	1.0	1.9	IntCal09
2.860	2.769	0.015	1.3	1.9	IntCal09
2.855	2.761	0.015	1.7	1.9	IntCal09
2.850	2.749	0.016	2.6	2.0	IntCal09
2.845	2.736	0.015	3.6	1.9	IntCal09
2.840	2.726	0.015	4.2	1.9	IntCal09
2.835	2.721	0.015	4.2	1.9	IntCal09
2.830	2.724	0.016	3.2	2.0	IntCal09
2.825	2.730	0.015	1.9	1.9	IntCal09
2.820	2.733	0.015	0.9	1.9	IntCal09
2.815	2.735	0.015	0.1	1.9	IntCal09
2.810	2.735	0.016	-0.5	2.0	IntCal09
2.805	2.734	0.015	-1.0	1.9	IntCal09
2.800	2.734	0.014	-1.6	1.7	IntCal09
2.795	2.729	0.012	-1.6	1.5	IntCal09
2.790	2.719	0.011	-1.0	1.4	IntCal09
2.785	2.710	0.013	-0.5	1.6	IntCal09
2.780	2.698	0.013	0.4	1.6	IntCal09
2.775	2.688	0.012	1.1	1.5	IntCal09
2.770	2.682	0.013	1.2	1.6	IntCal09
2.765	2.676	0.012	1.4	1.5	IntCal09
2.760	2.663	0.013	2.4	1.6	IntCal09
2.755	2.645	0.012	4.0	1.5	IntCal09
2.750	2.624	0.013	6.0	1.6	IntCal09
2.745	2.600	0.012	8.4	1.5	IntCal09
2.740	2.578	0.012	10.6	1.5	IntCal09
2.735	2.563	0.012	11.9	1.5	IntCal09
2.730	2.558	0.013	11.9	1.6	IntCal09
2.725	2.553	0.013	11.9	1.6	IntCal09
2.720	2.543	0.013	12.5	1.6	IntCal09
2.715	2.529	0.013	13.7	1.6	IntCal09
2.710	2.516	0.014	14.7	1.8	IntCal09
2.705	2.506	0.012	15.4	1.5	IntCal09
2.700	2.495	0.013	16.2	1.6	IntCal09
2.695	2.483	0.013	17.1	1.6	IntCal09
2.690	2.478	0.013	17.1	1.6	IntCal09
2.685	2.475	0.012	16.8	1.5	IntCal09
2.680	2.467	0.013	17.2	1.6	IntCal09
2.675	2.459	0.013	17.6	1.6	IntCal09
2.670	2.456	0.014	17.4	1.8	IntCal09
2.665	2.455	0.013	16.9	1.6	IntCal09
2.660	2.455	0.013	16.3	1.6	IntCal09
2.655	2.455	0.013	15.7	1.6	IntCal09
2.650	2.451	0.014	15.6	1.8	IntCal09
2.645	2.451	0.013	15.0	1.6	IntCal09
2.640	2.468	0.014	12.2	1.8	IntCal09
2.635	2.496	0.013	8.1	1.6	IntCal09
2.630	2.520	0.014	4.5	1.8	IntCal09
2.625	2.531	0.013	2.5	1.6	IntCal09
2.620	2.516	0.013	3.7	1.6	IntCal09
2.615	2.490	0.013	6.4	1.6	IntCal09
2.610	2.469	0.013	8.4	1.6	IntCal09
2.605	2.458	0.011	9.2	1.4	IntCal09
2.600	2.467	0.012	7.4	1.5	IntCal09
2.595	2.483	0.011	4.8	1.4	IntCal09
2.590	2.492	0.012	3.1	1.5	IntCal09
2.585	2.496	0.011	2.0	1.4	IntCal09
2.580	2.499	0.012	1.0	1.5	IntCal09
2.575	2.499	0.011	0.4	1.4	IntCal09
2.570	2.495	0.012	0.3	1.5	IntCal09
2.565	2.493	0.012	-0.1	1.5	IntCal09
2.560	2.499	0.013	-1.4	1.6	IntCal09
2.555	2.506	0.013	-2.9	1.6	IntCal09
2.550	2.505	0.014	-3.4	1.7	IntCal09
2.545	2.498	0.013	-3.1	1.6	IntCal09
2.540	2.489	0.014	-2.6	1.7	IntCal09
2.535	2.483	0.014	-2.4	1.7	IntCal09
2.530	2.485	0.015	-3.3	1.9	IntCal09
2.525	2.491	0.014	-4.6	1.7	IntCal09
2.520	2.491	0.014	-5.2	1.7	IntCal09
2.515	2.489	0.014	-5.6	1.7	IntCal09
2.510	2.488	0.014	-6.1	1.7	IntCal09
2.505	2.487	0.013	-6.5	1.6	IntCal09
2.500	2.482	0.014	-6.5	1.7	IntCal09
2.495	2.473	0.013	-6.0	1.6	IntCal09
2.490	2.459	0.013	-4.9	1.6	IntCal09
2.485	2.447	0.012	-4.0	1.5	IntCal09
2.480	2.447	0.013	-4.6	1.6	IntCal09
2.475	2.451	0.013	-5.7	1.6	IntCal09
2.470	2.446	0.014	-5.7	1.7	IntCal09
2.465	2.436	0.013	-5.0	1.6	IntCal09
2.460	2.429	0.014	-4.8	1.7	IntCal09
2.455	2.424	0.014	-4.8	1.7	IntCal09
2.450	2.423	0.014	-5.2	1.7	IntCal09
2.445	2.423	0.013	-5.8	1.6	IntCal09
2.440	2.424	0.014	-6.6	1.7	IntCal09
2.435	2.423	0.014	-7.0	1.7	IntCal09
2.430	2.418	0.014	-7.0	1.7	IntCal09
2.425	2.413	0.013	-7.0	1.6	IntCal09
2.420	2.415	0.014	-7.9	1.7	IntCal09
2.415	2.420	0.014	-9.1	1.7	IntCal09
2.410	2.424	0.015	-10.2	1.8	IntCal09
2.405	2.426	0.015	-11.0	1.8	IntCal09
2.400	2.424	0.015	-11.4	1.8	IntCal09
2.395	2.421	0.015	-11.6	1.8	IntCal09
2.390	2.423	0.015	-12.4	1.8	IntCal09
2.385	2.428	0.014	-13.6	1.7	IntCal09
2.380	2.429	0.014	-14.4	1.7	IntCal09
2.375	2.428	0.014	-14.8	1.7	IntCal09
2.370	2.427	0.015	-15.3	1.8	IntCal09
2.365	2.422	0.015	-15.3	1.8	IntCal09
2.360	2.406	0.014	-13.9	1.7	IntCal09
2.355	2.382	0.012	-11.6	1.5	IntCal09
2.350	2.354	0.013	-8.7	1.6	IntCal09
2.345	2.326	0.014	-5.9	1.7	IntCal09
2.340	2.301	0.014	-3.4	1.7	IntCal09
2.335	2.281	0.015	-1.5	1.9	IntCal09
2.330	2.266	0.015	-0.2	1.9	IntCal09
2.325	2.257	0.013	0.3	1.6	IntCal09
2.320	2.252	0.014	0.3	1.7	IntCal09
2.315	2.248	0.013	0.2	1.6	IntCal09
2.310	2.238	0.014	0.8	1.7	IntCal09
2.305	2.223	0.013	2.1	1.6	IntCal09
2.300	2.204	0.014	3.9	1.7	IntCal09
2.295	2.186	0.013	5.5	1.6	IntCal09
2.290	2.177	0.015	6.0	1.9	IntCal09
2.285	2.175	0.015	5.7	1.9	IntCal09
2.280	2.175	0.015	5.1	1.9	IntCal09
2.275	2.178	0.014	4.1	1.7	IntCal09
2.270	2.186	0.014	2.5	1.7	IntCal09
2.265	2.194	0.014	0.9	1.7	IntCal09
2.260	2.198	0.015	-0.2	1.9	IntCal09
2.255	2.199	0.014	-1.0	1.7	IntCal09
2.250	2.202	0.014	-1.9	1.7	IntCal09
2.245	2.206	0.012	-3.0	1.5	IntCal09
2.240	2.215	0.014	-4.8	1.7	IntCal09
2.235	2.223	0.014	-6.3	1.7	IntCal09
2.230	2.228	0.015	-7.6	1.9	IntCal09
2.225	2.231	0.014	-8.5	1.7	IntCal09
2.220	2.238	0.014	-10.0	1.7	IntCal09
2.215	2.242	0.015	-11.1	1.8	IntCal09
2.210	2.235	0.016	-10.8	2.0	IntCal09
2.205	2.225	0.015	-10.2	1.8	IntCal09
2.200	2.223	0.015	-10.5	1.8	IntCal09
2.195	2.226	0.014	-11.5	1.7	IntCal09
2.190	2.230	0.014	-12.6	1.7	IntCal09
2.185	2.230	0.013	-13.2	1.6	IntCal09
2.180	2.215	0.014	-12.0	1.7	IntCal09
2.175	2.200	0.014	-10.7	1.7	IntCal09
2.170	2.206	0.014	-12.0	1.7	IntCal09
2.165	2.216	0.012	-13.9	1.5	IntCal09
2.160	2.208	0.013	-13.5	1.6	IntCal09
2.155	2.187	0.014	-11.5	1.7	IntCal09
2.150	2.166	0.014	-9.5	1.7	IntCal09
2.145	2.149	0.013	-8.0	1.6	IntCal09
2.140	2.143	0.014	-7.9	1.7	IntCal09
2.135	2.143	0.014	-8.5	1.7	IntCal09
2.130	2.141	0.015	-8.8	1.9	IntCal09
2.125	2.136	0.014	-8.8	1.7	IntCal09
2.120	2.125	0.014	-8.0	1.7	IntCal09
2.115	2.113	0.013	-7.2	1.6	IntCal09
2.110	2.104	0.015	-6.7	1.9	IntCal09
2.105	2.099	0.016	-6.6	2.0	IntCal09
2.100	2.096	0.016	-6.9	2.0	IntCal09
2.095	2.095	0.013	-7.3	1.6	IntCal09
2.090	2.095	0.014	-7.9	1.7	IntCal09
2.085	2.099	0.014	-9.0	1.7	IntCal09
2.080	2.106	0.014	-10.5	1.7	IntCal09
2.075	2.112	0.013	-11.8	1.6	IntCal09
2.070	2.110	0.013	-12.2	1.6	IntCal09
2.065	2.102	0.013	-11.8	1.6	IntCal09
2.060	2.095	0.013	-11.5	1.6	IntCal09
2.055	2.089	0.013	-11.4	1.6	IntCal09
2.050	2.087	0.014	-11.7	1.7	IntCal09
2.045	2.086	0.013	-12.2	1.6	IntCal09
2.040	2.079	0.013	-12.0	1.6	IntCal09
2.035	2.068	0.013	-11.2	1.6	IntCal09
2.030	2.066	0.013	-11.6	1.6	IntCal09
2.025	2.073	0.014	-13.0	1.7	IntCal09
2.020	2.078	0.014	-14.2	1.7	IntCal09
2.015	2.081	0.012	-15.2	1.5	IntCal09
2.010	2.080	0.013	-15.7	1.6	IntCal09
2.005	2.073	0.012	-15.4	1.5	IntCal09
2.000	2.060	0.012	-14.4	1.5	IntCal09
1.995	2.046	0.012	-13.3	1.5	IntCal09
1.990	2.028	0.012	-11.7	1.5	IntCal09
1.985	2.012	0.011	-10.3	1.4	IntCal09
1.980	2.012	0.012	-10.9	1.5	IntCal09
1.975	2.019	0.013	-12.3	1.6	IntCal09
1.970	2.014	0.014	-12.3	1.7	IntCal09
1.965	2.006	0.012	-11.9	1.5	IntCal09
1.960	2.014	0.013	-13.5	1.6	IntCal09
1.955	2.025	0.012	-15.5	1.5	IntCal09
1.950	2.012	0.012	-14.5	1.5	IntCal09
1.945	1.992	0.012	-12.6	1.5	IntCal09
1.940	1.991	0.013	-13.1	1.6	IntCal09
1.935	1.994	0.013	-14.1	1.6	IntCal09
1.930	1.988	0.014	-13.9	1.7	IntCal09
1.925	1.977	0.013	-13.2	1.6	IntCal09
1.920	1.964	0.014	-12.2	1.7	IntCal09
1.915	1.960	0.014	-12.3	1.7	IntCal09
1.910	1.971	0.013	-14.2	1.6	IntCal09
1.905	1.978	0.012	-15.7	1.5	IntCal09
1.900	1.968	0.013	-15.0	1.6	IntCal09
1.895	1.955	0.013	-14.0	1.6	IntCal09
1.890	1.948	0.014	-13.8	1.7	IntCal09
1.885	1.942	0.013	-13.6	1.6	IntCal09
1.880	1.933	0.014	-13.1	1.7	IntCal09
1.875	1.922	0.014	-12.4	1.7	IntCal09
1.870	1.911	0.015	-11.6	1.8	IntCal09
1.865	1.900	0.015	-10.9	1.8	IntCal09
1.860	1.890	0.014	-10.2	1.7	IntCal09
1.855	1.885	0.013	-10.2	1.6	IntCal09
1.850	1.890	0.015	-11.4	1.8	IntCal09
1.845	1.897	0.015	-12.9	1.8	IntCal09
1.840	1.900	0.016	-13.8	2.0	IntCal09
1.835	1.900	0.015	-14.4	1.8	IntCal09
1.830	1.898	0.014	-14.8	1.7	IntCal09
1.825	1.887	0.012	-14.0	1.5	IntCal09
1.820	1.863	0.013	-11.7	1.6	IntCal09
1.815	1.842	0.013	-9.7	1.6	IntCal09
1.810	1.834	0.015	-9.3	1.8	IntCal09
1.805	1.833	0.015	-9.8	1.8	IntCal09
1.800	1.834	0.016	-10.5	2.0	IntCal09
1.795	1.835	0.015	-11.2	1.8	IntCal09
1.790	1.836	0.016	-12.0	2.0	IntCal09
1.785	1.836	0.016	-12.5	2.0	IntCal09
1.780	1.834	0.016	-12.9	2.0	IntCal09
1.775	1.832	0.016	-13.3	2.0	IntCal09
1.770	1.829	0.016	-13.5	2.0	IntCal09
1.765	1.828	0.015	-14.0	1.8	IntCal09
1.760	1.831	0.015	-14.9	1.8	IntCal09
1.755	1.835	0.015	-16.0	1.8	IntCal09
1.750	1.839	0.015	-17.1	1.8	IntCal09
1.745	1.839	0.014	-17.7	1.7	IntCal09
1.740	1.834	0.015	-17.7	1.8	IntCal09
1.735	1.827	0.016	-17.4	2.0	IntCal09
1.730	1.821	0.016	-17.3	2.0	IntCal09
1.725	1.815	0.015	-17.1	1.8	IntCal09
1.720	1.810	0.015	-17.1	1.8	IntCal09
1.715	1.801	0.014	-16.6	1.7	IntCal09
1.710	1.786	0.013	-15.4	1.6	IntCal09
1.705	1.773	0.012	-14.4	1.5	IntCal09
1.700	1.767	0.013	-14.2	1.6	IntCal09
1.695	1.758	0.012	-13.7	1.5	IntCal09
1.690	1.736	0.014	-11.6	1.7	IntCal09
1.685	1.719	0.014	-10.1	1.7	IntCal09
1.680	1.717	0.015	-10.5	1.8	IntCal09
1.675	1.722	0.015	-11.7	1.8	IntCal09
1.670	1.732	0.016	-13.5	2.0	IntCal09
1.665	1.740	0.015	-15.1	1.8	IntCal09
1.660	1.739	0.015	-15.6	1.8	IntCal09
1.655	1.740	0.015	-16.3	1.8	IntCal09
1.650	1.749	0.016	-18.0	2.0	IntCal09
1.645	1.757	0.015	-19.5	1.8	IntCal09
1.640	1.759	0.016	-20.4	2.0	IntCal09
1.635	1.754	0.016	-20.4	2.0	IntCal09
1.630	1.744	0.016	-19.7	2.0	IntCal09
1.625	1.733	0.016	-19.0	2.0	IntCal09
1.620	1.726	0.016	-18.7	2.0	IntCal09
1.615	1.719	0.016	-18.5	2.0	IntCal09
1.610	1.709	0.016	-17.8	2.0	IntCal09
1.605	1.701	0.015	-17.4	1.8	IntCal09
1.600	1.696	0.016	-17.4	2.0	IntCal09
1.595	1.693	0.016	-17.7	2.0	IntCal09
1.590	1.691	0.016	-18.0	2.0	IntCal09
1.585	1.692	0.015	-18.7	1.8	IntCal09
1.580	1.699	0.014	-20.2	1.7	IntCal09
1.575	1.702	0.013	-21.1	1.6	IntCal09
1.570	1.695	0.014	-20.9	1.7	IntCal09
1.565	1.684	0.013	-20.1	1.6	IntCal09
1.560	1.675	0.014	-19.6	1.7	IntCal09
1.555	1.668	0.014	-19.3	1.7	IntCal09
1.550	1.663	0.015	-19.3	1.8	IntCal09
1.545	1.657	0.015	-19.2	1.8	IntCal09
1.540	1.648	0.015	-18.7	1.8	IntCal09
1.535	1.637	0.015	-17.9	1.8	IntCal09
1.530	1.627	0.015	-17.3	1.8	IntCal09
1.525	1.614	0.014	-16.3	1.7	IntCal09
1.520	1.597	0.015	-14.8	1.8	IntCal09
1.515	1.582	0.015	-13.6	1.8	IntCal09
1.510	1.573	0.016	-13.1	2.0	IntCal09
1.505	1.569	0.015	-13.2	1.8	IntCal09
1.500	1.571	0.016	-14.0	2.0	IntCal09
1.495	1.572	0.016	-14.7	2.0	IntCal09
1.490	1.572	0.016	-15.3	2.0	IntCal09
1.485	1.569	0.015	-15.6	1.8	IntCal09
1.480	1.565	0.015	-15.7	1.8	IntCal09
1.475	1.564	0.015	-16.1	1.8	IntCal09
1.470	1.567	0.016	-17.1	2.0	IntCal09
1.465	1.573	0.015	-18.4	1.8	IntCal09
1.460	1.581	0.014	-20.0	1.7	IntCal09
1.455	1.588	0.013	-21.4	1.6	IntCal09
1.450	1.590	0.013	-22.3	1.6	IntCal09
1.445	1.587	0.013	-22.5	1.6	IntCal09
1.440	1.580	0.013	-22.2	1.6	IntCal09
1.435	1.578	0.013	-22.6	1.6	IntCal09
1.430	1.585	0.013	-24.0	1.6	IntCal09
1.425	1.588	0.012	-25.0	1.5	IntCal09
1.420	1.579	0.013	-24.5	1.6	IntCal09
1.415	1.563	0.013	-23.1	1.6	IntCal09
1.410	1.543	0.013	-21.3	1.6	IntCal09
1.405	1.527	0.012	-19.9	1.5	IntCal09
1.400	1.520	0.013	-19.7	1.6	IntCal09
1.395	1.516	0.013	-19.8	1.6	IntCal09
1.390	1.511	0.014	-19.8	1.7	IntCal09
1.385	1.504	0.013	-19.5	1.6	IntCal09
1.380	1.497	0.014	-19.2	1.7	IntCal09
1.375	1.491	0.014	-19.1	1.7	IntCal09
1.370	1.487	0.014	-19.2	1.7	IntCal09
1.365	1.484	0.013	-19.4	1.6	IntCal09
1.360	1.484	0.014	-20.0	1.7	IntCal09
1.355	1.480	0.014	-20.1	1.7	IntCal09
1.350	1.470	0.014	-19.5	1.7	IntCal09
1.345	1.459	0.013	-18.7	1.6	IntCal09
1.340	1.450	0.014	-18.2	1.7	IntCal09
1.335	1.444	0.015	-18.1	1.8	IntCal09
1.330	1.440	0.015	-18.2	1.8	IntCal09
1.325	1.438	0.013	-18.6	1.6	IntCal09
1.320	1.439	0.013	-19.3	1.6	IntCal09
1.315	1.436	0.012	-19.5	1.5	IntCal09
1.310	1.427	0.013	-19.0	1.6	IntCal09
1.305	1.412	0.013	-17.8	1.6	IntCal09
1.300	1.394	0.013	-16.1	1.6	IntCal09
1.295	1.375	0.013	-14.4	1.6	IntCal09
1.290	1.355	0.014	-12.6	1.7	IntCal09
1.285	1.338	0.013	-11.1	1.6	IntCal09
1.280	1.323	0.014	-9.8	1.7	IntCal09
1.275	1.311	0.013	-8.9	1.6	IntCal09
1.270	1.304	0.014	-8.7	1.7	IntCal09
1.265	1.295	0.014	-8.2	1.7	IntCal09
1.260	1.281	0.014	-7.0	1.7	IntCal09
1.255	1.272	0.014	-6.5	1.7	IntCal09
1.250	1.273	0.014	-7.2	1.7	IntCal09
1.245	1.275	0.013	-8.1	1.6	IntCal09
1.240	1.271	0.014	-8.2	1.7	IntCal09
1.235	1.265	0.013	-8.0	1.6	IntCal09
1.230	1.259	0.014	-7.9	1.7	IntCal09
1.225	1.253	0.013	-7.8	1.6	IntCal09
1.220	1.249	0.013	-7.9	1.6	IntCal09
1.215	1.249	0.013	-8.5	1.6	IntCal09
1.210	1.256	0.014	-9.9	1.7	IntCal09
1.205	1.267	0.013	-11.9	1.6	IntCal09
1.200	1.280	0.013	-14.1	1.6	IntCal09
1.195	1.288	0.012	-15.7	1.5	IntCal09
1.190	1.285	0.013	-15.9	1.6	IntCal09
1.185	1.274	0.013	-15.1	1.6	IntCal09
1.180	1.257	0.014	-13.6	1.7	IntCal09
1.175	1.235	0.013	-11.5	1.6	IntCal09
1.170	1.206	0.014	-8.6	1.7	IntCal09
1.165	1.191	0.013	-7.3	1.6	IntCal09
1.160	1.202	0.013	-9.3	1.6	IntCal09
1.155	1.215	0.012	-11.5	1.5	IntCal09
1.150	1.213	0.014	-11.8	1.7	IntCal09
1.145	1.206	0.014	-11.6	1.7	IntCal09
1.140	1.200	0.014	-11.4	1.7	IntCal09
1.135	1.197	0.014	-11.6	1.7	IntCal09
1.130	1.196	0.015	-12.1	1.8	IntCal09
1.125	1.195	0.014	-12.6	1.7	IntCal09
1.120	1.191	0.014	-12.7	1.7	IntCal09
1.115	1.190	0.014	-13.2	1.7	IntCal09
1.110	1.194	0.015	-14.3	1.8	IntCal09
1.105	1.199	0.014	-15.5	1.7	IntCal09
1.100	1.201	0.013	-16.3	1.6	IntCal09
1.095	1.200	0.013	-16.8	1.6	IntCal09
1.090	1.196	0.014	-16.9	1.7	IntCal09
1.085	1.193	0.014	-17.1	1.7	IntCal09
1.080	1.190	0.014	-17.3	1.7	IntCal09
1.075	1.186	0.014	-17.4	1.7	IntCal09
1.070	1.180	0.014	-17.3	1.7	IntCal09
1.065	1.169	0.014	-16.6	1.7	IntCal09
1.060	1.151	0.015	-14.9	1.8	IntCal09
1.055	1.131	0.014	-13.1	1.7	IntCal09
1.050	1.111	0.014	-11.2	1.7	IntCal09
1.045	1.098	0.014	-10.2	1.7	IntCal09
1.040	1.096	0.014	-10.6	1.7	IntCal09
1.035	1.104	0.013	-12.2	1.6	IntCal09
1.030	1.119	0.014	-14.6	1.7	IntCal09
1.025	1.131	0.014	-16.7	1.7	IntCal09
1.020	1.136	0.015	-17.9	1.8	IntCal09
1.015	1.133	0.014	-18.1	1.7	IntCal09
1.010	1.126	0.015	-17.8	1.8	IntCal09
1.005	1.119	0.015	-17.6	1.8	IntCal09
1.000	1.115	0.013	-17.7	1.6	IntCal09
0.995	1.114	0.012	-18.1	1.5	IntCal09
0.990	1.115	0.012	-18.9	1.5	IntCal09
0.985	1.112	0.012	-19.1	1.5	IntCal09
0.980	1.100	0.012	-18.2	1.5	IntCal09
0.975	1.089	0.012	-17.5	1.5	IntCal09
0.970	1.083	0.012	-17.3	1.5	IntCal09
0.965	1.074	0.011	-16.8	1.3	IntCal09
0.960	1.058	0.012	-15.5	1.5	IntCal09
0.955	1.044	0.011	-14.3	1.3	IntCal09
0.950	1.041	0.012	-14.6	1.5	IntCal09
0.945	1.043	0.012	-15.4	1.5	IntCal09
0.940	1.046	0.012	-16.4	1.5	IntCal09
0.935	1.039	0.012	-16.1	1.5	IntCal09
0.930	1.013	0.013	-13.5	1.6	IntCal09
0.925	0.986	0.012	-10.8	1.5	IntCal09
0.920	0.970	0.012	-9.4	1.5	IntCal09
0.915	0.958	0.011	-8.5	1.4	IntCal09
0.910	0.949	0.012	-8.0	1.5	IntCal09
0.905	0.939	0.011	-7.4	1.4	IntCal09
0.900	0.925	0.012	-6.3	1.5	IntCal09
0.895	0.914	0.011	-5.5	1.4	IntCal09
0.890	0.911	0.012	-5.7	1.5	IntCal09
0.885	0.912	0.011	-6.5	1.4	IntCal09
0.880	0.912	0.012	-7.1	1.5	IntCal09
0.875	0.912	0.010	-7.7	1.2	IntCal09
0.870	0.920	0.011	-9.2	1.4	IntCal09
0.865	0.929	0.010	-10.9	1.2	IntCal09
0.860	0.935	0.012	-12.3	1.5	IntCal09
0.855	0.939	0.011	-13.4	1.4	IntCal09
0.850	0.941	0.012	-14.2	1.5	IntCal09
0.845	0.943	0.011	-15.1	1.3	IntCal09
0.840	0.949	0.012	-16.4	1.5	IntCal09
0.835	0.950	0.011	-17.1	1.3	IntCal09
0.830	0.938	0.012	-16.2	1.5	IntCal09
0.825	0.924	0.012	-15.1	1.5	IntCal09
0.820	0.919	0.012	-15.1	1.5	IntCal09
0.815	0.922	0.011	-16.1	1.3	IntCal09
0.810	0.937	0.012	-18.5	1.5	IntCal09
0.805	0.945	0.011	-20.1	1.3	IntCal09
0.800	0.931	0.012	-18.9	1.5	IntCal09
0.795	0.910	0.011	-17.0	1.3	IntCal09
0.790	0.891	0.012	-15.2	1.5	IntCal09
0.785	0.878	0.011	-14.2	1.3	IntCal09
0.780	0.872	0.012	-14.1	1.5	IntCal09
0.775	0.869	0.011	-14.3	1.3	IntCal09
0.770	0.866	0.012	-14.6	1.5	IntCal09
0.765	0.863	0.012	-14.8	1.5	IntCal09
0.760	0.859	0.013	-14.9	1.6	IntCal09
0.755	0.858	0.012	-15.4	1.5	IntCal09
0.750	0.862	0.013	-16.4	1.6	IntCal09
0.745	0.863	0.012	-17.2	1.5	IntCal09
0.740	0.854	0.013	-16.7	1.6	IntCal09
0.735	0.839	0.012	-15.4	1.5	IntCal09
0.730	0.818	0.012	-13.4	1.5	IntCal09
0.725	0.802	0.011	-12.1	1.4	IntCal09
0.720	0.800	0.012	-12.4	1.5	IntCal09
0.715	0.802	0.012	-13.3	1.5	IntCal09
0.710	0.801	0.013	-13.7	1.6	IntCal09
0.705	0.800	0.012	-14.2	1.5	IntCal09
0.700	0.802	0.013	-15.0	1.6	IntCal09
0.695	0.797	0.012	-15.0	1.5	IntCal09
0.690	0.783	0.012	-13.9	1.5	IntCal09
0.685	0.766	0.012	-12.4	1.5	IntCal09
0.680	0.753	0.013	-11.4	1.6	IntCal09
0.675	0.737	0.013	-10.0	1.6	IntCal09
0.670	0.714	0.013	-7.8	1.6	IntCal09
0.665	0.691	0.012	-5.6	1.5	IntCal09
0.660	0.674	0.013	-4.1	1.6	IntCal09
0.655	0.658	0.012	-2.7	1.5	IntCal09
0.650	0.642	0.012	-1.3	1.5	IntCal09
0.645	0.630	0.011	-0.4	1.4	IntCal09
0.640	0.621	0.012	0.1	1.5	IntCal09
0.635	0.612	0.011	0.6	1.4	IntCal09
0.630	0.601	0.012	1.4	1.5	IntCal09
0.625	0.589	0.011	2.3	1.4	IntCal09
0.620	0.579	0.012	2.9	1.5	IntCal09
0.615	0.575	0.011	2.8	1.4	IntCal09
0.610	0.581	0.012	1.5	1.5	IntCal09
0.605	0.591	0.011	-0.4	1.4	IntCal09
0.600	0.601	0.012	-2.2	1.5	IntCal09
0.595	0.611	0.012	-4.1	1.5	IntCal09
0.590	0.621	0.012	-5.9	1.5	IntCal09
0.585	0.633	0.011	-8.0	1.4	IntCal09
0.580	0.647	0.012	-10.3	1.5	IntCal09
0.575	0.653	0.012	-11.7	1.5	IntCal09
0.570	0.646	0.012	-11.4	1.5	IntCal09
0.565	0.628	0.012	-9.8	1.5	IntCal09
0.560	0.604	0.013	-7.4	1.6	IntCal09
0.555	0.583	0.012	-5.4	1.5	IntCal09
0.550	0.572	0.012	-4.7	1.5	IntCal09
0.545	0.560	0.011	-3.8	1.4	IntCal09
0.540	0.543	0.012	-2.3	1.5	IntCal09
0.535	0.526	0.012	-0.8	1.5	IntCal09
0.530	0.513	0.013	0.3	1.6	IntCal09
0.525	0.502	0.012	1.0	1.5	IntCal09
0.520	0.491	0.013	1.8	1.6	IntCal09
0.515	0.477	0.012	2.9	1.5	IntCal09
0.510	0.459	0.013	4.6	1.6	IntCal09
0.505	0.438	0.012	6.6	1.5	IntCal09
0.500	0.415	0.012	8.9	1.5	IntCal09
0.495	0.398	0.011	10.4	1.4	IntCal09
0.490	0.393	0.012	10.4	1.5	IntCal09
0.485	0.389	0.012	10.3	1.5	IntCal09
0.480	0.381	0.013	10.7	1.6	IntCal09
0.475	0.374	0.012	11.0	1.5	IntCal09
0.470	0.372	0.013	10.6	1.6	IntCal09
0.465	0.368	0.012	10.5	1.5	IntCal09
0.460	0.359	0.012	11.0	1.5	IntCal09
0.455	0.352	0.011	11.3	1.4	IntCal09
0.450	0.350	0.012	10.9	1.5	IntCal09
0.445	0.351	0.010	10.2	1.3	IntCal09
0.440	0.353	0.009	9.3	1.1	IntCal09
0.435	0.345	0.008	9.7	1.0	IntCal09
0.430	0.337	0.008	10.1	1.0	IntCal09
0.425	0.321	0.007	11.5	0.9	IntCal09
0.420	0.306	0.008	12.8	1.0	IntCal09
0.415	0.304	0.007	12.4	0.9	IntCal09
0.410	0.308	0.007	11.3	0.9	IntCal09
0.405	0.311	0.008	10.3	1.0	IntCal09
0.400	0.310	0.007	9.8	0.9	IntCal09
0.395	0.316	0.008	8.5	1.0	IntCal09
0.390	0.329	0.008	6.2	1.0	IntCal09
0.385	0.324	0.008	6.3	1.0	IntCal09
0.380	0.325	0.008	5.5	1.0	IntCal09
0.375	0.333	0.008	3.9	1.0	IntCal09
0.370	0.335	0.008	3.1	1.0	IntCal09
0.365	0.331	0.008	3.0	1.0	IntCal09
0.360	0.332	0.008	2.2	1.0	IntCal09
0.355	0.343	0.008	0.2	1.0	IntCal09
0.350	0.346	0.007	-0.7	0.9	IntCal09
0.345	0.369	0.007	-4.2	0.9	IntCal09
0.340	0.359	0.008	-3.6	1.0	IntCal09
0.335	0.354	0.007	-3.5	0.9	IntCal09
0.330	0.334	0.008	-1.7	1.0	IntCal09
0.325	0.332	0.007	-2.0	0.9	IntCal09
0.320	0.328	0.008	-2.1	1.0	IntCal09
0.315	0.305	0.007	0.1	0.9	IntCal09
0.310	0.299	0.007	0.3	0.9	IntCal09
0.305	0.273	0.008	2.9	1.0	IntCal09
0.300	0.251	0.007	5.1	0.9	IntCal09
0.295	0.239	0.008	6.0	1.0	IntCal09
0.290	0.233	0.008	6.1	1.0	IntCal09
0.285	0.215	0.007	7.7	0.9	IntCal09
0.280	0.180	0.008	11.5	1.0	IntCal09
0.275	0.176	0.008	11.4	1.0	IntCal09
0.270	0.168	0.008	11.8	1.0	IntCal09
0.265	0.141	0.008	14.6	1.0	IntCal09
0.260	0.133	0.006	15.0	0.8	IntCal09
0.255	0.118	0.006	16.3	0.8	IntCal09
0.250	0.103	0.006	17.6	0.8	IntCal09
0.245	0.105	0.007	16.7	0.9	IntCal09
0.240	0.096	0.006	17.2	0.8	IntCal09
0.235	0.092	0.007	17.1	0.9	IntCal09
0.230	0.104	0.006	15.0	0.8	IntCal09
0.225	0.112	0.007	13.4	0.9	IntCal09
0.220	0.136	0.008	9.7	1.0	IntCal09
0.215	0.152	0.008	7.1	1.0	IntCal09
0.210	0.167	0.008	4.6	1.0	IntCal09
0.205	0.163	0.007	4.5	0.9	IntCal09
0.200	0.164	0.007	3.8	0.9	IntCal09
0.195	0.161	0.007	3.6	0.9	IntCal09
0.190	0.155	0.007	3.7	0.9	IntCal09
0.185	0.172	0.008	1.0	1.0	IntCal09
0.180	0.176	0.008	-0.1	1.0	IntCal09
0.175	0.167	0.008	0.4	1.0	IntCal09
0.170	0.185	0.007	-2.5	0.9	IntCal09
0.165	0.216	0.008	-6.9	1.0	IntCal09
0.160	0.219	0.008	-7.9	1.0	IntCal09
0.155	0.213	0.008	-7.7	1.0	IntCal09
0.150	0.169	0.008	-2.9	1.0	IntCal09
0.145	0.153	0.008	-1.5	1.0	IntCal09
0.140	0.132	0.008	0.5	1.0	IntCal09
0.135	0.110	0.008	2.6	1.0	IntCal09
0.130	0.102	0.007	3.0	0.9	IntCal09
0.125	0.103	0.008	2.3	1.0	IntCal09
0.120	0.094	0.008	2.8	1.0	IntCal09
0.115	0.113	0.008	-0.2	1.0	IntCal09
0.110	0.122	0.008	-1.9	1.0	IntCal09
0.105	0.114	0.008	-1.5	1.0	IntCal09
0.100	0.113	0.009	-2.0	1.1	IntCal09
0.095	0.123	0.008	-3.8	1.0	IntCal09
0.090	0.119	0.006	-3.9	0.7	IntCal09
0.085	0.123	0.007	-5.0	0.9	IntCal09
0.080	0.114	0.006	-4.5	0.7	IntCal09
0.075	0.120	0.007	-5.8	0.9	IntCal09
0.070	0.104	0.008	-4.5	1.0	IntCal09
0.065	0.102	0.007	-4.8	0.9	IntCal09
0.060	0.098	0.007	-4.9	0.9	IntCal09
0.055	0.078	0.007	-3.1	0.9	IntCal09
0.050	0.070	0.007	-2.7	0.9	IntCal09
0.045	0.084	0.007	-5.0	0.9	IntCal09
0.040	0.099	0.007	-7.5	0.9	IntCal09
0.035	0.104	0.007	-8.7	0.9	IntCal09
0.030	0.129	0.007	-12.4	0.9	IntCal09
0.025	0.132	0.007	-13.3	0.9	IntCal09
0.020	0.152	0.007	-16.4	0.9	IntCal09
0.015	0.154	0.008	-17.2	1.0	IntCal09
0.010	0.172	0.008	-20.0	1.0	IntCal09
0.005	0.188	0.008	-22.5	1.0	IntCal09
0.000	0.199	0.009	-24.5	1.1	IntCal09
-0.005	0.000	0.008	-0.6	1.0	IntCal09
