 ,degrees East,,,,,,,,,,,,,,,chro.meth [1=U-Th; 2=Wood/Tephra; 3=Plk 14C; 3.1=Plk+R 4=Match; 5=Plateau; 6=other],,,,,,,,,,,per mil,per mil,yr BP,yr BP,,,1=Atlantic; 2=Pacific; 3=Indian; 4=Southern,,,1= value is >3 sigma the binned mean value and not used in estimating basin average.,sorting (0=using for Rafter et al. 2022; 1=Not using for Holocene comparison (see note); 1.1=Not using for global dataset (not representative of basin average; see note); 1.2=Not using for global dataset (fails first dataset pre-treatment),sedimentation rate for deepest depth is assumed to be same as next shallower,chosen from closest GLODAP measurement and/or OCIM estimated value,"error is as reported from closest GLODAP measurement and/or OCIM or (if not) is ""5""", calculated from D14C, calculated from D14C.err,1=Zhao et al. 2018; 2=Skinner et al. 2017; 3=Rafter et al. 2022,,,,bias corrected 14C ventilation age,bias corrected 14C ventilation age error
latitude,longitude,water.depth,cal.age,cal.age.err,depth.dated.top,depth.date.bottom,depth.dated.mid,station,proxy.14C.age,proxy.14c.age.err,ams.ID.benthic,proxy.D14C,proxy.D14C.err,site.name,ref.,chro.meth,chro.meth.details,planktic.species,planktic.14C.age,planktic.14C.age.err,ams.ID.planktic,planktic.D14C,planktic.D14C.err,Delta.R,Delta.R.err,calib.method ,atmos.D14C,atmos.D14C.err,atmos.14C.age,atmos.14C.age.err,D14C.bias.correct,D14C.bias.correct.err,separate.the.basins,neutral.density,simple count,threesigma1,sort,sed.rate,DIC.D14C,DIC.D14C.err,DIC.D14C.age,DIC.D14C.age.err,comp.sort,unique sites,DELTA14Cage.atmos.RAW,DELTA14Cage.atmos.RAW.err,DELTA14Cage.atmos,DELTA14Cage.atmoserr
42,-29,1756.5,12910,120,-999,-999,-999,1,11860,60,LLNL,88.95744916,13.70738519,North Atlantic Seamounts,Adkins et al. (1998),1,-999,-999,-999,-999,-999,-999,-999,-999,-999,-999,209.5,3.1,11017,21,53,21,1,27.86,1,0,0,-999,-70.4,8.7,586,69,1,1,843,64,1156,64
42,-29,1756.5,13690,220,-999,-999,-999,1,12120,60,LLNL,158.5918159,13.27082829,North Atlantic Seamounts,Adkins et al. (1998),1,-999,-999,-999,-999,-999,-999,-999,-999,-999,-999,200.3,3.8,11836,25,123,21,1,27.86,2,0,0,-999,-70.4,8.7,586,69,1,1,284,65,597,65
38,-62,1954,15510,230,-999,-999,-999,1,13980,40,LLNL,145.4675012,7.018561475,North Atlantic Seamounts,Adkins et al. (1998),1,-999,-999,-999,-999,-999,-999,-999,-999,-999,-999,303.5,7.3,12942,45,111,18,1,27.97,3,0,0,-999,-71.5,2.9,596,23,1,1,1038,60,1341,60
38,-62,1954,15410,230,-999,-999,-999,1,14120,40,LLNL,112.1426347,36.48584167,North Atlantic Seamounts,Adkins et al. (1998),1,-999,-999,-999,-999,-999,-999,-999,-999,-999,-999,293.8,6.5,12905,40,78,40,1,27.97,4,0,0,-999,-71.5,2.9,596,23,1,1,1215,57,1518,57
38,-60,1784,15500,110,-999,-999,-999,1,14060,40,LLNL,132.7454679,20.7138297,North Atlantic Seamounts,Adkins et al. (1998),1,-999,-999,-999,-999,-999,-999,-999,-999,-999,-999,302.9,7.2,12936,44,98,26,1,27.95,5,0,0,-999,-71.4,3.3,595,27,1,1,1124,59,1428,59
38,-60,1784,15400,110,-999,-999,-999,1,14500,50,LLNL,59.47548496,20.69312566,North Atlantic Seamounts,Adkins et al. (1998),1,-999,-999,-999,-999,-999,-999,-999,-999,-999,-999,292.6,6.3,12902,39,25,26,1,27.95,6,0,0,-999,-71.4,3.3,595,27,1,1,1598,63,1902,63
38,-60,1784,15510,170,-999,-999,-999,1,13850,40,LLNL,164.1556913,29.73943326,North Atlantic Seamounts,Adkins et al. (1998),1,-999,-999,-999,-999,-999,-999,-999,-999,-999,-999,303.5,7.3,12942,45,130,34,1,27.95,7,0,0,-999,-71.4,3.3,595,27,1,1,908,60,1212,60
38,-60,1784,15410,170,-999,-999,-999,1,14520,40,LLNL,58.12011679,27.03065649,North Atlantic Seamounts,Adkins et al. (1998),1,-999,-999,-999,-999,-999,-999,-999,-999,-999,-999,293.8,6.5,12905,40,24,32,1,27.95,8,0,0,-999,-71.4,3.3,595,27,1,1,1615,57,1919,57
38,-60,1784,15360,400,-999,-999,-999,1,14090,60,LLNL,109.5726129,62.00666953,North Atlantic Seamounts,Adkins et al. (1998),1,-999,-999,-999,-999,-999,-999,-999,-999,-999,-999,288.8,6.6,12887,41,75,64,1,27.95,9,0,0,-999,-71.4,3.3,595,27,1,1,1203,73,1507,73
41.1,142.4,1366,2980,153.5,17,19,18,2,4660,80,NOSAMS/IAA,-197.1904148,22.9046298,MR01-K03 PC4/5,Ahagon et al. (2003),3,-999,N. pachyderma (s.),3290,80,-999,-47.90573074,9.52920166,0,0,2,2.8,2,2873,16,-196,35,2,27.71,10,0,0,17.6,-214.1,2.1,1935,17,1,2,1787,82,1773,82
41.1,142.4,1366,4287,177,40,42,41,2,5970,80,NOSAMS/IAA,-201.1775433,25.06264835,MR01-K03 PC4/5,Ahagon et al. (2003),3,-999,N. pachyderma (s.),4270,200,-999,-12.90552655,24.88447862,0,0,2,38.1,2.2,3868,17,-200,37,2,27.71,11,1,0,17.7,-214.1,2.1,1935,17,1,2,2102,82,2088,82
41.1,142.4,1366,5587,326.75,63,65,64,2,6630,80,NOSAMS/IAA,-138.8838881,42.62846146,MR01-K03 PC4/5,Ahagon et al. (2003),3,-999,N. pachyderma (s.),5450,220,-999,-2.628404299,27.69252139,0,0,2,74.3,1.8,4856,13,-138,50,2,27.71,12,1,0,17.8,-214.1,2.1,1935,17,1,2,1774,81,1760,81
41.1,142.4,1366,7727,339.75,101,103,102,2,9020,80,NOSAMS/IAA,-171.5411534,42.31621731,MR01-K03 PC4/5,Ahagon et al. (2003),3,-999,N. pachyderma (s.),7500,220,-999,1.031886136,27.79415118,0,0,2,76.9,2.8,6916,21,-170,50,2,27.71,13,0,0,32.7,-214.1,2.1,1935,17,1,2,2104,83,2090,83
41.1,142.4,1366,11708,153.625,231,232,231.5,2,11370,50,NOSAMS/IAA,0.822126303,24.83018596,MR01-K03 PC4/5,Ahagon et al. (2003),3,-999,N. pachyderma (s.),10600,50,-999,101.5038564,6.877499308,0,0,2,173.8,3.5,10091,24,2,36,2,27.71,14,0,0,77.3,-214.1,2.1,1935,17,1,2,1279,55,1265,55
41.1,142.4,1366,12109,145.25,262,264,263,2,11930,60,NOSAMS/IAA,-20.17817888,24.53636698,MR01-K03 PC4/5,Ahagon et al. (2003),3,-999,Mixed PF,10900,55,-999,113.865668,7.652535332,0,0,2,188.7,2.6,10378,18,-19,36,2,27.71,15,0,0,37.1,-214.1,2.1,1935,17,1,2,1552,63,1538,63
41.1,142.4,1366,12890,86.5,291,293,292,2,12600,50,NOSAMS/IAA,-9.275209788,16.53359867,MR01-K03 PC4/5,Ahagon et al. (2003),3,-999,N. pachyderma (s.),11420,60,-999,147.4884179,8.602896888,0,0,2,211.8,3.2,10982,21,-8,31,2,27.71,16,0,0,32.8,-214.1,2.1,1935,17,1,2,1618,54,1604,54
41.1,142.4,1366,13499,126.5,311,313,312,2,13650,100,NOSAMS/IAA,-64.20882015,25.97196106,MR01-K03 PC4/5,Ahagon et al. (2003),3,-999,N. pachyderma (s.),12230,50,-999,116.733487,6.972589101,0,0,2,199.5,4.8,11656,32,-63,37,2,27.71,17,0,0,27.9,-214.1,2.1,1935,17,1,2,1994,105,1980,105
41.1,142.4,1366,15361,204.25,363,365,364,2,14250,120,NOSAMS/IAA,87.82254351,43.13807102,MR01-K03 PC4/5,Ahagon et al. (2003),3,-999,Mixed PF,13450,85,-999,201.736058,12.78350626,0,0,2,289.6,6.5,12892,40,89,51,2,27.71,18,0,0,46.9,-214.1,2.1,1935,17,1,2,1358,126,1344,126
41.1,142.4,1366,16257,177.5,405,407,406,2,14830,60,NOSAMS/IAA,127.9012356,32.64612889,MR01-K03 PC4/5,Ahagon et al. (2003),3,-999,Mixed PF,14150,55,-999,227.536613,8.433483114,0,0,2,334.5,5.6,13482,34,129,42,2,27.71,19,0,0,49.7,-214.1,2.1,1935,17,1,2,1348,69,1334,69
41.1,142.4,1366,18973,216.25,540,542,541,2,17650,100,NOSAMS/IAA,102.7883334,42.58578155,MR01-K03 PC4/5,Ahagon et al. (2003),3,-999,Mixed PF,16450,110,-999,280.4679703,17.65470803,0,0,2,399.1,6.3,15745,36,104,50,2,27.71,20,0,0,49.1,-214.1,2.1,1935,17,2,2,1905,106,1891,106
41.1,142.4,1366,21050,212.75,642,644,643,2,19650,110,NOSAMS/IAA,105.291061,43.59111028,MR01-K03 PC4/5,Ahagon et al. (2003),3,-999,Mixed PF,18200,65,-999,323.9426212,10.7563026,0,0,2,443.9,8.8,17503,49,107,51,2,27.71,21,0,0,53.1,-214.1,2.1,1935,17,2,2,2147,120,2133,120
41.1,142.4,1366,24872,354.25,845,847,846,2,22900,320,NOSAMS/IAA,170.9878031,96.93557382,MR01-K03 PC4/5,Ahagon et al. (2003),3,-999,Mixed PF,21500,220,-999,393.9323186,38.70322827,0,0,2,560.6,8.6,20601,44,172,101,2,27.71,22,0,0,49.9,-214.1,2.1,1935,17,1,2,2299,323,2285,323
41.1,142.4,1366,26898,321.5,946,948,947,2,24880,220,NOSAMS/IAA,169.3349582,77.55628261,MR01-K03 PC4/5,Ahagon et al. (2003),3,-999,Mixed PF,23560,220,-999,378.1711223,38.26561077,0,0,2,584.6,12.4,22441,63,171,82,2,27.71,23,0,0,61.5,-214.1,2.1,1935,17,1,2,2439,229,2425,229
41.1,142.4,1366,29109,392.5,1082,1084,1083,2,27540,300,NOSAMS/IAA,97.18740049,93.17932909,MR01-K03 PC4/5,Ahagon et al. (2003),3,-999,Mixed PF,25700,300,-999,379.6159236,52.4972427,0,0,2,540.7,13.6,24805,71,99,97,2,27.71,24,0,0,52.2,-214.1,2.1,1935,17,1,2,2735,308,2721,308
41.1,142.4,1366,33747,577,1324,1326,1325,2,30700,320,"NOSAMS/IAA (Institute of Accelerator A-999lysis Ltd., Japan)",297.4469426,142.5258343,MR01-K03 PC4/5,Ahagon et al. (2003),3,-999,Mixed PF,30130,360,-999,392.8552045,63.84083095,0,0,2,574.1,20.9,29141,107,299,145,2,27.71,25,0,0,52.2,-214.1,2.1,1935,17,1,2,1559,337,1545,337
7.2,112.2,2030,3495,173.25,1,7,4,3,-999,-999,ETH,-999,-999,V35-6,Andree et al. (1986),3,-999,G. sacculifer,1170,70,-999,319.3194217,11.54685829,0,0,2,9.8,1.4,3322,11,-999,-999,2,28,26,0,1.1,-5.2,-200,5,1793,40,1,3,-999,-999,-999,-999
7.2,112.2,2030,3303,177,2,4,3,3,-999,-999,ETH,-999,-999,V35-6,Andree et al. (1986),3,-999,G. sacculifer,3580,80,-999,-45.07388176,9.557544715,0,0,2,21.6,2.4,3044,19,-999,-999,2,28,27,0,1.1,4.1,-200,5,1793,40,1,3,-999,-999,-999,-999
7.2,112.2,2030,4784,257.75,8,13,10.5,3,6420,100,ETH,-197.8959514,35.00435656,V35-6,Andree et al. (1986),3,-999,G. sacculifer,4860,90,-999,-25.97471307,10.97413041,0,0,2,67.8,1.9,4127,14,-211,35,2,28,28,0,1.1,8.7,-200,5,1793,40,1,3,2293,101,2422,101
7.2,112.2,2030,5935,432,18,20,19,3,7200,110,ETH,-163.3823735,55.21449453,V35-6,Andree et al. (1986),3,-999,G. sacculifer,-999,-999,-999,-999,-999,0,0,2,71.4,2.1,5218,16,-176,55,2,28,29,0,1.1,6.2,-200,5,1793,40,1,3,1982,111,2111,111
7.2,112.2,2030,6582,477,22,28,25,3,7660,130,ETH,-145.6283261,63.1805845,V35-6,Andree et al. (1986),3,-999,G. sacculifer,-999,-999,-999,-999,-999,0,0,2,81.8,2.5,5772,18,-158,63,2,28,30,0,1.1,9,-200,5,1793,40,1,3,1888,131,2017,131
7.2,112.2,2030,8246,212,37,45,41,3,9210,130,ETH,-138.4832864,36.04548781,V35-6,Andree et al. (1986),3,-999,G. sacculifer,7890,110,-999,15.37839744,13.99973257,0,0,2,73.1,2.7,7449,20,-151,36,2,28,31,0,1.1,8.1,-200,5,1793,40,1,3,1761,132,1890,132
7.2,112.2,2030,9231,225.75,45,53,49,3,9760,130,ETH,-93.69553246,39.42816137,V35-6,Andree et al. (1986),3,-999,G. sacculifer,8780,120,-999,23.89787567,15.41018977,0,0,2,98.5,3.9,8224,28,-106,39,2,28,32,0,1.1,11.7,-200,5,1793,40,1,3,1536,133,1665,133
7.2,112.2,2030,10260,228.75,57,64,60.5,3,10810,150,ETH,-99.3332917,41.75474604,V35-6,Andree et al. (1986),3,-999,G. sacculifer,9550,120,-999,53.62118505,15.85754087,0,0,2,104.3,2.8,9173,20,-112,42,2,28,33,0,1.1,13.5,-200,5,1793,40,1,3,1637,151,1766,151
7.2,112.2,2030,11077,233.25,68,72,70,3,11290,150,ETH,-63.44484072,43.92887993,V35-6,Andree et al. (1986),3,-999,G. sacculifer,10130,120,-999,82.05008939,16.28541051,0,0,2,153,3.1,9623,21,-76,44,2,28,34,0,1.1,11.3,-200,5,1793,40,1,3,1667,151,1796,151
7.2,112.2,2030,12943,222.625,89,92,90.5,3,12950,160,ETH,-45.4141841,44.7360286,V35-6,Andree et al. (1986),3,-999,G. sacculifer,11590,140,-999,130.685287,19.87842501,0,0,2,212.3,3.1,11037,21,-58,45,2,28,35,0,1.1,8.8,-200,5,1793,40,1,3,1913,161,2042,161
7.2,112.2,2030,13962,286,98,102,100,3,13550,170,ETH,2.093718466,55.90378143,V35-6,Andree et al. (1986),3,-999,G. sacculifer,12540,160,-999,136.3517232,22.8605815,0,0,2,216.2,5.5,12002,37,-11,56,2,28,36,0,1.1,8.8,-200,5,1793,40,1,3,1548,174,1677,174
7.2,112.1,1953,1493,195.5,0,10,5,4,3610,100,ETH,-235.7028946,27.5947397,V35-5,Andree et al. (1986); Broecker et al. (1988) Paleo; Broecker et al. (1988) Radiocarbon,3,-999,G. sacculifer,2055,100,-999,-72.46262332,11.6187564,0,0,2,-15.5,1.3,1583,11,-211,38,2,28.05,37,0,1.1,13.1,-234.4,5,2146,40,1,4,2027,101,1768,101
7.2,112.1,1953,6060,201,60,70,65,4,7110,120,ETH,-141.0667,33.72343495,V35-5,Andree et al. (1986); Broecker et al. (1988) Paleo; Broecker et al. (1988) Radiocarbon,3,-999,G. sacculifer,5830,110,-999,7.305256966,13.88842253,0,0,2,74.7,2.3,5310,17,-116,43,2,28.05,38,0,1.1,14.5,-234.4,5,2146,40,1,4,1800,121,1541,121
7.2,112.1,1953,7781,217.375,85,90,87.5,4,8870,160,ETH,-150.3944932,39.27606588,V35-5,Andree et al. (1986); Broecker et al. (1988) Paleo; Broecker et al. (1988) Radiocarbon,3,-999,G. sacculifer,7500,150,-999,7.592023153,18.99150172,0,0,2,78.2,2.9,6964,22,-125,47,2,28.05,39,0,1.1,7.3,-234.4,5,2146,40,1,4,1906,162,1647,162
7.2,112.1,1953,8463,226,90,100,95,4,10930,190,ETH,-286.0402205,36.42061586,V35-5,Andree et al. (1986); Broecker et al. (1988) Paleo; Broecker et al. (1988) Radiocarbon,3,-999,G. sacculifer,8190,140,-999,4.173024908,17.65423005,0,0,2,65.4,2.5,7721,19,-261,45,2,28.05,40,0,1.1,18.2,-234.4,5,2146,40,1,4,3209,191,2950,191
7.2,112.1,1953,9562.5,230.125,110,115,112.5,4,10910,180,ETH,-182.4475753,41.09451023,V35-5,Andree et al. (1986); Broecker et al. (1988) Paleo; Broecker et al. (1988) Radiocarbon,3,-999,G. sacculifer,9050,160,-999,30.5623532,20.73236145,0,0,2,77.9,2.9,8696,21,-157,49,2,28.05,41,0,1.1,14.7,-234.4,5,2146,40,1,4,2214,181,1955,181
7.2,112.1,1953,10241,265.75,120,130,125,4,11690,130,ETH,-194.6404146,38.93747795,V35-5,Andree et al. (1986); Broecker et al. (1988) Paleo; Broecker et al. (1988) Radiocarbon,3,-999,G. sacculifer,9520,150,-999,55.13558886,19.88762206,0,0,2,106.1,2.8,9150,21,-170,47,2,28.05,42,0,1.1,11.6,-234.4,5,2146,40,1,4,2540,132,2281,132
7.2,112.1,1953,12826,352.5,150,160,155,4,12620,190,ETH,-19.3599866,65.05605911,V35-5,Andree et al. (1986); Broecker et al. (1988) Paleo; Broecker et al. (1988) Radiocarbon,3,-999,G. sacculifer,11580,200,-999,116.1844269,28.13881371,0,0,2,210.9,3.3,10930,22,6,70,2,28.05,43,0,1.1,20.6,-234.4,5,2146,40,1,4,1690,191,1431,191
7.2,112.1,1953,15734,317.75,210,220,215,4,16330,250,ETH,-121.5837648,61.14978371,V35-5,Andree et al. (1986); Broecker et al. (1988) Paleo; Broecker et al. (1988) Radiocarbon,3,-999,G. sacculifer,13740,190,-999,212.6224055,29.0233545,0,0,2,309.7,7,13127,43,-97,67,2,28.05,44,0,1.1,20.1,-234.4,5,2146,40,1,4,3203,254,2944,254
7.2,112.1,1953,17225,385.375,240,255,247.5,4,17010,230,ETH,-33.36074628,72.8062919,V35-5,Andree et al. (1986); Broecker et al. (1988) Paleo; Broecker et al. (1988) Radiocarbon,3,-999,G. sacculifer,14990,420,-999,243.0062069,66.71871666,0,0,2,381.1,8.5,14149,50,-8,78,2,28.05,45,0,1.1,23.9,-234.4,5,2146,40,1,4,2861,235,2602,235
7.2,112.1,1953,18482,329.375,270,285,277.5,4,17810,350,ETH,18.70398422,85.07112951,V35-5,Andree et al. (1986); Broecker et al. (1988) Paleo; Broecker et al. (1988) Radiocarbon,3,-999,G. sacculifer & G. ruber,16170,290,-999,249.4320206,45.92992084,0,0,2,418.4,8.3,15159,47,44,89,2,28.05,46,0,1.1,28.5,-234.4,5,2146,40,1,4,2651,353,2392,353
7.2,112.1,1953,19536,365.5,300,319,309.5,4,19280,290,ETH,-36.29405794,77.48135707,V35-5,Andree et al. (1986); Broecker et al. (1988) Paleo; Broecker et al. (1988) Radiocarbon,3,-999,G. sacculifer,17540,260,-999,196.7833642,39.36936182,0,0,2,415.5,8.2,16196,46,-11,82,2,28.05,47,0,1.1,57.7,-234.4,5,2146,40,1,4,3084,294,2825,294
7.2,112.1,1953,19848,403.25,318,330,324,4,19040,460,ETH,31.12258985,109.5474051,V35-5,Andree et al. (1986); Broecker et al. (1988) Paleo; Broecker et al. (1988) Radiocarbon,3,-999,G. sacculifer,17020,390,-999,325.9256484,65.96158821,0,0,2,430.3,7.7,16413,43,56,113,2,28.05,48,0,1.1,31.3,-234.4,5,2146,40,1,4,2627,462,2368,462
7.2,112.1,1953,20232,500.25,330,350,340,4,21110,340,ETH,-165.2217842,85.9975452,V35-5,Andree et al. (1986); Broecker et al. (1988) Paleo; Broecker et al. (1988) Radiocarbon,3,-999,G. sacculifer,16200,220,-999,538.2408872,42.71002788,0,0,2,441.8,7.2,16728,40,-140,90,2,28.05,49,0,1.1,31.3,-234.4,5,2146,40,1,4,4382,342,4123,342
-41.1,7.8,4981,12105,119,120,125,122.5,5,11500,140,NOSAMS,33.20001999,32.88475351,TNO57-21,Barker et al. (2010),3,-999,G. bulloides,10900,45,-999,113.3268529,6.254238436,0,0,2,188.7,2.6,10378,18,31,33,4,28.2,50,0,0,7.4,-999,5,1320,40,1,5,1122,141,1139,141
-41.1,7.8,4981,13453,88,130,135,132.5,5,12350,75,NOSAMS,94.07058669,21.86231874,TNO57-21,Barker et al. (2010),3,-999,G. bulloides,12200,75,-999,114.6920713,10.45604343,0,0,2,204.6,4,11584,27,92,22,4,28.2,51,0,0,18.9,-999,5,1320,40,1,5,766,80,783,80
-41.1,7.8,4981,13981,79,140,145,142.5,5,13050,60,NOSAMS,68.90319433,18.19922957,TNO57-21,Barker et al. (2010),3,-999,G. bulloides,12700,55,-999,116.5050813,7.67066876,0,0,2,217,6,12016,39,67,18,4,28.2,52,0,0,25.3,-999,5,1320,40,1,5,1034,72,1051,72
-41.1,7.8,4981,14377,170,150,155,152.5,5,13700,75,NOSAMS,34.18962026,30.92705729,TNO57-21,Barker et al. (2010),3,-999,G. bulloides,12950,55,-999,135.3977321,7.80046599,0,0,2,216.7,3.4,12397,23,32,31,4,28.2,53,0,0,23.4,-999,5,1320,40,1,5,1303,78,1320,78
-41.1,7.8,4981,14805,205,160,165,162.5,5,13700,170,NOSAMS,89.14202188,50.07469119,TNO57-21,Barker et al. (2010),3,-999,G. bulloides,13150,70,-999,166.3250488,10.20783127,0,0,2,276.1,7.3,12432,46,87,50,4,28.2,54,0,0,8.3,-999,5,1320,40,1,5,1268,176,1285,176
-41.1,7.8,4981,17221,121,180,185,182.5,5,15750,65,NOSAMS,130.250421,25.69068867,TNO57-21,Barker et al. (2010),3,-999,G. bulloides,14750,65,-999,280.0840155,10.39997565,0,0,2,381.1,8.5,14149,50,128,26,4,28.2,55,0,0,80.6,-999,5,1320,40,1,5,1601,82,1618,82
-41.1,7.8,4981,17345,110,190,195,192.5,5,15900,70,NOSAMS,126.1059742,24.79882329,TNO57-21,Barker et al. (2010),3,-999,G. bulloides,14850,60,-999,283.3533524,9.621497166,0,0,2,384.6,11.9,14245,69,124,25,4,28.2,56,0,0,10.7,-999,5,1320,40,1,5,1655,98,1672,98
-41.1,7.8,4981,18276,121,200,205,202.5,5,16700,90,NOSAMS,140.8719895,29.48374508,TNO57-21,Barker et al. (2010),3,-999,G. bulloides,15650,80,-999,300.1812671,13.01309113,0,0,2,396.8,11.2,15078,64,139,29,4,28.2,57,0,0,23.1,-999,5,1320,40,1,5,1622,110,1639,110
-41.1,7.8,4981,18709,72,210,215,212.5,5,17050,90,NOSAMS,150.9636186,22.9207806,TNO57-21,Barker et al. (2010),3,-999,G. bulloides,16050,65,-999,303.5430939,10.5905677,0,0,2,419.1,6.5,15369,37,149,23,4,28.2,58,0,0,20.5,-999,5,1320,40,2,5,1681,97,1698,97
-41.1,7.8,4981,19686,123,230,235,232.5,5,18100,110,NOSAMS,136.6319065,32.48020492,TNO57-21,Barker et al. (2010),3,-999,G. bulloides,16900,80,-999,319.7643702,13.20909203,0,0,2,408.9,8,16379,45,135,32,4,28.2,59,0,0,17.5,-999,5,1320,40,2,5,1721,119,1738,119
-41.1,7.8,4981,20259,115,240,245,242.5,5,18250,80,NOSAMS,195.6717588,28.5429753,TNO57-21,Barker et al. (2010),3,-999,G. bulloides,17400,70,-999,329.126139,11.63268797,0,0,2,442.4,7.3,16744,41,194,29,4,28.2,60,0,0,13.5,-999,5,1320,40,2,5,1506,90,1523,90
-41.1,7.8,4981,20999,144,250,255,252.5,5,18700,130,NOSAMS,236.3973234,41.55311349,TNO57-21,Barker et al. (2010),3,-999,G. bulloides,18000,85,-999,348.9713131,14.34972606,0,0,2,442.5,8.3,17462,46,235,42,4,28.2,61,0,0,25.5,-999,5,1320,40,2,5,1238,138,1255,138
-41.1,7.8,4981,22569,113,290,295,292.5,5,20800,120,NOSAMS,151.0698656,32.93335765,TNO57-21,Barker et al. (2010),3,-999,G. bulloides,19300,90,-999,387.386231,15.63137798,0,0,2,489,10.3,18733,55,149,33,4,28.2,62,0,0,25.5,-999,5,1320,40,2,5,2067,132,2084,132
-3.749167,-81.134167,373,1111,109,30,30,30,6,1960,20,OS-98324   ,-103.8108509,14.04805524,KNR195-5 CDH23,Bova et al. 2018,3,-999,Neogloboquadrina dutertrei,1680,40,-999,-72.02229035,4.632351366,0,0,2,-13.4,1.8,1196,15,-234,30,2,26.88,63,0,0,65.9,-82.7,5,693,40,1,6,764,25,1992,25
-3.749167,-81.134167,373,3083,120.75,160,160,160,6,3330,25,OS-98322   ,-40.75763714,16.99715626,KNR195-5 CDH23,Bova et al. 2018,3,-999,Neogloboquadrina dutertrei,3420,35,-999,-51.44480162,4.141897487,0,0,2,5.4,1.9,2959,15,-171,32,2,26.88,64,0,0,136.6,-82.7,5,693,40,1,6,371,29,1599,29
-3.749167,-81.134167,373,3818.5,111.25,260.5,260.5,260.5,6,4290,25,OS-98323   ,-69.6090066,15.4166152,KNR195-5 CDH23,Bova et al. 2018,3,-999,Neogloboquadrina dutertrei,3980,35,-999,-33.00267061,4.222425659,0,0,2,28.7,2.2,3484,17,-200,31,2,26.88,65,0,0,125,-82.7,5,693,40,1,6,806,30,2034,30
-3.749167,-81.134167,373,4538.5,84.375,350.5,350.5,350.5,6,4660,25,OS-98325   ,-30.63794422,12.91073717,KNR195-5 CDH23,Bova et al. 2018,3,-999,Neogloboquadrina dutertrei,4540,40,-999,-16.04854659,4.911765457,0,0,2,40.9,2,4090,15,-161,30,2,26.88,66,0,0,125,-82.7,5,693,40,1,6,570,29,1798,29
-3.749167,-81.134167,373,4538.5,84.375,350.5,350.5,350.5,6,4730,20,OS-98329   ,-39.04832057,12.20054294,KNR195-5 CDH23,Bova et al. 2018,3,-999,Neogloboquadrina dutertrei,4540,40,-999,-16.04854659,4.911765457,0,0,2,40.9,2,4090,15,-169,29,2,26.88,67,0,0,106.5,-82.7,5,693,40,1,6,640,25,1868,25
-3.749167,-81.134167,373,5942,108.5,500,500,500,6,6370,50,OS-102576  ,-71.53038311,17.96588965,KNR195-5 CDH23,Bova et al. 2018,3,-999,Neogloboquadrina dutertrei,5720,30,-999,6.72108487,3.766724542,0,0,2,69.5,2.4,5242,18,-202,32,2,26.88,68,0,0,103.1,-82.7,5,693,40,1,6,1128,53,2356,53
-3.749167,-81.134167,373,6427,89.25,550,550,550,6,6380,50,OS-102573  ,-16.65523918,16.73759189,KNR195-5 CDH23,Bova et al. 2018,3,-999,Neogloboquadrina dutertrei,6230,35,-999,1.879240333,4.374738671,0,0,2,78.4,2.7,5642,20,-147,32,2,26.88,69,0,0,138.9,-82.7,5,693,40,1,6,738,54,1966,54
-3.749167,-81.134167,373,6787,107.5,600,600,600,6,6850,25,OS-102720  ,-31.25854388,15.61259365,KNR195-5 CDH23,Bova et al. 2018,3,-999,Neogloboquadrina dutertrei,6510,45,-999,10.62392723,5.677293235,0,0,2,81.6,2.6,5968,19,-161,31,2,26.88,70,0,0,131.9,-82.7,5,693,40,1,6,882,31,2110,31
-3.749167,-81.134167,373,9061,127.25,900,900,900,6,8990,30,OS-98333   ,-22.82454703,18.69169112,KNR195-5 CDH23,Bova et al. 2018,3,-999,Neogloboquadrina dutertrei,8600,45,-999,25.787564,5.762476665,0,0,2,87,2.9,8143,22,-153,33,2,26.88,71,0,0,129.9,-82.7,5,693,40,1,6,847,37,2075,37
-3.749167,-81.134167,373,9832.5,134.625,1000.25,1000.25,1000.25,6,9510,30,OS-98332   ,5.515970995,20.13099044,KNR195-5 CDH23,Bova et al. 2018,3,-999,Neogloboquadrina dutertrei,9220,60,-999,42.47938172,7.815628017,0,0,2,98.6,2.7,8806,20,-125,33,2,26.88,72,0,0,107.7,-82.7,5,693,40,1,6,704,36,1932,36
-3.749167,-81.134167,373,10759,133.25,1100,1100,1100,6,10150,35,OS-98330   ,38.62897685,21.26775592,KNR195-5 CDH23,Bova et al. 2018,3,-999,Neogloboquadrina dutertrei,9920,40,-999,68.7967098,5.335302613,0,0,2,123,3.7,9523,26,-91,34,2,26.88,73,0,0,107.3,-82.7,5,693,40,1,6,627,44,1855,44
-3.749167,-81.134167,373,11970,169.5,1230,1230,1230,6,10950,45,OS-102354  ,88.4975884,28.41856341,KNR195-5 CDH23,Bova et al. 2018,3,-999,Neogloboquadrina dutertrei,10750,45,-999,115.9384218,6.268909218,0,0,2,182.4,2.6,10285,18,-42,39,2,26.88,74,0,0,114.6,-82.7,5,693,40,1,6,665,48,1893,48
-3.749167,-81.134167,373,13108.5,105.75,1360.5,1360.5,1360.5,6,11500,40,OS-98327   ,166.5457552,20.73210555,KNR195-5 CDH23,Bova et al. 2018,3,-999,Neogloboquadrina dutertrei,11650,55,-999,144.9649922,7.866195456,0,0,2,209.2,3.1,11213,20,37,34,2,26.88,75,0,0,114.6,-82.7,5,693,40,1,6,287,45,1515,45
-3.749167,-81.134167,373,13108.5,105.75,1360.5,1360.5,1360.5,6,11650,35,OS-98331   ,144.9649922,19.6357955,KNR195-5 CDH23,Bova et al. 2018,3,-999,Neogloboquadrina dutertrei,12000,55,-999,96.14972479,7.530822377,0,0,2,209.2,3.1,11213,20,15,33,2,26.88,76,0,0,176.9,-82.7,5,693,40,1,6,437,40,1665,40
-3.749167,-81.134167,373,13558,110.75,1440,1440,1440,6,12200,45,OS-98321   ,128.9401794,21.44949351,KNR195-5 CDH23,Bova et al. 2018,3,-999,Neogloboquadrina dutertrei,12200,70,-999,128.9401794,9.880633947,0,0,2,207,4,11665,27,-1,34,2,26.88,77,0,0,171.4,-82.7,5,693,40,1,6,535,52,1763,52
-3.749167,-81.134167,373,13908,130.25,1500,1500,1500,6,12350,40,OS-98328   ,155.9740557,23.97069258,KNR195-5 CDH23,Bova et al. 2018,3,-999,Neogloboquadrina dutertrei,12600,55,-999,120.5523166,7.698474277,0,0,2,198.4,4.2,12062,28,26,36,2,26.88,78,0,0,263.5,-82.7,5,693,40,1,6,288,49,1516,49
-3.749167,-81.134167,373,14667,215.5,1700,1700,1700,6,12950,45,OS-98326   ,175.933435,37.24731942,KNR195-5 CDH23,Bova et al. 2018,3,-999,Neogloboquadrina dutertrei,12800,95,-999,198.0979037,14.25307951,0,0,2,247.8,5,12477,32,46,46,2,26.88,79,0,0,263.5,-82.7,5,693,40,1,6,473,55,1701,55
-3.986,-81.30866667,1023,7388,100.5,235.5,235.5,235.5,7,7620,40,OS-103000  ,-53.43291706,16.22138285,KNR195-5 CDH26,Bova et al. 2018,3,-999,Neogloboquadrina dutertrei,7070,35,-999,13.64640887,4.4261204,0,0,2,96.8,2.1,6439,16,-81,31,2,27.41,80,0,0,67.7,-184.9,5,1642,40,1,7,1181,43,1460,43
-3.986,-81.30866667,1023,10127,139.5,421,421,421,7,9840,45,OS-103151  ,0.043835506,22.47908959,KNR195-5 CDH26,Bova et al. 2018,3,-999,Neogloboquadrina dutertrei,9460,40,-999,48.48755502,5.233921793,0,0,2,124.7,2.9,8899,21,-28,35,2,27.41,81,0,0,82.1,-184.9,5,1642,40,1,7,941,50,1220,50
-3.986,-81.30866667,1023,11991,167.75,574,574,574,7,11700,55,OS-103153  ,-6.008142087,26.97853827,KNR195-5 CDH26,Bova et al. 2018,3,-999,Neogloboquadrina dutertrei,10750,45,-999,118.7767545,6.28485387,0,0,2,183.6,2.6,10306,18,-34,38,2,27.41,82,0,0,94.1,-184.9,5,1642,40,1,7,1394,58,1673,58
-3.986,-81.30866667,1023,12937,101.25,663,663,663,7,12400,40,OS-103181  ,21.49175204,17.59805747,KNR195-5 CDH26,Bova et al. 2018,3,-999,Neogloboquadrina dutertrei,11650,45,-999,121.4572221,6.299911697,0,0,2,209.5,3.1,11046,21,-6,32,2,27.41,83,0,0,156,-184.9,5,1642,40,1,7,1354,45,1633,45
-3.986,-81.30866667,1023,13716,125,784.5,784.5,784.5,7,13500,75,OS-103150  ,-21.21278586,23.94043367,KNR195-5 CDH26,Bova et al. 2018,3,-999,Neogloboquadrina dutertrei,12350,50,-999,129.4360721,7.051900689,0,0,2,209.7,3.8,11802,25,-49,36,2,27.41,84,0,0,137.4,-184.9,5,1642,40,1,7,1698,79,1977,79
-3.986,-81.30866667,1023,14844,179.125,939.5,939.5,939.5,7,14200,90,OS-104319  ,28.25640332,33.80616825,KNR195-5 CDH26,Bova et al. 2018,3,-999,Neogloboquadrina dutertrei,13100,60,-999,179.1569076,8.840320418,0,0,2,273.6,5.4,12487,34,0,43,2,27.41,85,0,0,191.6,-184.9,5,1642,40,1,7,1713,96,1992,96
-3.986,-81.30866667,1023,15976.5,164.25,1156.5,1156.5,1156.5,7,14800,65,OS-103154  ,94.35276192,30.60184109,KNR195-5 CDH26,Bova et al. 2018,3,-999,Neogloboquadrina dutertrei,13900,60,-999,224.0939619,9.177220415,0,0,2,321.1,6,13291,36,67,41,2,27.41,86,0,0,157.3,-184.9,5,1642,40,1,7,1509,74,1788,74
-3.986,-81.30866667,1023,17527.5,178.5,1400.5,1400.5,1400.5,7,16000,60,OS-103182  ,136.999431,33.04706086,KNR195-5 CDH26,Bova et al. 2018,3,-999,Neogloboquadrina dutertrei,15150,65,-999,263.905125,10.2685311,0,0,2,378.5,6.2,14455,36,109,42,2,27.41,87,0,0,158.7,-184.9,5,1642,40,1,7,1545,70,1824,70
-3.986,-81.30866667,1023,19673,175.5,1741,1741,1741,7,18050,70,OS-103183  ,141.9316163,34.1980106,KNR195-5 CDH26,Bova et al. 2018,3,-999,Neogloboquadrina dutertrei,17050,70,-999,293.3137486,11.31925319,0,0,2,406.5,8,16383,46,114,43,2,27.41,88,0,0,181.2,-184.9,5,1642,40,1,7,1667,84,1946,84
-3.986,-81.30866667,1023,20523,166.25,1895,1895,1895,7,18950,100,OS-103155  ,131.4520634,36.84514612,KNR195-5 CDH26,Bova et al. 2018,3,-999,Neogloboquadrina dutertrei,17700,70,-999,321.9526663,11.56990479,0,0,2,439.6,8.1,17022,45,104,46,2,27.41,89,0,0,116.3,-184.9,5,1642,40,1,7,1928,110,2207,110
-3.986,-81.30866667,1023,21839,223.25,2048,2048,2048,7,19700,90,OS-103001  ,208.432517,46.18392399,KNR195-5 CDH26,Bova et al. 2018,3,-999,Neogloboquadrina dutertrei,18850,110,-999,343.3111836,18.52117139,0,0,2,510.6,8,17908,43,181,53,2,27.41,90,0,0,149.8,-184.9,5,1642,40,1,7,1792,100,2071,100
-3.986,-81.30866667,1023,24095,199.5,2386,2386,2386,7,22300,160,OS-103152  ,148.6087404,50.61249938,KNR195-5 CDH26,Bova et al. 2018,3,-999,Neogloboquadrina dutertrei,20900,80,-999,367.2925034,13.68478565,0,0,2,519.6,9.5,20057,50,121,57,2,27.41,91,0,0,149.8,-184.9,5,1642,40,1,7,2243,168,2522,168
-1.265666667,-89.698,595,10340.5,144.625,0.25,0.25,0.25,8,9560,50,OS-101662  ,62.60732045,25.20589879,KNR195-5 CDH41,Bova et al. 2018,3,-999,Neogloboquadrina dutertrei,9580,50,-999,59.96500596,6.618141691,0,0,2,111.1,3,9211,22,-26,37,2,27.08,92,0,0,3.3,-124.6,5,1069,40,1,8,349,55,1201,55
-1.265666667,-89.698,595,11623.5,108.125,4.5,4.5,4.5,8,11900,50,OS-113941  ,-72.60659182,17.90298959,KNR195-5 CDH41,Bova et al. 2018,3,-999,Neogloboquadrina dutertrei,10500,45,-999,103.9599562,6.201618844,0,0,2,166.3,3.3,10065,23,-161,32,2,27.08,93,0,0,3.3,-124.6,5,1069,40,1,8,1835,55,2687,55
-1.265666667,-89.698,595,13301,192.25,10,10,10,8,14900,70,OS-102464  ,-218.01654,25.00361698,KNR195-5 CDH41,Bova et al. 2018,3,-999,Neogloboquadrina dutertrei,12150,100,-999,101.2172587,13.79434985,0,0,2,205.2,4.3,11434,29,-306,37,2,27.08,94,0,0,7,-124.6,5,1069,40,1,8,3466,76,4318,76
-1.265666667,-89.698,595,14054.75,108.75,15.25,15.25,15.25,8,15300,65,OS-102712  ,-184.9782898,17.31752592,KNR195-5 CDH41,Bova et al. 2018,3,-999,Neogloboquadrina dutertrei,12550,45,-999,147.742912,6.447574508,0,0,2,206.7,3.9,12152,26,-273,32,2,27.08,95,0,0,6.8,-124.6,5,1069,40,1,8,3148,70,4000,70
-1.265666667,-89.698,595,14348.75,143,17.25,17.25,17.25,8,14600,70,OS-113943  ,-78.57776994,23.97050219,KNR195-5 CDH41,Bova et al. 2018,3,-999,Neogloboquadrina dutertrei,12750,55,-999,160.0500051,7.969833262,0,0,2,213,3.8,12393,25,-167,36,2,27.08,96,0,0,6.9,-124.6,5,1069,40,1,8,2207,74,3059,74
-1.265666667,-89.698,595,14785.25,213.5625,20.25,20.25,20.25,8,14150,70,OS-102467  ,27.34963072,35.49909947,KNR195-5 CDH41,Bova et al. 2018,3,-999,Neogloboquadrina dutertrei,-999,-999,-999,-999,-999,0,0,2,278.6,7.2,12397,45,-61,44,2,27.08,97,0,0,7,-124.6,5,1069,40,1,8,1753,83,2605,83
-1.265666667,-89.698,595,15495.5,139.5625,25.25,25.25,25.25,8,15500,75,OS-113945  ,-53.66682598,24.81415289,KNR195-5 CDH41,Bova et al. 2018,3,-999,Neogloboquadrina dutertrei,13800,55,-999,169.3715397,8.033874533,0,0,2,302.9,7.2,12936,44,-142,36,2,27.08,98,0,0,7.1,-124.6,5,1069,40,1,8,2564,87,3416,87
-1.265666667,-89.698,595,16166,176.5,30,30,30,8,15400,95,OS-101663  ,39.1402311,34.48100957,KNR195-5 CDH41,Bova et al. 2018,3,-999,Neogloboquadrina dutertrei,-999,-999,-999,-999,-999,0,0,2,330.8,5.5,13417,33,-49,44,2,27.08,99,0,0,80.2,-124.6,5,1069,40,1,8,1983,101,2835,101
-1.265666667,-89.698,595,16231.5,158.8125,35.25,35.25,35.25,8,16500,80,OS-113947  ,-86.6338192,26.64606178,KNR195-5 CDH41,Bova et al. 2018,3,-999,Neogloboquadrina dutertrei,13950,60,-999,254.6067203,9.40597925,0,0,2,333.9,5.7,13466,34,-175,38,2,27.08,100,0,0,73.5,-124.6,5,1069,40,1,8,3034,87,3886,87
-1.265666667,-89.698,595,16299.5,159.9375,40.25,40.25,40.25,8,14950,60,OS-102714  ,116.9046286,29.95415534,KNR195-5 CDH41,Bova et al. 2018,3,-999,Neogloboquadrina dutertrei,12700,50,-999,477.9496335,9.227927366,0,0,2,335.3,6,13516,36,29,40,2,27.08,101,0,0,36.4,-124.6,5,1069,40,1,8,1434,70,2286,70
-1.265666667,-89.698,595,16492,137.25,47.25,47.25,47.25,8,16700,80,OS-113949  ,-80.57322796,24.4238328,KNR195-5 CDH41,Bova et al. 2018,3,-999,Neogloboquadrina dutertrei,14300,70,-999,239.567721,10.84886084,0,0,2,345.1,7,13652,42,-169,36,2,27.08,102,0,0,26.3,-124.6,5,1069,40,1,8,3048,90,3900,90
-1.265666667,-89.698,595,16796.5,170.5625,55.25,55.25,55.25,8,17700,90,OS-102716  ,-157.7329706,26.81853248,KNR195-5 CDH41,Bova et al. 2018,3,-999,Neogloboquadrina dutertrei,14450,60,-999,262.284185,9.463538382,0,0,2,364.6,6,13827,35,-246,38,2,27.08,103,0,0,11.2,-124.6,5,1069,40,1,8,3873,97,4725,97
-1.265666667,-89.698,595,18119,214.75,70,70,70,8,18850,150,OS-101664  ,-143.4514315,38.25738739,KNR195-5 CDH41,Bova et al. 2018,3,-999,Neogloboquadrina dutertrei,15650,80,-999,275.7222914,12.7682892,0,0,2,431,7,14729,39,-232,47,2,27.08,104,0,0,6.9,-124.6,5,1069,40,1,8,4121,155,4973,155
-1.265666667,-89.698,595,21011,232.5,90,90,90,8,21000,130,OS-102718  ,-70.08827213,41.21518327,KNR195-5 CDH41,Bova et al. 2018,3,-999,Neogloboquadrina dutertrei,18150,90,-999,325.9390058,14.9390655,0,0,2,442.7,8.7,17481,48,-158,49,2,27.08,105,0,0,12.9,-124.6,5,1069,40,1,8,3519,139,4371,139
-1.265666667,-89.698,595,21806.75,208.25,100.25,100.25,100.25,8,22300,160,OS-119356  ,-129.1119627,39.29765086,KNR195-5 CDH41,Bova et al. 2018,3,-999,Neogloboquadrina dutertrei,18750,100,-999,354.8424784,16.97137508,0,0,2,509.5,8,17885,42,-217,48,2,27.08,106,0,0,17.1,-124.6,5,1069,40,1,8,4415,165,5267,165
-1.265666667,-89.698,595,22685.75,196.75,115.25,115.25,115.25,8,21600,210,OS-101665  ,56.77841339,52.79915427,KNR195-5 CDH41,Bova et al. 2018,3,-999,Neogloboquadrina dutertrei,19700,140,-999,338.76746,23.53668953,0,0,2,501.2,9,18784,48,-31,59,2,27.08,107,0,0,28.9,-124.6,5,1069,40,1,8,2816,215,3668,215
-1.265666667,-89.698,595,23368,195.75,135,135,135,8,23100,220,OS-102413  ,-47.79771066,48.64583053,KNR195-5 CDH41,Bova et al. 2018,3,-999,Neogloboquadrina dutertrei,20400,120,-999,332.6051073,20.05639242,0,0,2,500.4,10.9,19449,58,-136,55,2,27.08,108,0,0,54.6,-124.6,5,1069,40,1,8,3651,228,4503,228
-1.265666667,-89.698,595,24009,237.75,170,170,170,8,23500,240,OS-101667  ,-21.01130026,57.43656684,KNR195-5 CDH41,Bova et al. 2018,3,-999,Neogloboquadrina dutertrei,20600,120,-999,404.6324275,21.14044065,0,0,2,509.2,9.4,20024,50,-109,63,2,27.08,109,0,0,28.5,-124.6,5,1069,40,1,8,3476,245,4328,245
-1.265666667,-89.698,595,25594.75,487.4375,215.25,215.25,215.25,8,24200,350,OS-118822  ,87.02122895,111.6499655,KNR195-5 CDH41,Bova et al. 2018,3,-999,Neogloboquadrina dutertrei,-999,-999,-999,-999,-999,0,0,2,589.3,10.5,21154,53,-1,115,2,27.08,110,0,0,23.1,-124.6,5,1069,40,1,8,3046,354,3898,354
-1.265666667,-89.698,595,26461,493.5625,235.25,235.25,235.25,8,25500,140,OS-109457  ,26.74415171,79.27218783,KNR195-5 CDH41,Bova et al. 2018,3,-999,Neogloboquadrina dutertrei,-999,-999,-999,-999,-999,0,0,2,523.7,24.7,22329,130,-61,84,2,27.08,111,0,0,18.8,-124.6,5,1069,40,1,8,3171,191,4023,191
-1.265666667,-89.698,595,27522.75,446,255.25,255.25,255.25,8,29800,710,OS-118823  ,-316.4577576,97.62072332,KNR195-5 CDH41,Bova et al. 2018,3,-999,Neogloboquadrina dutertrei,24700,210,-999,289.7060108,34.16027176,0,0,2,536.9,14.4,23289,75,-405,101,2,27.08,112,0,0,32.9,-124.6,5,1069,40,1,8,6511,714,7363,714
-1.265666667,-89.698,595,28130.75,455.5625,275.25,275.25,275.25,8,28100,180,OS-109287  ,-90.89471063,70.53871482,KNR195-5 CDH41,Bova et al. 2018,3,-999,Neogloboquadrina dutertrei,24000,120,-999,514.52258,22.79434397,0,0,2,508.5,12.3,24041,65,-179,75,2,27.08,113,0,0,11.4,-124.6,5,1069,40,1,8,4059,191,4911,191
-1.265666667,-89.698,595,29442.25,563.5625,290.25,290.25,290.25,8,27000,140,OS-109362  ,221.7491697,104.7073396,KNR195-5 CDH41,Bova et al. 2018,3,-999,Neogloboquadrina dutertrei,27200,190,-999,191.7064588,28.52274447,0,0,2,518.6,11.6,25251,61,134,108,2,27.08,114,0,0,37.2,-124.6,5,1069,40,1,8,1749,153,2601,153
-1.265666667,-89.698,595,29979.75,458.1875,310.25,310.25,310.25,8,28100,320,OS-119362  ,136.9690284,108.4708076,KNR195-5 CDH41,Bova et al. 2018,3,-999,Neogloboquadrina dutertrei,26200,260,-999,440.3560094,47.38192273,0,0,2,548.6,17.3,25619,90,49,112,2,27.08,115,0,0,37.2,-124.6,5,1069,40,1,8,2481,332,3333,332
-1.252166667,-89.6845,617,1415,129,2,2,2,9,2080,20,OS-109398  ,-84.0279728,16.57444668,KNR195-5 GGC43,Bova et al. 2018,3,-999,Neogloboquadrina dutertrei,1990,50,-999,-73.7079158,5.783523254,0,0,2,-26.5,1.6,1595,13,-172,31,2,27.1,116,0,0,11.8,-124.6,5,1069,40,1,9,485,24,1337,24
-1.252166667,-89.6845,617,4646,128.75,40,40,40,9,5420,30,OS-109328  ,-106.6021934,17.25130025,KNR195-5 GGC43,Bova et al. 2018,3,-999,Neogloboquadrina dutertrei,4630,40,-999,-14.27611154,4.920613237,0,0,2,46.3,2,4155,15,-195,32,2,27.1,117,0,0,18.9,-124.6,5,1069,40,1,9,1265,34,2117,34
-1.252166667,-89.6845,617,6259,121.25,70.5,70.5,70.5,9,6520,30,OS-109456  ,-53.08445129,17.42550032,KNR195-5 GGC43,Bova et al. 2018,3,-999,Neogloboquadrina dutertrei,6050,35,-999,3.971148527,4.383873057,0,0,2,91.3,2.5,5381,18,-141,32,2,27.1,118,0,0,14.7,-124.6,5,1069,40,1,9,1139,35,1991,35
-1.252166667,-89.6845,617,8270,129,100,100,100,9,8180,40,OS-109331  ,-17.77672211,20.21918677,KNR195-5 GGC43,Bova et al. 2018,3,-999,Neogloboquadrina dutertrei,8030,50,-999,0.736619244,6.248335279,0,0,2,80.1,2.7,7417,20,-106,33,2,27.1,119,0,0,37.7,-124.6,5,1069,40,1,9,763,45,1615,45
-1.252166667,-89.6845,617,9331,111.75,140,140,140,9,9040,40,OS-109332  ,3.352195135,18.5601239,KNR195-5 GGC43,Bova et al. 2018,3,-999,Neogloboquadrina dutertrei,8800,40,-999,33.78140587,5.160510493,0,0,2,94.6,3,8350,22,-85,33,2,27.1,120,0,0,22.8,-124.6,5,1069,40,1,9,690,46,1542,46
-1.252166667,-89.6845,617,11084,132,180,180,180,9,10300,30,OS-119052  ,60.28899621,20.89083961,KNR195-5 GGC43,Bova et al. 2018,3,-999,Neogloboquadrina dutertrei,10150,35,-999,80.27375177,4.717050885,0,0,2,153.7,3.1,9628,22,-28,34,2,27.1,121,0,0,27.8,-124.6,5,1069,40,1,9,672,37,1524,37
-1.252166667,-89.6845,617,12523,144.75,220,220,220,9,12200,55,OS-109364  ,-3.909603861,24.26330767,KNR195-5 GGC43,Bova et al. 2018,3,-999,Neogloboquadrina dutertrei,11150,70,-999,135.1826369,9.935268761,0,0,2,225.2,3,10544,20,-92,36,2,27.1,122,0,0,24,-124.6,5,1069,40,1,9,1656,59,2508,59
-1.252166667,-89.6845,617,17939,204.75,350,350,350,9,17450,80,OS-128462,-2.333754678,34.65198731,KNR195-5 GGC43,Bova et al. 2018,3,-999,Neogloboquadrina dutertrei,15500,70,-999,271.7732413,11.13072782,0,0,2,413.9,7.4,14650,42,-90,44,2,27.1,123,0,0,24,-124.6,5,1069,40,1,9,2800,90,3652,90
-2,-140,4400,17166,204,33,33,33,10,16400,60,NOSAMS,35.48513003,33.2920382,TTN013-18,Broecker and Clark (2010),3,-999,N. dutertrei,14850,50,-999,255.8644071,7.841285838,0,0,2,369.3,7.1,14159,42,30,33,2,28.1,124,0,0,1.2,-203.8,5,1831,40,1,10,2241,73,2297,73
-2,-140,4400,22357,300.25,39,39,39,10,20700,70,NOSAMS,135.9807217,51.17408804,TTN013-18,Broecker and Clark (2010),3,-999,N. dutertrei,19200,65,-999,369.1992634,11.12398782,0,0,2,510,11.3,18417,60,130,51,2,28.1,125,1,0,2.3,-203.8,5,1831,40,2,10,2283,92,2339,92
-2,-140,4400,24129,302.25,43,43,43,10,22500,110,NOSAMS,124.9818,56.55924278,TTN013-18,Broecker and Clark (2010),3,-999,N. dutertrei,20800,95,-999,390.1253129,16.5375188,0,0,2,521.1,10.5,20078,55,119,57,2,28.1,126,0,0,2.7,-203.8,5,1831,40,1,10,2422,123,2478,123
-2,-140,4400,25252,457.25,46,46,46,10,23500,180,NOSAMS,137.8285454,88.51862208,TTN013-18,Broecker and Clark (2010),3,-999,N. dutertrei,22700,120,-999,256.9785385,18.91817366,0,0,2,556.3,14,20992,72,132,89,2,28.1,127,0,0,4.9,-203.8,5,1831,40,1,10,2508,194,2564,194
-2,-140,4400,25456,477.75,47,47,47,10,25000,190,NOSAMS,-32.39531096,78.89123407,TTN013-18,Broecker and Clark (2010),3,-999,-999,-999,-999,-999,-999,-999,0,0,2,571.6,10.3,21108,53,-38,79,2,28.1,128,0,0,8.6,-203.8,5,1831,40,1,10,3892,197,3948,197
-2,-140,4400,25922,401.25,51,51,51,10,23000,110,NOSAMS,313.1253078,81.76836038,TTN013-18,Broecker and Clark (2010),3,-999,N. dutertrei,22300,140,-999,432.6853813,25.1878478,0,0,2,551.8,19.2,21657,100,308,82,2,28.1,129,0,0,6.8,-203.8,5,1831,40,1,10,1343,149,1399,149
-2,-140,4400,26510,556.25,55,55,55,10,22610,180,NOSAMS,480.0648785,132.9297656,TTN013-18,Broecker and Clark (2010),3,-999,N. dutertrei,22330,150,-999,532.5639877,28.88638549,0,0,2,516.6,22,22405,116,475,133,2,28.1,130,0,0,0.7,-203.8,5,1831,40,1,10,205,214,261,214
-2,-140,4400,32146,464.75,59,59,59,10,30000,180,NOSAMS,166.3479334,91.79868981,TTN013-18,Broecker and Clark (2010),3,-999,N. dutertrei,28880,170,-999,340.8480876,28.67835645,0,0,2,445.5,18.5,28271,103,161,92,2,28.1,131,0,0,0.7,-203.8,5,1831,40,1,10,1729,207,1785,207
-10.3,-111.3,3225,5994.4,127.05,0,1.2,0.6,11,6700,100,ETH,-103.2334527,24.9485554,TT154-10 (core 5),Broecker et al. (1988b),3,-999,T. sacculifer,5920,100,ETH,-11.79018999,12.37876699,0,0,2,71.4,2.3,5276,17,-79,25,2,28.1,132,0,0,9.2,-233.2,5,2133,40,1,11,1424,101,1178,101
-10.3,-111.3,3225,6125.2,99.15,1.2,2.4,1.8,11,6780,110,ETH,-97.96024623,23.17322732,TT154-10 (core 5),Broecker et al. (1988b),3,-999,T. sacculifer,5930,100,ETH,2.720526192,12.56053484,0,0,2,77.3,2.6,5358,19,-74,23,2,28.1,133,0,0,9.7,-233.2,5,2133,40,1,11,1422,112,1176,112
-10.3,-111.3,3225,6249,127.5,2.4,3.6,3,11,6930,110,ETH,-101.2896236,26.17079986,TT154-10 (core 5),Broecker et al. (1988b),3,-999,T. sacculifer,6110,100,ETH,-4.704433232,12.46752641,0,0,2,89.4,2.5,5385,18,-77,26,2,28.1,134,0,0,10.5,-233.2,5,2133,40,1,11,1545,111,1299,111
-10.3,-111.3,3225,6363,135.4,3.6,4.8,4.2,11,6960,100,ETH,-92.20735101,26.17258244,TT154-10 (core 5),Broecker et al. (1988b),3,-999,T. sacculifer,5160,140,ETH,135.7990377,19.96832917,0,0,2,78.7,2.7,5581,20,-68,26,2,28.1,135,0,0,12.6,-233.2,5,2133,40,1,11,1379,102,1133,102
-10.3,-111.3,3225,6458.2,162.9,4.8,6,5.4,11,6610,110,ETH,-40.79776891,32.04174215,TT154-10 (core 5),Broecker et al. (1988b),3,-999,T. sacculifer,6770,150,ETH,-59.71399391,17.7228907,0,0,2,75.5,2.6,5693,20,-17,32,2,28.1,136,0,0,14.8,-233.2,5,2133,40,1,11,917,112,671,112
-10.3,-111.3,3225,6539.2,168.6,6,7.2,6.6,11,6550,90,ETH,-24.09122744,30.84201748,TT154-10 (core 5),Broecker et al. (1988b),3,-999,T. sacculifer,5880,100,ETH,60.79622603,13.28801755,0,0,2,78.3,2.6,5749,19,0,31,2,28.1,137,0,0,7.2,-233.2,5,2133,40,1,11,801,92,555,92
-10.3,-111.3,3225,6706.8,172.3,7.2,8.4,7.8,11,-999,-999,-999,-999,-999,TT154-10 (core 5),Broecker et al. (1988b),3,-999,T. sacculifer,6500,110,ETH,2.113763917,13.81684378,0,0,2,82.7,2.8,5882,21,-999,-999,2,28.1,138,0,0,2.4,-233.2,5,2133,40,1,11,-999,-999,-999,-999
-10.3,-111.3,3225,12848,263,22,24,23,11,-999,-999,-999,-999,-999,TT154-10 (core 5),Broecker et al. (1988b),3,-999,T. sacculifer,11640,130,ETH,110.8306855,18.12309385,0,0,2,204.9,3,10989,20,-999,-999,2,28.1,139,0,0,2.9,-233.2,5,2133,40,1,11,-999,-999,-999,-999
-10.3,-111.3,3225,14228,414,26,28,27,11,16220,300,ETH,-257.7812629,64.97084568,TT154-10 (core 5),Broecker et al. (1988a),3,-999,mean planktic,12780,160,ETH,138.9676152,22.91320676,0,0,2,207,3.4,12316,22,-234,65,2,28.1,140,1,0,1,-233.2,5,2133,40,1,11,3904,301,3658,301
-10.3,-111.3,3225,18169,463.5,30,32,31,11,17500,380,ETH,19.447335,105.5692261,TT154-10 (core 5),Broecker et al. (1988a),3,-999,mean planktic,16040,225,ETH,222.6381378,34.72954259,0,0,2,431.3,8.4,14776,47,43,106,2,28.1,141,0,0,4,-233.2,5,2133,40,1,11,2724,383,2478,383
-10.3,-111.3,3225,19176,389.25,34,36,35,11,19170,420,ETH,-64.6384942,93.0990889,TT154-10 (core 5),Broecker et al. (1988a),3,-999,mean planktic,16560,240,ETH,294.452156,39.25755845,0,0,2,401.6,6.4,15925,37,-41,93,2,28.1,142,0,0,2.6,-233.2,5,2133,40,1,11,3245,422,2999,422
-10.3,-111.3,3225,19934,498.5,36,38,37,11,20180,610,ETH,-95.94374733,123.5470401,TT154-10 (core 5),Broecker et al. (1988a),3,-999,mean planktic,17390,370,ETH,279.4798421,60.31114828,0,0,2,424.5,7.4,16534,42,-72,124,2,28.1,143,0,0,1.3,-233.2,5,2133,40,1,11,3646,611,3400,611
-10.3,-111.3,3225,22971,452.75,40,42,41,11,21980,640,ETH,43.33763332,140.6863746,TT154-10 (core 5),Broecker et al. (1988a),3,-999,mean planktic,20110,220,ETH,316.8132058,36.56197752,0,0,2,503,15.7,19057,84,67,141,2,28.1,144,0,0,1.3,-233.2,5,2133,40,1,11,2923,645,2677,645
1,160.5,3120,4665,226,3,8,5.5,12,6150,180,ETH,-182.3330451,40.69176437,VM28-238TW,Broecker et al. (1988b),3,-999,mean planktic,4640,160,-999,-13.2371738,19.85122348,0,0,2,48.3,2.2,4159,17,-150,41,2,28.1,145,0,0,-999,-241.7,5,2223,40,1,12,1991,181,1655,181
1,160.5,3120,7672,106.5,10,12,11,13,9530,80,ETH,-227.6590525,17.6429324,VM28-238,Broecker et al. (1988b),3,-999,P. obliquiloculata,6390,160,ETH,141.7456967,22.96909488,0,0,2,77.5,3.2,6863,24,-195,18,2,28.1,146,1,0,2.8,-241.7,5,2223,40,1,13,2667,84,2331,84
1,160.5,3120,8731,207.75,13,14,13.5,13,12080,120,ETH,-360.8844867,25.61519797,VM28-238,Broecker et al. (1988b),3,-999,P. obliquiloculata,8620,100,ETH,-16.80401312,12.31596155,0,0,2,71.9,2.9,7935,22,-329,26,2,28.1,147,1,0,2.8,-241.7,5,2223,40,1,13,4145,122,3809,122
1,160.5,3120,10549,546,18,20,19,13,11660,220,ETH,-160.94184,78.50962445,VM28-238,Broecker et al. (1988b),3,-999,P. obliquiloculata,9300,220,ETH,125.5962212,31.25274227,0,0,2,123.7,3.1,9314,22,-129,79,2,28.1,148,0,0,3.3,-241.7,5,2223,40,1,13,2346,221,2010,221
1,160.5,3120,14230,794.75,30,31,30.5,13,16140,390,ETH,-250.1712562,108.8678581,VM28-238,Broecker et al. (1988b),3,-999,P. obliquiloculata,12680,460,ETH,153.5138742,67.9824633,0,0,2,207,3.4,12316,22,-218,109,2,28.1,149,1,0,1.8,-241.7,5,2223,40,1,13,3824,391,3488,391
1,160.5,3120,16445,1050.75,34,35,34.5,13,-999,-999,-999,-999,-999,VM28-238,Broecker et al. (1988b),3,-999,-999,-999,-999,-999,-999,-999,0,0,2,341,6.1,13627,37,-999,-999,2,28.1,150,0,0,1.4,-241.7,5,2223,40,1,13,-999,-999,-999,-999
1,160.5,3120,21301,721.25,41,43,42,13,20650,220,ETH,6.00182893,115.572216,VM28-238,Broecker et al. (1988b),3,-999,P. obliquiloculata,19620,190,ETH,143.6272137,27.37199798,0,0,2,475.5,7.4,17582,40,38,116,2,28.1,151,1,0,2.4,-241.7,5,2223,40,1,13,3068,224,2732,224
1,160.5,3120,22963,583,45,47,46,13,22110,350,ETH,25.59598279,117.2659304,VM28-238,Broecker et al. (1988b),3,-999,mean planktic,20000,433.2435804,-999,333.6778024,73.90423457,0,0,2,505.8,16.4,19032,88,58,117,2,28.1,152,0,0,2.8,-241.7,5,2223,40,1,13,3078,361,2742,361
1,160.5,3120,24720,840.75,50,51,50.5,13,22440,690,ETH,217.4093292,229.7220403,VM28-238,Broecker et al. (1988b),3,-999,mean planktic,21540,1485.025252,-999,361.7395239,276.5103634,0,0,2,540.1,10.4,20552,54,250,230,2,28.1,153,0,0,2.8,-241.7,5,2223,40,1,13,1888,692,1552,692
4.9,-43.2,3995,15468,275.5,17,20,18.5,14,15040,140,ETH,-1.22252352,50.71309648,KNR110 50GGC,Broecker et al. (1990a),3,-999,mean planktic,13580,140,-999,197.8484734,21.0592119,0,0,2,300.4,6.8,12922,42,-5,51,1,28.1,154,0,0,4.1,-999,5,985,40,1,14,2118,146,2155,146
4.9,-43.2,3995,16205,422,20,23,21.5,14,14760,140,ETH,130.6385682,77.48035489,KNR110 50GGC,Broecker et al. (1990a),3,-999,mean planktic,13850,130,-999,266.2569771,20.65885858,0,0,2,332.7,5.9,13444,36,127,77,1,28.1,155,0,0,0.8,-999,5,985,40,1,14,1316,145,1353,145
4.9,-43.2,3995,18683,605,22,27,24.5,14,17110,190,ETH,138.8116389,110.4492124,KNR110 50GGC,Broecker et al. (1990a),3,-999,mean planktic,16900,170,-999,168.9751915,25.0023008,0,0,2,420.5,7.3,15341,41,135,110,1,28.1,156,0,0,3.5,-999,5,985,40,2,14,1769,194,1806,194
4.9,-43.2,3995,20104,329.5,27,32,29.5,14,18360,200,ETH,157.5033608,75.00601667,KNR110 50GGC,Broecker et al. (1990a),3,-999,mean planktic,17350,170,-999,312.5827599,28.07381134,0,0,2,436.4,7.9,16632,44,153,75,1,28.1,157,0,0,3.7,-999,5,985,40,2,14,1728,205,1765,205
4.9,-43.2,3995,21194,311.25,31,36,33.5,14,19110,190,ETH,202.9177486,73.78760927,KNR110 50GGC,Broecker et al. (1990a),3,-999,mean planktic,18210,190,-999,345.5298912,32.20441156,0,0,2,459.5,6.8,17563,37,199,74,1,28.1,158,0,0,3.1,-999,5,985,40,2,14,1547,194,1584,194
4.9,-43.2,3995,22492,303.25,35,40,37.5,14,20360,220,ETH,204.6050384,77.23067213,KNR110 50GGC,Broecker et al. (1990a),3,-999,mean planktic,19470,180,-999,345.7409091,30.4951673,0,0,2,490.4,10.9,18658,59,201,77,1,28.1,159,0,0,3.1,-999,5,985,40,2,14,1702,228,1739,228
4.6,-43.4,3547,18939,201.5,45,50,47.5,15,17030,150,ETH,186.3848113,51.08607052,KNR110 66GGC,Broecker et al. (1990a),3,-999,mean planktic,16450,150,-999,275.2125562,24.03572169,0,0,2,399.1,6.1,15706,35,175,51,1,28.1,160,0,0,7,-999,5,917,40,1,15,1324,154,1429,154
4.6,-43.4,3547,19514,263.75,49,53,51,15,17690,150,ETH,171.5214292,59.27722127,KNR110 66GGC,Broecker et al. (1990a),3,-999,mean planktic,16800,150,-999,308.781105,24.66843527,0,0,2,417.7,7.6,16164,43,160,59,1,28.1,161,0,0,3,-999,5,917,40,2,15,1526,156,1631,156
4.6,-43.4,3547,20857,294.25,53,58,55.5,15,18630,180,ETH,225.9782469,71.14770716,KNR110 66GGC,Broecker et al. (1990a),3,-999,mean planktic,18130,160,-999,304.7120183,26.24757354,0,0,2,453.3,8.8,17267,48,214,71,1,28.1,162,0,0,3.7,-999,5,917,40,2,15,1363,186,1468,186
4.6,-43.4,3547,21664,311,56,61,58.5,15,19540,220,ETH,206.9221206,78.51302792,KNR110 66GGC,Broecker et al. (1990a),3,-999,mean planktic,18860,190,-999,313.5379636,31.4387049,0,0,2,500.7,8.6,17796,46,195,79,1,28.1,163,0,0,3.7,-999,5,917,40,2,15,1744,225,1849,225
4.3,-43.5,2816,14348,408.25,20,23,21.5,16,13160,210,ETH,102.2272745,83.32515639,KNR110 82GGC,Broecker et al. (1988a),3,-999,mean planktic,12360,190,-999,217.6492093,29.14366788,0,0,2,160,3.8,12393,25,96,83,1,28,164,0,0,2.7,-999,5,847,40,1,16,767,211,819,211
4.3,-43.5,2816,16198,350.5,25,28,26.5,16,14930,200,ETH,106.0256935,74.48594828,KNR110 82GGC,Broecker et al. (1988b),3,-999,mean planktic,13960,125,-999,247.9784876,19.571437,0,0,2,160,5.8,13437,35,100,74,1,28,165,0,0,3.3,-999,5,847,40,1,16,1493,203,1545,203
4.3,-43.5,2816,17703,309,30,33,31.5,16,16350,280,ETH,111.8790528,80.3850478,KNR110 82GGC,Broecker et al. (1988b),3,-999,mean planktic,15240,150,-999,276.6397514,24.06262205,0,0,2,250,7.1,14463,41,106,80,1,28,166,0,0,5,-999,5,847,40,1,16,1887,283,1939,283
4.3,-43.5,2816,18697,348,35,38,36.5,16,16130,240,ETH,288.7535876,92.83405828,KNR110 82GGC,Broecker et al. (1988b),3,-999,mean planktic,15870,290,-999,331.1484001,48.93386726,0,0,2,320,6.9,15356,39,283,93,1,28,167,0,0,4.4,-999,5,847,40,2,16,774,243,826,243
4.3,-43.5,2816,19827,315.75,40,43,41.5,16,17870,370,ETH,189.7665111,100.3612612,KNR110 82GGC,Broecker et al. (1988b),3,-999,mean planktic,17120,160,-999,306.1997259,26.27750253,0,0,2,250,7.4,16387,42,184,100,1,28,168,0,0,6.1,-999,5,847,40,2,16,1483,372,1535,372
4.3,-43.5,2816,20647,354.75,45,48,46.5,16,17900,640,ETH,308.9326482,160.8549463,KNR110 82GGC,Broecker et al. (1988b),3,-999,mean planktic,17620,200,-999,355.3615575,34.16842724,0,0,2,360,7.3,17126,41,303,161,1,28,169,0,0,6.1,-999,5,847,40,2,16,774,641,826,641
11.9,-78.7,2000,2552,224.5,1,3,2,17,3280,140,ETH,-94.81729148,40.37028347,VM28-122,Broecker et al. (1988b),3,-999,G. sacculifer + G. ruber (average),2930,120,-999,-54.50643343,14.23016459,0,0,2,-1.3,1.6,2498,13,-119,40,1,27.8,170,0,1.1,6.5,-999,5,688,40,1,17,782,141,993,141
11.9,-78.7,2000,9748,298,48,49,48.5,17,10120,200,ETH,-77.49022707,56.25645937,VM28-122,Broecker et al. (1988b),3,-999,G. sacculifer + G. ruber (average),9230,150,-999,30.594345,19.42505877,0,0,2,91,2.7,8774,20,-101,56,1,27.8,171,0,1.1,7.8,-999,5,688,40,1,17,1346,201,1557,201
11.9,-78.7,2000,13101,424.125,74,75,74.5,17,12620,210,ETH,13.80942339,78.59352659,VM28-122,Broecker et al. (1988b),3,-999,G. sacculifer + G. ruber (average),12040,220,-999,89.71599604,30.25650986,0,0,2,209.2,3.1,11213,20,-10,79,1,27.8,172,0,1.1,13.8,-999,5,688,40,1,17,1407,211,1618,211
11.9,-78.7,2000,14840,529.25,98,104,101,17,15200,300,ETH,-92.53999839,92.14278183,VM28-122,Broecker et al. (1988b),3,-999,G. sacculifer + G. ruber (average),12040,220,-999,344.8352696,37.34002414,0,0,2,273.6,5.9,12477,37,-116,92,1,27.8,173,0,1.1,5.5,-999,5,688,40,1,17,2723,302,2934,302
11.9,-78.7,2000,16295,287,106,114,110,17,16750,130,ETH,-107.794584,45.43249806,VM28-122,Broecker et al. (1990a),3,-999,G. sacculifer + G. ruber (average),14140,110,-999,234.7281956,17.02406174,0,0,2,335.3,6,13516,36,-132,45,1,27.8,174,0,1.1,2.9,-999,5,688,40,2,17,3234,135,3445,135
11.9,-78.7,2000,19400,311.25,115,123,119,17,17300,150,ETH,212.9594947,68.35323739,VM28-122,Broecker et al. (1990a),3,-999,G. sacculifer + G. ruber (average),17045,150,-999,252.0814075,23.59973645,0,0,2,420.4,6.4,16032,36,189,68,1,27.8,175,0,1.1,17.1,-999,5,688,40,1,17,1268,154,1479,154
11.9,-78.7,2000,19868.5,274.125,123,124,123.5,17,16550,270,ETH,409.3085706,94.16988989,VM28-122,Broecker et al. (1988b),3,-999,G. sacculifer + G. ruber (average),15860,260,-999,535.7131853,50.51879049,0,0,2,428.5,7.8,16443,44,386,94,1,27.8,176,0,1.1,17.1,-999,5,688,40,1,17,107,274,318,274
11.9,-78.7,2000,19914,272.75,123,125,124,17,17610,180,ETH,241.9060495,68.83703077,VM28-122,Broecker et al. (1990a),3,-999,G. sacculifer + G. ruber (average),17390,160,-999,276.3881924,25.67776833,0,0,2,424.5,7.5,16514,43,218,69,1,27.8,177,0,1.1,5,-999,5,688,40,2,17,1096,185,1307,185
11.9,-78.7,2000,20711,398.5,127,139,133,17,18370,200,ETH,244.1405923,91.0289438,VM28-122,Broecker et al. (1990a),3,-999,-999,-999,-999,-999,-999,-999,0,0,2,452.5,7.6,17135,42,220,91,1,27.8,178,0,1.1,5,-999,5,688,40,1,17,1235,204,1446,204
11.9,-78.7,2000,20711,398.5,127,139,133,17,17980,170,ETH,306.0335721,90.66752411,VM28-122,Broecker et al. (1990a),3,-999,-999,-999,-999,-999,-999,-999,0,0,2,452.5,7.6,17135,42,282,91,1,27.8,179,0,1.1,5,-999,5,688,40,1,17,845,175,1056,175
11.9,-78.7,2000,20711,398.5,127,139,133,17,18730,190,ETH,189.6151681,85.55472818,VM28-122,Broecker et al. (1990a),3,-999,-999,-999,-999,-999,-999,-999,0,0,2,452.5,7.6,17135,42,166,86,1,27.8,180,0,1.1,19.6,-999,5,688,40,1,17,1595,195,1806,195
11.9,-78.7,2000,20813,407.75,129,139,134,17,18530,420,ETH,234.7461192,125.6747524,VM28-122,Broecker et al. (1988b),3,-999,G. sacculifer,17910,400,-999,333.8199966,68.09842617,0,0,2,456.5,7.9,17210,43,211,126,1,27.8,181,0,1.1,19.6,-999,5,688,40,2,17,1320,422,1531,422
18.9,115.8,2695,1400.5,143.625,8,13,10.5,18,3970,80,ETH,-277.3302124,19.75462241,50-37KL,Broecker et al. (1990b),3,-999,G. sacculifer,2040,70,-999,-81.06873674,8.042608103,0,0,2,-24,1.5,1566,13,-1051,999,0,28.19,182,0,1.1,6.8,-225,5,2048,40,1,18,2404,81,-643,81
18.9,115.8,2695,6103.5,200.625,40,45,42.5,18,8270,100,ETH,-252.6386352,27.4469017,50-37KL,Broecker et al. (1990b),3,-999,G. sacculifer,5960,80,-999,-3.63603027,9.972282684,0,0,2,83.1,2.8,5296,21,-1027,999,0,28.19,183,0,1.1,7.3,-225,5,2048,40,1,18,2974,102,-73,102
18.9,115.8,2695,8829,240.5,60,65,62.5,18,10030,120,ETH,-165.2461576,36.76604498,50-37KL,Broecker et al. (1990b),3,-999,G. sacculifer,8500,110,-999,9.894568178,13.92412318,0,0,2,78.1,3,7976,22,-939,1000,0,28.19,184,0,1.1,7.3,-225,5,2048,40,1,18,2054,122,-993,122
18.9,115.8,2695,11567.5,248.375,80,85,82.5,18,11890,110,ETH,-77.72005209,40.35123438,50-37KL,Broecker et al. (1990b),3,-999,G. sacculifer,10560,100,-999,88.34758138,13.6331384,0,0,2,163.3,3.3,10027,23,-852,1000,0,28.19,185,0,1.1,9.7,-225,5,2048,40,1,18,1863,112,-1184,112
18.9,115.8,2695,15700,360.125,120,125,122.5,18,-999,-999,ETH,-999,-999,50-37KL,Broecker et al. (1990b),3,-999,G. sacculifer,13940,120,-999,177.9495479,17.72874669,0,0,2,308.4,6.2,13096,38,-999,-999,0,28.19,186,0,1.1,22.9,-225,5,2048,40,1,18,-999,-999,-999,-999
18.9,115.8,2695,17226,280.125,155,160,157.5,18,13710,120,ETH,457.8991778,71.20744125,50-37KL,Broecker et al. (1990b),3,-999,G. sacculifer,12730,140,-999,647.0622452,28.95677843,0,0,2,381.1,8.5,14149,50,-316,1002,0,28.19,187,0,1.1,19.3,-225,5,2048,40,1,18,-439,130,-3486,130
18.9,115.8,2695,17485,234,160,165,162.5,18,17100,220,ETH,-13.59015845,54.96387378,50-37KL,Broecker et al. (1990b),3,-999,G. sacculifer,15140,150,-999,258.990459,23.72996105,0,0,2,375.3,7,14435,41,-788,1001,0,28.19,188,0,1.1,18.2,-225,5,2048,40,1,18,2665,224,-382,224
18.9,115.8,2695,18308.5,179,175,180,177.5,18,17430,140,ETH,45.86994896,40.88348548,50-37KL,Broecker et al. (1990b),3,-999,G. sacculifer,15910,110,-999,263.7310495,17.42394439,0,0,2,387.9,9.4,15159,54,-728,1000,0,28.19,189,0,1.1,22.6,-225,5,2048,40,2,18,2271,150,-776,150
18.9,115.8,2695,18750.5,229.625,185,190,187.5,18,17590,140,ETH,81.55170437,48.9073393,50-37KL,Broecker et al. (1990b),3,-999,G. sacculifer,16000,120,-999,318.2832178,19.84084062,0,0,2,417.9,6,15424,34,-692,1000,0,28.19,190,0,1.1,9.3,-225,5,2048,40,1,18,2166,144,-881,144
18.9,115.8,2695,19824.5,264.125,195,200,197.5,18,18940,160,ETH,41.0753026,54.02182858,50-37KL,Broecker et al. (1990b),3,-999,G. sacculifer,17460,160,-999,251.6893686,25.18088919,0,0,2,431.5,7.4,16387,42,-733,1000,0,28.19,191,0,1.1,15.2,-225,5,2048,40,2,18,2553,165,-494,165
18.9,115.8,2695,20481.5,277.875,205,210,207.5,18,19445,190,ETH,58.50871684,60.64862534,50-37KL,Broecker et al. (1990b),3,-999,G. sacculifer,17660,180,-999,321.8991294,29.95490056,0,0,2,443.7,8.1,16960,45,-715,1001,0,28.19,192,0,1.1,15.2,-225,5,2048,40,2,18,2485,195,-562,195
-1,146,1900,21639.5,200.75,207,210,208.5,19,20590,140,ETH,55.90583393,44.05608741,MD97-2138,Broecker et al. (2004),3,-999,Average of multiple species (G. sacc/P. obliq/N. duter/G. tumida),18636,150,-999,346.6844607,25.38285304,0,0,2,495.9,8.6,17792,46,54,52,2,27.87,193,0,0,11.5,-211,5,1904,40,2,19,2798,147,2816,147
-1,146,1900,21987,219.5,211,215,213,19,20590,150,ETH,101.2364613,49.81965125,MD97-2138,Broecker et al. (2004),3,-999,Average of multiple species (G. sacc/P. obliq/N. duter/G. tumida),18950,200,-999,350.657422,34.04983681,0,0,2,516.5,9.3,18023,49,100,57,2,27.87,194,0,0,11.5,-211,5,1904,40,1,19,2567,158,2585,158
6,126,2100,19316,162.25,1270,1276,1273,20,17690,130,ETH,143.7960782,40.9674843,MD98-2181,Broecker et al. (2004),3,-999,Average of multiple species (G. sacc/P. obliq/N. duter/G. tumida),16520,150,-999,323.1322216,24.93893091,0,0,2,414,6.4,15991,36,155,41,2,27.94,195,0,0,35.1,-224.2,5,2039,40,2,20,1699,135,1581,135
6,126,2100,19088,158,1262,1268,1265,20,18050,130,ETH,63.91760939,37.55916997,MD98-2181,Broecker et al. (2004),3,-999,P. obliquiloculata + N. dutertrei (average),16725,150,-999,254.7075991,23.64923597,0,0,2,404.2,6.3,15823,36,75,38,2,27.94,196,0,0,34.3,-224.2,5,2039,40,2,20,2227,135,2109,135
6,126,2100,19583,165.25,1279,1285,1282,20,18350,120,ETH,88.16046422,38.01444454,MD98-2181,Broecker et al. (2004),3,-999,P. obliquiloculata + N. dutertrei (average),17025,150,-999,283.2978714,24.18811698,0,0,2,407.1,8.9,16292,51,100,38,2,27.94,197,0,0,34.3,-224.2,5,2039,40,2,20,2058,130,1940,130
1,130,2800,978,156.125,0,5,2.5,21,2790,35,NOSAMS/ETH,-204.6839011,18.48668302,MD01-2386,Broecker et al. (2008),3,-999,Average of multiple species,1597,88,-999,-77.34809345,10.1630431,0,0,2,-20.5,1.3,1119,10,-198,19,2,27.94,198,0,0,23.5,-219.6,5,1992,40,1,21,1671,36,1601,36
1,130,2800,5156,183.375,98,103,100.5,21,6800,60,NOSAMS/ETH,-199.744018,23.73167094,MD01-2386,Broecker et al. (2008),3,-999,Average of multiple species,5043,90,-999,-4.092459407,11.22067298,0,0,2,63.7,1.9,4518,15,-193,24,2,27.94,199,0,0,20.1,-219.6,5,1992,40,1,21,2282,62,2212,62
1,130,2800,10124.5,217.5,198,203,200.5,21,10750,110,NOSAMS/ETH,-107.3326549,35.71884044,MD01-2386,Broecker et al. (2008),3,-999,Average of multiple species,9473,91,-999,46.47562467,11.92216058,0,0,2,124.7,2.9,8899,21,-100,36,2,27.94,200,0,0,25.8,-219.6,5,1992,40,1,21,1851,112,1781,112
1,130,2800,11093.5,231.25,223,228,225.5,21,11550,70,NOSAMS/ETH,-91.46099659,33.33879058,MD01-2386,Broecker et al. (2008),3,-999,Average of multiple species,10166,91,-999,79.36385689,12.29684565,0,0,2,153.7,3.1,9637,22,-85,33,2,27.94,201,0,0,18.6,-219.6,5,1992,40,1,21,1913,73,1843,73
1,130,2800,12436,155.5,248,253,250.5,21,12550,55,NOSAMS/ETH,-56.36072346,24.21312082,MD01-2386,Broecker et al. (2008),3,-999,Average of multiple species,11120,72,-999,127.5017868,10.15125456,0,0,2,237.6,3.2,10375,21,-49,24,2,27.94,202,0,0,44.8,-219.6,5,1992,40,1,21,2175,59,2105,59
1,130,2800,12993.5,150,273,278,275.5,21,12900,70,NOSAMS/ETH,-33.56842921,25.96000796,MD01-2386,Broecker et al. (2008),3,-999,Average of multiple species,11662,93,-999,127.4624575,13.1287586,0,0,2,216.6,3,11057,20,-27,26,2,27.94,203,0,0,24.7,-219.6,5,1992,40,1,21,1843,73,1773,73
1,130,2800,14005,202.625,298,303,300.5,21,14100,210,NOSAMS/ETH,-59.34104975,47.66688213,MD01-2386,Broecker et al. (2008),3,-999,Average of multiple species,12644,94,-999,127.5844567,13.27219163,0,0,2,215.5,5.7,12046,38,-52,48,2,27.94,204,0,0,52.2,-219.6,5,1992,40,1,21,2054,213,1984,213
1,130,2800,14483.5,229.25,323,328,325.5,21,14200,75,NOSAMS/ETH,-15.61929075,36.49661617,MD01-2386,Broecker et al. (2008),3,-999,Average of multiple species,12761,122,-999,177.4999526,18.01959507,0,0,2,229.9,4.2,12417,27,-9,37,2,27.94,205,0,0,27.3,-219.6,5,1992,40,1,21,1783,80,1713,80
1,130,2800,15398.5,231.75,348,353,350.5,21,15100,85,NOSAMS/ETH,-16.95401541,37.96925921,MD01-2386,Broecker et al. (2008),3,-999,Average of multiple species,13480,126,-999,202.6996507,19.01342843,0,0,2,292.6,6.3,12902,39,-10,38,2,27.94,206,0,0,29.3,-219.6,5,1992,40,1,21,2198,94,2128,94
1,130,2800,16250.5,198.375,373,378,375.5,21,15350,250,NOSAMS/ETH,56.37090254,58.25414728,MD01-2386,Broecker et al. (2008),3,-999,Average of multiple species,14250,117,-999,211.3973156,17.77302176,0,0,2,334.5,5.6,13482,34,63,58,2,27.94,207,0,0,63.6,-219.6,5,1992,40,1,21,1868,252,1798,252
1,130,2800,16643.5,174.375,398,403,400.5,21,16000,95,NOSAMS/ETH,21.6934975,33.63932198,MD01-2386,Broecker et al. (2008),3,-999,Average of multiple species,14362,102,-999,252.7866851,16.00883413,0,0,2,351.1,6.7,13762,40,29,34,2,27.94,208,0,0,44.6,-219.6,5,1992,40,1,21,2238,103,2168,103
1,130,2800,17204.5,175.75,423,428,425.5,21,16450,90,NOSAMS/ETH,33.86353248,33.56821516,MD01-2386,Broecker et al. (2008),3,-999,Average of multiple species,15001,117,-999,238.23096,18.16671171,0,0,2,377.2,9.1,14152,53,41,34,2,27.94,209,0,0,66.7,-219.6,5,1992,40,1,21,2298,104,2228,104
1,130,2800,17579.5,197.125,448,453,450.5,21,16900,80,NOSAMS/ETH,22.9032824,34.58452604,MD01-2386,Broecker et al. (2008),3,-999,Average of multiple species,15098,114,-999,280.1401961,18.29657919,0,0,2,385.3,6.6,14464,38,30,35,2,27.94,210,0,0,38.9,-219.6,5,1992,40,1,21,2436,89,2366,89
1,130,2800,18222.5,204.625,473,478,475.5,21,17550,90,NOSAMS/ETH,19.69936189,36.67201757,MD01-2386,Broecker et al. (2008),3,-999,Average of multiple species,15760,147,-999,274.2256534,23.5323696,0,0,2,416.6,11.6,14917,66,27,37,2,27.94,211,0,0,41.7,-219.6,5,1992,40,2,21,2633,112,2563,112
1,130,2800,18821.5,182.875,498,503,500.5,21,17850,60,NOSAMS/ETH,56.13777806,31.25596636,MD01-2386,Broecker et al. (2008),3,-999,Average of multiple species,16338,105,-999,274.8674675,16.77328058,0,0,2,410.3,6.4,15536,37,63,31,2,27.94,212,0,0,44.4,-219.6,5,1992,40,2,21,2314,70,2244,70
1,130,2800,19384,207,523,528,525.5,21,18550,65,NOSAMS/ETH,36.15807516,34.33516641,MD01-2386,Broecker et al. (2008),3,-999,Average of multiple species,16849,111,-999,280.5263948,17.81712974,0,0,2,420,6.4,16024,36,43,34,2,27.94,213,0,0,44.4,-219.6,5,1992,40,2,21,2526,74,2456,74
18.3,57.7,596,8890,520,-999,-999,-999,22,9115,20,KCCAMS,-57.60853344,61.66729855,RC27-14,Bryan et al. (2010),4,-999,-999,-999,-999,-999,-999,-999,0,0,2,87.3,3,7966,22,-120,63,2,27.19,214,0,0,0,-106.7,3.2,906,26,1,22,1149,30,1728,30
18.3,57.7,596,9480,540,-999,-999,-999,22,10540,25,KCCAMS,-152.4112148,58.04756916,RC27-14,Bryan et al. (2010),4,-999,-999,-999,-999,-999,-999,-999,0,0,2,99.2,3,8452,22,-215,60,2,27.19,215,0,0,0,-106.7,3.2,906,26,1,22,2088,33,2667,33
18.3,57.7,596,9510,540,-999,-999,-999,22,11045,25,KCCAMS,-201.1614967,54.70888016,RC27-14,Bryan et al. (2010),4,-999,-999,-999,-999,-999,-999,-999,0,0,2,98.4,3.1,8487,23,-263,57,2,27.19,216,0,0,0,-106.7,3.2,906,26,1,22,2558,34,3137,34
18.3,57.7,596,10190,240,-999,-999,-999,22,10105,25,KCCAMS,-25.00645225,31.34485802,RC27-14,Bryan et al. (2010),4,-999,-999,-999,-999,-999,-999,-999,0,0,2,120.8,3.2,8986,23,-87,35,2,27.19,217,0,0,0,-106.7,3.2,906,26,1,22,1119,34,1698,34
18.3,57.7,596,10850,210,-999,-999,-999,22,13130,30,KCCAMS,-275.3457085,21.1170921,RC27-14,Bryan et al. (2010),4,-999,-999,-999,-999,-999,-999,-999,0,0,2,127.2,3,9581,21,-337,26,2,27.19,218,0,0,0,-106.7,3.2,906,26,1,22,3549,37,4128,37
18.3,57.7,596,11440,190,-999,-999,-999,22,11425,25,KCCAMS,-37.71346212,25.11381976,RC27-14,Bryan et al. (2010),4,-999,-999,-999,-999,-999,-999,-999,0,0,2,146,3.1,10021,22,-100,29,2,27.19,219,0,0,0,-106.7,3.2,906,26,1,22,1404,33,1983,33
18.3,57.7,596,12270,210,-999,-999,-999,22,11975,30,KCCAMS,-6.490256767,28.95178708,RC27-14,Bryan et al. (2010),4,-999,-999,-999,-999,-999,-999,-999,0,0,2,209.9,2.7,10392,18,-69,32,2,27.19,220,0,0,0,-106.7,3.2,906,26,1,22,1583,35,2162,35
18.3,57.7,596,12980,240,-999,-999,-999,22,12980,25,KCCAMS,-44.70654408,30.711524,RC27-14,Bryan et al. (2010),4,-999,-999,-999,-999,-999,-999,-999,0,0,2,215.2,3,11047,20,-107,34,2,27.19,221,0,0,0,-106.7,3.2,906,26,1,22,1933,32,2512,32
18.3,57.7,596,13140,250,-999,-999,-999,22,12980,40,KCCAMS,-26.03766227,34.31021717,RC27-14,Bryan et al. (2010),4,-999,-999,-999,-999,-999,-999,-999,0,0,2,209.5,3.4,11240,23,-88,37,2,27.19,222,0,0,0,-106.7,3.2,906,26,1,22,1740,46,2319,46
18.3,57.7,596,13770,220,-999,-999,-999,22,12725,25,KCCAMS,84.98701223,32.25489494,RC27-14,Bryan et al. (2010),4,-999,-999,-999,-999,-999,-999,-999,0,0,2,204,3.5,11889,23,23,35,2,27.19,223,0,0,0,-106.7,3.2,906,26,1,22,836,34,1415,34
18.3,57.7,596,13890,210,-999,-999,-999,22,13450,30,KCCAMS,5.847885287,29.31133188,RC27-14,Bryan et al. (2010),4,-999,-999,-999,-999,-999,-999,-999,0,0,2,195.2,4.4,12065,29,-56,33,2,27.19,224,0,0,0,-106.7,3.2,906,26,1,22,1385,42,1964,42
18.3,57.7,596,14630,200,-999,-999,-999,22,14435,35,KCCAMS,-26.90719724,27.78518458,RC27-14,Bryan et al. (2010),4,-999,-999,-999,-999,-999,-999,-999,0,0,2,241.8,4.3,12476,28,-89,31,2,27.19,225,0,0,0,-106.7,3.2,906,26,1,22,1959,45,2538,45
18.3,57.7,596,15010,200,-999,-999,-999,22,14950,30,KCCAMS,-44.40441045,26.69054739,RC27-14,Bryan et al. (2010),4,-999,-999,-999,-999,-999,-999,-999,0,0,2,279.8,5.9,12604,37,-107,30,2,27.19,226,0,0,0,-106.7,3.2,906,26,1,22,2346,48,2925,48
18.3,57.7,596,15320,200,-999,-999,-999,22,15180,30,KCCAMS,-35.89385778,26.92825392,RC27-14,Bryan et al. (2010),4,-999,-999,-999,-999,-999,-999,-999,0,0,2,287.5,6.9,12856,43,-98,31,2,27.19,227,0,0,0,-106.7,3.2,906,26,1,22,2324,52,2903,52
18.3,57.7,596,16000,240,-999,-999,-999,22,15535,35,KCCAMS,1.50929615,33.4447203,RC27-14,Bryan et al. (2010),4,-999,-999,-999,-999,-999,-999,-999,0,0,2,321.4,5.9,13309,36,-61,36,2,27.19,228,0,0,0,-106.7,3.2,906,26,1,22,2226,50,2805,50
18.3,57.7,596,16620,280,-999,-999,-999,22,16060,35,KCCAMS,11.21211515,38.66464567,RC27-14,Bryan et al. (2010),4,-999,-999,-999,-999,-999,-999,-999,0,0,2,349.7,7.1,13741,43,-51,41,2,27.19,229,0,0,0,-106.7,3.2,906,26,1,22,2319,55,2898,55
18.3,57.7,596,17370,340,-999,-999,-999,22,15900,35,KCCAMS,129.5165536,51.39310037,RC27-14,Bryan et al. (2010),4,-999,-999,-999,-999,-999,-999,-999,0,0,2,381.9,11.5,14280,67,67,53,2,27.19,230,0,0,0,-106.7,3.2,906,26,1,22,1620,76,2199,76
18.3,57.7,596,18060,400,-999,-999,-999,22,16220,40,KCCAMS,179.8866932,62.99407686,RC27-14,Bryan et al. (2010),4,-999,-999,-999,-999,-999,-999,-999,0,0,2,424.3,6.8,14708,38,118,65,2,27.19,231,0,0,0,-106.7,3.2,906,26,1,22,1512,55,2091,55
18.3,57.7,596,18470,370,-999,-999,-999,22,17470,45,KCCAMS,61.20501495,53.46291327,RC27-14,Bryan et al. (2010),4,-999,-999,-999,-999,-999,-999,-999,0,0,2,409.6,7.9,15190,45,-1,55,2,27.19,232,0,0,0,-106.7,3.2,906,26,1,22,2280,64,2859,64
18.3,57.7,596,18740,350,-999,-999,-999,22,17190,45,KCCAMS,135.3276191,54.44720016,RC27-14,Bryan et al. (2010),4,-999,-999,-999,-999,-999,-999,-999,0,0,2,418.4,6,15402,34,73,56,2,27.19,233,0,0,0,-106.7,3.2,906,26,1,22,1788,56,2367,56
18.3,57.7,596,21000,290,-999,-999,-999,22,18530,45,KCCAMS,262.9944299,51.39420469,RC27-14,Bryan et al. (2010),4,-999,-999,-999,-999,-999,-999,-999,0,0,2,442.5,8.3,17462,46,201,53,2,27.19,234,0,0,0,-106.7,3.2,906,26,2,22,1068,64,1647,64
18.3,57.7,596,23610,200,-999,-999,-999,22,21870,70,KCCAMS,142.7225556,37.60993214,RC27-14,Bryan et al. (2010),4,-999,-999,-999,-999,-999,-999,-999,0,0,2,547.2,12.7,19436,66,81,40,2,27.19,235,0,0,0,-106.7,3.2,906,26,2,22,2434,96,3013,96
18,57.6,820,8630,500,-999,-999,-999,23,9505,20,KCCAMS,-130.0630996,54.81714914,RC27-23,Bryan et al. (2010),4,-999,-999,-999,-999,-999,-999,-999,0,0,2,68.4,3,7854,22,-144,57,2,27.19,236,0,0,0,-154.9,4.5,1352,36,1,23,1651,30,1784,30
18,57.6,820,9400,510,-999,-999,-999,23,10525,25,KCCAMS,-159.004875,54.53734729,RC27-23,Bryan et al. (2010),4,-999,-999,-999,-999,-999,-999,-999,0,0,2,107.9,3.2,8311,23,-173,56,2,27.19,237,0,0,0,-154.9,4.5,1352,36,1,23,2214,34,2347,34
18,57.6,820,9780,520,-999,-999,-999,23,10210,20,KCCAMS,-84.23022377,59.92525421,RC27-23,Bryan et al. (2010),4,-999,-999,-999,-999,-999,-999,-999,0,0,2,92,2.7,8796,20,-98,62,2,27.19,238,0,0,0,-154.9,4.5,1352,36,1,23,1414,28,1547,28
18,57.6,820,10170,250,-999,-999,-999,23,11170,30,KCCAMS,-148.1303853,28.94810349,RC27-23,Bryan et al. (2010),4,-999,-999,-999,-999,-999,-999,-999,0,0,2,125,2.9,8936,21,-162,32,2,27.19,239,0,0,0,-154.9,4.5,1352,36,1,23,2234,37,2367,37
18,57.6,820,10560,230,-999,-999,-999,23,10755,25,KCCAMS,-59.63237191,29.09361532,RC27-23,Bryan et al. (2010),4,-999,-999,-999,-999,-999,-999,-999,0,0,2,123.5,3.3,9326,24,-74,33,2,27.19,240,0,0,0,-154.9,4.5,1352,36,1,23,1429,35,1562,35
18,57.6,820,10940,220,-999,-999,-999,23,12835,25,KCCAMS,-240.0103041,22.59325459,RC27-23,Bryan et al. (2010),4,-999,-999,-999,-999,-999,-999,-999,0,0,2,135.6,2.7,9609,19,-254,27,2,27.19,241,0,0,0,-154.9,4.5,1352,36,1,23,3226,31,3359,31
18,57.6,820,11330,210,-999,-999,-999,23,11965,30,KCCAMS,-112.1670186,25.87226911,RC27-23,Bryan et al. (2010),4,-999,-999,-999,-999,-999,-999,-999,0,0,2,140.1,3.1,9956,22,-126,30,2,27.19,242,0,0,0,-154.9,4.5,1352,36,1,23,2009,37,2142,37
18,57.6,820,11730,210,-999,-999,-999,23,12255,25,KCCAMS,-101.1935612,25.63236698,RC27-23,Bryan et al. (2010),4,-999,-999,-999,-999,-999,-999,-999,0,0,2,176.7,3.3,10091,23,-115,29,2,27.19,243,0,0,0,-154.9,4.5,1352,36,1,23,2164,34,2297,34
18,57.6,820,12140,220,-999,-999,-999,23,12420,25,KCCAMS,-74.69611575,27.50777589,RC27-23,Bryan et al. (2010),4,-999,-999,-999,-999,-999,-999,-999,0,0,2,196.6,2.6,10355,18,-89,31,2,27.19,244,0,0,0,-154.9,4.5,1352,36,1,23,2065,31,2198,31
18,57.6,820,12560,230,-999,-999,-999,23,12590,25,KCCAMS,-46.85798993,29.48883623,RC27-23,Bryan et al. (2010),4,-999,-999,-999,-999,-999,-999,-999,0,0,2,240.7,2.6,10472,17,-61,33,2,27.19,245,0,0,0,-154.9,4.5,1352,36,1,23,2118,30,2251,30
18,57.6,820,12980,250,-999,-999,-999,23,13325,30,KCCAMS,-84.86578571,31.09795148,RC27-23,Bryan et al. (2010),4,-999,-999,-999,-999,-999,-999,-999,0,0,2,215.2,3,11047,20,-99,34,2,27.19,246,0,0,0,-154.9,4.5,1352,36,1,23,2278,36,2411,36
18,57.6,820,13390,240,-999,-999,-999,23,13365,30,KCCAMS,-43.11228776,31.35868909,RC27-23,Bryan et al. (2010),4,-999,-999,-999,-999,-999,-999,-999,0,0,2,205.2,3.9,11511,26,-57,35,2,27.19,247,0,0,0,-154.9,4.5,1352,36,1,23,1854,40,1987,40
18,57.6,820,13810,210,-999,-999,-999,23,12930,30,KCCAMS,62.77860094,30.97034526,RC27-23,Bryan et al. (2010),4,-999,-999,-999,-999,-999,-999,-999,0,0,2,191.3,3.4,12013,23,49,34,2,27.19,248,0,0,0,-154.9,4.5,1352,36,1,23,917,38,1050,38
18,57.6,820,14230,200,-999,-999,-999,23,13315,25,KCCAMS,65.84072753,29.1061152,RC27-23,Bryan et al. (2010),4,-999,-999,-999,-999,-999,-999,-999,0,0,2,207,3.4,12316,22,52,33,2,27.19,249,0,0,0,-154.9,4.5,1352,36,1,23,999,33,1132,33
18,57.6,820,14650,200,-999,-999,-999,23,15595,40,KCCAMS,-155.7113987,24.63310809,RC27-23,Bryan et al. (2010),4,-999,-999,-999,-999,-999,-999,-999,0,0,2,244.2,4.2,12480,27,-170,29,2,27.19,250,0,0,0,-154.9,4.5,1352,36,1,23,3115,48,3248,48
18,57.6,820,15600,220,-999,-999,-999,23,16165,50,KCCAMS,-117.7708753,28.97421821,RC27-23,Bryan et al. (2010),4,-999,-999,-999,-999,-999,-999,-999,0,0,2,306.3,6.3,13012,38,-132,32,2,27.19,251,0,0,0,-154.9,4.5,1352,36,1,23,3153,63,3286,63
18,57.6,820,16080,250,-999,-999,-999,23,15890,35,KCCAMS,-32.46871398,33.48107769,RC27-23,Bryan et al. (2010),4,-999,-999,-999,-999,-999,-999,-999,0,0,2,324.4,5.7,13368,34,-46,36,2,27.19,252,0,0,2554.2,-154.9,4.5,1352,36,1,23,2522,49,2655,49
18,57.6,820,16560,280,227,227,227,23,15980,30,KCCAMS,13.94724064,38.13765838,RC27-23,Bryan et al. (2010),4,-999,-999,-999,-999,-999,-999,-999,0,0,2,347.8,6.7,13694,40,0,41,2,27.19,253,0,0,2.6,-154.9,4.5,1352,36,2,23,2286,50,2419,50
18,57.6,820,18470,400,232,232,232,23,16450,35,KCCAMS,204.8815846,63.57753944,RC27-23,Bryan et al. (2010),4,-999,-999,-999,-999,-999,-999,-999,0,0,2,409.6,7.9,15190,45,191,65,2,27.19,254,0,0,0,-154.9,4.5,1352,36,2,23,1260,57,1393,57
18,57.6,820,18940,360,232,232,232,23,17015,35,KCCAMS,188.7459996,56.96706414,RC27-23,Bryan et al. (2010),4,-999,-999,-999,-999,-999,-999,-999,0,0,2,399.1,6.1,15706,35,175,59,2,27.19,255,0,0,10.4,-154.9,4.5,1352,36,2,23,1309,49,1442,49
18,57.6,820,19420,340,237,237,237,23,17440,35,KCCAMS,194.8903036,54.36761162,RC27-23,Bryan et al. (2010),4,-999,-999,-999,-999,-999,-999,-999,0,0,2,420.9,6.5,16048,37,181,56,2,27.19,256,0,0,10.4,-154.9,4.5,1352,36,2,23,1392,51,1525,51
18,57.6,820,19900,320,242,242,242,23,17995,40,KCCAMS,181.7856486,51.64577564,RC27-23,Bryan et al. (2010),4,-999,-999,-999,-999,-999,-999,-999,0,0,2,425.6,7.6,16488,43,168,54,2,27.19,257,0,0,9.7,-154.9,4.5,1352,36,2,23,1507,59,1640,59
18,57.6,820,21970,320,262,262,262,23,18940,60,KCCAMS,349.561803,62.34127861,RC27-23,Bryan et al. (2010),4,-999,-999,-999,-999,-999,-999,-999,0,0,2,516.6,9.2,18003,49,336,64,2,27.19,258,0,0,9.7,-154.9,4.5,1352,36,2,23,937,77,1070,77
-54.5,-62.16666667,334,13392,273,-999,-999,-999,24,12722,70,-999,36.88135752,43.28879606,Burdwood Bank-Shallow,Li et al. 2020,1,-999,-999,-999,-999,-999,-999,-999,0,0,2,206.4,4,11514,27,4,51,4,27.26,259,0,0,-999,-118.2,2.2,1010,18,1,24,1208,75,1512,75
-54.5,-62.2,318,13397,38,-999,-999,-999,24,12750,90,-999,33.89860038,16.3366635,Burdwood Bank-Shallow,Burke and Robinson (2012),1,-999,-999,-999,-999,-999,-999,-999,0,0,2,206.4,4,11514,27,1,32,4,27.26,260,0,0,-999,-118.2,2.2,1010,18,1,24,1236,94,1540,94
-54.5,-62.16666667,334,13625,226,-999,-999,-999,24,12625,71,-999,79.47741671,39.05985359,Burdwood Bank-Shallow,Li et al. 2020,1,-999,-999,-999,-999,-999,-999,-999,0,0,2,193.1,4.3,11826,29,47,48,4,27.26,261,0,0,-999,-118.2,2.2,1010,18,1,24,799,77,1103,77
-54.5,-62.2,318,13707,34,-999,-999,-999,24,13150,90,-999,21.26351058,15.64281641,Burdwood Bank-Shallow,Burke and Robinson (2012),1,-999,-999,-999,-999,-999,-999,-999,0,0,2,205.9,3.8,11818,25,-11,31,4,27.26,262,0,0,-999,-118.2,2.2,1010,18,1,24,1332,93,1636,93
-54.5,-62.16666667,334,13727,178,-999,-999,-999,24,12914,72,-999,54.25954374,32.15401339,Burdwood Bank-Shallow,Li et al. 2020,1,-999,-999,-999,-999,-999,-999,-999,0,0,2,211,3.9,11803,26,22,42,4,27.26,263,0,0,-999,-118.2,2.2,1010,18,1,24,1111,77,1415,77
-54.5,-62.16666667,334,13870,80,-999,-999,-999,24,12963,74,-999,66.1313307,20.13938387,Burdwood Bank-Shallow,Li et al. 2020,1,-999,-999,-999,-999,-999,-999,-999,0,0,2,196,3.9,12040,26,33,34,4,27.26,264,0,0,-999,-118.2,2.2,1010,18,1,24,923,78,1227,78
-54.5,-62.16666667,334,14015,293,-999,-999,-999,24,13084,72,-999,68.77514379,47.47471546,Burdwood Bank-Shallow,Li et al. 2020,1,-999,-999,-999,-999,-999,-999,-999,0,0,2,214.1,5.4,12065,36,36,55,4,27.26,265,0,0,-999,-118.2,2.2,1010,18,1,24,1019,80,1323,80
-54.5,-62.16666667,334,14052,76,-999,-999,-999,24,13093,82,-999,72.36717167,20.80637591,Burdwood Bank-Shallow,Li et al. 2020,1,-999,-999,-999,-999,-999,-999,-999,0,0,2,206.7,3.9,12152,26,40,34,4,27.26,266,0,0,-999,-118.2,2.2,1010,18,1,24,941,86,1245,86
-54.5,-62.16666667,334,14130,92,-999,-999,-999,24,13127,76,-999,77.96076696,22.19630287,Burdwood Bank-Shallow,Li et al. 2020,1,-999,-999,-999,-999,-999,-999,-999,0,0,2,202,3.3,12252,22,45,35,4,27.26,267,0,0,-999,-118.2,2.2,1010,18,1,24,875,79,1179,79
-54.5,-62.16666667,334,14371,188,-999,-999,-999,24,13188,42,-999,101.4521569,30.8110292,Burdwood Bank-Shallow,Li et al. 2020,1,-999,-999,-999,-999,-999,-999,-999,0,0,2,216.7,3.4,12397,23,69,41,4,27.26,268,0,0,-999,-118.2,2.2,1010,18,1,24,791,48,1095,48
-54.5,-62.16666667,334,14407,92,-999,-999,-999,24,13227,76,-999,100.901227,22.66867015,Burdwood Bank-Shallow,Li et al. 2020,1,-999,-999,-999,-999,-999,-999,-999,0,0,2,221.4,3.6,12396,24,68,35,4,27.26,269,0,0,-999,-118.2,2.2,1010,18,1,24,831,80,1135,80
-54.5,-62.16666667,334,14582,82,-999,-999,-999,24,13247,76,-999,121.657961,21.73901167,Burdwood Bank-Shallow,Li et al. 2020,1,-999,-999,-999,-999,-999,-999,-999,0,0,2,237.9,4.5,12463,29,89,35,4,27.26,270,0,0,-999,-118.2,2.2,1010,18,1,24,784,81,1088,81
-54.7,-62.2,816,9,39,-999,-999,-999,25,805,65,-999,-94.36865639,11.60070648,Burdwood Bank-Intermediate,Burke and Robinson (2012),1,-999,-999,-999,-999,-999,-999,-999,0,0,2,-19.7,1.3,170,11,-145,29,4,27.9,271,0,0,-999,-100,5,846,40,1,25,635,66,1103,66
-54.7,-62.2,816,66,6,-999,-999,-999,25,870,70,-999,-95.45181229,8.538909483,Burdwood Bank-Intermediate,Burke and Robinson (2012),1,-999,-999,-999,-999,-999,-999,-999,0,0,2,-6.2,1.2,118,10,-146,28,4,27.9,272,0,0,-999,-100,5,846,40,1,25,752,71,1220,71
-54.7,-62.2,816,468,11,-999,-999,-999,25,1380,60,-999,-108.7949471,7.842510596,Burdwood Bank-Intermediate,Burke and Robinson (2012),1,-999,-999,-999,-999,-999,-999,-999,0,0,2,10.7,1.2,371,10,-160,28,4,27.9,273,0,0,-999,-100,5,846,40,1,25,1009,61,1477,61
-54.7,-62.2,816,4643,85,-999,-999,-999,25,4850,75,-999,-41.25382194,18.81020591,Burdwood Bank-Intermediate,Burke and Robinson (2012),1,-999,-999,-999,-999,-999,-999,-999,0,0,2,46.3,2,4155,15,-92,33,4,27.9,274,1,0,-999,-100,5,846,40,1,25,695,76,1163,76
-54.7,-62.2,816,5883,27,-999,-999,-999,25,5990,90,-999,-33.47640045,13.98587356,Burdwood Bank-Intermediate,Burke and Robinson (2012),1,-999,-999,-999,-999,-999,-999,-999,0,0,2,84.7,2.4,5070,17,-84,30,4,27.9,275,0,0,-999,-100,5,846,40,1,25,920,92,1388,92
-54.7,-62.2,816,6470,24,-999,-999,-999,25,6430,95,-999,-17.66060938,14.46971993,Burdwood Bank-Intermediate,Burke and Robinson (2012),1,-999,-999,-999,-999,-999,-999,-999,0,0,2,77.5,2.8,5687,21,-69,31,4,27.9,276,1,0,-999,-100,5,846,40,1,25,743,97,1211,97
-54.7,-62.2,816,11777,68,-999,-999,-999,25,10700,140,-999,96.99450991,28.14492744,Burdwood Bank-Intermediate,Burke and Robinson (2012),1,-999,-999,-999,-999,-999,-999,-999,0,0,2,176.5,3.5,10141,24,46,39,4,27.9,277,0,0,-999,-100,5,846,40,1,25,559,142,1027,142
-54.5,-62.16666667,727,12536,117,-999,-999,-999,25,11153,37,-999,136.5446028,21.32129893,Burdwood Bank-Intermediate,Li et al. 2020,1,-999,-999,-999,-999,-999,-999,-999,0,0,2,231.5,3.4,10513,22,86,34,4,27.9,278,0,0,-999,-100,5,846,40,1,25,640,43,1108,43
-54.5,-62.16666667,727,13005,99,-999,-999,-999,25,11742,56,-999,117.8437966,21.18056976,Burdwood Bank-Intermediate,Li et al. 2020,1,-999,-999,-999,-999,-999,-999,-999,0,0,2,216.5,3.2,11067,21,67,34,4,27.9,279,0,0,-999,-100,5,846,40,1,25,675,60,1143,60
-54.5,-62.16666667,727,15301,260,-999,-999,-999,25,13672,56,-999,160.5261188,44.60022821,Burdwood Bank-Intermediate,Li et al. 2020,1,-999,-999,-999,-999,-999,-999,-999,0,0,2,287.6,7,12846,43,110,52,4,27.9,280,0,0,-999,-100,5,846,40,1,25,826,71,1294,71
-54.5,-62.16666667,727,16405,159,-999,-999,-999,25,14718,77,-999,164.3972642,33.56089207,Burdwood Bank-Intermediate,Li et al. 2020,1,-999,-999,-999,-999,-999,-999,-999,0,0,2,337.8,6.1,13608,37,113,43,4,27.9,281,0,0,-999,-100,5,846,40,1,25,1110,85,1578,85
-54.5,-62.16666667,816,11879,63,-999,-999,-999,25,11050,70,-999,63.26261132,17.36886409,Burdwood Bank-Intermediate,Li et al. 2020,1,-999,-999,-999,-999,-999,-999,-999,0,0,2,180.7,3,10209,21,12,32,4,27.9,282,0,0,-999,-100,5,846,40,1,25,841,73,1309,73
-54.7,-62.2,816,16402,155,-999,-999,-999,25,14200,180,-999,241.5054282,51.1108329,Burdwood Bank-Intermediate,Burke and Robinson (2012),1,-999,-999,-999,-999,-999,-999,-999,0,0,2,337.8,6.1,13608,37,191,58,4,27.9,283,0,0,-999,-100,5,846,40,1,25,592,184,1060,184
-54.5,-62.16666667,894,16855,178,-999,-999,-999,25,14880,61,-999,204.9885447,35.10033277,Burdwood Bank-Intermediate,Li et al. 2020,1,-999,-999,-999,-999,-999,-999,-999,0,0,2,371,6,13848,35,154,44,4,27.9,284,0,0,-999,-100,5,846,40,1,25,1032,70,1500,70
-54.8,-62.1,1419,14011,103,-999,-999,-999,26,13277,71,-999,42.89815256,22.21302791,Burdwood Bank-Deep,Chen et al. (2015),1,-999,-999,-999,-999,-999,-999,-999,0,0,2,214.1,5.4,12065,36,56,35,4,28.2,285,0,0,-999,-166.4,5,1462,40,1,26,1212,80,1087,80
-54.5,-62.16666667,1879,14699,194,-999,-999,-999,26,13782,87,-999,64.34575339,36.51115165,Burdwood Bank-Deep,Li et al. 2020,1,-999,-999,-999,-999,-999,-999,-999,0,0,2,257.3,7.5,12445,48,77,45,4,28.2,286,0,0,-999,-166.4,5,1462,40,1,26,1337,99,1212,99
-54.5,-62.16666667,1879,14768,100,-999,-999,-999,26,13782,87,-999,73.26642498,24.6085179,Burdwood Bank-Deep,Li et al. 2020,1,-999,-999,-999,-999,-999,-999,-999,0,0,2,279.8,6.1,12370,38,86,37,4,28.2,287,0,0,-999,-166.4,5,1462,40,1,26,1412,95,1287,95
-54.8,-62.2,1516,15761,145,-999,-999,-999,26,14736,65,-999,74.72277198,27.54949076,Burdwood Bank-Deep,Chen et al. (2015),1,-999,-999,-999,-999,-999,-999,-999,0,0,2,310.3,6.7,13153,41,90,39,4,27.9,288,0,0,-999,-166.4,5,1462,40,1,26,1583,77,1436,77
-59.7,-68.9,695,1708,14,-999,-999,-999,27,2730,75,-999,-124.748105,9.654195352,Sars Seamount-Intermediate,Burke and Robinson (2012),1,-999,-999,-999,-999,-999,-999,-999,0,0,2,-17.5,1.6,1804,13,-150,29,4,27.9,289,0,0,-999,-126,5,1082,40,1,27,926,76,1159,76
-59.7,-68.9,695,1749,17,-999,-999,-999,27,2730,75,-999,-120.3965311,10.02141217,Sars Seamount-Intermediate,Burke and Robinson (2012),1,-999,-999,-999,-999,-999,-999,-999,0,0,2,-22.4,1.8,1883,15,-145,29,4,27.9,290,0,0,-999,-126,5,1082,40,1,27,847,76,1080,76
-59.7,-68.7,869,5819,33,-999,-999,-999,27,6290,95,-999,-76.08678451,14.61506073,Sars Seamount-Intermediate,Burke and Robinson (2012),1,-999,-999,-999,-999,-999,-999,-999,0,0,2,76.1,2,5066,15,-101,31,4,27.9,291,0,0,-999,-126,5,1082,40,1,27,1224,96,1457,96
-59.7,-68.7,869,6858,35,-999,-999,-999,27,7160,95,-999,-59.89148356,15.09871387,Sars Seamount-Intermediate,Burke and Robinson (2012),1,-999,-999,-999,-999,-999,-999,-999,0,0,2,83.1,2.3,6025,17,-85,31,4,27.9,292,0,0,-999,-126,5,1082,40,1,27,1135,97,1368,97
-59.7,-68.9,695,7699,34,-999,-999,-999,27,7890,130,-999,-49.63137036,19.28998841,Sars Seamount-Intermediate,Burke and Robinson (2012),1,-999,-999,-999,-999,-999,-999,-999,0,0,2,74.3,2.9,6906,22,-75,33,4,27.9,293,1,0,-999,-126,5,1082,40,1,27,984,132,1217,132
-59.7,-68.9,695,10144,31,-999,-999,-999,27,9850,120,-999,0.855704214,18.70530834,Sars Seamount-Intermediate,Burke and Robinson (2012),1,-999,-999,-999,-999,-999,-999,-999,0,0,2,126,3.1,8910,22,-24,33,4,27.9,294,0,0,-999,-126,5,1082,40,1,27,940,122,1173,122
-59.7,-68.9,695,10255,41,-999,-999,-999,27,10100,170,-999,-16.69841674,25.68890353,Sars Seamount-Intermediate,Burke and Robinson (2012),1,-999,-999,-999,-999,-999,-999,-999,0,0,2,104.3,2.8,9173,20,-42,37,4,27.9,295,0,0,-999,-126,5,1082,40,1,27,927,171,1160,171
-59.8,-68.96666667,776,10267,108,-999,-999,-999,27,9922,64,-999,6.793716418,21.17556536,Sars Seamount-Intermediate,Li et al. 2020,1,-999,-999,-999,-999,-999,-999,-999,0,0,2,105.5,2.9,9173,21,-18,34,4,27.9,296,0,0,-999,-126,5,1082,40,1,27,749,67,982,67
-59.8,-68.96666667,981,10271,58,-999,-999,-999,27,9996,62,-999,-1.955491453,14.70572855,Sars Seamount-Intermediate,Li et al. 2020,1,-999,-999,-999,-999,-999,-999,-999,0,0,2,106.5,3.2,9176,23,-27,31,4,27.9,297,0,0,-999,-126,5,1082,40,1,27,820,66,1053,66
-59.7,-68.9,695,11117,33,-999,-999,-999,27,10600,130,-999,25.50721639,20.69103079,Sars Seamount-Intermediate,Burke and Robinson (2012),1,-999,-999,-999,-999,-999,-999,-999,0,0,2,153.5,3.2,9658,22,1,34,4,27.9,298,0,0,-999,-126,5,1082,40,1,27,942,132,1175,132
-59.7,-68.9,695,11142,35,-999,-999,-999,27,10700,150,-999,15.88764534,23.27264248,Sars Seamount-Intermediate,Burke and Robinson (2012),1,-999,-999,-999,-999,-999,-999,-999,0,0,2,157.1,3,9662,21,-9,36,4,27.9,299,0,0,-999,-126,5,1082,40,1,27,1038,151,1271,151
-59.7,-68.9,695,11253,42,-999,-999,-999,27,10600,140,-999,42.51731641,23.46753393,Sars Seamount-Intermediate,Burke and Robinson (2012),1,-999,-999,-999,-999,-999,-999,-999,0,0,2,140,2.7,9888,19,18,36,4,27.9,300,0,0,-999,-126,5,1082,40,1,27,712,141,945,141
-59.7,-68.9,695,11365,68,-999,-999,-999,27,10550,130,-999,63.33527111,25.95722904,Sars Seamount-Intermediate,Burke and Robinson (2012),1,-999,-999,-999,-999,-999,-999,-999,0,0,2,142.2,3.7,9980,26,38,37,4,27.9,301,0,0,-999,-126,5,1082,40,1,27,570,133,803,133
-59.7,-68.9,695,11376,36,-999,-999,-999,27,10800,130,-999,32.12462321,21.19917002,Sars Seamount-Intermediate,Burke and Robinson (2012),1,-999,-999,-999,-999,-999,-999,-999,0,0,2,147.7,3.3,9951,23,7,34,4,27.9,302,0,0,-999,-126,5,1082,40,1,27,849,132,1082,132
-59.7,-68.9,695,11405,47,-999,-999,-999,27,10750,140,-999,42.21855438,24.09132139,Sars Seamount-Intermediate,Burke and Robinson (2012),1,-999,-999,-999,-999,-999,-999,-999,0,0,2,138.7,3.2,10043,23,17,36,4,27.9,303,0,0,-999,-126,5,1082,40,1,27,707,142,940,142
-59.7,-68.9,695,11460,48,-999,-999,-999,27,10750,140,-999,49.17550666,24.37907963,Sars Seamount-Intermediate,Burke and Robinson (2012),1,-999,-999,-999,-999,-999,-999,-999,0,0,2,150.8,3.3,10008,23,24,36,4,27.9,304,0,0,-999,-126,5,1082,40,1,27,742,142,975,142
-59.7,-68.9,978,11608,66,-999,-999,-999,28,10800,130,-999,61.49978884,25.65554296,Sars Seamount-Intermediate,Burke and Robinson (2012),1,-999,-999,-999,-999,-999,-999,-999,0,0,2,167,3.7,10041,25,37,37,4,27.9,305,0,0,-999,-126,5,1082,40,1,28,759,132,992,132
-59.8,-68.96666667,981,11618,106,-999,-999,-999,28,11013,64,-999,34.97452079,21.51784136,Sars Seamount-Intermediate,Li et al. 2020,1,-999,-999,-999,-999,-999,-999,-999,0,0,2,165.5,3.3,10061,23,10,35,4,27.9,306,0,0,-999,-126,5,1082,40,1,28,952,68,1185,68
-59.8,-68.96666667,776,11657,188,-999,-999,-999,28,10678,66,-999,84.15115563,33.56756602,Sars Seamount-Intermediate,Li et al. 2020,1,-999,-999,-999,-999,-999,-999,-999,0,0,2,165.8,3.3,10097,23,59,43,4,27.9,307,0,0,-999,-126,5,1082,40,1,28,581,70,814,70
-59.7,-68.9,695,11664,85,-999,-999,-999,28,10800,150,-999,68.71471299,30.94876348,Sars Seamount-Intermediate,Burke and Robinson (2012),1,-999,-999,-999,-999,-999,-999,-999,0,0,2,172,3.2,10065,22,44,41,4,27.9,308,0,0,-999,-126,5,1082,40,1,28,735,152,968,152
-59.8,-68.96666667,981,11697,99,-999,-999,-999,28,10900,72,-999,59.71483553,22.19030262,Sars Seamount-Intermediate,Li et al. 2020,1,-999,-999,-999,-999,-999,-999,-999,0,0,2,173.2,3.6,10086,25,35,35,4,27.9,309,0,0,-999,-126,5,1082,40,1,28,814,76,1047,76
-59.7,-68.9,695,11699,65,-999,-999,-999,28,10800,150,-999,73.24892221,28.48260368,Sars Seamount-Intermediate,Burke and Robinson (2012),1,-999,-999,-999,-999,-999,-999,-999,0,0,2,173.2,3.6,10086,25,48,39,4,27.9,310,0,0,-999,-126,5,1082,40,1,28,714,152,947,152
-59.8,-68.96666667,981,11794,107,-999,-999,-999,28,10746,71,-999,92.97590776,23.80861103,Sars Seamount-Intermediate,Li et al. 2020,1,-999,-999,-999,-999,-999,-999,-999,0,0,2,182.6,3.2,10119,22,68,36,4,27.9,311,0,0,-999,-126,5,1082,40,1,28,627,74,860,74
-59.8,-68.96666667,981,12030,93,-999,-999,-999,28,11165,64,-999,67.47021275,20.51449812,Sars Seamount-Intermediate,Li et al. 2020,1,-999,-999,-999,-999,-999,-999,-999,0,0,2,187.1,2.7,10312,18,43,34,4,27.9,312,0,0,-999,-126,5,1082,40,1,28,853,66,1086,66
-59.8,-68.96666667,776,12384,99,-999,-999,-999,28,11342,68,-999,89.89167077,22.27937863,Sars Seamount-Intermediate,Li et al. 2020,1,-999,-999,-999,-999,-999,-999,-999,0,0,2,230.2,2.8,10375,18,65,35,4,27.9,313,0,0,-999,-126,5,1082,40,1,28,967,70,1200,70
-59.8,-68.96666667,981,12460,165,-999,-999,-999,28,11387,64,-999,93.81281969,30.54979617,Sars Seamount-Intermediate,Li et al. 2020,1,-999,-999,-999,-999,-999,-999,-999,0,0,2,237.5,3.4,10396,22,69,41,4,27.9,314,0,0,-999,-126,5,1082,40,1,28,991,68,1224,68
-59.8,-68.96666667,981,12539,154,-999,-999,-999,28,11300,68,-999,116.3405652,30.24912019,Sars Seamount-Intermediate,Li et al. 2020,1,-999,-999,-999,-999,-999,-999,-999,0,0,2,231.5,3.4,10513,22,91,41,4,27.9,315,0,0,-999,-126,5,1082,40,1,28,787,71,1020,71
-59.8,-68.96666667,981,13976,114,-999,-999,-999,28,13000,82,-999,74.92681593,25.79820314,Sars Seamount-Intermediate,Li et al. 2020,1,-999,-999,-999,-999,-999,-999,-999,0,0,2,217,5.9,12007,39,50,37,4,27.9,316,0,0,-999,-126,5,1082,40,1,28,993,91,1226,91
-59.8,-68.9,981,14143,81,-999,-999,-999,28,13320,65,-999,54.02661538,18.85713517,Sars Seamount-Intermediate,Chen et al. (2015),1,-999,-999,-999,-999,-999,-999,-999,0,0,2,203.6,3.3,12261,22,29,33,4,27.9,317,0,0,-999,-126,5,1082,40,1,28,1059,69,1292,69
-59.8,-68.9,981,14177,122,-999,-999,-999,28,13087,55,-999,89.51843068,23.54003413,Sars Seamount-Intermediate,Chen et al. (2015),1,-999,-999,-999,-999,-999,-999,-999,0,0,2,204.1,3.2,12287,22,65,36,4,27.9,318,0,0,-999,-126,5,1082,40,1,28,800,59,1033,59
-59.8,-68.96666667,981,14227,122,-999,-999,-999,28,13187,72,-999,82.56723064,25.68144088,Sars Seamount-Intermediate,Li et al. 2020,1,-999,-999,-999,-999,-999,-999,-999,0,0,2,207,3.4,12316,22,58,37,4,27.9,319,0,0,-999,-126,5,1082,40,1,28,871,75,1104,75
-59.8,-68.96666667,981,14304,98,-999,-999,-999,28,13219,72,-999,88.35334199,22.65831051,Sars Seamount-Intermediate,Li et al. 2020,1,-999,-999,-999,-999,-999,-999,-999,0,0,2,213.1,7.5,12353,49,63,35,4,27.9,320,0,0,-999,-126,5,1082,40,1,28,866,87,1099,87
-59.8,-68.96666667,981,14316,180,-999,-999,-999,28,13109,74,-999,104.9619801,34.24307501,Sars Seamount-Intermediate,Li et al. 2020,1,-999,-999,-999,-999,-999,-999,-999,0,0,2,212.8,6.5,12365,43,80,44,4,27.9,321,0,0,-999,-126,5,1082,40,1,28,744,86,977,86
-59.8,-68.96666667,981,14478,127,-999,-999,-999,28,13322,74,-999,97.34243469,26.96911917,Sars Seamount-Intermediate,Li et al. 2020,1,-999,-999,-999,-999,-999,-999,-999,0,0,2,229,4.2,12414,27,72,38,4,27.9,322,0,0,-999,-126,5,1082,40,1,28,908,79,1141,79
-59.8,-68.96666667,981,14591,132,-999,-999,-999,28,13384,74,-999,103.8917928,27.79793733,Sars Seamount-Intermediate,Li et al. 2020,1,-999,-999,-999,-999,-999,-999,-999,0,0,2,238.9,4.5,12466,29,79,39,4,27.9,323,0,0,-999,-126,5,1082,40,1,28,918,79,1151,79
-59.8,-68.9,981,14609,74,-999,-999,-999,28,13546,67,-999,84.21090829,18.74894347,Sars Seamount-Intermediate,Chen et al. (2015),1,-999,-999,-999,-999,-999,-999,-999,0,0,2,239.8,4.5,12470,29,59,33,4,27.9,324,0,0,-999,-126,5,1082,40,1,28,1076,73,1309,73
-59.8,-68.96666667,776,14627,243,-999,-999,-999,28,13258,74,-999,126.2368912,43.49027627,Sars Seamount-Intermediate,Li et al. 2020,1,-999,-999,-999,-999,-999,-999,-999,0,0,2,241.8,4.3,12476,28,101,51,4,27.9,325,0,0,-999,-126,5,1082,40,1,28,782,79,1015,79
-59.8,-68.96666667,981,14701,134,-999,-999,-999,28,13519,76,-999,100.0351873,28.24100163,Sars Seamount-Intermediate,Li et al. 2020,1,-999,-999,-999,-999,-999,-999,-999,0,0,2,261.6,8,12427,51,75,39,4,27.9,326,0,0,-999,-126,5,1082,40,1,28,1092,92,1325,92
-59.7,-68.9,695,14710,48,-999,-999,-999,28,13450,170,-999,110.7332708,29.95890953,Sars Seamount-Intermediate,Burke and Robinson (2012),1,-999,-999,-999,-999,-999,-999,-999,0,0,2,261.6,8,12427,51,86,40,4,27.9,327,0,0,-999,-126,5,1082,40,1,28,1023,177,1256,177
-59.8,-68.96666667,981,14746,113,-999,-999,-999,28,13525,73,-999,105.2135539,25.1527615,Sars Seamount-Intermediate,Li et al. 2020,1,-999,-999,-999,-999,-999,-999,-999,0,0,2,277.4,6,12366,38,80,37,4,27.9,328,0,0,-999,-126,5,1082,40,1,28,1159,82,1392,82
-59.8,-68.96666667,981,14775,196,-999,-999,-999,28,13409,74,-999,125.229409,37.05005594,Sars Seamount-Intermediate,Li et al. 2020,1,-999,-999,-999,-999,-999,-999,-999,0,0,2,279.5,6.7,12382,42,100,46,4,27.9,329,0,0,-999,-126,5,1082,40,1,28,1027,85,1260,85
-59.8,-68.96666667,981,14813,162,-999,-999,-999,28,13898,74,-999,63.65344434,30.64595041,Sars Seamount-Intermediate,Li et al. 2020,1,-999,-999,-999,-999,-999,-999,-999,0,0,2,275,7,12449,44,39,41,4,27.9,330,0,0,-999,-126,5,1082,40,1,28,1449,86,1682,86
-59.8,-68.96666667,981,14888,435,-999,-999,-999,28,13237,74,-999,165.4035414,72.1038098,Sars Seamount-Intermediate,Li et al. 2020,1,-999,-999,-999,-999,-999,-999,-999,0,0,2,276.6,4.6,12507,29,140,77,4,27.9,331,0,0,-999,-126,5,1082,40,1,28,730,79,963,79
-59.8,-68.9,981,14889,80,-999,-999,-999,28,13469,67,-999,132.3640318,20.40361349,Sars Seamount-Intermediate,Chen et al. (2015),1,-999,-999,-999,-999,-999,-999,-999,0,0,2,276.6,4.6,12507,29,107,34,4,27.9,332,0,0,-999,-126,5,1082,40,1,28,962,73,1195,73
-59.8,-68.96666667,981,14891,205,-999,-999,-999,28,13499,74,-999,128.4159576,38.38413422,Sars Seamount-Intermediate,Li et al. 2020,1,-999,-999,-999,-999,-999,-999,-999,0,0,2,277.6,4.6,12510,29,103,47,4,27.9,333,0,0,-999,-126,5,1082,40,1,28,989,79,1222,79
-59.8,-68.96666667,981,14896,167,-999,-999,-999,28,13566,74,-999,119.7204558,32.93886136,Sars Seamount-Intermediate,Li et al. 2020,1,-999,-999,-999,-999,-999,-999,-999,0,0,2,277.6,4.6,12510,29,95,43,4,27.9,334,0,0,-999,-126,5,1082,40,1,28,1056,79,1289,79
-59.8,-68.96666667,981,14911,124,-999,-999,-999,28,13514,74,-999,129.0389699,27.33827997,Sars Seamount-Intermediate,Li et al. 2020,1,-999,-999,-999,-999,-999,-999,-999,0,0,2,279.3,5.1,12519,32,104,38,4,27.9,335,0,0,-999,-126,5,1082,40,1,28,995,81,1228,81
-59.8,-68.96666667,981,14982,171,-999,-999,-999,28,13582,72,-999,129.1781685,33.48241457,Sars Seamount-Intermediate,Li et al. 2020,1,-999,-999,-999,-999,-999,-999,-999,0,0,2,279.6,6.2,12585,39,104,43,4,27.9,336,0,0,-999,-126,5,1082,40,1,28,997,82,1230,82
-59.8,-68.96666667,981,15043,101,-999,-999,-999,28,13627,74,-999,131.1863238,24.24232961,Sars Seamount-Intermediate,Li et al. 2020,1,-999,-999,-999,-999,-999,-999,-999,0,0,2,282.4,5.7,12626,36,106,36,4,27.9,337,0,0,-999,-126,5,1082,40,1,28,1001,82,1234,82
-59.8,-68.96666667,981,15067,193,-999,-999,-999,28,13769,74,-999,114.5970538,36.29527655,Sars Seamount-Intermediate,Li et al. 2020,1,-999,-999,-999,-999,-999,-999,-999,0,0,2,283.8,6,12636,37,90,45,4,27.9,338,0,0,-999,-126,5,1082,40,1,28,1133,83,1366,83
-59.8,-68.96666667,981,15138,163,-999,-999,-999,28,13486,74,-999,164.5223393,33.69310457,Sars Seamount-Intermediate,Li et al. 2020,1,-999,-999,-999,-999,-999,-999,-999,0,0,2,285,6.2,12697,39,140,43,4,27.9,339,0,0,-999,-126,5,1082,40,1,28,789,84,1022,84
-59.8,-68.96666667,981,15161,343,-999,-999,-999,28,13433,76,-999,175.4968671,59.91893562,Sars Seamount-Intermediate,Li et al. 2020,1,-999,-999,-999,-999,-999,-999,-999,0,0,2,285.5,5.7,12723,36,151,66,4,27.9,340,0,0,-999,-126,5,1082,40,1,28,710,84,943,84
-59.8,-68.96666667,843,15200,123,-999,-999,-999,28,13867,75,-999,118.9394728,27.09767705,Sars Seamount-Intermediate,Li et al. 2020,1,-999,-999,-999,-999,-999,-999,-999,0,0,2,286.9,5.6,12744,35,94,38,4,27.9,341,0,0,-999,-126,5,1082,40,1,28,1123,83,1356,83
-59.8,-68.96666667,981,15238,159,-999,-999,-999,28,13958,74,-999,111.432424,31.61906548,Sars Seamount-Intermediate,Li et al. 2020,1,-999,-999,-999,-999,-999,-999,-999,0,0,2,288.2,6.1,12775,38,86,42,4,27.9,342,0,0,-999,-126,5,1082,40,1,28,1183,83,1416,83
-59.8,-68.96666667,981,15311,122,-999,-999,-999,28,13915,76,-999,127.3084217,27.30432365,Sars Seamount-Intermediate,Li et al. 2020,1,-999,-999,-999,-999,-999,-999,-999,0,0,2,287.5,6.9,12856,43,102,38,4,27.9,343,0,0,-999,-126,5,1082,40,1,28,1059,87,1292,87
-59.8,-68.96666667,843,15407,184,-999,-999,-999,28,13767,76,-999,161.6824006,36.85258411,Sars Seamount-Intermediate,Li et al. 2020,1,-999,-999,-999,-999,-999,-999,-999,0,0,2,293.8,6.5,12905,40,137,46,4,27.9,344,0,0,-999,-126,5,1082,40,1,28,862,86,1095,86
-59.8,-68.96666667,981,15579,163,-999,-999,-999,28,14203,76,-999,123.4438137,32.78440553,Sars Seamount-Intermediate,Li et al. 2020,1,-999,-999,-999,-999,-999,-999,-999,0,0,2,306.1,6.9,12994,43,98,43,4,27.9,345,0,0,-999,-126,5,1082,40,1,28,1209,87,1442,87
-59.8,-68.96666667,981,15863,142,-999,-999,-999,28,14398,73,-999,134.823791,29.80871204,Sars Seamount-Intermediate,Li et al. 2020,1,-999,-999,-999,-999,-999,-999,-999,0,0,2,313.9,6.5,13228,39,110,40,4,27.9,346,0,0,-999,-126,5,1082,40,1,28,1170,83,1403,83
-59.8,-68.96666667,981,15940,240,-999,-999,-999,28,14436,76,-999,140.0373699,43.89322503,Sars Seamount-Intermediate,Li et al. 2020,1,-999,-999,-999,-999,-999,-999,-999,0,0,2,319.5,6.2,13262,38,115,52,4,27.9,347,0,0,-999,-126,5,1082,40,1,28,1174,85,1407,85
-59.8,-68.96666667,981,16142,381,-999,-999,-999,28,14605,80,-999,143.9158399,64.14521406,Sars Seamount-Intermediate,Li et al. 2020,1,-999,-999,-999,-999,-999,-999,-999,0,0,2,329.6,5.5,13404,33,119,70,4,27.9,348,0,0,-999,-126,5,1082,40,1,28,1201,87,1434,87
-59.8,-68.9,981,16851,168,-999,-999,-999,28,15457,80,-999,120.9286599,33.94767014,Sars Seamount-Intermediate,Chen et al. (2015),1,-999,-999,-999,-999,-999,-999,-999,0,0,2,371,6,13848,35,96,43,4,27.9,349,0,0,-999,-126,5,1082,40,1,28,1609,87,1842,87
-59.8,-68.96666667,981,19400,675,-999,-999,-999,28,17499,96,-999,183.2802144,110.9175758,Sars Seamount-Intermediate,Li et al. 2020,1,-999,-999,-999,-999,-999,-999,-999,0,0,2,420.4,6.4,16032,36,158,114,4,27.9,350,0,0,-999,-126,5,1082,40,1,28,1467,103,1700,103
-60.6,-66,1064,13636,238,-999,-999,-999,29,12424,69,-999,108.3023468,41.43658133,Interim Seamount-Intermediate,Li et al. 2020,1,-999,-999,-999,-999,-999,-999,-999,0,0,2,197.4,3.9,11807,26,113,49,4,27.9,351,0,0,-999,-156,5,1362,40,1,29,617,74,569,74
-60.6,-66,1064,14714,122,-999,-999,-999,29,13546,67,-999,98.06940305,25.36553326,Interim Seamount-Intermediate,Chen et al. (2015),1,-999,-999,-999,-999,-999,-999,-999,0,0,2,266.2,8,12408,51,103,37,4,27.9,352,0,0,-999,-156,5,1362,40,1,29,1138,84,1090,84
-60.6,-66,983,15170,88,-999,-999,-999,29,14061,55,-999,88.28392172,19.03667714,Interim Seamount-Intermediate,Chen et al. (2015),1,-999,-999,-999,-999,-999,-999,-999,0,0,2,285.5,5.7,12723,36,93,33,4,27.9,353,0,0,-999,-156,5,1362,40,1,29,1338,66,1290,66
-60.6,-66,1196,15221,73,-999,-999,-999,29,13942,57,-999,111.3606447,17.7002992,Interim Seamount-Intermediate,Chen et al. (2015),1,-999,-999,-999,-999,-999,-999,-999,0,0,2,288,5.8,12766,36,116,32,4,27.9,354,0,0,-999,-156,5,1362,40,1,29,1176,67,1128,67
-60.6,-66,1196,16176,58,-999,-999,-999,29,15013,68,-999,91.74744369,16.90193831,Interim Seamount-Intermediate,Chen et al. (2015),1,-999,-999,-999,-999,-999,-999,-999,0,0,2,331.3,5.6,13423,34,97,32,4,27.9,355,0,0,-999,-156,5,1362,40,1,29,1590,76,1542,76
-60.5,-65.9,1134,21524,110,-999,-999,-999,29,19450,330,-999,200.0250125,65.29728898,Interim Seamount-Intermediate,Burke and Robinson (2012),1,-999,-999,-999,-999,-999,-999,-999,0,0,2,472.3,8.3,17813,45,205,71,4,27.9,356,0,0,-999,-156,5,1362,40,2,29,1637,333,1589,333
-60.6,-66,1196,25896,109,-999,-999,-999,29,23506,165,-999,229.090945,41.45922512,Interim Seamount-Intermediate,Chen et al. (2015),1,-999,-999,-999,-999,-999,-999,-999,0,0,2,557.5,17.9,21608,92,234,50,4,27.9,357,0,0,-999,-156,5,1362,40,1,29,1898,189,1850,189
-60.2,-57.8,819,11911,63,-999,-999,-999,30,11250,130,-999,41.13933632,24.78552194,Shackleton Fracture Zone-Deep,Burke and Robinson (2012),1,-999,-999,-999,-999,-999,-999,-999,0,0,2,186.9,3,10206,20,14,37,4,28.2,358,0,0,-999,-126,5,1082,40,1,30,1044,132,1299,132
-60.2,-57.8,819,13187,77,-999,-999,-999,30,12400,160,-999,52.85421574,30.78139621,Shackleton Fracture Zone-Deep,Burke and Robinson (2012),1,-999,-999,-999,-999,-999,-999,-999,0,0,2,199.5,3.5,11355,23,26,41,4,28.2,359,0,0,-999,-126,5,1082,40,1,30,1045,162,1300,162
-60.18333333,-57.83333333,823,13324,83,-999,-999,-999,30,12329,69,-999,79.95052556,20.12008671,Shackleton Fracture Zone-Deep,Li et al. 2020,1,-999,-999,-999,-999,-999,-999,-999,0,0,2,201.6,3.9,11477,26,53,34,4,28.2,360,0,0,-999,-126,5,1082,40,1,30,852,74,1107,74
-60.2,-57.8,819,15688,50,-999,-999,-999,30,14900,200,-999,43.74652497,32.30435272,Shackleton Fracture Zone-Deep,Burke and Robinson (2012),1,-999,-999,-999,-999,-999,-999,-999,0,0,2,308,6,13089,37,16,42,4,28.2,361,0,0,-999,-126,5,1082,40,1,30,1811,203,2066,203
-60.2,-57.8,806,18047,169,-999,-999,-999,30,16564,104,-999,128.6503521,37.6918696,Shackleton Fracture Zone-Deep,Chen et al. (2015),1,-999,-999,-999,-999,-999,-999,-999,0,0,2,423.3,6.8,14704,38,101,46,4,28.2,362,0,0,-999,-126,5,1082,40,2,30,1860,111,2115,111
-60.2,-57.8,823,19631,189,-999,-999,-999,30,18120,111,-999,126.2873967,41.32146591,Shackleton Fracture Zone-Deep,Chen et al. (2015),1,-999,-999,-999,-999,-999,-999,-999,0,0,2,402,8.5,16370,49,99,49,4,28.2,363,0,0,-999,-126,5,1082,40,2,30,1750,121,2005,121
-60.2,-57.8,819,20330,173,-999,-999,-999,30,18550,280,-999,161.7768311,64.84077274,Shackleton Fracture Zone-Deep,Burke and Robinson (2012),1,-999,-999,-999,-999,-999,-999,-999,0,0,2,444.1,7.4,16803,41,134,70,4,28.2,364,0,0,-999,-126,5,1082,40,2,30,1747,283,2002,283
-60.2,-57.8,823,20367,58,-999,-999,-999,30,18960,89,-999,108.9201987,20.06716579,Shackleton Fracture Zone-Deep,Chen et al. (2015),1,-999,-999,-999,-999,-999,-999,-999,0,0,2,445.8,7.2,16832,40,82,34,4,28.2,365,0,0,-999,-126,5,1082,40,2,30,2128,98,2383,98
-60.2,-57.8,806,22578,81,-999,-999,-999,30,20754,106,-999,158.9412493,26.65053373,Shackleton Fracture Zone-Deep,Chen et al. (2015),1,-999,-999,-999,-999,-999,-999,-999,0,0,2,489.4,10.6,18741,57,132,38,4,28.2,366,0,0,-999,-126,5,1082,40,2,30,2013,120,2268,120
-60.2,-57.8,819,25647,161,-999,-999,-999,30,23600,520,-999,178.7485719,99.37740718,Shackleton Fracture Zone-Deep,Burke and Robinson (2012),1,-999,-999,-999,-999,-999,-999,-999,0,0,2,587,10.8,21204,54,151,103,4,28.2,367,0,0,-999,-126,5,1082,40,1,30,2396,523,2651,523
-60.2,-57.8,823,27159,122,-999,-999,-999,30,24947,170,-999,196.8174253,42.99913461,Shackleton Fracture Zone-Deep,Chen et al. (2015),1,-999,-999,-999,-999,-999,-999,-999,0,0,2,576.2,12.2,22736,62,170,51,4,28.2,368,0,0,-999,-126,5,1082,40,1,30,2211,181,2466,181
-60.2,-57.8,819,35466,153,-999,-999,-999,30,32700,1600,-999,245.2802696,273.2257402,Shackleton Fracture Zone-Deep,Burke and Robinson (2012),1,-999,-999,-999,-999,-999,-999,-999,0,0,2,508.3,25.1,31156,134,218,275,4,28.2,369,0,0,-999,-126,5,1082,40,1,30,1544,1606,1799,1606
-60.2,-57.8,819,39253,151,-999,-999,-999,30,35900,2300,-999,321.9265893,408.8926267,Shackleton Fracture Zone-Deep,Burke and Robinson (2012),1,-999,-999,-999,-999,-999,-999,-999,0,0,2,667.4,27.1,34043,131,295,410,4,28.2,370,0,0,-999,-126,5,1082,40,1,30,1857,2304,2112,2304
-59.7,-68.9,1323,1144,27,-999,-999,-999,31,2120,70,-999,-117.9705634,10.56701116,Sars Seamount-Deep,Burke and Robinson (2012),1,-999,-999,-999,-999,-999,-999,-999,0,0,2,-12.7,1.3,1220,11,-121,29,4,28.2,371,0,0,-999,-149.8,2.2,1304,18,1,31,900,71,933,71
-59.8,-68.96666667,1662,10227,154,-999,-999,-999,31,9864,60,-999,9.194456846,26.34041252,Sars Seamount-Deep,Li et al. 2020,1,-999,-999,-999,-999,-999,-999,-999,0,0,2,116.1,3,9058,21,6,38,4,28.2,372,0,0,-999,-149.8,2.2,1304,18,1,31,806,64,839,64
-59.7,-69,1750,10304,40,-999,-999,-999,31,10050,110,-999,-4.676930969,18.44641163,Sars Seamount-Deep,Burke and Robinson (2012),1,-999,-999,-999,-999,-999,-999,-999,0,0,2,105.1,3.3,9215,24,-8,33,4,28.2,373,0,0,-999,-149.8,2.2,1304,18,1,31,835,113,868,113
-59.8,-68.96666667,1701,10375,136,-999,-999,-999,31,9984,64,-999,12.1902729,24.71820442,Sars Seamount-Deep,Li et al. 2020,1,-999,-999,-999,-999,-999,-999,-999,0,0,2,114.1,3,9218,22,9,37,4,28.2,374,0,0,-999,-149.8,2.2,1304,18,1,31,766,68,799,68
-59.8,-68.96666667,1701,11152,240,-999,-999,-999,31,10181,69,-999,85.00096497,40.82807667,Sars Seamount-Deep,Li et al. 2020,1,-999,-999,-999,-999,-999,-999,-999,0,0,2,157.8,3.5,9667,24,81,49,4,28.2,375,0,0,-999,-149.8,2.2,1304,18,1,31,514,73,547,73
-59.8,-68.96666667,1701,12001,167,-999,-999,-999,31,11297,68,-999,46.39552152,29.9999566,Sars Seamount-Deep,Li et al. 2020,1,-999,-999,-999,-999,-999,-999,-999,0,0,2,182.7,2.6,10322,18,43,40,4,28.2,376,0,0,-999,-149.8,2.2,1304,18,1,31,975,70,1008,70
-59.8,-68.96666667,1701,12064,158,-999,-999,-999,31,11127,63,-999,76.95195389,29.03252011,Sars Seamount-Deep,Li et al. 2020,1,-999,-999,-999,-999,-999,-999,-999,0,0,2,189,2.7,10338,18,73,40,4,28.2,377,0,0,-999,-149.8,2.2,1304,18,1,31,789,66,822,66
-59.8,-68.96666667,1701,12099,164,-999,-999,-999,31,11251,64,-999,64.95459156,29.61492633,Sars Seamount-Deep,Li et al. 2020,1,-999,-999,-999,-999,-999,-999,-999,0,0,2,191.8,2.6,10348,18,61,40,4,28.2,378,0,0,-999,-149.8,2.2,1304,18,1,31,903,66,936,66
-59.7,-69,1750,12287,54,-999,-999,-999,31,11550,140,-999,49.64469192,25.15200211,Sars Seamount-Deep,Burke and Robinson (2012),1,-999,-999,-999,-999,-999,-999,-999,0,0,2,209.1,2.7,10417,18,46,37,4,28.2,379,0,0,-999,-149.8,2.2,1304,18,1,31,1133,141,1166,141
-59.8,-68.96666667,1701,12302,97,-999,-999,-999,31,11516,68,-999,56.0111057,21.33126893,Sars Seamount-Deep,Li et al. 2020,1,-999,-999,-999,-999,-999,-999,-999,0,0,2,219.9,3.1,10365,21,53,34,4,28.2,380,0,0,-999,-149.8,2.2,1304,18,1,31,1151,71,1184,71
-59.8,-69,1701,12564,62,-999,-999,-999,31,11709,59,-999,64.13799735,15.79707097,Sars Seamount-Deep,Chen et al. (2015),1,-999,-999,-999,-999,-999,-999,-999,0,0,2,242.2,2.7,10472,17,61,31,4,28.2,381,0,0,-999,-149.8,2.2,1304,18,1,31,1237,61,1270,61
-59.8,-68.96666667,1701,12648,80,-999,-999,-999,31,11797,69,-999,63.29348072,19.42383385,Sars Seamount-Deep,Li et al. 2020,1,-999,-999,-999,-999,-999,-999,-999,0,0,2,236.7,2.7,10585,17,60,33,4,28.2,382,0,0,-999,-149.8,2.2,1304,18,1,31,1212,71,1245,71
-59.8,-68.96666667,1701,12798,249,-999,-999,-999,31,11452,67,-999,130.2777718,43.48159456,Sars Seamount-Deep,Li et al. 2020,1,-999,-999,-999,-999,-999,-999,-999,0,0,2,209.7,2.8,10908,19,127,51,4,28.2,383,0,0,-999,-149.8,2.2,1304,18,1,31,544,70,577,70
-59.7,-69,1750,12798,61,-999,-999,-999,31,11900,150,-999,68.96775655,27.8515868,Sars Seamount-Deep,Burke and Robinson (2012),1,-999,-999,-999,-999,-999,-999,-999,0,0,2,209.7,2.8,10908,19,65,39,4,28.2,384,0,0,-999,-149.8,2.2,1304,18,1,31,992,151,1025,151
-59.8,-68.96666667,1701,12805,191,-999,-999,-999,31,11670,74,-999,100.948524,35.58434358,Sars Seamount-Deep,Li et al. 2020,1,-999,-999,-999,-999,-999,-999,-999,0,0,2,211.7,2.8,10905,19,97,45,4,28.2,385,0,0,-999,-149.8,2.2,1304,18,1,31,765,76,798,76
-59.8,-68.96666667,1701,12831,133,-999,-999,-999,31,11384,67,-999,144.4455391,27.96004711,Sars Seamount-Deep,Li et al. 2020,1,-999,-999,-999,-999,-999,-999,-999,0,0,2,207.2,3.4,10964,23,141,39,4,28.2,386,0,0,-999,-149.8,2.2,1304,18,1,31,420,71,453,71
-59.8,-68.96666667,1701,12831,133,-999,-999,-999,31,11647,68,-999,107.5831805,27.19738016,Sars Seamount-Deep,Li et al. 2020,1,-999,-999,-999,-999,-999,-999,-999,0,0,2,207.2,3.4,10964,23,104,38,4,28.2,387,0,0,-999,-149.8,2.2,1304,18,1,31,683,72,716,72
-59.8,-69,1701,13113,66,-999,-999,-999,31,12359,47,-999,48.81134574,14.51015345,Sars Seamount-Deep,Chen et al. (2015),1,-999,-999,-999,-999,-999,-999,-999,0,0,2,206.6,3.6,11240,24,45,31,4,28.2,388,0,0,-999,-149.8,2.2,1304,18,1,31,1119,53,1152,53
-59.8,-69,1701,13158,67,-999,-999,-999,31,12359,24,-999,54.53593713,11.69735047,Sars Seamount-Deep,Chen et al. (2015),1,-999,-999,-999,-999,-999,-999,-999,0,0,2,210.8,3.6,11251,24,51,29,4,28.2,389,0,0,-999,-149.8,2.2,1304,18,1,31,1108,34,1141,34
-59.8,-69,1701,14051,81,-999,-999,-999,31,13345,72,-999,39.12286238,19.49614796,Sars Seamount-Deep,Chen et al. (2015),1,-999,-999,-999,-999,-999,-999,-999,0,0,2,206.7,3.9,12152,26,36,33,4,28.2,390,0,0,-999,-149.8,2.2,1304,18,1,31,1193,77,1226,77
-59.8,-69,1701,14063,61,-999,-999,-999,31,13421,58,-999,30.83333334,15.04962024,Sars Seamount-Deep,Chen et al. (2015),1,-999,-999,-999,-999,-999,-999,-999,0,0,2,204.9,3.8,12174,25,27,31,4,28.2,391,0,0,-999,-149.8,2.2,1304,18,1,31,1247,63,1280,63
-59.8,-69,1701,14103,58,-999,-999,-999,31,13421,58,-999,35.83312147,14.7466834,Sars Seamount-Deep,Chen et al. (2015),1,-999,-999,-999,-999,-999,-999,-999,0,0,2,200.9,3.5,12240,23,32,31,4,28.2,392,0,0,-999,-149.8,2.2,1304,18,1,31,1181,62,1214,62
-59.8,-68.96666667,1701,14740,130,-999,-999,-999,31,13758,78,-999,72.83797202,27.29070369,Sars Seamount-Deep,Li et al. 2020,1,-999,-999,-999,-999,-999,-999,-999,0,0,2,274.5,6.7,12375,42,69,38,4,28.2,393,0,0,-999,-149.8,2.2,1304,18,1,31,1383,89,1416,89
-59.8,-69,1701,14783,66,-999,-999,-999,31,13757,53,-999,78.56703131,15.72750256,Sars Seamount-Deep,Chen et al. (2015),1,-999,-999,-999,-999,-999,-999,-999,0,0,2,278.6,7.2,12397,45,75,31,4,28.2,394,0,0,-999,-149.8,2.2,1304,18,1,31,1360,70,1393,70
-59.8,-68.96666667,1701,14791,145,-999,-999,-999,31,13974,80,-999,50.83750617,28.90013364,Sars Seamount-Deep,Li et al. 2020,1,-999,-999,-999,-999,-999,-999,-999,0,0,2,277.4,7.4,12414,47,47,40,4,28.2,395,0,0,-999,-149.8,2.2,1304,18,1,31,1560,93,1593,93
-59.8,-68.96666667,1672,14826,113,-999,-999,-999,31,14062,80,-999,43.79839232,24.66487421,Sars Seamount-Deep,Li et al. 2020,1,-999,-999,-999,-999,-999,-999,-999,0,0,2,274.1,6.5,12464,41,40,37,4,28.2,396,0,0,-999,-149.8,2.2,1304,18,1,31,1598,90,1631,90
-59.8,-68.96666667,1701,14980,115,-999,-999,-999,31,14161,80,-999,50.39940578,25.07504595,Sars Seamount-Deep,Li et al. 2020,1,-999,-999,-999,-999,-999,-999,-999,0,0,2,279.7,6.3,12575,40,47,37,4,28.2,397,0,0,-999,-149.8,2.2,1304,18,1,31,1586,89,1619,89
-59.8,-68.96666667,1701,15106,134,-999,-999,-999,31,14170,80,-999,65.3372554,27.88086658,Sars Seamount-Deep,Li et al. 2020,1,-999,-999,-999,-999,-999,-999,-999,0,0,2,285.1,6.6,12667,41,62,39,4,28.2,398,0,0,-999,-149.8,2.2,1304,18,1,31,1503,90,1536,90
-59.8,-68.96666667,1701,15107,119,-999,-999,-999,31,14062,38,-999,79.88756032,20.65418165,Sars Seamount-Deep,Li et al. 2020,1,-999,-999,-999,-999,-999,-999,-999,0,0,2,285.1,6.6,12667,41,76,34,4,28.2,399,0,0,-999,-149.8,2.2,1304,18,1,31,1395,56,1428,56
-59.8,-68.96666667,1701,15199,124,-999,-999,-999,31,14203,82,-999,72.97258438,27.04959293,Sars Seamount-Deep,Li et al. 2020,1,-999,-999,-999,-999,-999,-999,-999,0,0,2,286.9,5.6,12744,35,69,38,4,28.2,400,0,0,-999,-149.8,2.2,1304,18,1,31,1459,89,1492,89
-59.8,-68.96666667,1701,15264,155,-999,-999,-999,31,14298,80,-999,68.72813461,30.6854365,Sars Seamount-Deep,Li et al. 2020,1,-999,-999,-999,-999,-999,-999,-999,0,0,2,288.2,6.9,12803,43,65,41,4,28.2,401,0,0,-999,-149.8,2.2,1304,18,1,31,1495,91,1528,91
-59.8,-68.96666667,1701,15328,192,-999,-999,-999,31,14405,73,-999,62.78290591,34.3470255,Sars Seamount-Deep,Li et al. 2020,1,-999,-999,-999,-999,-999,-999,-999,0,0,2,287.6,6.9,12866,43,59,44,4,28.2,402,0,0,-999,-149.8,2.2,1304,18,1,31,1539,85,1572,85
-59.8,-68.96666667,1701,15484,141,-999,-999,-999,31,14397,82,-999,84.10737177,29.56039256,Sars Seamount-Deep,Li et al. 2020,1,-999,-999,-999,-999,-999,-999,-999,0,0,2,302.1,7,12931,43,81,40,4,28.2,403,0,0,-999,-149.8,2.2,1304,18,1,31,1466,93,1499,93
-59.8,-68.96666667,1701,16310,444,-999,-999,-999,31,14012,76,-999,256.8386692,79.44540499,Sars Seamount-Deep,Li et al. 2020,1,-999,-999,-999,-999,-999,-999,-999,0,0,2,335.4,6,13525,36,253,84,4,28.2,404,0,0,-999,-149.8,2.2,1304,18,1,31,487,84,520,84
-59.8,-68.96666667,1701,16310,444,-999,-999,-999,31,13750,74,-999,298.506862,81.75533662,Sars Seamount-Deep,Li et al. 2020,1,-999,-999,-999,-999,-999,-999,-999,0,0,2,335.4,6,13525,36,295,86,4,28.2,405,0,0,-999,-149.8,2.2,1304,18,1,31,225,82,258,82
-57.16666667,-66.1,1874,15768,216,-999,-999,-999,32,14723,78,-999,77.37530088,38.61916098,Cape Horn-Deep,Li et al. 2020,1,-999,-999,-999,-999,-999,-999,-999,0,0,2,310.3,6.7,13153,41,90,47,4,28.04,406,0,0,-999,-999,5,1460,40,1,32,1570,88,1447,88
-57.16666667,-66.1,1877,15810,139,-999,-999,-999,32,14628,68,-999,95.74496296,27.70219909,Cape Horn-Deep,Li et al. 2020,1,-999,-999,-999,-999,-999,-999,-999,0,0,2,311.1,6.6,13187,41,109,39,4,28.04,407,0,0,-999,-999,5,1460,40,1,32,1441,79,1318,79
-57.16666667,-66.1,1012,12310,142,-999,-999,-999,33,11285,68,-999,87.87122803,27.8980424,Cape Horn-Shallow,Li et al. 2020,1,-999,-999,-999,-999,-999,-999,-999,0,0,2,219.9,3.1,10365,21,82,39,4,27.76,408,0,0,-999,-999,5,1255,40,1,33,920,71,979,71
-57.16666667,-66.1,1012,12325,92,-999,-999,-999,33,11352,66,-999,80.79473121,20.9089453,Cape Horn-Shallow,Li et al. 2020,1,-999,-999,-999,-999,-999,-999,-999,0,0,2,217,4,10403,27,75,34,4,27.76,409,0,0,-999,-999,5,1255,40,1,33,949,71,1008,71
-57.16666667,-66.1,1012,12363,84,-999,-999,-999,33,11103,68,-999,119.9570747,20.86148427,Cape Horn-Shallow,Li et al. 2020,1,-999,-999,-999,-999,-999,-999,-999,0,0,2,228.1,2.7,10369,18,114,34,4,27.76,410,0,0,-999,-999,5,1255,40,1,33,734,70,793,70
-57.16666667,-66.1,1012,12390,97,-999,-999,-999,33,11231,64,-999,105.8586418,21.78741438,Cape Horn-Shallow,Li et al. 2020,1,-999,-999,-999,-999,-999,-999,-999,0,0,2,230.2,2.8,10375,18,100,35,4,27.76,411,0,0,-999,-999,5,1255,40,1,33,856,66,915,66
-57.16666667,-66.1,1012,12398,71,-999,-999,-999,33,11226,73,-999,107.6185056,19.57914839,Cape Horn-Shallow,Li et al. 2020,1,-999,-999,-999,-999,-999,-999,-999,0,0,2,234.8,3.1,10355,20,101,33,4,27.76,412,0,0,-999,-999,5,1255,40,1,33,871,76,930,76
-57.16666667,-66.1,1012,12420,174,-999,-999,-999,33,11260,68,-999,105.8794074,32.64213669,Cape Horn-Shallow,Li et al. 2020,1,-999,-999,-999,-999,-999,-999,-999,0,0,2,239.9,3,10341,20,100,42,4,27.76,413,0,0,-999,-999,5,1255,40,1,33,919,71,978,71
-57.16666667,-66.1,1012,12421,145,-999,-999,-999,33,11370,66,-999,90.97120235,28.10185975,Cape Horn-Shallow,Li et al. 2020,1,-999,-999,-999,-999,-999,-999,-999,0,0,2,238.1,3.5,10363,23,85,39,4,27.76,414,0,0,-999,-999,5,1255,40,1,33,1007,70,1066,70
-57.16666667,-66.1,1012,12553,90,-999,-999,-999,33,11434,66,-999,99.73393513,21.00923812,Cape Horn-Shallow,Li et al. 2020,1,-999,-999,-999,-999,-999,-999,-999,0,0,2,240.7,2.6,10472,17,93,34,4,27.76,415,0,0,-999,-999,5,1255,40,1,33,962,68,1021,68
-57.16666667,-66.1,1012,14111,100,-999,-999,-999,33,13150,72,-999,72.41122422,22.58591403,Cape Horn-Shallow,Li et al. 2020,1,-999,-999,-999,-999,-999,-999,-999,0,0,2,201.1,3.4,12248,23,66,35,4,27.76,416,0,0,-999,-999,5,1255,40,1,33,902,76,961,76
-57.16666667,-66.1,1012,14165,160,-999,-999,-999,33,13238,76,-999,67.67861936,30.76945095,Cape Horn-Shallow,Li et al. 2020,1,-999,-999,-999,-999,-999,-999,-999,0,0,2,203.9,3.3,12278,22,61,41,4,27.76,417,0,0,-999,-999,5,1255,40,1,33,960,79,1019,79
-57.16666667,-66.1,1012,14193,101,-999,-999,-999,33,13209,73,-999,75.17543709,22.90809108,Cape Horn-Shallow,Li et al. 2020,1,-999,-999,-999,-999,-999,-999,-999,0,0,2,204.7,3.2,12302,21,69,35,4,27.76,418,0,0,-999,-999,5,1255,40,1,33,907,76,966,76
-57.16666667,-66.1,1012,14424,180,-999,-999,-999,33,13298,72,-999,93.4599876,33.61425346,Cape Horn-Shallow,Li et al. 2020,1,-999,-999,-999,-999,-999,-999,-999,0,0,2,223.9,3.8,12398,25,87,43,4,27.76,419,0,0,-999,-999,5,1255,40,1,33,900,76,959,76
-57.16666667,-66.1,1012,14464,108,-999,-999,-999,33,13320,72,-999,95.75846004,24.13824191,Cape Horn-Shallow,Li et al. 2020,1,-999,-999,-999,-999,-999,-999,-999,0,0,2,228.1,4.2,12410,27,89,36,4,27.76,420,0,0,-999,-999,5,1255,40,1,33,910,77,969,77
-57.16666667,-66.1,1012,14503,310,-999,-999,-999,33,13226,72,-999,113.8985433,51.7720362,Cape Horn-Shallow,Li et al. 2020,1,-999,-999,-999,-999,-999,-999,-999,0,0,2,231.6,4.3,12426,28,108,58,4,27.76,421,0,0,-999,-999,5,1255,40,1,33,800,77,859,77
-57.16666667,-66.1,1012,14683,143,-999,-999,-999,33,13288,81,-999,129.6650989,30.93533318,Cape Horn-Shallow,Li et al. 2020,1,-999,-999,-999,-999,-999,-999,-999,0,0,2,253.5,6.7,12459,43,123,41,4,27.76,422,0,0,-999,-999,5,1255,40,1,33,829,92,888,92
-57.16666667,-66.1,1012,14877,229,-999,-999,-999,33,13266,72,-999,159.659833,42.5267415,Cape Horn-Shallow,Li et al. 2020,1,-999,-999,-999,-999,-999,-999,-999,0,0,2,275.6,4.6,12504,29,153,50,4,27.76,423,0,0,-999,-999,5,1255,40,1,33,762,78,821,78
-57.16666667,-66.1,1012,15044,158,-999,-999,-999,33,13486,78,-999,151.3561225,33.18907182,Cape Horn-Shallow,Li et al. 2020,1,-999,-999,-999,-999,-999,-999,-999,0,0,2,282.4,5.7,12626,36,145,43,4,27.76,424,0,0,-999,-999,5,1255,40,1,33,860,86,919,86
-57.16666667,-66.1,648,15158,172,-999,-999,-999,33,13715,74,-999,134.5349646,34.06114634,Cape Horn-Shallow,Li et al. 2020,1,-999,-999,-999,-999,-999,-999,-999,0,0,2,285.3,5.9,12715,37,107,43,4,27.57,425,0,0,-999,-999,5,1054,40,1,33,1000,83,1261,83
-57.16666667,-66.1,1012,15203,197,-999,-999,-999,33,13444,85,-999,179.867345,40.60847104,Cape Horn-Shallow,Li et al. 2020,1,-999,-999,-999,-999,-999,-999,-999,0,0,2,287.3,5.6,12751,35,174,49,4,27.76,426,0,0,-999,-999,5,1255,40,1,33,693,92,752,92
-57.16666667,-66.1,1012,15313,220,-999,-999,-999,33,13994,75,-999,116.5464074,40.14660986,Cape Horn-Shallow,Li et al. 2020,1,-999,-999,-999,-999,-999,-999,-999,0,0,2,287.5,6.9,12856,43,110,48,4,27.76,427,0,0,-999,-999,5,1255,40,1,33,1138,86,1197,86
-57.16666667,-66.1,1012,15544,126,-999,-999,-999,33,13859,74,-999,167.6444803,28.55563145,Cape Horn-Shallow,Li et al. 2020,1,-999,-999,-999,-999,-999,-999,-999,0,0,2,305.4,7.3,12969,45,161,39,4,27.76,428,0,0,-999,-999,5,1255,40,1,33,890,87,949,87
-57.16666667,-66.1,1012,15636,93,-999,-999,-999,33,14000,80,-999,160.1675598,24.60721869,Cape Horn-Shallow,Li et al. 2020,1,-999,-999,-999,-999,-999,-999,-999,0,0,2,306.7,5.8,13048,35,154,37,4,27.76,429,0,0,-999,-999,5,1255,40,1,33,952,87,1011,87
-57.16666667,-66.1,1012,15644,161,-999,-999,-999,33,14018,80,-999,158.6915436,34.10978281,Cape Horn-Shallow,Li et al. 2020,1,-999,-999,-999,-999,-999,-999,-999,0,0,2,306.9,5.8,13057,36,152,44,4,27.76,430,0,0,-999,-999,5,1255,40,1,33,961,88,1020,88
-57.16666667,-66.1,1012,15802,201,-999,-999,-999,33,14086,74,-999,171.0940997,39.26891284,Cape Horn-Shallow,Li et al. 2020,1,-999,-999,-999,-999,-999,-999,-999,0,0,2,311.1,6.6,13187,41,165,48,4,27.76,431,0,0,-999,-999,5,1255,40,1,33,899,85,958,85
-57.16666667,-66.1,1012,15821,165,-999,-999,-999,33,14301,76,-999,142.7894255,33.62553918,Cape Horn-Shallow,Li et al. 2020,1,-999,-999,-999,-999,-999,-999,-999,0,0,2,311.8,6.5,13202,40,137,43,4,27.76,432,0,0,-999,-999,5,1255,40,1,33,1099,86,1158,86
-57.16666667,-66.1,1012,16032,232,-999,-999,-999,33,14064,80,-999,207.4353944,45.92053828,Cape Horn-Shallow,Li et al. 2020,1,-999,-999,-999,-999,-999,-999,-999,0,0,2,322.2,6.2,13343,38,201,53,4,27.76,433,0,0,-999,-999,5,1255,40,1,33,721,89,780,89
-57.16666667,-66.1,648,16417,404,-999,-999,-999,33,14351,79,-999,220.5989498,71.69450633,Cape Horn-Shallow,Li et al. 2020,1,-999,-999,-999,-999,-999,-999,-999,0,0,2,338.6,6.1,13613,36,193,77,4,27.57,434,0,0,-999,-999,5,1054,40,1,33,738,87,999,87
-57.16666667,-66.1,1012,20252,439,-999,-999,-999,33,18182,113,-999,204.8155807,80.98793413,Cape Horn-Shallow,Li et al. 2020,1,-999,-999,-999,-999,-999,-999,-999,0,0,2,442.4,7.3,16744,41,199,85,4,27.76,435,0,0,-999,-999,5,1255,40,1,33,1438,120,1497,120
50.4,-46.4,1600,13375,123,-999,-999,-999,34,11820,40,-999,157.7146836,22.99128419,North-Atlantic-Cao2007,Cao et al. (2007),1,-999,-999,-999,-999,-999,-999,-999,0,0,2,202.6,4.1,11519,28,118,28,1,27.9,436,0,0,-999,-999,5,546,40,1,34,301,49,654,49
50.4,-46.4,1600,13098,203,-999,-999,-999,34,11760,45,-999,127.9597138,34.02143635,North-Atlantic-Cao2007,Cao et al. (2007),1,-999,-999,-999,-999,-999,-999,-999,0,0,2,211.2,4.5,11190,30,88,38,1,27.9,437,0,0,-999,-999,5,546,40,1,34,570,54,923,54
50.4,-46.4,1600,12886,132,-999,-999,-999,34,11655,35,-999,113.8666073,22.63992314,North-Atlantic-Cao2007,Cao et al. (2007),1,-999,-999,-999,-999,-999,-999,-999,0,0,2,211.8,3.2,10982,21,74,28,1,27.9,438,0,0,-999,-999,5,546,40,1,34,673,41,1026,41
50.4,-46.4,1600,13847,98,-999,-999,-999,34,12270,30,-999,158.9605335,18.06771596,North-Atlantic-Cao2007,Cao et al. (2007),1,-999,-999,-999,-999,-999,-999,-999,0,0,2,196.9,4,12014,27,119,24,1,27.9,439,0,0,-999,-999,5,546,40,1,34,256,40,609,40
50.4,-46.4,1600,13401,114,-999,-999,-999,34,12140,30,-999,116.007203,19.55831451,North-Atlantic-Cao2007,Cao et al. (2007),1,-999,-999,-999,-999,-999,-999,-999,0,0,2,206.2,4.5,11525,30,76,25,1,27.9,440,0,0,-999,-999,5,546,40,1,34,615,42,968,42
6,-27,749,267,50,-999,-999,-999,35,1204,15,KCCAMS,-110.9347535,7.037416651,tropical-atlantic-intermediate-shal-Chenetal2015,Chen et al. (2015),1,-999,-999,-999,-999,-999,-999,-999,0,0,2,11.4,1.2,171,10,-122,18,1,27.69,441,0,0,-999,-94.3,5,796,40,1,35,1033,18,1136,18
6,-27,845,733,64,-999,-999,-999,35,1636,19,KCCAMS,-108.6286178,9.00912511,tropical-atlantic-intermediate-shal-Chenetal2015,Chen et al. (2015),1,-999,-999,-999,-999,-999,-999,-999,0,0,2,-18.4,1.3,868,11,-116,19,1,27.69,442,0,0,-999,-98.8,5,836,40,1,35,768,22,831,22
9.216,-21.316,845,5427,72.5,-999,-999,-999,35,5425,29.5,-999,-18.69676644,12.2098461,tropical-atlantic-intermediate-shal-Chenetal2015,Chen et al. 2020,1,-999,-999,-999,-999,-999,-999,-999,0,0,2,84,2,4628,15,-19,20,1,27.69,443,1,0,-999,-105.3,5,894,40,1,35,797,33,802,33
15,-48,795,10414,80,-999,-999,-999,35,9796,24,KCCAMS,41.05808182,13.18504594,tropical-atlantic-intermediate-shal-Chenetal2015,Chen et al. (2015),1,-999,-999,-999,-999,-999,-999,-999,0,0,2,116,2.9,9243,21,20,21,1,27.69,444,0,0,-999,-999,5,714,40,1,35,553,32,738,32
9,-21.3,973,11400,52,-999,-999,-999,35,10695,26,KCCAMS,48.74436868,9.991242746,tropical-atlantic-intermediate-shal-Chenetal2015,Chen et al. (2015),1,-999,-999,-999,-999,-999,-999,-999,0,0,2,143.1,3.2,10003,23,48,19,1,27.69,445,0,0,-999,-105.3,5,894,40,1,35,692,35,697,35
9,-21.3,973,11480,67,-999,-999,-999,35,10729,29,KCCAMS,54.46981713,12.35299597,tropical-atlantic-intermediate-shal-Chenetal2015,Chen et al. (2015),1,-999,-999,-999,-999,-999,-999,-999,0,0,2,151.9,3.3,10019,23,54,20,1,27.69,446,0,0,-999,-105.3,5,894,40,1,35,710,37,715,37
9.216,-21.316,1080,12428,152,-999,-999,-999,35,11329,33.5,-999,97.48258409,24.75763306,tropical-atlantic-intermediate-shal-Chenetal2015,Chen et al. 2020,1,-999,-999,-999,-999,-999,-999,-999,0,0,2,238.1,3.5,10363,23,97,30,1,27.69,447,0,0,-999,-105.3,5,894,40,1,35,966,41,971,41
15,-48,795,12449,56,-999,-999,-999,35,11175,24,KCCAMS,121.5707266,10.94849447,tropical-atlantic-intermediate-shal-Chenetal2015,Chen et al. (2015),1,-999,-999,-999,-999,-999,-999,-999,0,0,2,238.3,3.2,10380,20,101,20,1,27.69,448,0,0,-999,-999,5,714,40,1,35,795,31,980,31
9,-21.3,1080,13234,82,-999,-999,-999,35,12314,32,KCCAMS,70.25385717,14.87970782,tropical-atlantic-intermediate-shal-Chenetal2015,Chen et al. (2015),1,-999,-999,-999,-999,-999,-999,-999,0,0,2,205,4,11367,27,70,22,1,27.69,449,0,0,-999,-105.3,5,894,40,1,35,947,42,952,42
9,-21.3,1080,14289,77,-999,-999,-999,35,13107,31,KCCAMS,101.6333067,14.51247967,tropical-atlantic-intermediate-shal-Chenetal2015,Chen et al. (2015),1,-999,-999,-999,-999,-999,-999,-999,0,0,2,213,7.5,12335,50,101,22,1,27.69,450,0,0,-999,-105.3,5,894,40,1,35,772,59,777,59
9,-21.3,1080,14516,52,-999,-999,-999,35,13140,31,KCCAMS,127.6596951,11.44498414,tropical-atlantic-intermediate-shal-Chenetal2015,Chen et al. (2015),1,-999,-999,-999,-999,-999,-999,-999,0,0,2,232.5,4.4,12430,29,127,20,1,27.69,451,0,0,-999,-105.3,5,894,40,1,35,710,42,715,42
9,-21.3,973,14759,81,-999,-999,-999,35,13417,34,KCCAMS,121.9358561,15.74187428,tropical-atlantic-intermediate-shal-Chenetal2015,Chen et al. (2015),1,-999,-999,-999,-999,-999,-999,-999,0,0,2,279.2,5.7,12364,36,121,23,1,27.69,452,0,0,-999,-105.3,5,894,40,1,35,1053,50,1058,50
15,-48,795,14938,51,-999,-999,-999,35,13464,30,KCCAMS,139.8049186,11.28847151,tropical-atlantic-intermediate-shal-Chenetal2015,Chen et al. (2015),1,-999,-999,-999,-999,-999,-999,-999,0,0,2,280.1,5.7,12534,36,119,20,1,27.69,453,0,0,-999,-999,5,714,40,1,35,930,47,1115,47
9.216,-21.316,1080,15157,115,-999,-999,-999,35,13747,39,-999,129.8877748,21.20438248,tropical-atlantic-intermediate-shal-Chenetal2015,Chen et al. 2020,1,-999,-999,-999,-999,-999,-999,-999,0,0,2,285.3,5.9,12715,37,129,27,1,27.69,454,0,0,-999,-105.3,5,894,40,1,35,1032,54,1037,54
9.216,-21.316,1080,15583,83.5,-999,-999,-999,35,14128,41.5,-999,134.5307619,17.32108726,tropical-atlantic-intermediate-shal-Chenetal2015,Chen et al. 2020,1,-999,-999,-999,-999,-999,-999,-999,0,0,2,306.2,6.6,13003,41,134,24,1,27.69,455,0,0,-999,-105.3,5,894,40,1,35,1125,58,1130,58
9.216,-21.316,1080,15983,142,-999,-999,-999,35,14392,40.5,-999,152.2768463,25.6038886,tropical-atlantic-intermediate-shal-Chenetal2015,Chen et al. 2020,1,-999,-999,-999,-999,-999,-999,-999,0,0,2,321.2,5.9,13300,36,152,30,1,27.69,456,0,0,-999,-105.3,5,894,40,1,35,1092,54,1097,54
9.216,-21.316,1080,16003,110,-999,-999,-999,35,14435,40.5,-999,148.9014092,21.08078695,tropical-atlantic-intermediate-shal-Chenetal2015,Chen et al. 2020,1,-999,-999,-999,-999,-999,-999,-999,0,0,2,321.5,5.9,13317,36,148,27,1,27.69,457,0,0,-999,-105.3,5,894,40,1,35,1118,54,1123,54
9.216,-21.316,1080,16801,69,-999,-999,-999,35,14972,44,-999,183.510839,16.36118952,tropical-atlantic-intermediate-shal-Chenetal2015,Chen et al. 2020,1,-999,-999,-999,-999,-999,-999,-999,0,0,2,365.7,6,13830,35,183,23,1,27.69,458,0,0,-999,-105.3,5,894,40,1,35,1142,56,1147,56
9,-21.3,1080,17153,90,-999,-999,-999,35,15176,43,KCCAMS,204.023653,19.55369426,tropical-atlantic-intermediate-shal-Chenetal2015,Chen et al. (2015),1,-999,-999,-999,-999,-999,-999,-999,0,0,2,367.7,6.8,14159,40,203,25,1,27.69,459,0,0,-999,-105.3,5,894,40,1,35,1017,59,1022,59
9,-21.3,1080,17818,78,-999,-999,-999,35,15663,45,KCCAMS,228.119791,18.46792787,tropical-atlantic-intermediate-shal-Chenetal2015,Chen et al. (2015),1,-999,-999,-999,-999,-999,-999,-999,0,0,2,413.5,11,14536,62,228,25,1,27.69,460,0,0,-999,-105.3,5,894,40,1,35,1127,77,1132,77
9.216,-21.316,1080,18654,99,-999,-999,-999,35,16606,48,-999,208.3050183,21.69105585,tropical-atlantic-intermediate-shal-Chenetal2015,Chen et al. 2020,1,-999,-999,-999,-999,-999,-999,-999,0,0,2,425.9,8.7,15282,49,208,27,1,27.69,461,0,0,-999,-105.3,5,894,40,1,35,1324,69,1329,69
11,-45,1097,18614,83,-999,-999,-999,35,16420,47,KCCAMS,230.6402216,19.55665966,tropical-atlantic-intermediate-shal-Chenetal2015,Chen et al. (2015),1,-999,-999,-999,-999,-999,-999,-999,0,0,2,435.9,10.5,15187,59,201,25,1,27.69,462,0,0,-999,-76,5,635,40,2,35,1233,75,1497,75
11,-45,1097,20106,107,-999,-999,-999,35,17687,54,KCCAMS,258.9609604,24.75943713,tropical-atlantic-intermediate-shal-Chenetal2015,Chen et al. (2015),1,-999,-999,-999,-999,-999,-999,-999,0,0,2,436.4,7.9,16632,44,229,30,1,27.69,463,0,0,-999,-76,5,635,40,2,35,1055,70,1319,70
6,-27,845,21088,63,-999,-999,-999,35,18306,59,KCCAMS,312.6068736,19.64437232,tropical-atlantic-intermediate-shal-Chenetal2015,Chen et al. (2015),1,-999,-999,-999,-999,-999,-999,-999,0,0,2,447.1,7.9,17524,44,306,26,1,27.69,464,0,0,-999,-98.8,5,836,40,2,35,782,74,845,74
15,-48,795,23008,158,-999,-999,-999,35,20219,65,KCCAMS,304.8931732,35.50237222,tropical-atlantic-intermediate-shal-Chenetal2015,Chen et al. (2015),1,-999,-999,-999,-999,-999,-999,-999,0,0,2,495.2,12.7,19127,68,284,39,1,27.69,465,0,0,-999,-999,5,714,40,2,35,1092,94,1277,94
6,-27,845,23781,103,-999,-999,-999,35,20617,63,KCCAMS,363.5339848,27.68412876,tropical-atlantic-intermediate-shal-Chenetal2015,Chen et al. (2015),1,-999,-999,-999,-999,-999,-999,-999,0,0,2,525,13.7,19727,72,356,32,1,27.69,466,0,0,-999,-98.8,5,836,40,1,35,890,96,953,96
11,-45,1097,22311,84,-999,-999,-999,35,19652,70,KCCAMS,287.1029311,24.29542687,tropical-atlantic-intermediate-shal-Chenetal2015,Chen et al. (2015),1,-999,-999,-999,-999,-999,-999,-999,0,0,2,514,9,18357,48,257,29,1,27.69,467,0,0,-999,-76,5,635,40,2,35,1295,85,1559,85
11,-45,1097,22414,81,-999,-999,-999,35,19451,77,KCCAMS,336.2602622,25.90295861,tropical-atlantic-intermediate-shal-Chenetal2015,Chen et al. (2015),1,-999,-999,-999,-999,-999,-999,-999,0,0,2,500.4,15,18527,81,306,31,1,27.69,468,0,0,-999,-76,5,635,40,2,35,924,112,1188,112
11,-45,1296,372,29,-999,-999,-999,36,1062,17,KCCAMS,-83.51215137,5.154532132,tropical-atlantic-intermediate-med-Chenetal2015,Chen et al. (2015),1,-999,-999,-999,-999,-999,-999,-999,0,0,2,5.8,1.2,323,10,-113,17,1,27.9,469,0,0,-999,-76,5,635,40,1,36,739,20,1003,20
11,-45,1327,474,30,-999,-999,-999,36,1202,15,KCCAMS,-88.16512838,5.011636853,tropical-atlantic-intermediate-med-Chenetal2015,Chen et al. (2015),1,-999,-999,-999,-999,-999,-999,-999,0,0,2,9.4,1.2,391,10,-118,17,1,27.9,470,0,0,-999,-76,5,635,40,1,36,811,18,1075,18
15,-48,1612,692,9,-999,-999,-999,36,1464,16,KCCAMS,-93.84229785,2.79137761,tropical-atlantic-intermediate-med-Chenetal2015,Chen et al. (2015),1,-999,-999,-999,-999,-999,-999,-999,0,0,2,-15.9,1.3,809,11,-115,17,1,27.9,471,0,0,-999,-84.6,5,710,40,1,36,655,19,844,19
15.5,-51,1492,6798,35,-999,-999,-999,36,6450,20,KCCAMS,19.556441,6.854968128,tropical-atlantic-intermediate-med-Chenetal2015,Chen et al. (2015),1,-999,-999,-999,-999,-999,-999,-999,0,0,2,78.1,2.4,6003,18,-6,18,1,27.9,472,0,0,-999,-80,5,670,40,1,36,447,27,676,27
11,-45,1657,8602,18,-999,-999,-999,36,8406,19,KCCAMS,-5.893467381,4.515818944,tropical-atlantic-intermediate-med-Chenetal2015,Chen et al. (2015),1,-999,-999,-999,-999,-999,-999,-999,0,0,2,63.4,3,7873,23,-27,17,1,27.9,473,0,0,-999,-84.6,5,710,40,1,36,533,30,722,30
11,-45,1578,8962,19,-999,-999,-999,36,8459,24,KCCAMS,31.52464398,5.452633984,tropical-atlantic-intermediate-med-Chenetal2015,Chen et al. (2015),1,-999,-999,-999,-999,-999,-999,-999,0,0,2,98.6,2.7,7961,19,10,17,1,27.9,474,0,0,-999,-84.6,5,710,40,1,36,498,31,687,31
11,-45,1296,11391,58,-999,-999,-999,36,10456,25,KCCAMS,79.24013556,10.9307401,tropical-atlantic-intermediate-med-Chenetal2015,Chen et al. (2015),1,-999,-999,-999,-999,-999,-999,-999,0,0,2,143.1,3.2,10003,23,49,20,1,27.9,475,0,0,-999,-76,5,635,40,1,36,453,34,717,34
11,-45,1146,12039,51,-999,-999,-999,36,10889,26,KCCAMS,105.9873881,10.40279969,tropical-atlantic-intermediate-med-Chenetal2015,Chen et al. (2015),1,-999,-999,-999,-999,-999,-999,-999,0,0,2,187.9,2.7,10316,18,76,19,1,27.9,476,0,0,-999,-76,5,635,40,1,36,573,32,837,32
6,-27,1162,16980,72,-999,-999,-999,36,15080,42,KCCAMS,193.2648476,16.63197629,tropical-atlantic-intermediate-med-Chenetal2015,Chen et al. (2015),1,-999,-999,-999,-999,-999,-999,-999,0,0,2,377.7,6.1,13926,36,186,23,1,27.9,477,0,0,-999,-999,5,834,40,1,36,1154,55,1219,55
6,-27,1264,15955,60,-999,-999,-999,36,14363,38,KCCAMS,152.5340034,13.81720664,tropical-atlantic-intermediate-med-Chenetal2015,Chen et al. (2015),1,-999,-999,-999,-999,-999,-999,-999,0,0,2,320.5,6.1,13275,37,144,21,1,27.9,478,0,0,-999,-999,5,819,40,1,36,1088,53,1168,53
6,-27,1264,16458,114,-999,-999,-999,36,15007,36,KCCAMS,130.4751359,20.65637735,tropical-atlantic-intermediate-med-Chenetal2015,Chen et al. (2015),1,-999,-999,-999,-999,-999,-999,-999,0,0,2,341.9,6.2,13632,37,122,26,1,27.9,479,0,0,-999,-999,5,819,40,1,36,1375,52,1455,52
11,-45,1296,12468,98,-999,-999,-999,36,11335,30,KCCAMS,101.9822381,17.17944787,tropical-atlantic-intermediate-med-Chenetal2015,Chen et al. (2015),1,-999,-999,-999,-999,-999,-999,-999,0,0,2,234.8,3.6,10423,23,72,24,1,27.9,480,0,0,-999,-76,5,635,40,1,36,912,38,1176,38
11,-45,1648,10813,25,-999,-999,-999,36,10103,24,KCCAMS,51.57013281,6.321812141,tropical-atlantic-intermediate-med-Chenetal2015,Chen et al. (2015),1,-999,-999,-999,-999,-999,-999,-999,0,0,2,121.3,3.5,9594,25,30,17,1,27.9,481,0,0,-999,-84.6,5,710,40,1,36,509,35,698,35
11,-45,1657,10499,22,-999,-999,-999,36,9997,25,KCCAMS,25.825486,5.922477697,tropical-atlantic-intermediate-med-Chenetal2015,Chen et al. (2015),1,-999,-999,-999,-999,-999,-999,-999,0,0,2,120.9,3.2,9286,23,5,17,1,27.9,482,0,0,-999,-84.6,5,710,40,1,36,711,34,900,34
9,-21.3,1354,14846,72,-999,-999,-999,36,13598,37,KCCAMS,108.5438976,14.76106009,tropical-atlantic-intermediate-med-Chenetal2015,Chen et al. (2015),1,-999,-999,-999,-999,-999,-999,-999,0,0,2,273.6,5.4,12487,34,98,22,1,27.9,483,0,0,-999,-999,5,807,40,1,36,1111,50,1203,50
9,-21.3,1365,15952,72,-999,-999,-999,36,14537,42,KCCAMS,127.4285962,15.71433678,tropical-atlantic-intermediate-med-Chenetal2015,Chen et al. (2015),1,-999,-999,-999,-999,-999,-999,-999,0,0,2,320.5,6.1,13275,37,117,23,1,27.9,484,0,0,-999,-999,5,807,40,1,36,1262,56,1354,56
9,-21.3,1366,14516,57,-999,-999,-999,36,13219,33,KCCAMS,116.6241545,12.28639374,tropical-atlantic-intermediate-med-Chenetal2015,Chen et al. (2015),1,-999,-999,-999,-999,-999,-999,-999,0,0,2,232.5,4.4,12430,29,106,20,1,27.9,485,0,0,-999,-999,5,807,40,1,36,789,44,881,44
9,-21.3,1366,14893,71,-999,-999,-999,36,13456,34,KCCAMS,134.7469639,14.54888062,tropical-atlantic-intermediate-med-Chenetal2015,Chen et al. (2015),1,-999,-999,-999,-999,-999,-999,-999,0,0,2,277.6,4.6,12510,29,125,22,1,27.9,486,0,0,-999,-999,5,807,40,1,36,946,45,1038,45
9,-21.3,1366,15069,95,-999,-999,-999,36,13682,35,KCCAMS,127.0067264,17.86211314,tropical-atlantic-intermediate-med-Chenetal2015,Chen et al. (2015),1,-999,-999,-999,-999,-999,-999,-999,0,0,2,283.8,6,12636,37,117,24,1,27.9,487,0,0,-999,-999,5,807,40,1,36,1046,51,1138,51
9,-21.3,1366,25287,87,-999,-999,-999,36,22183,95,KCCAMS,346.2245879,30.09060578,tropical-atlantic-intermediate-med-Chenetal2015,Chen et al. (2015),1,-999,-999,-999,-999,-999,-999,-999,0,0,2,554.6,14.1,21021,73,336,34,1,27.9,488,0,0,-999,-999,5,807,40,1,36,1162,120,1254,120
9,-21.3,1380,15925,87,-999,-999,-999,36,14606,40,KCCAMS,114.1412131,17.27347822,tropical-atlantic-intermediate-med-Chenetal2015,Chen et al. (2015),1,-999,-999,-999,-999,-999,-999,-999,0,0,2,318.8,6.2,13257,38,104,24,1,27.9,489,0,0,-999,-999,5,807,40,1,36,1349,55,1441,55
9,-21.3,1413,11552,44,-999,-999,-999,37,10999,28,KCCAMS,28.53562844,9.059446451,tropical-atlantic-intermediate-deep-Chenetal2015,Chen et al. (2015),1,-999,-999,-999,-999,-999,-999,-999,0,0,2,162.3,3.2,10025,22,18,19,1,27.9,490,0,0,-999,-999,5,807,40,1,37,974,36,1066,36
9,-21.3,1431,16446,66,-999,-999,-999,37,14981,39,KCCAMS,132.4949431,14.53996099,tropical-atlantic-intermediate-deep-Chenetal2015,Chen et al. (2015),1,-999,-999,-999,-999,-999,-999,-999,0,0,2,341,6.1,13627,37,120,22,1,27.9,491,0,0,-999,-999,5,790,40,1,37,1354,54,1463,54
15.5,-51,1544,13972,47,-999,-999,-999,37,12849,34,KCCAMS,94.79396974,10.8581206,tropical-atlantic-intermediate-deep-Chenetal2015,Chen et al. (2015),1,-999,-999,-999,-999,-999,-999,-999,0,0,2,217,5.9,12007,39,69,20,1,27.9,492,0,0,-999,-80,5,670,40,1,37,842,52,1071,52
9,-21.3,1545,14609,74,-999,-999,-999,37,13404,32,KCCAMS,103.5469927,14.27457947,tropical-atlantic-intermediate-deep-Chenetal2015,Chen et al. (2015),1,-999,-999,-999,-999,-999,-999,-999,0,0,2,239.8,4.5,12470,29,91,22,1,27.9,493,0,0,-999,-999,5,790,40,1,37,934,43,1043,43
9,-21.3,1545,14967,53,-999,-999,-999,37,13771,40,KCCAMS,100.9216509,12.54030992,tropical-atlantic-intermediate-deep-Chenetal2015,Chen et al. (2015),1,-999,-999,-999,-999,-999,-999,-999,0,0,2,279.9,6.3,12564,39,89,21,1,27.9,494,0,0,-999,-999,5,790,40,1,37,1207,56,1316,56
9,-21.3,1545,15378,54,-999,-999,-999,37,14282,38,KCCAMS,85.72811174,12.22825119,tropical-atlantic-intermediate-deep-Chenetal2015,Chen et al. (2015),1,-999,-999,-999,-999,-999,-999,-999,0,0,2,290.5,6.4,12896,40,74,20,1,27.9,495,0,0,-999,-999,5,790,40,1,37,1386,55,1495,55
9,-21.3,1545,15451,52,-999,-999,-999,37,14382,39,KCCAMS,81.80665523,12.05703041,tropical-atlantic-intermediate-deep-Chenetal2015,Chen et al. (2015),1,-999,-999,-999,-999,-999,-999,-999,0,0,2,299.4,6.8,12919,42,70,20,1,27.9,496,0,0,-999,-999,5,790,40,1,37,1463,57,1572,57
11,-45,1657,11358,34,-999,-999,-999,37,10593,30,KCCAMS,56.76334765,8.292858144,tropical-atlantic-intermediate-deep-Chenetal2015,Chen et al. (2015),1,-999,-999,-999,-999,-999,-999,-999,0,0,2,139.8,4,9987,28,36,18,1,27.9,497,0,0,-999,-84.6,5,710,40,1,37,606,41,795,41
11,-45,1657,11742,27,-999,-999,-999,37,11069,29,KCCAMS,43.31689523,7.174013722,tropical-atlantic-intermediate-deep-Chenetal2015,Chen et al. (2015),1,-999,-999,-999,-999,-999,-999,-999,0,0,2,175.2,3.2,10121,22,22,18,1,27.9,498,0,0,-999,-84.6,5,710,40,1,37,948,36,1137,36
11,-45,1657,12149,26,-999,-999,-999,37,11344,28,KCCAMS,59.08259881,7.022464147,tropical-atlantic-intermediate-deep-Chenetal2015,Chen et al. (2015),1,-999,-999,-999,-999,-999,-999,-999,0,0,2,197.1,2.6,10361,18,38,18,1,27.9,499,0,0,-999,-84.6,5,710,40,1,37,983,33,1172,33
11,-45,1657,12238,29,-999,-999,-999,37,11391,28,KCCAMS,64.30062182,7.443294837,tropical-atlantic-intermediate-deep-Chenetal2015,Chen et al. (2015),1,-999,-999,-999,-999,-999,-999,-999,0,0,2,209.9,2.7,10363,18,43,18,1,27.9,500,0,0,-999,-84.6,5,710,40,1,37,1028,33,1217,33
11,-45,1657,12291,75,-999,-999,-999,37,11374,28,KCCAMS,73.41504032,13.48012502,tropical-atlantic-intermediate-deep-Chenetal2015,Chen et al. (2015),1,-999,-999,-999,-999,-999,-999,-999,0,0,2,214.2,3.1,10393,21,52,21,1,27.9,501,0,0,-999,-84.6,5,710,40,1,37,981,35,1170,35
15,-48,1827,13369,62,-999,-999,-999,37,12181,29,KCCAMS,106.0361195,12.28809938,tropical-atlantic-intermediate-deep-Chenetal2015,Chen et al. (2015),1,-999,-999,-999,-999,-999,-999,-999,0,0,2,200.5,4.1,11524,27,85,20,1,27.9,502,0,0,-999,-84.6,5,710,40,1,37,657,40,846,40
9,-21.3,1829,10646,35,-999,-999,-999,37,10149,24,KCCAMS,24.65629537,7.399492784,tropical-atlantic-intermediate-deep-Chenetal2015,Chen et al. (2015),1,-999,-999,-999,-999,-999,-999,-999,0,0,2,124.8,3,9404,21,13,18,1,27.9,503,0,0,-999,-999,5,797,40,1,37,745,32,847,32
9,-21.3,1829,14819,42,-999,-999,-999,37,14057,37,KCCAMS,43.56428668,10.1085815,tropical-atlantic-intermediate-deep-Chenetal2015,Chen et al. (2015),1,-999,-999,-999,-999,-999,-999,-999,0,0,2,275,7,12449,44,32,19,1,27.9,504,0,0,-999,-999,5,797,40,1,37,1608,57,1710,57
9,-21.3,1829,16517,87,-999,-999,-999,37,15213,43,KCCAMS,109.7453893,17.61982198,tropical-atlantic-intermediate-deep-Chenetal2015,Chen et al. (2015),1,-999,-999,-999,-999,-999,-999,-999,0,0,2,346.3,7,13664,42,98,24,1,27.9,505,0,0,-999,-999,5,797,40,1,37,1549,60,1651,60
9,-21.3,1829,17367,118,-999,-999,-999,37,15725,51,KCCAMS,153.9743724,23.79944158,tropical-atlantic-intermediate-deep-Chenetal2015,Chen et al. (2015),1,-999,-999,-999,-999,-999,-999,-999,0,0,2,381.9,11.5,14280,67,143,29,1,27.9,506,0,0,-999,-999,5,797,40,1,37,1445,84,1547,84
6,-27,1966,2267,12,-999,-999,-999,37,2842,17,KCCAMS,-76.48459661,3.294948111,tropical-atlantic-intermediate-deep-Chenetal2015,Chen et al. (2015),1,-999,-999,-999,-999,-999,-999,-999,0,0,2,3.3,1.8,2180,14,-85,17,1,27.9,507,0,0,-999,-97,5,820,40,1,37,662,22,741,22
6,-27,1985,2273,11,-999,-999,-999,37,2874,18,KCCAMS,-79.488321,3.287474888,tropical-atlantic-intermediate-deep-Chenetal2015,Chen et al. (2015),1,-999,-999,-999,-999,-999,-999,-999,0,0,2,6.7,2,2162,16,-88,17,1,27.9,508,0,0,-999,-97,5,820,40,1,37,712,24,791,24
6,-27,1966,12850,43,-999,-999,-999,37,11823,28,KCCAMS,86.07360804,9.434867227,tropical-atlantic-intermediate-deep-Chenetal2015,Chen et al. (2015),1,-999,-999,-999,-999,-999,-999,-999,0,0,2,204.9,3,10989,20,77,19,1,27.9,509,0,0,-999,-97,5,820,40,1,37,834,34,913,34
6,-27,1966,14180,45,-999,-999,-999,37,13017,30,KCCAMS,99.45294681,10.09083692,tropical-atlantic-intermediate-deep-Chenetal2015,Chen et al. (2015),1,-999,-999,-999,-999,-999,-999,-999,0,0,2,204.1,3.2,12287,22,91,19,1,27.9,510,0,0,-999,-97,5,820,40,1,37,730,37,809,37
6,-27,1966,16176,74,-999,-999,-999,37,15149,42,KCCAMS,73.41956618,15.22126104,tropical-atlantic-intermediate-deep-Chenetal2015,Chen et al. (2015),1,-999,-999,-999,-999,-999,-999,-999,0,0,2,331.3,5.6,13423,34,65,22,1,27.9,511,0,0,-999,-97,5,820,40,1,37,1726,54,1805,54
6,-27,1985,13429,29,-999,-999,-999,37,12325,28,KCCAMS,94.29932997,7.653093858,tropical-atlantic-intermediate-deep-Chenetal2015,Chen et al. (2015),1,-999,-999,-999,-999,-999,-999,-999,0,0,2,206.7,3.8,11541,25,85,18,1,27.9,512,0,0,-999,-97,5,820,40,1,37,784,38,863,38
6,-27,1985,14172,43,-999,-999,-999,37,12981,28,KCCAMS,103.3230118,9.584715114,tropical-atlantic-intermediate-deep-Chenetal2015,Chen et al. (2015),1,-999,-999,-999,-999,-999,-999,-999,0,0,2,204.1,3.2,12287,22,94,19,1,27.9,513,0,0,-999,-97,5,820,40,1,37,694,36,773,36
6,-27,1985,14221,48,-999,-999,-999,37,13132,29,KCCAMS,89.21392433,10.25654474,tropical-atlantic-intermediate-deep-Chenetal2015,Chen et al. (2015),1,-999,-999,-999,-999,-999,-999,-999,0,0,2,207,3.4,12316,22,80,19,1,27.9,514,0,0,-999,-97,5,820,40,1,37,816,36,895,36
6,-27,1985,14388,28,-999,-999,-999,37,13240,35,KCCAMS,96.59784939,8.492124878,tropical-atlantic-intermediate-deep-Chenetal2015,Chen et al. (2015),1,-999,-999,-999,-999,-999,-999,-999,0,0,2,218.3,3.5,12396,23,88,18,1,27.9,515,0,0,-999,-97,5,820,40,1,37,844,42,923,42
6,-27,2814,10382,25,-999,-999,-999,38,9864,23,KCCAMS,28.29458692,6.053873542,tropical-atlantic-deep-Chenetal2015,Chen et al. (2015),1,-999,-999,-999,-999,-999,-999,-999,0,0,2,115,3.1,9222,22,6,6,1,28.2,516,0,0,-999,-97,5,820,40,1,38,642,32,845,32
9,-21.3,2100,11785,91,-999,-999,-999,38,10874,26,KCCAMS,74.52771454,15.30637993,tropical-atlantic-deep-Chenetal2015,Chen et al. (2015),1,-999,-999,-999,-999,-999,-999,-999,0,0,2,180.2,3.2,10125,22,52,15,1,28.2,517,0,0,-999,-97,5,820,40,1,38,749,34,952,34
-1.3,-11.9,600,3401.5,66.375,2.5,2.5,2.5,39,-999,-999,-999,-999,-999,RC24-08,Cleroux et al. (2011),3,-999,G. ruber,3770,30,LLNL,-56.21689054,3.531237255,0,0,2,12.9,2.2,3211,17,-999,-999,1,27.4,518,0,1.1,3.5,-97.7,5,826,40,1,39,-999,-999,-999,-999
-1.3,-11.9,600,10295,209.25,26.5,26.5,26.5,39,-999,-999,-999,-999,-999,RC24-08,Cleroux et al. (2011),3,-999,G. ruber,9655,50,LLNL,44.35095526,6.52065168,0,0,2,105.5,2.8,9203,20,-999,-999,1,27.4,519,0,1.1,4.7,-97.7,5,826,40,1,39,-999,-999,-999,-999
-1.3,-11.9,600,12838.5,156.375,38.5,38.5,38.5,39,-999,-999,-999,-999,-999,RC24-08,Cleroux et al. (2011),3,-999,G. ruber,11535,35,LLNL,124.1531935,4.908651911,0,0,2,207.2,3.4,10964,23,-999,-999,1,27.4,520,0,1.1,12.2,-97.7,5,826,40,1,39,-999,-999,-999,-999
-1.3,-11.9,600,13661.5,199.25,48.5,48.5,48.5,39,-999,-999,-999,-999,-999,RC24-08,Cleroux et al. (2011),3,-999,G. ruber,12325,50,LLNL,125.5121124,7.027400521,0,0,2,196,3.9,11845,26,-999,-999,1,27.4,521,0,1.1,4.8,-97.7,5,826,40,1,39,-999,-999,-999,-999
-1.3,-11.9,600,15339,186,56.5,56.5,56.5,39,-999,-999,-999,-999,-999,RC24-08,Cleroux et al. (2011),3,-999,G. ruber,13550,50,NOSAMS/LLNL,183.7145217,7.390801,0,0,2,287.8,6.9,12874,43,-999,-999,1,27.4,522,0,1.1,7.8,-97.7,5,826,40,1,39,-999,-999,-999,-999
-1.3,-11.9,600,15852,171.25,60.5,60.5,60.5,39,-999,-999,-999,-999,-999,RC24-08,Cleroux et al. (2011),3,-999,G. ruber,13790,50,LLNL,222.4225481,7.632483699,0,0,2,313.3,6.4,13222,39,-999,-999,1,27.4,523,0,1.1,10.5,-97.7,5,826,40,1,39,-999,-999,-999,-999
-1.3,-11.9,600,16615,217.25,68.5,68.5,68.5,39,-999,-999,-999,-999,-999,RC24-08,Cleroux et al. (2011),3,-999,G. ruber,14440,70,LLNL,236.4112497,10.82123499,0,0,2,349.7,7.1,13741,43,-999,-999,1,27.4,524,0,1.1,5.8,-97.7,5,826,40,1,39,-999,-999,-999,-999
-1.3,-11.9,600,19021,244,82.5,82.5,82.5,39,-999,-999,-999,-999,-999,RC24-08,Cleroux et al. (2011),3,-999,G. ruber,16570,100,LLNL,268.8277607,15.89391548,0,0,2,401.6,6.2,15780,35,-999,-999,1,27.4,525,0,1.1,5.8,-97.7,5,826,40,2,39,-999,-999,-999,-999
48.6,150.4,1980,4936,219.5,29,31,30,40,6840,50,NOSAMS,-224.6299773,25.41782488,Nesmeyanov25-1 GGC15,Cook and Keigwin (2015),3,-999,N. pachyderma (s.),5190,35,NOSAMS,-47.83048789,4.157679507,390,100,2,55,2,4370,15,-210,37,2,27.85,526,0,1,7.3,-227.5,5,2074,40,1,40,2470,52,2318,52
48.6,150.4,1980,10849,267.875,72,73,72.5,40,11350,70,NOSAMS,-95.7013265,37.19250971,Nesmeyanov25-1 GGC15,Cook and Keigwin (2015),3,-999,Mixed PF,10450,50,NOSAMS,11.50797485,6.31558878,390,100,2,127.2,3,9581,21,-81,46,2,27.85,527,0,1,10.4,-227.5,5,2074,40,1,40,1769,73,1617,73
48.6,150.4,1980,16512,271.625,131,132,131.5,40,15850,90,NOSAMS,24.52377976,45.15545491,Nesmeyanov25-1 GGC15,Cook and Keigwin (2015),3,-999,Mixed PF,14750,70,NOSAMS,174.8765075,10.28267477,390,100,2,346.3,7,13664,42,39,52,2,27.85,528,0,1,10.7,-227.5,5,2074,40,1,40,2186,99,2034,99
48.6,150.4,1980,20049,297.25,169,171,170,40,19350,130,NOSAMS,16.50556084,53.02406342,Nesmeyanov25-1 GGC15,Cook and Keigwin (2015),3,-999,N. pachyderma (s.),17750,100,NOSAMS,240.5430332,15.53960808,390,100,2,433.8,8,16588,45,31,59,2,27.85,529,0,1,10.7,-227.5,5,2074,40,1,40,2762,138,2610,138
48.8,150.4,1700,11340,250.5,143,145,144,41,11600,55,NOSAMS,-69.77095573,34.56405464,Nesmeyanov25-1 GGC18,Cook and Keigwin (2015),3,-999,G. bulloides,10650,50,NOSAMS,47.0092112,6.537249128,390,100,2,140.8,3.4,9961,24,-57,44,2,27.8,530,0,1,8.5,-225.8,5,2056,40,1,41,1639,60,1505,60
48.8,150.4,1700,14180,281.5,167,169,168,41,14100,50,NOSAMS,-39.21645733,38.70637595,Nesmeyanov25-1 GGC18,Cook and Keigwin (2015),3,-999,G. bulloides,13150,65,NOSAMS,81.39949547,8.785773655,390,100,2,204.1,3.2,12287,22,-26,47,2,27.8,531,0,1,8.5,-225.8,5,2056,40,1,41,1813,55,1679,55
48.9,150.4,1510,11498,239.625,143,144,143.5,42,11750,60,NOSAMS,-69.36234794,33.93383237,Nesmeyanov25-1 GGC20,Cook and Keigwin (2015),3,-999,G. bulloides,10800,45,NOSAMS,47.46911527,5.884275211,390,100,2,153.1,3.1,10030,22,-61,43,2,27.75,532,0,1,11.7,-221.4,5,2010,40,1,42,1720,64,1631,64
48.9,150.4,1510,14573,274,179,181,180,42,14450,85,NOSAMS,-35.39636606,42.19090548,Nesmeyanov25-1 GGC20,Cook and Keigwin (2015),3,-999,G. bulloides,13400,50,NOSAMS,99.2991208,6.86373352,390,100,2,237.1,4.5,12458,29,-27,50,2,27.75,533,0,1,11.7,-221.4,5,2010,40,1,42,1992,90,1903,90
49.6,150.2,995,11114,261.5,41.5,42.5,42,43,11650,85,NOSAMS,-100.4731454,37.98313224,Nesmeyanov25-1 GGC27,Cook and Keigwin (2015),3,-999,G. bulloides,10530,60,NOSAMS,34.10725753,7.752860916,390,100,2,153.5,3.2,9658,22,-107,46,2,27.55,534,0,1,2.1,-206.3,5,1856,40,1,43,1992,88,2057,88
49.6,150.2,995,13703,445,47,49,48,43,13900,90,NOSAMS,-70.22078553,60.50827191,Nesmeyanov25-1 GGC27,Cook and Keigwin (2015),3,-999,G. bulloides,12760,55,NOSAMS,71.55029902,7.361818178,390,100,2,205.9,3.8,11818,25,-77,66,2,27.55,535,0,1,2.1,-206.3,5,1856,40,1,43,2082,93,2147,93
51.1,168.1,3700,14370,323.5,29,30,29.5,44,13850,110,NOSAMS,14.19828197,53.5999453,RNDB GGC15,Cook and Keigwin (2015),3,-999,G. bulloides,12800,50,NOSAMS,155.8190748,7.216629193,390,100,2,215.2,3.4,12398,23,28,54,2,28.1,536,0,0,2.1,-223.3,5,2030,40,1,44,1452,112,1309,112
51.1,167.9,2804,14431.5,281.875,31,32,31.5,45,14900,55,NOSAMS,-103.424857,36.71888049,RNDB GGC5,Cook and Keigwin (2015),3,-999,G. bulloides,13200,75,NOSAMS,107.8861908,10.39220285,390,100,2,225.1,4,12401,26,-79,37,2,28,537,0,0,5.8,-236.9,5,2172,40,1,45,2499,61,2249,61
51.1,167.9,2804,22044,369.25,75,77,76,45,21900,160,NOSAMS,-57.99888294,60.87991412,RNDB GGC5,Cook and Keigwin (2015),3,-999,Mixed PF,19450,120,NOSAMS,277.9319277,19.23353294,390,100,2,514.3,8.7,18093,46,-34,61,2,28,538,0,0,5.8,-236.9,5,2172,40,2,45,3807,166,3557,166
51.1,169,3225,14146,178.75,65,65,65,46,14250,55,OS-99824,-60.86106348,26.73983515,RNDB PC11,Keigwin & Lehmann (2015),3,-999,G. bulloides,13100,50,OS-99825,83.68537745,6.766245429,390,100,2,203.6,3.3,12261,22,-41,27,2,28.1,539,0,0,23.1,-229.2,5,2091,40,1,46,1989,59,1785,59
51.1,169,3225,14427,176,71.5,72.5,72,46,14400,85,NOSAMS,-46.36497832,30.39827192,RNDB PC11,Cook and Keigwin (2015),3,-999,G. bulloides,13080,60,NOSAMS,123.9484792,8.426414352,390,100,2,223.9,3.8,12398,25,-27,30,2,28.1,540,0,0,21.7,-229.2,5,2091,40,1,46,2002,89,1798,89
51.1,169,3225,14611,181.25,75.5,76.5,76,46,14200,80,NOSAMS,-0.319740774,31.87864461,RNDB PC11,Cook and Keigwin (2015),3,-999,G. bulloides,13140,70,NOSAMS,140.692907,9.983495375,390,100,2,240.8,4.4,12473,28,20,32,2,28.1,541,0,0,18,-229.2,5,2091,40,1,46,1727,85,1523,85
51.1,169,3225,16421,272.25,108,109,108.5,46,16650,110,NOSAMS,-82.74422128,42.78314813,RNDB PC11,Cook and Keigwin (2015),3,-999,N. pachyderma (s.),14950,85,NOSAMS,133.4409822,12.05701518,390,100,2,339.4,6,13618,36,-63,43,2,28.1,542,0,0,18,-229.2,5,2091,40,1,46,3032,116,2828,116
49.7,168.3,2329,8390,40,15,17,16,47,7690,45,NOSAMS,59.2671483,11.05938082,RNDB PC13,Cook and Keigwin (2015),3,-999,-999,-999,-999,-999,-999,-999,390,100,2,71.7,2.6,7596,20,89,11,2,27.86,543,0,1.2,9.3,-242.4,5,2230,40,1,47,94,49,-215,49
49.7,168.3,2329,9737.013158,200,27.5,27.5,27.5,47,9780,45,OS-100201,-38.88470321,28.64015306,RNDB PC13,Keigwin & Lehmann (2015),3,-999,-999,10450,40,OS-99822,-115.7954501,4.4138411,390,100,2,90,3.1,8772,23,-9,29,2,27.86,544,0,0,5.9,-242.4,5,2230,40,1,47,1008,51,699,51
49.7,168.3,2329,14032,232,53,55,54,47,14800,65,NOSAMS,-135.0202531,31.28016224,RNDB PC13,Cook and Keigwin (2015),3,-999,G. bulloides,13100,70,NOSAMS,68.84417265,9.354665738,390,100,2,210.6,4.6,12108,30,-105,31,2,27.86,545,0,0,22,-242.4,5,2230,40,1,47,2692,72,2383,72
49.7,168.3,2329,14373,249,60.5,61.5,61,47,16000,85,NOSAMS,-223.6754731,31.60599083,RNDB PC13,Cook and Keigwin (2015),3,-999,Mixed PF,13660,90,NOSAMS,38.84939809,11.70448952,390,100,2,216.7,3.4,12397,23,-194,32,2,27.86,546,1,0,28.7,-242.4,5,2230,40,1,47,3603,88,3294,88
49.7,168.3,2329,14722,284.75,70.5,71.5,71,47,15650,95,OS-71383,-154.1373875,39.15236212,RNDB PC13,Keigwin & Lehmann (2015),3,-999,G. bulloides,13000,70,OS-71384,176.4375868,10.29633755,390,100,2,270.6,7.5,12389,48,-124,39,2,27.86,547,1,0,40.5,-242.4,5,2230,40,1,47,3261,106,2952,106
49.7,168.3,2329,14759,301.5,72,72,72,47,14900,75,OS-99826,-67.19381536,42.74380187,RNDB PC13,Keigwin & Lehmann (2015),3,-999,G. bulloides,13050,50,OS-99823,174.3821497,7.332532132,390,100,2,279.2,5.7,12364,36,-38,43,2,27.86,548,0,0,2.4,-242.4,5,2230,40,1,47,2536,83,2227,83
49.7,168.3,2329,17668.5,330.25,79,82,80.5,47,17350,90,NOSAMS,-22.35463543,50.03010185,RNDB PC13,Cook and Keigwin (2015),3,-999,N. pachyderma (s.),15900,60,NOSAMS,171.0457202,8.7795096,390,100,2,401.2,7.9,14460,45,7,50,2,27.86,549,0,0,8.2,-242.4,5,2230,40,2,47,2890,101,2581,101
49.7,168.3,2329,20231,167.5,100,101,100.5,47,20100,160,NOSAMS,-53.49479008,38.0399783,RNDB PC13,Cook and Keigwin (2015),3,-999,N. pachyderma (s.),17500,110,NOSAMS,308.2443904,18.03768097,390,100,2,441.8,7.2,16728,40,-24,38,2,27.86,550,0,0,3.6,-242.4,5,2230,40,2,47,3372,165,3063,165
49.7,168.3,2329,22178,405,107,109,108,47,-999,-999,-999,-999,-999,RNDB PC13,Keigwin & Lehmann (2015),3,-999,N. pachyderma (s.),19650,110,OS-99827,266.8769976,17.46731978,390,100,2,513.8,8.1,18222,43,-999,-999,2,27.86,551,0,0,3.6,-242.4,5,2230,40,1,47,-999,-999,-999,-999
53.7,165,3960,14487,294.5,90,95,92.5,48,13750,80,NOSAMS,41.53932064,47.49239074,VINO19-4 GGC17,Cook and Keigwin (2015),3,-999,N. pachyderma (s.),12860,35,NOSAMS,163.5698238,5.080765924,390,100,2,229.9,4.2,12417,27,50,47,2,28.1,552,0,0,3.6,-218,5,1975,40,1,48,1333,84,1245,84
50.4,167.7,3300,14151,260.5,49,51,50,49,13280,115,NOSAMS,60.3137599,48.60776718,VINO19-4 GGC37,Cook and Keigwin (2015),3,-999,N. pachyderma (s.),12880,115,NOSAMS,114.4482747,16.06913009,390,100,2,203.8,3.3,12269,22,80,49,2,28.1,553,0,0,-21.9,-229.2,5,2091,40,1,49,1011,117,807,117
50.4,167.7,3300,13877,235.25,55,57,56,49,13260,110,NOSAMS,28.303924,43.35587449,VINO19-4 GGC37,Cook and Keigwin (2015),3,-999,N. pachyderma (s.),12910,95,NOSAMS,74.09778763,12.77792167,390,100,2,195.2,4,12055,27,48,43,2,28.1,554,0,0,12.2,-229.2,5,2091,40,1,49,1205,113,1001,113
50.4,167.7,3300,18977.5,259.5,117,118,117.5,49,17500,100,NOSAMS,124.1858985,49.29842458,VINO19-4 GGC37,Cook and Keigwin (2015),3,-999,N. pachyderma (s.),16950,65,NOSAMS,203.8523412,9.780635397,390,100,2,399.1,6.3,15745,36,144,49,2,28.1,555,0,0,12.2,-229.2,5,2091,40,2,49,1755,106,1551,106
59.6,-144.2,682,219,135.25,22,22,22,50,2505,50,KCCAMS,-248.2472494,16.97944248,EW0408-85TC&JC,Davies-Walczak et al. (2014),3,-999,N. pachyderma (s.) & G. bulloides,660,250,-999,-54.14899111,29.89926237,480,80,2,8,1.2,149,10,-262,32,2,27.37,556,0,0,249.4,-199.4,1.9,1786,15,1,50,2356,51,2491,51
59.6,-144.2,682,628,164.5,124,124,124,50,2505,50,KCCAMS,-210.1197969,20.63616292,EW0408-85TC&JC,Davies-Walczak et al. (2014),3,-999,N. pachyderma (s.) & G. bulloides,1650,90,-999,-121.4109715,9.898870904,480,80,2,-0.7,1.3,618,10,-223,34,2,27.37,557,0,0,84.3,-199.4,1.9,1786,15,1,50,1887,51,2022,51
59.6,-144.2,682,1245,163,176,176,176,50,2890,20,KCCAMS,-188.7404177,18.01686002,EW0408-85TC&JC,Davies-Walczak et al. (2014),3,-999,N. pachyderma (s.) & G. bulloides,2340,70,-999,-131.2497792,7.603416974,480,80,2,-8.6,1.4,1284,11,-202,32,2,27.37,558,0,0,87.1,-199.4,1.9,1786,15,1,50,1606,23,1741,23
59.6,-144.2,682,1773,196.5,222,222,222,50,3440,60,KCCAMS,-192.4629787,25.23026136,EW0408-85TC&JC,Davies-Walczak et al. (2014),3,-999,N. pachyderma (s.) & G. bulloides,2730,70,-999,-117.8392364,7.720787821,480,80,2,-18.1,1.7,1877,14,-206,37,2,27.37,559,0,0,41,-199.4,1.9,1786,15,1,50,1563,62,1698,62
59.6,-144.2,682,2553,138.25,254,254,254,50,4160,20,KCCAMS,-188.6417785,15.58945951,EW0408-85TC&JC,Davies-Walczak et al. (2014),3,-999,N. pachyderma (s.) & G. bulloides,3560,60,-999,-125.7192433,6.554617095,480,80,2,-1.3,1.6,2498,13,-202,31,2,27.37,560,0,0,73.2,-199.4,1.9,1786,15,1,50,1662,24,1797,24
59.6,-144.2,682,3236,151.75,304,304,304,50,4810,60,KCCAMS,-187.2601458,20.99158722,EW0408-85TC&JC,Davies-Walczak et al. (2014),3,-999,N. pachyderma (s.) & G. bulloides,4000,80,-999,-101.0340707,8.997457398,480,80,2,12.7,1.9,3047,15,-201,34,2,27.37,561,0,0,106.6,-199.4,1.9,1786,15,1,50,1763,62,1898,62
59.6,-144.2,682,3724,163,356,356,356,50,5015,45,KCCAMS,-159.5636489,21.28114626,EW0408-85TC&JC,Davies-Walczak et al. (2014),3,-999,N. pachyderma (s.) & G. bulloides,4330,60,-999,-84.75254587,6.861750717,480,80,2,14.7,2.2,3508,18,-173,34,2,27.37,562,0,0,65.9,-199.4,1.9,1786,15,1,50,1507,48,1642,48
59.6,-144.2,682,4452,167.75,404,404,404,50,5840,25,KCCAMS,-171.7783342,19.38520672,EW0408-85TC&JC,Davies-Walczak et al. (2014),3,-999,N. pachyderma (s.) & G. bulloides,4990,90,-999,-79.33673533,10.37291214,480,80,2,36.7,2,4044,16,-185,33,2,27.37,563,0,0,70.6,-199.4,1.9,1786,15,1,50,1796,30,1931,30
59.6,-144.2,682,5160,171.5,454,454,454,50,6345,30,KCCAMS,-152.6982744,20.74378578,EW0408-85TC&JC,Davies-Walczak et al. (2014),3,-999,N. pachyderma (s.) & G. bulloides,5500,70,-999,-58.71313288,8.238267308,480,80,2,63.7,1.9,4518,15,-166,34,2,27.37,564,0,0,48.2,-199.4,1.9,1786,15,1,50,1827,34,1962,34
59.6,-144.2,682,6198,156.75,504,504,504,50,7190,25,KCCAMS,-135.2631627,19.08896519,EW0408-85TC&JC,Davies-Walczak et al. (2014),3,-999,N. pachyderma (s.) & G. bulloides,6410,25,-999,-47.08596876,2.970242693,480,80,2,82.8,2.3,5385,17,-149,33,2,27.37,565,0,0,33.7,-199.4,1.9,1786,15,1,50,1805,30,1940,30
59.6,-144.2,682,7710,120,555,555,555,50,8855,35,KCCAMS,-156.0856013,15.92777987,EW0408-85TC&JC,Davies-Walczak et al. (2014),3,-999,N. pachyderma (s.) & G. bulloides,7980,25,-999,-58.96837428,2.933205115,480,80,2,74.8,3.1,6912,23,-169,31,2,27.37,566,0,0,65.4,-199.4,1.9,1786,15,1,50,1943,42,2078,42
59.6,-144.2,682,8475,148.25,605,605,605,50,9265,30,KCCAMS,-120.3288054,19.06162578,EW0408-85TC&JC,Davies-Walczak et al. (2014),3,-999,N. pachyderma (s.) & G. bulloides,8610,80,-999,-45.59620395,9.552316962,480,80,2,66.8,2.7,7721,21,-134,33,2,27.37,567,0,0,91.2,-199.4,1.9,1786,15,1,50,1544,37,1679,37
59.6,-144.2,682,9023,188,655,655,655,50,9800,30,KCCAMS,-120.6037689,23.28527467,EW0408-85TC&JC,Davies-Walczak et al. (2014),3,-999,N. pachyderma (s.) & G. bulloides,9020,120,-999,-30.93175696,14.58497559,480,80,2,78.8,2.7,8165,20,-134,35,2,27.37,568,0,0,66.2,-199.4,1.9,1786,15,1,50,1635,36,1770,36
59.6,-144.2,682,9778,117.75,705,705,705,50,10355,45,KCCAMS,-100.8296275,17.84544965,EW0408-85TC&JC,Davies-Walczak et al. (2014),3,-999,N. pachyderma (s.) & G. bulloides,9660,70,-999,-19.57059641,8.580847971,480,80,2,92,2.7,8796,20,-114,32,2,27.37,569,0,0,54.6,-199.4,1.9,1786,15,1,50,1559,49,1694,49
59.6,-144.2,682,10144,129.75,725,725,725,50,10650,25,KCCAMS,-94.01620215,17.03992692,EW0408-85TC&JC,Davies-Walczak et al. (2014),3,-999,N. pachyderma (s.) & G. bulloides,9930,30,-999,-9.062269013,3.707669907,480,80,2,126,3.1,8910,22,-107,32,2,27.37,570,0,0,40.4,-199.4,1.9,1786,15,1,50,1740,33,1875,33
59.6,-144.2,682,10515,87.75,740,740,740,50,10915,25,KCCAMS,-83.18131657,12.58524777,EW0408-85TC&JC,Davies-Walczak et al. (2014),3,-999,N. pachyderma (s.) & G. bulloides,10260,25,-999,-5.292844495,3.100512285,480,80,2,117.1,3.1,9333,22,-97,30,2,27.37,571,0,0,40,-199.4,1.9,1786,15,1,50,1582,33,1717,33
59.6,-144.2,682,10865,79.75,754,754,754,50,11000,130,KCCAMS,-53.5999407,24.44826274,EW0408-85TC&JC,Davies-Walczak et al. (2014),3,-999,N. pachyderma (s.) & G. bulloides,10410,100,-999,18.52665516,12.75852962,480,80,2,129.2,3.2,9586,23,-67,36,2,27.37,572,0,0,39.7,-199.4,1.9,1786,15,1,50,1414,132,1549,132
59.6,-144.2,682,10991,87.5,759,759,759,50,11195,30,KCCAMS,-62.11078903,13.42994956,EW0408-85TC&JC,Davies-Walczak et al. (2014),3,-999,N. pachyderma (s.) & G. bulloides,10600,35,-999,9.995640536,4.4101792,480,80,2,151.4,3.2,9556,22,-75,30,2,27.37,573,0,0,40.6,-199.4,1.9,1786,15,1,50,1639,37,1774,37
59.6,-144.2,682,11262,120.25,770,770,770,50,11620,30,KCCAMS,-80.79790407,16.8042988,EW0408-85TC&JC,Davies-Walczak et al. (2014),3,-999,N. pachyderma (s.) & G. bulloides,10855,30,-999,11.04342843,3.782896924,480,80,2,137.6,2.9,9916,20,-94,32,2,27.37,574,0,0,17.8,-199.4,1.9,1786,15,1,50,1704,36,1839,36
59.6,-144.2,682,11824,106,780,780,780,50,12315,35,KCCAMS,-97.68018103,15.50179664,EW0408-85TC&JC,Davies-Walczak et al. (2014),3,-999,N. pachyderma (s.) & G. bulloides,11065,25,-999,54.24182706,3.28608246,480,80,2,175.8,3.9,10195,26,-111,31,2,27.37,575,0,0,15.5,-199.4,1.9,1786,15,1,50,2120,44,2255,44
59.6,-144.2,682,12471,88.75,790,790,790,50,12670,35,KCCAMS,-66.40820546,14.09075179,EW0408-85TC&JC,Davies-Walczak et al. (2014),3,-999,N. pachyderma (s.) & G. bulloides,11250,25,-999,114.1088339,3.472688527,480,80,2,230,4,10464,26,-80,30,2,27.37,576,0,0,15.4,-199.4,1.9,1786,15,1,50,2206,44,2341,44
59.6,-144.2,682,12763.5,85.625,794.5,794.5,794.5,50,12520,30,KCCAMS,-14.55442066,13.88739821,EW0408-85TC&JC,Davies-Walczak et al. (2014),3,-999,N. pachyderma (s.) & G. bulloides,11520,25,-999,116.0828705,3.478841619,480,80,2,205.3,3.1,10908,21,-28,30,2,27.37,577,0,0,15.3,-199.4,1.9,1786,15,1,50,1612,37,1747,37
59.6,-144.2,682,13090.5,86.75,799.5,799.5,799.5,50,13365,35,KCCAMS,-77.15833714,13.7052153,EW0408-85TC&JC,Davies-Walczak et al. (2014),3,-999,N. pachyderma (s.) & G. bulloides,12705,25,-999,1.865217492,3.122824037,480,80,2,211.2,4.5,11190,30,-90,30,2,27.37,578,0,0,15.4,-199.4,1.9,1786,15,1,50,2175,46,2310,46
59.6,-144.2,682,13383,92.75,804,804,804,50,13430,45,KCCAMS,-51.62718533,15.95351909,EW0408-85TC&JC,Davies-Walczak et al. (2014),3,-999,N. pachyderma (s.) & G. bulloides,12810,60,-999,24.46859698,7.680598398,480,80,2,205.2,3.9,11511,26,-65,31,2,27.37,579,0,0,15.3,-199.4,1.9,1786,15,1,50,1919,52,2054,52
59.6,-144.2,682,13774,103,810,810,810,50,13695,30,KCCAMS,-37.96075154,15.57972307,EW0408-85TC&JC,Davies-Walczak et al. (2014),3,-999,N. pachyderma (s.) & G. bulloides,13080,30,-999,38.58495138,3.885945655,480,80,2,204.9,3.4,11892,22,-51,31,2,27.37,580,0,0,15.5,-199.4,1.9,1786,15,1,50,1803,37,1938,37
59.6,-144.2,682,14419,127.25,820,820,820,50,13830,35,KCCAMS,22.77072398,20.20057648,EW0408-85TC&JC,Davies-Walczak et al. (2014),3,-999,N. pachyderma (s.) & G. bulloides,13170,60,-999,110.3512716,8.324473998,480,80,2,222.7,3.7,12397,25,9,33,2,27.37,581,0,0,21.9,-199.4,1.9,1786,15,1,50,1433,43,1568,43
59.6,-144.2,682,14647,122.5,825,825,825,50,13945,45,KCCAMS,36.42669519,21.16514128,EW0408-85TC&JC,Davies-Walczak et al. (2014),3,-999,N. pachyderma (s.) & G. bulloides,13310,80,-999,121.6803239,11.22653329,480,80,2,244.2,4.2,12480,27,23,34,2,27.37,582,0,0,30.3,-199.4,1.9,1786,15,1,50,1465,52,1600,52
59.6,-144.2,682,14961,95.75,834.5,834.5,834.5,50,13965,30,KCCAMS,73.87278199,16.44892603,EW0408-85TC&JC,Davies-Walczak et al. (2014),3,-999,N. pachyderma (s.) & G. bulloides,13420,30,-999,149.2581823,4.300038079,480,80,2,279.9,6.3,12564,39,61,31,2,27.37,583,0,0,30.2,-199.4,1.9,1786,15,1,50,1401,49,1536,49
59.6,-144.2,682,14812,106.75,830,830,830,50,13740,35,KCCAMS,84.65019135,18.73263714,EW0408-85TC&JC,Davies-Walczak et al. (2014),3,-999,N. pachyderma (s.) & G. bulloides,13430,45,-999,127.3258725,6.332879499,480,80,2,275,7,12449,44,71,33,2,27.37,584,0,0,30.1,-199.4,1.9,1786,15,1,50,1291,56,1426,56
59.6,-144.2,682,15144,85.75,840,840,840,50,14425,30,KCCAMS,36.80508783,14.62686084,EW0408-85TC&JC,Davies-Walczak et al. (2014),3,-999,N. pachyderma (s.) & G. bulloides,13830,35,-999,116.5163289,4.875305291,480,80,2,285.1,6,12707,38,23,30,2,27.37,585,0,0,29.9,-199.4,1.9,1786,15,1,50,1718,48,1853,48
59.6,-144.2,682,15613,88.5,854,854,854,50,14880,35,KCCAMS,36.89864193,15.61860754,EW0408-85TC&JC,Davies-Walczak et al. (2014),3,-999,N. pachyderma (s.) & G. bulloides,14345,30,-999,108.307921,4.14681952,480,80,2,306.5,5.8,13031,36,24,31,2,27.37,586,0,0,35.7,-199.4,1.9,1786,15,1,50,1849,50,1984,50
59.6,-144.2,682,16229,123.5,876,876,876,50,15205,45,KCCAMS,72.81839227,22.03810407,EW0408-85TC&JC,Davies-Walczak et al. (2014),3,-999,N. pachyderma (s.) & G. bulloides,14645,35,-999,150.2756775,5.022716597,480,80,2,333.5,5.8,13459,35,59,35,2,27.37,587,0,0,424.3,-199.4,1.9,1786,15,1,50,1746,57,1881,57
59.6,-144.2,682,16764,92.75,1103,1103,1103,50,15680,160,KCCAMS,78.82581913,33.59698374,EW0408-85TC&JC,Davies-Walczak et al. (2014),3,-999,N. pachyderma (s.) & G. bulloides,14860,80,-999,194.7681737,11.95804579,480,80,2,361.2,6.2,13818,37,65,43,2,27.37,588,0,0,451.2,-199.4,1.9,1786,15,1,50,1862,164,1997,164
59.6,-144.2,682,16323,108.5,904,904,904,50,15440,60,KCCAMS,53.80284692,21.70319191,EW0408-85TC&JC,Davies-Walczak et al. (2014),3,-999,N. pachyderma (s.) & G. bulloides,14870,50,-999,131.2946462,7.063505135,480,80,2,335.4,5.9,13544,36,40,34,2,27.37,589,0,0,408.2,-199.4,1.9,1786,15,1,50,1896,70,2031,70
59.6,-144.2,682,16568,99.75,1004,1004,1004,50,15590,90,KCCAMS,65.41916955,24.79436056,EW0408-85TC&JC,Davies-Walczak et al. (2014),3,-999,N. pachyderma (s.) & G. bulloides,14890,60,-999,162.4255965,8.714883209,480,80,2,348.1,6.7,13702,40,52,36,2,27.37,590,0,0,485.4,-199.4,1.9,1786,15,1,50,1888,98,2023,98
59.6,-144.2,682,16671,94,1054,1054,1054,50,15640,60,KCCAMS,72.08264997,20.1989091,EW0408-85TC&JC,Davies-Walczak et al. (2014),3,-999,N. pachyderma (s.) & G. bulloides,15040,80,-999,155.2249125,11.56227016,480,80,2,352.9,6.5,13780,39,59,33,2,27.37,591,0,0,505.1,-199.4,1.9,1786,15,1,50,1860,72,1995,72
59.6,-144.2,682,16867,93.5,1153,1153,1153,50,16110,90,KCCAMS,35.41594804,23.31312956,EW0408-85TC&JC,Davies-Walczak et al. (2014),3,-999,N. pachyderma (s.) & G. bulloides,15080,40,-999,177.065311,5.875766244,480,80,2,371.9,5.9,13853,35,22,35,2,27.37,592,0,0,413.2,-199.4,1.9,1786,15,1,50,2257,97,2392,97
59.6,-144.2,682,16988,112,1203,1203,1203,50,15830,60,KCCAMS,87.9508283,22.86717902,EW0408-85TC&JC,Davies-Walczak et al. (2014),3,-999,N. pachyderma (s.) & G. bulloides,15110,60,-999,189.9677762,8.92137116,480,80,2,377.5,6.2,13936,36,75,35,2,27.37,593,0,0,264.6,-199.4,1.9,1786,15,1,50,1894,70,2029,70
59.6,-144.2,682,17177,177.25,1253,1253,1253,50,15720,90,KCCAMS,128.4572659,36.84441229,EW0408-85TC&JC,Davies-Walczak et al. (2014),3,-999,N. pachyderma (s.) & G. bulloides,15160,35,-999,209.9316672,5.283206439,480,80,2,371.2,7.7,14158,45,115,46,2,27.37,594,0,0,264.6,-199.4,1.9,1786,15,1,50,1562,101,1697,101
0.021833333,-86.46266667,2921,2061,250,6,6,6,51,4242,38,Belfast,-243.2839846,26.46866363,ODP1240,De la Fuente et al. 2015,4,-999,N. dutertrei,3243,27,-999,-143.0753044,2.885085724,0,0,2,-12.5,1.8,2112,14,-232,26,2,28,595,0,0,12.8,-224.1,5,2038,40,1,51,2130,40,2013,40
0.021833333,-86.46266667,2921,2687,250,14,14,14,51,5130,48,Belfast,-269.1802967,26.47320208,ODP1240,De la Fuente et al. 2015,4,-999,N. dutertrei,4136,27,-999,-172.915919,2.784618633,0,0,2,17.6,1.4,2474,11,-258,26,2,28,596,0,0,12.8,-224.1,5,2038,40,1,51,2656,49,2539,49
0.021833333,-86.46266667,2921,3625,250,26,26,26,51,5285,33,Belfast,-197.0161949,27.58693028,ODP1240,De la Fuente et al. 2015,4,-999,N. dutertrei,5154,32,-999,-183.8139949,3.257816834,0,0,2,18.1,1.5,3383,12,-186,28,2,28,597,0,0,12.8,-224.1,5,2038,40,1,51,1902,35,1785,35
0.021833333,-86.46266667,2921,4563,250,38,38,38,51,8885,47,Belfast,-425.4159791,20.74214834,ODP1240,De la Fuente et al. 2015,4,-999,N. dutertrei,8046,37,-999,-362.1580631,2.944676504,0,0,2,45.5,2.1,4083,16,-414,21,2,28,598,1,1.2,12.8,-224.1,5,2038,40,1,51,4802,50,4685,50
0.021833333,-86.46266667,2921,7611.911392,250,77,77,77,51,-999,-999,Belfast,-999,-999,ODP1240,De la Fuente et al. 2015,4,-999,N. dutertrei,8583,45,-999,-137.3178515,4.846213704,0,0,2,79.1,2.9,6793,21,-999,-999,2,28,599,0,0,12.8,-224.1,5,2038,40,1,51,-999,-999,-999,-999
0.021833333,-86.46266667,2921,7651,250,77.5,77.5,77.5,51,9677,57,Belfast,-243.5878802,28.24830243,ODP1240,De la Fuente et al. 2015,4,-999,N. dutertrei,8938,44,-999,-170.7000774,4.554875186,0,0,2,83.9,3,6796,22,-232,28,2,28,600,0,0,12.8,-224.1,5,2038,40,1,51,2881,61,2764,61
0.021833333,-86.46266667,2921,7690.041667,250,78,78,78,51,-999,-999,Belfast,-999,-999,ODP1240,De la Fuente et al. 2015,4,-999,N. dutertrei,9292,43,-999,-202.6958286,4.279348098,0,0,2,74.3,2.9,6906,22,-999,-999,2,28,601,0,0,12.8,-224.1,5,2038,40,1,51,-999,-999,-999,-999
0.021833333,-86.46266667,2921,9525,250,101.5,101.5,101.5,51,10875,76,Belfast,-182.5939696,32.46092653,ODP1240,De la Fuente et al. 2015,4,-999,N. dutertrei,10089,61,-999,-98.57005311,6.871222933,0,0,2,97.4,3,8514,22,-171,32,2,28,602,0,0,12.8,-224.1,5,2038,40,1,51,2361,79,2244,79
0.021833333,-86.46266667,2921,10736.90625,250,117,117,117,51,-999,-999,Belfast,-999,-999,ODP1240,De la Fuente et al. 2015,4,-999,N. dutertrei,9145,44,-999,173.9075311,6.447609771,0,0,2,123.2,4.6,9503,33,-999,-999,2,28,603,0,0,12.8,-224.1,5,2038,40,1,51,-999,-999,-999,-999
0.021833333,-86.46266667,2921,10776,250,117.5,117.5,117.5,51,10095,62,Belfast,47.91730754,39.78731911,ODP1240,De la Fuente et al. 2015,4,-999,N. dutertrei,9388,45,-999,144.3269281,6.428384835,0,0,2,122,3,9550,22,59,40,2,28,604,0,0,14.6,-224.1,5,2038,40,1,51,545,66,428,66
0.021833333,-86.46266667,2921,10810.26087,250,118,118,118,51,-999,-999,Belfast,-999,-999,ODP1240,De la Fuente et al. 2015,4,-999,N. dutertrei,9631,46,-999,114.8397845,6.402308308,0,0,2,121.3,3.5,9594,25,-999,-999,2,28,605,0,0,14.6,-224.1,5,2038,40,1,51,-999,-999,-999,-999
0.021833333,-86.46266667,2921,13140,250,152,152,152,51,12934,64,Belfast,-20.44438577,37.43582244,ODP1240,De la Fuente et al. 2015,4,-999,N. dutertrei,11964,55,-999,105.2766144,7.593526388,0,0,2,209.5,3.4,11240,23,-9,37,2,28,606,0,0,15.7,-224.1,5,2038,40,1,51,1694,68,1577,68
0.021833333,-86.46266667,2921,14728,250,177,177,177,51,13801,67,Belfast,65.56265481,41.12100412,ODP1240,De la Fuente et al. 2015,4,-999,N. dutertrei,12492,58,-999,254.1471673,9.087983328,0,0,2,270.6,7.5,12389,48,77,41,2,28,607,0,0,27.6,-224.1,5,2038,40,1,51,1412,82,1295,82
0.021833333,-86.46266667,2921,16325,250,221,221,221,51,15922,86,Belfast,-7.328200469,40.65784903,ODP1240,De la Fuente et al. 2015,4,-999,N. dutertrei,14794,77,-999,142.3249104,11.00235679,0,0,2,335.4,5.9,13544,36,4,41,2,28,608,0,0,29.7,-224.1,5,2038,40,1,51,2378,93,2261,93
0.021833333,-86.46266667,2921,16392.25,250,223,223,223,51,14933,83,Belfast,131.898952,45.9372448,ODP1240,De la Fuente et al. 2015,4,-999,N. dutertrei,14454,70,-999,201.4458915,10.51521354,0,0,2,337.2,6.2,13602,37,143,46,2,28,609,0,0,29.7,-224.1,5,2038,40,1,51,1331,91,1214,91
0.021833333,-86.46266667,2921,16594,250,229,229,229,51,15630,79,Belfast,63.46652925,42.6299883,ODP1240,De la Fuente et al. 2015,4,-999,N. dutertrei,13947,79,-999,311.3336214,12.9598445,0,0,2,349,7.1,13726,42,75,43,2,28,610,0,0,27.5,-224.1,5,2038,40,1,51,1904,89,1787,89
0.021833333,-86.46266667,2921,17759,250,261,261,261,51,18152,107,Belfast,-105.5079967,38.97708524,ODP1240,De la Fuente et al. 2015,4,-999,N. dutertrei,16713,91,-999,69.97656651,12.18989926,0,0,2,412.6,8.8,14483,50,-94,39,2,28,611,0,0,12.7,-224.1,5,2038,40,1,51,3669,118,3552,118
0.021833333,-86.46266667,2921,19961.32727,250,289,289,289,51,17307,91,Belfast,297.0488728,53.93253698,ODP1240,De la Fuente et al. 2015,4,-999,N. dutertrei,16859,86,-999,371.440346,14.76129377,0,0,2,426.2,7.5,16553,42,308,54,2,28,612,1,0,12.7,-224.1,5,2038,40,1,51,754,100,637,100
0.021833333,-86.46266667,2921,21219.8,250,304,306,305,51,19668,99,Belfast,125.7026759,47.92986802,ODP1240,Skinner et al. 2017,4,-999,N. dutertrei,17546,88,-999,466.0442395,16.1485287,0,0,2,462,6.9,17568,38,137,48,2,28,613,0,0,13.7,-224.1,5,2038,40,2,51,2100,106,1983,106
0.021833333,-86.46266667,2921,22085,250,316,316,316,51,19756,118,Belfast,236.2834983,55.56505939,ODP1240,De la Fuente et al. 2015,4,-999,N. dutertrei,17485,94,-999,640.200559,19.30592072,0,0,2,512.8,8.5,18140,45,248,56,2,28,614,0,0,12.7,-224.1,5,2038,40,2,51,1616,126,1499,126
0.021833333,-86.46266667,2921,22243,250,318,318,318,51,20946,178,Belfast,86.63189309,56.96482307,ODP1240,De la Fuente et al. 2015,4,-999,N. dutertrei,19492,154,-999,302.240532,25.20598801,0,0,2,515.4,7.8,18281,41,98,57,2,28,615,0,0,13,-224.1,5,2038,40,2,51,2665,183,2548,183
0.021833333,-86.46266667,2921,24550,250,348,348,348,51,22753,159,Belfast,147.0542575,57.41574016,ODP1240,De la Fuente et al. 2015,4,-999,N. dutertrei,20705,116,-999,480.1530269,21.52912174,0,0,2,538.1,10.7,20397,56,158,57,2,28,616,0,0,13,-224.1,5,2038,40,1,51,2356,169,2239,169
-36.2,-73.7,1000,11074,588.25,253,253,253,52,9970,60,KCCAMS,103.4177662,86.84629384,SO161-SL22,De Pol-Holz et al. (2010),3,-999,Mixed PF,9160,380,-999,220.4827565,59.12213267,0,0,2,153,3.1,9623,21,57,91,2,27.4,617,0,0,49.9,-166,5,1458,40,1,52,347,64,810,64
-36.2,-73.7,1000,12437,133.5,321,321,321,52,11300,55,NOSAMS,102.6515412,25.35803714,SO161-SL22,De Pol-Holz et al. (2010),3,-999,Mixed PF,11050,55,-999,137.5074196,7.814960069,0,0,2,237.6,3.2,10375,21,56,37,2,27.4,618,0,0,43.3,-166,5,1458,40,1,52,925,59,1388,59
-36.2,-73.7,1000,12991,138,345,345,345,52,12300,80,NOSAMS,41.06549683,27.74954883,SO161-SL22,De Pol-Holz et al. (2010),3,-999,Mixed PF,11700,100,-999,121.802314,14.05220765,0,0,2,216.6,3,11057,20,-6,39,2,27.4,619,0,0,48.7,-166,5,1458,40,1,52,1243,82,1706,82
-36.2,-73.7,1000,14635,216.5,425,425,425,52,13400,60,NOSAMS,107.5745245,37.28539419,SO161-SL22,De Pol-Holz et al. (2010),3,-999,Mixed PF,13050,100,-999,156.898577,14.49183945,0,0,2,243,4.2,12478,27,61,46,2,27.4,620,0,0,85.1,-166,5,1458,40,1,52,922,66,1385,66
-36.2,-73.7,1000,15411,151.25,491,491,491,52,13700,60,NOSAMS,171.9789687,30.1991714,SO161-SL22,De Pol-Holz et al. (2010),3,-999,Mixed PF,13450,65,-999,209.0263539,9.822671393,0,0,2,295,6.6,12907,41,125,40,2,27.4,621,0,0,71.2,-166,5,1458,40,1,52,793,73,1256,73
-36.2,-73.7,1000,16099,147,540,540,540,52,14450,90,NOSAMS,160.1523434,33.63210212,SO161-SL22,De Pol-Holz et al. (2010),3,-999,Mixed PF,14050,90,-999,219.3841355,13.73853502,0,0,2,325.9,5.4,13378,33,113,43,2,27.4,622,0,0,71.4,-166,5,1458,40,1,52,1072,96,1535,96
-36.2,-73.7,1000,16449,119,565,565,565,52,14650,90,NOSAMS,180.5625131,30.22377098,SO161-SL22,De Pol-Holz et al. (2010),3,-999,Mixed PF,14200,75,-999,248.5838048,11.71197573,0,0,2,341,6.1,13627,37,134,40,2,27.4,623,0,0,69.9,-166,5,1458,40,1,52,1023,97,1486,97
-36.2,-73.7,1000,16778,124.25,588,588,588,52,15150,85,NOSAMS,154.3582556,29.56748731,SO161-SL22,De Pol-Holz et al. (2010),3,-999,Mixed PF,14650,65,-999,228.4925066,9.980823133,0,0,2,362.3,6.1,13821,36,108,40,2,27.4,624,0,0,96.6,-166,5,1458,40,1,52,1329,92,1792,92
-36.2,-73.7,1000,17099,125.25,619,619,619,52,15050,75,NOSAMS,215.0950394,29.75711004,SO161-SL22,De Pol-Holz et al. (2010),3,-999,Mixed PF,14800,75,-999,253.5053652,11.75814099,0,0,2,365.2,8.2,14116,48,168,40,2,27.4,625,0,0,107.2,-166,5,1458,40,1,52,934,89,1397,89
-36.2,-73.7,1000,17528,113.75,665,665,665,52,15550,75,NOSAMS,202.58345,27.77735215,SO161-SL22,De Pol-Holz et al. (2010),3,-999,Mixed PF,15100,75,-999,271.8735374,11.93043826,0,0,2,378.5,6.2,14455,36,156,39,2,27.4,626,0,0,90.9,-166,5,1458,40,1,52,1095,83,1558,83
-36.2,-73.7,1000,17748,123,685,685,685,52,15850,100,NOSAMS,189.743812,32.51627296,SO161-SL22,De Pol-Holz et al. (2010),3,-999,G. bulloides,15350,70,-999,266.1505652,11.08151741,0,0,2,411.9,8.3,14477,47,143,42,2,27.4,627,0,0,100.5,-166,5,1458,40,2,52,1373,110,1836,110
-36.2,-73.7,1000,18146,123.75,725,725,725,52,16250,85,NOSAMS,187.7807175,30.35170097,SO161-SL22,De Pol-Holz et al. (2010),3,-999,G. bulloides,15700,80,-999,271.9538641,12.73057224,0,0,2,432.3,7.7,14750,43,141,40,2,27.4,628,0,0,114.4,-166,5,1458,40,2,52,1500,95,1963,95
-36.2,-73.7,1000,18452,108.25,760,760,760,52,16550,75,NOSAMS,187.3872573,26.63618109,SO161-SL22,De Pol-Holz et al. (2010),3,-999,G. bulloides,16000,65,-999,271.5325211,10.33049948,0,0,2,405.5,7.7,15203,44,141,38,2,27.4,629,0,0,93.6,-166,5,1458,40,2,52,1347,87,1810,87
-36.2,-73.7,1000,18719,108.75,785,785,785,52,16900,70,NOSAMS,174.0767844,25.67765708,SO161-SL22,De Pol-Holz et al. (2010),3,-999,G. bulloides,16100,75,-999,297.0225844,12.16634155,0,0,2,418.7,6.3,15381,36,127,37,2,27.4,630,0,0,59.3,-166,5,1458,40,2,52,1519,79,1982,79
-36.2,-73.7,1000,19107,116.25,808,808,808,52,17100,75,NOSAMS,200.2362544,28.08619459,SO161-SL22,De Pol-Holz et al. (2010),3,-999,Mixed PF,16600,70,-999,277.3168447,11.17924617,0,0,2,404.1,6.7,15843,38,154,39,2,27.4,631,0,0,80.6,-166,5,1458,40,2,52,1257,84,1720,84
-36.2,-73.7,1000,19417,116.75,833,833,833,52,17550,90,NOSAMS,178.2119376,29.84281981,SO161-SL22,De Pol-Holz et al. (2010),3,-999,Mixed PF,16800,110,-999,293.514396,17.83458823,0,0,2,420.9,6.5,16048,37,131,40,2,27.4,632,0,0,85.2,-166,5,1458,40,2,52,1502,97,1965,97
-36.2,-73.7,1000,19241,98.5,818,818,818,52,17550,75,NOSAMS,153.3935592,24.51299114,SO161-SL22,De Pol-Holz et al. (2010),3,-999,Mixed PF,16850,75,-999,258.4100553,11.804148,0,0,2,405.3,6.2,15972,36,107,36,2,27.4,633,0,0,90.3,-166,5,1458,40,2,52,1578,83,2041,83
-36.2,-73.7,1000,19518,117.75,843,843,843,52,17750,85,NOSAMS,163.3664716,28.88322404,SO161-SL22,De Pol-Holz et al. (2010),3,-999,Mixed PF,16900,85,-999,293.2151113,13.75661766,0,0,2,417.7,7.6,16164,43,117,39,2,27.4,634,0,0,90.1,-166,5,1458,40,2,52,1586,95,2049,95
-36.2,-73.7,1000,19962,159.5,883,883,883,52,18000,100,NOSAMS,189.9411133,37.77772317,SO161-SL22,De Pol-Holz et al. (2010),3,-999,Mixed PF,17300,70,-999,298.2852646,11.36276456,0,0,2,426.2,7.5,16553,42,143,46,2,27.4,635,0,0,90.1,-166,5,1458,40,2,52,1447,108,1910,108
41.7,142.6,978,10626,260.25,230,230,230,53,4200,90,Gif-sur-Yvette,1143.646017,91.52796683,CH84-14,Duplessy et al. (1989),3,-999,-999,-999,-999,-999,-999,-999,200,200,2,123.7,3,9392,21,1117,95,2,27.54,636,0,0,82.8,-185.8,5,1651,40,1,53,-5192,92,-4922,92
41.7,142.6,978,10626,260.25,230,230,230,53,9380,130,Gif-sur-Yvette,124.8706944,53.63594842,CH84-14,Duplessy et al. (1989),3,-999,-999,-999,-999,-999,-999,-999,200,200,2,123.7,3,9392,21,98,60,2,27.54,637,0,0,82.8,-185.8,5,1651,40,1,53,-12,132,258,132
41.7,142.6,978,10626,260.25,230,230,230,53,10850,140,Gif-sur-Yvette,-63.23895842,45.83402747,CH84-14,Duplessy et al. (1989),3,-999,G. bulloides,10000,140,Gif-sur-Yvette,41.31721534,18.30725704,200,200,2,123.7,3,9392,21,-90,53,2,27.54,638,0,0,82.8,-185.8,5,1651,40,1,53,1458,142,1728,142
41.7,142.6,978,11230,243,280,280,280,53,11060,150,Gif-sur-Yvette,-18.23926178,47.20841809,CH84-14,Duplessy et al. (1989),3,-999,G. bulloides,10230,140,Gif-sur-Yvette,88.62577248,19.13898238,200,200,2,147.2,3.1,9809,22,-45,54,2,27.54,639,0,0,68.5,-185.8,5,1651,40,1,53,1251,152,1521,152
41.7,142.6,978,11668,232,310,310,310,53,11370,130,Gif-sur-Yvette,-4.00866978,44.08363948,CH84-14,Duplessy et al. (1989),3,-999,G. bulloides,10640,150,Gif-sur-Yvette,90.74223497,20.55875052,200,200,2,172,3.2,10065,22,-31,52,2,27.54,640,0,0,63.4,-185.8,5,1651,40,1,53,1305,132,1575,132
41.7,142.6,978,12141,233.25,340,340,340,53,11630,180,Gif-sur-Yvette,21.05072598,51.70986876,CH84-14,Duplessy et al. (1989),3,-999,G. bulloides,10870,150,Gif-sur-Yvette,122.3693652,21.15487145,200,200,2,197.1,2.6,10361,18,-6,58,2,27.54,641,0,0,55.2,-185.8,5,1651,40,1,53,1269,181,1539,181
41.7,142.6,978,13227,215.75,400,400,400,53,13200,150,Gif-sur-Yvette,-42.32413427,42.89015529,CH84-14,Duplessy et al. (1989),3,-999,G. bulloides,12180,160,Gif-sur-Yvette,87.33562166,21.87449896,200,200,2,207.9,3.8,11338,25,-69,51,2,27.54,642,0,0,68.4,-185.8,5,1651,40,1,53,1862,152,2132,152
41.7,142.6,978,14397,228.25,480,480,480,53,13930,220,Gif-sur-Yvette,7.432996874,55.433528,CH84-14,Duplessy et al. (1989),3,-999,G. bulloides,12750,150,Gif-sur-Yvette,166.8403851,21.99307921,200,200,2,219.9,3.6,12396,23,-19,62,2,27.54,643,0,0,73,-185.8,5,1651,40,1,53,1534,221,1804,221
41.7,142.6,978,13712,219.75,430,430,430,53,13010,170,Gif-sur-Yvette,39.84693031,49.66562075,CH84-14,Duplessy et al. (1989),3,-999,G. bulloides,12820,180,Gif-sur-Yvette,64.73501249,24.12743205,200,200,2,209.7,3.8,11802,25,13,56,2,27.54,644,0,0,69.6,-185.8,5,1651,40,1,53,1208,172,1478,172
41.7,142.6,978,14862,229.5,510,510,510,53,13500,200,Gif-sur-Yvette,124.3245241,59.23235645,CH84-14,Duplessy et al. (1989),3,-999,G. bulloides,13060,140,Gif-sur-Yvette,187.6261577,20.87949475,200,200,2,274.7,4.7,12500,30,97,65,2,27.54,645,0,0,53.3,-185.8,5,1651,40,1,53,1000,202,1270,202
41.7,142.6,978,15613,186,550,550,550,53,14140,200,Gif-sur-Yvette,136.9556272,53.90777188,CH84-14,Duplessy et al. (1989),3,-999,N. pachyderma (s),13830,150,Gif-sur-Yvette,181.6892715,22.27295702,200,200,2,306.5,5.8,13031,36,110,60,2,27.54,646,0,0,74.7,-185.8,5,1651,40,1,53,1109,203,1379,203
41.7,142.6,978,15613,186,550,550,550,53,-999,-999,-999,-999,-999,CH84-14,Duplessy et al. (1989),3,-999,N. pachyderma (s),13720,160,Gif-sur-Yvette,197.9820484,24.10043096,200,200,2,306.5,5.8,13031,36,-999,-999,2,27.54,647,0,0,74.7,-185.8,5,1651,40,1,53,-999,-999,-999,-999
41.7,142.6,978,15613,186,550,550,550,53,-999,-999,-999,-999,-999,CH84-14,Duplessy et al. (1989),3,-999,N. pachyderma (s),14100,190,Gif-sur-Yvette,142.6311708,27.34815832,200,200,2,306.5,5.8,13031,36,-999,-999,2,27.54,648,0,0,74.7,-185.8,5,1651,40,1,53,-999,-999,-999,-999
41.7,142.6,978,15613,186,550,550,550,53,-999,-999,-999,-999,-999,CH84-14,Duplessy et al. (1989),3,-999,N. pachyderma (s),14350,170,Gif-sur-Yvette,107.6182888,23.68998575,200,200,2,306.5,5.8,13031,36,-999,-999,2,27.54,649,0,0,74.7,-185.8,5,1651,40,1,53,-999,-999,-999,-999
41.7,142.6,978,17487,322.75,690,690,690,53,15940,190,Gif-sur-Yvette,139.9254983,71.51239955,CH84-14,Duplessy et al. (1989),3,-999,G. bulloides,15570,210,Gif-sur-Yvette,193.65844,31.61627252,200,200,2,375.3,7,14435,41,113,76,2,27.54,650,0,0,-999,-185.8,5,1651,40,1,53,1505,194,1775,194
34,-62.6,2372,12661,50,-999,-999,-999,54,11500,30,KCCAMS,105.078258,10.81086352,ALV-3887-1549-004-007,Eltgroth et al. (2006),1,-999,-999,-999,-999,-999,-999,-999,0,0,2,237.6,2.9,10599,19,80,11,1,27.9,651,0,0,-999,-999,5,673,40,1,54,901,36,1127,36
34,-62.6,2372,12681,50,-999,-999,-999,54,11370,35,KCCAMS,125.8278769,11.71464238,ALV-3887-1549-004-007,Eltgroth et al. (2006),1,-999,-999,-999,-999,-999,-999,-999,0,0,2,233.6,2.9,10644,19,100,12,1,27.9,652,0,0,-999,-999,5,673,40,1,54,726,40,952,40
34,-62.6,2372,12700,50,-999,-999,-999,54,11460,30,KCCAMS,115.8463393,10.91620652,ALV-3887-1549-004-007,Eltgroth et al. (2006),1,-999,-999,-999,-999,-999,-999,-999,0,0,2,233.3,2.8,10656,18,90,11,1,27.9,653,0,0,-999,-999,5,673,40,1,54,804,35,1030,35
34,-62.6,2372,12673,35,-999,-999,-999,55,11470,35,KCCAMS,110.8242456,9.54290579,ALV-3887-1549-004-009,Eltgroth et al. (2006),1,-999,-999,-999,-999,-999,-999,-999,0,0,2,235.6,3.1,10622,20,85,10,1,27.9,654,0,0,-999,-999,5,673,40,1,55,848,40,1074,40
34,-62.6,2372,12686,35,-999,-999,-999,55,11340,30,KCCAMS,130.7239199,9.010037161,ALV-3887-1549-004-009,Eltgroth et al. (2006),1,-999,-999,-999,-999,-999,-999,-999,0,0,2,233.6,2.9,10644,19,105,9,1,27.9,655,0,0,-999,-999,5,673,40,1,55,696,36,922,36
34,-62.6,2372,12700,35,-999,-999,-999,55,11420,40,KCCAMS,121.4165079,10.33193586,ALV-3887-1549-004-009,Eltgroth et al. (2006),1,-999,-999,-999,-999,-999,-999,-999,0,0,2,233.3,2.8,10656,18,96,10,1,27.9,656,0,0,-999,-999,5,673,40,1,55,764,44,990,44
34,-62.6,2372,12540,55,-999,-999,-999,56,11380,30,KCCAMS,105.4119012,11.48273048,ALV-3887-1549-004-012,Eltgroth et al. (2006),1,-999,-999,-999,-999,-999,-999,-999,0,0,2,231.5,3.4,10513,22,80,12,1,27.9,657,0,0,-999,-999,5,673,40,1,56,867,37,1093,37
34,-62.6,2372,12567,55,-999,-999,-999,56,11410,35,KCCAMS,104.8940294,12.16511225,ALV-3887-1549-004-012,Eltgroth et al. (2006),1,-999,-999,-999,-999,-999,-999,-999,0,0,2,242.2,2.7,10472,17,79,12,1,27.9,658,0,0,-999,-999,5,673,40,1,56,938,39,1164,39
34,-62.6,2372,12590,55,-999,-999,-999,56,11340,35,KCCAMS,117.669406,12.30577179,ALV-3887-1549-004-012,Eltgroth et al. (2006),1,-999,-999,-999,-999,-999,-999,-999,0,0,2,241.8,3.1,10494,20,92,12,1,27.9,659,0,0,-999,-999,5,673,40,1,56,846,40,1072,40
38,-60.5,1778,12180,150,-999,-999,-999,57,11010,30,KCCAMS,108.1937062,24.24813165,ALV-3890-1407-003-001,Eltgroth et al. (2006),1,-999,-999,-999,-999,-999,-999,-999,0,0,2,198.8,2.6,10378,17,74,29,1,27.92,660,0,0,-999,-999,5,595,40,1,57,632,34,936,34
38,-60.5,1778,12196,150,-999,-999,-999,57,10780,30,KCCAMS,142.5912364,25.0007761,ALV-3890-1407-003-001,Eltgroth et al. (2006),1,-999,-999,-999,-999,-999,-999,-999,0,0,2,197.8,2.6,10405,18,108,30,1,27.92,661,0,0,-999,-999,5,595,40,1,57,375,35,679,35
38,-60.5,1778,12220,150,-999,-999,-999,57,11030,30,KCCAMS,110.7996738,24.30515223,ALV-3890-1407-003-001,Eltgroth et al. (2006),1,-999,-999,-999,-999,-999,-999,-999,0,0,2,200.6,2.7,10405,18,76,29,1,27.92,662,0,0,-999,-999,5,595,40,1,57,625,35,929,35
39,-61,1176,11285,60,-999,-999,-999,58,10070,35,KCCAMS,117.9391415,12.98493051,ALV-3891-1459-003-002,Eltgroth et al. (2006),1,-999,-999,-999,-999,-999,-999,-999,0,0,2,137.6,3.4,9935,24,84,21,1,27.74,663,0,0,-999,-999,5,602,40,1,58,135,42,432,42
39,-61,1176,11308,60,-999,-999,-999,58,9940,30,KCCAMS,139.3436239,12.52433509,ALV-3891-1459-003-002,Eltgroth et al. (2006),1,-999,-999,-999,-999,-999,-999,-999,0,0,2,140.6,3.7,9933,26,106,21,1,27.74,664,0,0,-999,-999,5,602,40,1,58,7,40,304,40
39,-61,1176,11330,60,-999,-999,-999,58,10000,25,KCCAMS,133.8788002,11.75845928,ALV-3891-1459-003-002,Eltgroth et al. (2006),1,-999,-999,-999,-999,-999,-999,-999,0,0,2,140.1,3.1,9956,22,100,20,1,27.74,665,0,0,-999,-999,5,602,40,1,58,44,33,341,33
39,-61,1222,11419,65,-999,-999,-999,59,10060,35,KCCAMS,137.6228054,13.90165689,ALV-3891-1758-006-003,Eltgroth et al. (2006),1,-999,-999,-999,-999,-999,-999,-999,0,0,2,139.9,3.1,10045,22,104,21,1,27.77,666,0,0,-999,-999,5,602,40,1,59,15,41,312,41
39,-61,1222,11431,65,-999,-999,-999,59,9970,30,KCCAMS,152.1112924,13.36154267,ALV-3891-1758-006-003,Eltgroth et al. (2006),1,-999,-999,-999,-999,-999,-999,-999,0,0,2,146,3.1,10021,22,118,21,1,27.77,667,0,1.2,-999,-999,5,602,40,1,59,-51,37,246,37
39,-61,1222,11450,65,-999,-999,-999,59,10040,25,KCCAMS,144.7432837,12.56352185,ALV-3891-1758-006-003,Eltgroth et al. (2006),1,-999,-999,-999,-999,-999,-999,-999,0,0,2,148.9,3,10011,21,111,21,1,27.77,668,0,0,-999,-999,5,602,40,1,59,29,33,326,33
38,-25.6,1152,11918,60,-999,-999,-999,60,10780,40,LLNL,104.8073999,13.52012145,Smithsonian 48735.1,Eltgroth et al. (2006),1,-999,-999,-999,-999,-999,-999,-999,0,0,2,186.9,3,10206,20,70,21,1,27.72,669,0,0,-999,-999,5,596,40,1,60,574,45,877,45
38,-25.6,1152,11930,60,-999,-999,-999,60,10420,30,LLNL,157.124112,12.71978867,Smithsonian 48735.1,Eltgroth et al. (2006),1,-999,-999,-999,-999,-999,-999,-999,0,0,2,187,2.9,10215,20,123,21,1,27.72,670,0,0,-999,-999,5,596,40,1,60,205,36,508,36
38,-25.6,1152,11936,60,-999,-999,-999,60,10500,40,LLNL,146.489392,14.03020637,Smithsonian 48735.1,Eltgroth et al. (2006),1,-999,-999,-999,-999,-999,-999,-999,0,0,2,183.1,2.8,10251,19,112,21,1,27.72,671,0,0,-999,-999,5,596,40,1,60,249,44,552,44
38,-25.6,1152,11943,60,-999,-999,-999,60,10370,30,LLNL,166.1812886,12.81935048,Smithsonian 48735.1,Eltgroth et al. (2006),1,-999,-999,-999,-999,-999,-999,-999,0,0,2,180.2,2.7,10281,19,132,21,1,27.72,672,0,0,-999,-999,5,596,40,1,60,89,36,392,36
38,-25.6,1152,11949,60,-999,-999,-999,60,10660,35,LLNL,125.6484269,13.07447433,Smithsonian 48735.1,Eltgroth et al. (2006),1,-999,-999,-999,-999,-999,-999,-999,0,0,2,180.2,2.7,10281,19,91,21,1,27.72,673,0,0,-999,-999,5,596,40,1,60,379,40,682,40
38,-25.6,1152,11954,60,-999,-999,-999,60,10750,35,LLNL,113.7807167,12.93663016,Smithsonian 48735.1,Eltgroth et al. (2006),1,-999,-999,-999,-999,-999,-999,-999,0,0,2,182.1,2.8,10277,19,79,21,1,27.72,674,0,0,-999,-999,5,596,40,1,60,473,40,776,40
38,-25.6,1152,11960,60,-999,-999,-999,60,10800,35,LLNL,107.6733468,12.86569269,Smithsonian 48735.1,Eltgroth et al. (2006),1,-999,-999,-999,-999,-999,-999,-999,0,0,2,182.1,2.8,10277,19,73,21,1,27.72,675,0,0,-999,-999,5,596,40,1,60,523,40,826,40
-4.2,-37.1,1000,9383,121.75,60,60,60,61,9078,48,Belfast,4.918226226,20.80588654,GS07-150-17/1GC-A,Freeman et al. (2015),3,-999,G. ruber,8879,53,-999,30.12379404,6.819004856,0,0,2,108.9,3.6,8294,26,-21,26,1,27.6,676,0,0,13.1,-79.6,5,666,40,1,61,784,55,1017,55
-4.2,-37.1,1000,10147,168,70,70,70,61,9541,50,Belfast,40.48250565,27.6239821,GS07-150-17/1GC-A,Freeman et al. (2015),3,-999,G. ruber,9481,57,-999,48.28316278,7.464787142,0,0,2,126,3.1,8910,22,14,32,1,27.6,677,0,0,14.8,-79.6,5,666,40,1,61,631,55,864,55
-4.2,-37.1,1000,11434.5,173.75,89,90,89.5,61,10735,52,Belfast,47.89916883,28.81100059,GS07-150-17/1GC-A,Freeman et al. (2015),3,-999,G. ruber,10386,52,-999,94.42942505,7.107547237,0,0,2,146,3.1,10021,22,22,33,1,27.6,678,0,0,9.6,-79.6,5,666,40,1,61,714,56,947,56
-4.2,-37.1,1000,12058,182,95,96,95.5,61,11299,55,Belfast,53.37293222,30.40666906,GS07-150-17/1GC-A,Freeman et al. (2015),3,-999,G. ruber,10882,58,-999,109.498598,8.039809859,0,0,2,187.3,2.6,10339,18,27,34,1,27.6,679,0,0,14.4,-79.6,5,666,40,1,61,960,58,1193,58
-4.2,-37.1,1000,12823,118.75,106,106,106,61,12134,62,Belfast,41.42264006,22.99908738,GS07-150-17/1GC-A,Freeman et al. (2015),3,-999,G. ruber,11497,68,-999,127.3678707,9.583767407,0,0,2,210.9,3.3,10930,22,15,28,1,27.6,680,0,0,17.8,-79.6,5,666,40,1,61,1204,66,1437,66
-4.2,-37.1,1000,13048,131,110,110,110,61,12113,70,Belfast,72.95718679,26.35468146,GS07-150-17/1GC-A,Freeman et al. (2015),3,-999,G. ruber,11716,68,-999,127.3161285,9.583327546,0,0,2,224.6,3.2,11053,21,47,31,1,27.6,681,0,0,8.5,-79.6,5,666,40,1,61,1060,73,1293,73
-4.2,-37.1,1000,13754,185,116,116,116,61,12755,58,Belfast,78.85254285,31.93691405,GS07-150-17/1GC-A,Freeman et al. (2015),3,-999,G. ruber,12424,80,-999,124.2352708,11.25210492,0,0,2,206.3,3.3,11864,22,53,36,1,27.6,682,0,0,7.5,-79.6,5,666,40,1,61,891,62,1124,62
-4.2,-37.1,1000,14953,188.25,125,125,125,61,13858,64,Belfast,87.21990089,33.4246575,GS07-150-17/1GC-A,Freeman et al. (2015),3,-999,G. ruber,13135,79,-999,189.612499,11.75688075,0,0,2,280.1,6.1,12553,38,61,37,1,27.6,683,0,0,7,-79.6,5,666,40,1,61,1305,74,1538,74
-4.2,-37.1,1000,15096,153,126,126,126,61,13918,64,Belfast,97.95832656,29.07124272,GS07-150-17/1GC-A,Freeman et al. (2015),3,-999,G. ruber,13272,84,-999,189.9016576,12.50792438,0,0,2,285.1,6.5,12658,41,72,33,1,27.6,684,0,0,7.5,-79.6,5,666,40,1,61,1260,76,1493,76
-4.2,-37.1,1000,15762,179.25,131,131,131,61,14255,61,Belfast,141.1787368,33.41422903,GS07-150-17/1GC-A,Freeman et al. (2015),3,-999,G. ruber,13817,62,-999,205.129213,9.337370515,0,0,2,310.3,6.7,13153,41,115,37,1,27.6,685,0,0,12.4,-79.6,5,666,40,1,61,1102,73,1335,73
-4.2,-37.1,1000,16488,170.25,140,140,140,61,14625,78,Belfast,189.8422615,36.06234903,GS07-150-17/1GC-A,Freeman et al. (2015),3,-999,G. ruber,14309,76,-999,237.5807636,11.76428182,0,0,2,344.4,6.9,13646,41,164,40,1,27.6,686,0,0,8.9,-79.6,5,666,40,1,61,979,88,1212,88
-4.2,-37.1,1000,16712,146,142,142,142,61,14894,67,Belfast,182.2620086,30.74366314,GS07-150-17/1GC-A,Freeman et al. (2015),3,-999,G. ruber,14501,63,-999,241.5402573,9.775246357,0,0,2,356.1,6.7,13800,40,156,35,1,27.6,687,0,0,7.9,-79.6,5,666,40,1,61,1094,78,1327,78
-4.2,-37.1,1000,18365,188,155,155,155,61,16318,84,Belfast,209.3855351,40.15641574,GS07-150-17/1GC-A,Freeman et al. (2015),3,-999,G. ruber,15818,106,-999,287.053703,17.09595236,0,0,2,384.5,7.1,15237,41,183,43,1,27.6,688,0,0,8.1,-79.6,5,666,40,2,61,1081,93,1314,93
-4.2,-37.1,1000,18488,173.75,156,156,156,61,16176,91,Belfast,249.4056057,40.41978194,GS07-150-17/1GC-A,Freeman et al. (2015),3,-999,G. ruber,16125,110,-999,257.3630795,17.33614473,0,0,2,418.4,8.3,15159,47,223,44,1,27.6,689,0,0,7.4,-79.6,5,666,40,2,61,1017,102,1250,102
-4.2,-37.1,1000,19299,235.5,162,162,162,61,17110,105,Belfast,226.9095187,51.00238269,GS07-150-17/1GC-A,Freeman et al. (2015),3,-999,G. ruber,16783,86,-999,277.883897,13.75431287,0,0,2,411.5,6.3,15985,36,201,54,1,27.6,690,0,0,5.4,-79.6,5,666,40,2,61,1125,111,1358,111
-4.2,-37.1,1000,22603,315.75,180,180,180,61,19783,118,Belfast,311.8092992,69.40531601,GS07-150-17/1GC-A,Freeman et al. (2015),3,-999,G. ruber,19658,136,-999,332.3817637,22.7494733,0,0,2,491.2,11.2,18760,61,286,71,1,27.6,691,0,0,5.4,-79.6,5,666,40,2,61,1023,133,1256,133
37.7,-10.5,3735,19881,198,219,219,219,62,18378,95,Belfast,124.1755638,40.22805686,JC89-SHAK-03-6K,Freeman et al. (2016),3,-999,G. bulloides,17169,86,-999,306.7643306,14.06516311,0,0,2,426.5,7.6,16473,43,117,40,1,28.1,692,0,0,13.3,-999,5,956,40,2,62,1905,104,1971,104
37.7,-10.5,3735,22593,237.5,255,255,255,62,21034,145,Belfast,121.2735047,52.47143427,JC89-SHAK-03-6K,Freeman et al. (2016),3,-999,G. bulloides,19589,144,-999,342.2510328,24.27822211,0,0,2,490.5,11.1,18754,60,114,52,1,28.1,693,0,0,13.3,-999,5,956,40,2,62,2280,157,2346,157
37.6,-10.4,2642,20323,189.25,210,210,210,64,18409,120,Belfast,181.3483311,44.70177842,JC89-SHAK-06-4K,Freeman et al. (2016),3,-999,G. bulloides,17508,97,-999,321.5678144,16.05492027,0,0,2,444.1,7.4,16803,41,167,45,1,28.06,696,0,0,24.8,-999,5,894,40,1,63,1606,127,1734,127
37.6,-10.4,2642,21936,201.25,250,250,250,64,20195,145,Belfast,149.6259896,48.75221024,JC89-SHAK-06-4K,Freeman et al. (2016),3,-999,G. bulloides,18950,106,-999,342.3507218,17.83046343,0,0,2,516,9,17977,48,135,49,1,28.06,697,0,0,24.8,-999,5,894,40,1,63,2218,153,2346,153
37.8,-9.7,2063,19531,190.25,432,432,432,66,17488,82,Belfast,203.8273159,39.99979705,JC89-SHAK-14-4G,Freeman et al. (2016),4,-999,G. bulloides,16886,75,-999,297.5096588,12.17091041,0,0,2,415.5,8.2,16196,46,198,40,1,27.99,699,0,0,29.5,-999,5,843,40,1,64,1292,94,1347,94
37.8,-9.7,2063,21427,214.25,488,488,488,66,18975,87,Belfast,258.2729256,46.24768181,JC89-SHAK-14-4G,Freeman et al. (2016),4,-999,G. bulloides,18531,89,-999,329.7781047,14.8149257,0,0,2,468.1,10.7,17739,59,252,46,1,27.99,700,0,0,29.5,-999,5,843,40,1,64,1236,105,1291,105
54.6,-148.8,3647,9962.302164,250,38,40,39,69,9930,70,KCCAMS,-30.60418421,37.772143,ODP887,Galbraith et al. (2007),4,-999,G. bulloides,9305,25,-999,47.83044783,3.266098126,550,316.6666667,2,100,2.6,8922,19,-13,38,2,28.1,706,0,0,6.6,-226.6,5,2064,40,1,65,1008,73,831,73
54.6,-148.8,3647,11937.6469,250,51,53,52,69,13070,40,KCCAMS,-167.2539152,29.33552758,ODP887,Galbraith et al. (2007),4,-999,G. bulloides,11810,30,-999,-25.83396427,3.644917316,550,316.6666667,2,183.1,2.8,10251,19,-150,29,2,28.1,707,0,0,5.5,-226.6,5,2064,40,1,65,2819,44,2642,44
54.6,-148.8,3647,13036.84788,250,57,58.8,57.9,69,13565,45,KCCAMS,-105.6739119,32.06184357,ODP887,Galbraith et al. (2007),4,-999,G. bulloides,12530,30,-999,17.30675809,3.806331654,550,316.6666667,2,222.9,3.1,11055,20,-88,32,2,28.1,708,0,0,5.3,-226.6,5,2064,40,1,65,2510,49,2333,49
54.6,-148.8,3647,13987.51068,250,62,64,63,69,13940,70,KCCAMS,-42.44522883,37.31076115,ODP887,Galbraith et al. (2007),4,-999,G. bulloides,12995,30,-999,77.09475929,4.03003307,550,316.6666667,2,217,6,12016,39,-25,37,2,28.1,709,0,0,10.3,-226.6,5,2064,40,1,65,1924,80,1747,80
54.6,-148.8,3647,17284.93732,250,96,98,97,69,16880,70,KCCAMS,-10.44158096,38.55777124,ODP887,Galbraith et al. (2007),4,-999,Mixed PF,15010,50,-999,248.9375946,7.798036649,550,316.6666667,2,388.4,9.5,14165,55,7,39,2,28.1,710,0,0,10.4,-226.6,5,2064,40,1,65,2715,89,2538,89
54.6,-148.8,3647,18721.02519,250,111,113,112,69,18290,50,KCCAMS,-12.23368176,36.02692198,ODP887,Galbraith et al. (2007),4,-999,G. bulloides & N. pachyderma,16405,45,-999,249.0058445,7.016430386,550,316.6666667,2,418.5,6.1,15391,35,5,36,2,28.1,711,0,0,10.4,-226.6,5,2064,40,2,65,2899,61,2722,61
54.6,-148.8,3647,18238.02467,250,106,108,107,69,18290,120,KCCAMS,-68.29054393,42.10811172,ODP887,Galbraith et al. (2007),4,-999,G. bulloides & N. pachyderma,16640,45,-999,144.1573858,6.427432412,550,316.6666667,2,412.7,11.8,14949,67,-51,42,2,28.1,712,0,0,9.6,-226.6,5,2064,40,2,65,3341,137,3164,137
54.6,-148.8,3647,19389.13846,250,117,119,118,69,19580,180,KCCAMS,-87.9676432,48.03912497,ODP887,Galbraith et al. (2007),4,-999,G. bulloides,17970,70,-999,114.4304235,9.753642642,550,316.6666667,2,420,6.4,16024,36,-71,48,2,28.1,713,0,0,9.6,-226.6,5,2064,40,2,65,3556,184,3379,184
54.4,-148.9,3640,7600,100,59,59,59,70,-999,-999,KIA,-999,-999,MD02-2489,Gebhardt et al. (2008); Rae et al. (2014),4,-999,N. pachyderma (s.),7570,40,-999,-22.78147661,4.878155493,0,0,2,81.9,2.7,6752,20,-999,-999,2,28.1,714,0,0,6.2,-226.6,5,2064,40,1,66,-999,-999,-999,-999
54.4,-148.9,3640,8802,100,66.5,66.5,66.5,70,-999,-999,KIA,-999,-999,MD02-2489,Gebhardt et al. (2008); Rae et al. (2014),4,-999,N. pachyderma (s.),8715,45,-999,-19.98230947,5.505359269,0,0,2,74,3.1,7987,23,-999,-999,2,28.1,715,0,0,16.2,-226.6,5,2064,40,1,66,-999,-999,-999,-999
54.4,-148.9,3640,9421,100,76.5,76.5,76.5,70,-999,-999,KIA,-999,-999,MD02-2489,Gebhardt et al. (2008); Rae et al. (2014),4,-999,N. pachyderma (s.),9210,50,-999,-6.905503669,6.200619881,0,0,2,102.9,3.3,8376,24,-999,-999,2,28.1,716,0,0,8.8,-226.6,5,2064,40,1,66,-999,-999,-999,-999
54.4,-148.9,3640,10560,100,86.5,86.5,86.5,70,-999,-999,KIA,-999,-999,MD02-2489,Gebhardt et al. (2008); Rae et al. (2014),4,-999,N. pachyderma (s.),10140,70,-999,15.18900488,8.885068604,0,0,2,123.5,3.3,9326,24,-999,-999,2,28.1,717,0,0,7,-226.6,5,2064,40,1,66,-999,-999,-999,-999
54.4,-148.9,3640,11920,260,96,96,96,70,12205,30,KCCAMS,-74.5547501,32.56845404,MD02-2489,Gebhardt et al. (2008); Rae et al. (2014),4,-999,N. pachyderma (s.),11080,60,-999,64.56578119,7.981213146,0,0,2,186.9,3,10206,20,-57,33,2,28.1,718,0,0,14.3,-226.6,5,2064,40,1,66,1999,36,1822,36
54.4,-148.9,3640,12898,119,110,110,110,70,13145,30,KCCAMS,-73.36536516,16.8000423,MD02-2489,Gebhardt et al. (2008); Rae et al. (2014),4,-999,N. pachyderma (s.),11870,30,-999,86.02511845,4.063446697,0,0,2,210.6,3.2,11000,21,-56,17,2,28.1,719,0,0,35.6,-226.6,5,2064,40,1,66,2145,37,1968,37
54.4,-148.9,3640,13151,133,119,119,119,70,13320,35,KCCAMS,-65.15773074,19.11426424,MD02-2489,Gebhardt et al. (2008); Rae et al. (2014),4,-999,N. pachyderma (s.),12120,70,-999,85.46268292,9.50011314,0,0,2,210.8,3.6,11251,24,-48,19,2,28.1,720,0,0,25.2,-226.6,5,2064,40,1,66,2069,42,1892,42
54.4,-148.9,3640,13548,100,129,129,129,70,13640,80,KIA,-57.47315807,20.7893089,MD02-2489,Gebhardt et al. (2008); Rae et al. (2014),4,-999,N. pachyderma (s.),12674.54545,35,-999,62.89378057,4.641160669,0,0,2,200.2,4.1,11701,27,-40,21,2,28.1,721,0,0,25,-226.6,5,2064,40,1,66,1939,84,1762,84
54.4,-148.9,3640,13588,100,130,130,130,70,-999,-999,KIA,-999,-999,MD02-2489,Gebhardt et al. (2008); Rae et al. (2014),4,-999,N. pachyderma (s.),12730,35,-999,60.70135273,4.63158736,0,0,2,201.4,3.9,11732,26,-999,-999,2,28.1,722,0,0,25.1,-226.6,5,2064,40,1,66,-999,-999,-999,-999
54.4,-148.9,3640,13986,100,140,140,140,70,-999,-999,KIA,-999,-999,MD02-2489,Gebhardt et al. (2008); Rae et al. (2014),4,-999,N. pachyderma (s.),12840,70,-999,97.87890335,9.608781546,0,0,2,217,6,12016,39,-999,-999,2,28.1,723,0,0,38.4,-226.6,5,2064,40,1,66,-999,-999,-999,-999
54.4,-148.9,3640,14266,100,150.75,150.75,150.75,70,-999,-999,KIA,-999,-999,MD02-2489,Gebhardt et al. (2008); Rae et al. (2014),4,-999,N. pachyderma (s.),12918,65,-999,124.7262854,9.137779894,0,0,2,211.2,5.1,12327,34,-999,-999,2,28.1,724,0,0,43.4,-226.6,5,2064,40,1,66,-999,-999,-999,-999
54.4,-148.9,3640,14387,100,156,156,156,70,-999,-999,KIA,-999,-999,MD02-2489,Gebhardt et al. (2008); Rae et al. (2014),4,-999,N. pachyderma (s.),13250,70,-999,95.10110794,9.584469912,0,0,2,218.3,3.5,12396,23,-999,-999,2,28.1,725,0,0,43.5,-226.6,5,2064,40,1,66,-999,-999,-999,-999
54.4,-148.9,3640,14479,100,160,160,160,70,-999,-999,KIA,-999,-999,MD02-2489,Gebhardt et al. (2008); Rae et al. (2014),4,-999,N. pachyderma (s.),11935,45,-999,304.311111,7.327113922,0,0,2,229,4.2,12414,27,-999,-999,2,28.1,726,0,0,43.5,-226.6,5,2064,40,1,66,-999,-999,-999,-999
54.4,-148.9,3640,14548,100,163,163,163,70,-999,-999,KIA,-999,-999,MD02-2489,Gebhardt et al. (2008); Rae et al. (2014),4,-999,N. pachyderma (s.),12920,90,-999,163.464578,13.10850157,0,0,2,234.7,4.6,12445,30,-999,-999,2,28.1,727,0,0,43.5,-226.6,5,2064,40,1,66,-999,-999,-999,-999
54.4,-148.9,3640,14571,100,164,164,164,70,14790,90,KIA,-75.59531965,21.54064345,MD02-2489,Gebhardt et al. (2008); Rae et al. (2014),4,-999,N. pachyderma (s.),12872,90,-999,173.698362,13.22380338,0,0,2,237.1,4.5,12458,29,-58,22,2,28.1,728,0,0,42.9,-226.6,5,2064,40,1,66,2332,95,2155,95
54.4,-148.9,3640,14606,100,165.5,165.5,165.5,70,-999,-999,KIA,-999,-999,MD02-2489,Gebhardt et al. (2008); Rae et al. (2014),4,-999,N. pachyderma (s.),12800,90,-999,189.2899927,13.39947088,0,0,2,239.8,4.5,12470,29,-999,-999,2,28.1,729,0,0,25.3,-226.6,5,2064,40,1,66,-999,-999,-999,-999
54.4,-148.9,3640,14843,100,171.5,171.5,171.5,70,-999,-999,KIA,-999,-999,MD02-2489,Gebhardt et al. (2008); Rae et al. (2014),4,-999,N. pachyderma (s.),13820,80,-999,77.93638648,10.78871445,0,0,2,273.6,5.4,12487,34,-999,-999,2,28.1,730,0,0,22,-226.6,5,2064,40,1,66,-999,-999,-999,-999
54.4,-148.9,3640,14934,100,173.5,173.5,173.5,70,15620,100,KIA,-128.9183878,21.38278909,MD02-2489,Gebhardt et al. (2008); Rae et al. (2014),4,-999,N. pachyderma (s.),13876.66667,80,-999,82.20631994,10.83145083,0,0,2,280.1,5.7,12534,36,-112,21,2,28.1,731,0,0,22.2,-226.6,5,2064,40,1,66,3086,106,2909,106
54.4,-148.9,3640,15114,100,177.5,177.5,177.5,70,-999,-999,KIA,-999,-999,MD02-2489,Gebhardt et al. (2008); Rae et al. (2014),4,-999,N. pachyderma (s.),13990,80,-999,90.53313623,10.91479122,0,0,2,285.1,6.5,12677,41,-999,-999,2,28.1,732,0,0,22.1,-226.6,5,2064,40,1,66,-999,-999,-999,-999
54.4,-148.9,3640,15295,100,181.5,181.5,181.5,70,-999,-999,KIA,-999,-999,MD02-2489,Gebhardt et al. (2008); Rae et al. (2014),4,-999,N. pachyderma (s.),13850,80,-999,134.269782,11.35253707,0,0,2,287.7,7,12836,44,-999,-999,2,28.1,733,0,0,22.1,-226.6,5,2064,40,1,66,-999,-999,-999,-999
54.4,-148.9,3640,15431,100,184.5,184.5,184.5,70,-999,-999,KIA,-999,-999,MD02-2489,Gebhardt et al. (2008); Rae et al. (2014),4,-999,N. pachyderma (s.),14030,80,-999,127.5334516,11.28511534,0,0,2,297.3,6.8,12912,42,-999,-999,2,28.1,734,0,0,22.2,-226.6,5,2064,40,1,66,-999,-999,-999,-999
54.4,-148.9,3640,15476,100,185.5,185.5,185.5,70,15590,110,KIA,-66.4148831,24.07964317,MD02-2489,Gebhardt et al. (2008); Rae et al. (2014),4,-999,N. pachyderma (s.),14060,80,-999,129.4617534,11.30441508,0,0,2,301.3,6.9,12927,43,-49,24,2,28.1,735,0,0,22.2,-226.6,5,2064,40,1,66,2663,118,2486,118
54.4,-148.9,3640,15656,100,189.5,189.5,189.5,70,-999,-999,KIA,-999,-999,MD02-2489,Gebhardt et al. (2008); Rae et al. (2014),4,-999,N. pachyderma (s.),14180,80,-999,137.2079951,11.38194469,0,0,2,307.1,5.9,13065,36,-999,-999,2,28.1,736,0,0,22.1,-226.6,5,2064,40,1,66,-999,-999,-999,-999
54.4,-148.9,3640,15769,100,192,192,192,70,-999,-999,KIA,-999,-999,MD02-2489,Gebhardt et al. (2008); Rae et al. (2014),4,-999,N. pachyderma (s.),14500,70,-999,107.836769,9.695934105,0,0,2,310.3,6.7,13153,41,-999,-999,2,28.1,737,0,0,22.1,-226.6,5,2064,40,1,66,-999,-999,-999,-999
54.4,-148.9,3640,15950,100,196,196,196,70,15810,110,KIA,-38.0316899,24.81172121,MD02-2489,Gebhardt et al. (2008); Rae et al. (2014),4,-999,N. pachyderma (s.),14282.56947,80,-999,163.4278603,11.64437079,0,0,2,320,6.2,13268,38,-21,25,2,28.1,738,0,0,16.1,-226.6,5,2064,40,1,66,2542,116,2365,116
54.4,-148.9,3640,16199,100,200,200,200,70,15080,100,KIA,85.69585533,26.65101084,MD02-2489,Gebhardt et al. (2008); Rae et al. (2014),4,-999,N. pachyderma (s.),14413.61883,90,-999,179.6013916,13.29031153,0,0,2,332.3,5.8,13437,35,103,27,2,28.1,739,0,0,16.1,-226.6,5,2064,40,1,66,1643,106,1466,106
54.4,-148.9,3640,16510,100,205,205,205,70,15450,100,KIA,76.57054886,26.42700829,MD02-2489,Gebhardt et al. (2008); Rae et al. (2014),4,-999,N. pachyderma (s.),15103,90,-999,124.0940071,12.66492194,0,0,2,345.7,7,13657,42,94,26,2,28.1,740,0,0,16.1,-226.6,5,2064,40,1,66,1793,108,1616,108
54.4,-148.9,3640,16790,100,209.5,209.5,209.5,70,-999,-999,KIA,-999,-999,MD02-2489,Gebhardt et al. (2008); Rae et al. (2014),4,-999,N. pachyderma (s.),15580,90,-999,95.78053752,12.34592025,0,0,2,363.5,6,13824,35,-999,-999,2,28.1,741,0,0,16,-226.6,5,2064,40,1,66,-999,-999,-999,-999
54.4,-148.9,3640,16977,100,212.5,212.5,212.5,70,16190,120,KIA,38.88728672,28.08939176,MD02-2489,Gebhardt et al. (2008); Rae et al. (2014),4,-999,N. pachyderma (s.),15500,95,-999,132.0678363,13.46755789,0,0,2,377.7,6.1,13926,36,56,28,2,28.1,742,0,0,16,-226.6,5,2064,40,1,66,2264,125,2087,125
54.4,-148.9,3640,17289,100,217.5,217.5,217.5,70,17090,135,KIA,-35.50169732,27.87977534,MD02-2489,Gebhardt et al. (2008); Rae et al. (2014),4,-999,N. pachyderma (s.),15350,90,-999,197.7673615,13.49498355,0,0,2,388.4,9.5,14165,55,-18,28,2,28.1,743,0,0,16.1,-226.6,5,2064,40,1,66,2925,146,2748,146
54.4,-148.9,3640,17662,100,223.5,223.5,223.5,70,-999,-999,KIA,-999,-999,MD02-2489,Gebhardt et al. (2008); Rae et al. (2014),4,-999,N. pachyderma (s.),16060,80,-999,147.0495421,11.48044553,0,0,2,401.2,7.9,14460,45,-999,-999,2,28.1,744,0,0,19.8,-226.6,5,2064,40,1,66,-999,-999,-999,-999
54.4,-148.9,3640,17940,100,229,229,229,70,18120,120,KIA,-82.05836583,24.81926818,MD02-2489,Gebhardt et al. (2008); Rae et al. (2014),4,-999,N. pachyderma (s.),16603.18975,100,-999,108.7141483,13.88825931,0,0,2,413.9,7.4,14650,42,-65,25,2,28.1,745,0,0,33.3,-226.6,5,2064,40,1,66,3470,127,3293,127
54.4,-148.9,3640,18000,100,231,231,231,70,-999,-999,KIA,-999,-999,MD02-2489,Gebhardt et al. (2008); Rae et al. (2014),4,-999,N. pachyderma (s.),16750,105,-999,96.56525353,14.42737943,0,0,2,418.4,7.4,14683,42,-999,-999,2,28.1,746,0,0,33.3,-226.6,5,2064,40,1,66,-999,-999,-999,-999
54.4,-148.9,3640,18180,100,237,237,237,70,-999,-999,KIA,-999,-999,MD02-2489,Gebhardt et al. (2008); Rae et al. (2014),4,-999,N. pachyderma (s.),16830,105,-999,109.5973414,14.59884107,0,0,2,430,9,14792,50,-999,-999,2,28.1,747,0,0,29.2,-226.6,5,2064,40,1,66,-999,-999,-999,-999
54.4,-148.9,3640,18557,100,248,248,248,70,-999,-999,KIA,-999,-999,MD02-2489,Gebhardt et al. (2008); Rae et al. (2014),4,-999,N. pachyderma (s.),16867,65,-999,156.0328579,9.392128506,0,0,2,441,8,15100,45,-999,-999,2,28.1,748,0,0,18.9,-226.6,5,2064,40,1,66,-999,-999,-999,-999
54.4,-148.9,3640,18663,100,250,250,250,70,18470,130,KIA,-40.87665247,27.12717342,MD02-2489,Gebhardt et al. (2008); Rae et al. (2014),4,-999,N. pachyderma (s.),17000.23077,80,-999,151.6904574,11.52689494,0,0,2,423.7,8.2,15304,46,-24,27,2,28.1,749,0,0,18.8,-226.6,5,2064,40,2,66,3166,138,2989,138
54.4,-148.9,3640,18903,100,254.5,254.5,254.5,70,-999,-999,KIA,-999,-999,MD02-2489,Gebhardt et al. (2008); Rae et al. (2014),4,-999,N. pachyderma (s.),17300,90,-999,142.1868258,12.86876978,0,0,2,400.7,6.1,15668,35,-999,-999,2,28.1,750,0,0,18.8,-226.6,5,2064,40,1,66,-999,-999,-999,-999
54.4,-148.9,3640,19623,100,268,268,268,70,-999,-999,KIA,-999,-999,MD02-2489,Gebhardt et al. (2008); Rae et al. (2014),4,-999,N. pachyderma (s.),18042,65,-999,136.1768404,9.23080933,0,0,2,402.2,8.7,16359,50,-999,-999,2,28.1,751,0,0,18.8,-226.6,5,2064,40,1,66,-999,-999,-999,-999
-59.7,-68.7,1125,16720,390,-999,-999,-999,71,15280,80,LLNL,127.8864425,64.47622181,47396B,Goldstein et al. (2001),1,-999,-999,-999,-999,-999,-999,-999,0,0,2,356.1,6.7,13800,40,117,70,4,27.8,752,0,0,-999,-140,5,1212,40,1,67,1480,89,1583,89
50.1,153.2,1175,6500,170.5,139,139,139,72,7800,70,-999,-168.6762993,24.393059,V34-98,Gorbarenko et al. (2002),3,-999,-999,6260,40,-999,6.997540243,5.026808708,550,316.6666667,2,73.9,2.7,5743,20,-160,36,2,27.63,753,1,1,-999,-221.3,2.7,2009,22,1,68,2057,73,1969,73
51,148.3,1305,14018,529,151,151,151,73,14100,70,-999,-57.86068369,68.55709993,Core 936,Gorbarenko et al. (2004),3,-999,-999,13040,70,-999,75.03536814,9.4088519,550,316.6666667,2,214.1,5.4,12065,36,-49,74,2,27.69,754,0,1,10.2,-221.3,2.7,2009,22,1,69,2035,79,1947,79
51,148.3,1305,19902,563.75,211,211,211,73,19070,110,-999,34.01109033,84.76602962,Core 936,Gorbarenko et al. (2004),3,-999,-999,17530,140,-999,252.516467,22.0203225,550,316.6666667,2,424.9,7.5,16502,43,43,89,2,27.69,755,0,1,6.9,-221.3,2.7,2009,22,1,69,2568,118,2480,118
51,148.3,1305,24107,610.75,240,240,240,73,21180,100,-999,322.3729946,114.2979621,Core 936,Gorbarenko et al. (2004),3,-999,-999,21760,170,-999,230.2601852,26.31307785,550,316.6666667,2,520.3,9.7,20063,51,331,117,2,27.69,756,0,1,6.9,-221.3,2.7,2009,22,1,69,1117,112,1029,112
54.5,144.8,1305,3867,459.25,170,170,170,74,5115,15,-999,-155.4784425,48.51865028,LV27-2-4,Gorbarenko et al. (2010),3,-999,N. pachyderma,4205,15,-999,-54.17934214,1.767778424,550,316.6666667,2,24.1,2.3,3569,18,-147,55,2,27.69,757,0,1,36.7,-221.3,2.7,2009,22,1,70,1546,23,1458,23
54.5,144.8,1305,6046,371.75,250,250,250,74,6938,25,-999,-123.9620016,42.13623084,LV27-2-4,Gorbarenko et al. (2010),3,-999,N. pachyderma,6230,15,-999,-43.24638337,1.788212582,550,316.6666667,2,73.8,2.3,5307,17,-115,50,2,27.69,758,0,1,31.1,-221.3,2.7,2009,22,1,70,1631,30,1543,30
54.5,144.8,1305,8622,374.5,330,330,330,74,10125,20,-999,-195.4594638,38.46388923,LV27-2-4,Gorbarenko et al. (2010),3,-999,N. pachyderma,9150,15,-999,-91.63554255,1.697771217,550,316.6666667,2,68.4,3,7854,22,-187,47,2,27.69,759,0,1,42.3,-221.3,2.7,2009,22,1,70,2271,30,2183,30
54.5,144.8,1305,10866,398.75,425,425,425,74,11555,25,-999,-116.672228,45.37537208,LV27-2-4,Gorbarenko et al. (2010),3,-999,N. pachyderma,10760,35,-999,-24.77999026,4.258330263,550,316.6666667,2,129.2,3.2,9586,23,-108,53,2,27.69,760,0,1,48.3,-221.3,2.7,2009,22,1,70,1969,34,1881,34
54.5,144.8,1305,14176,460.75,585,585,585,74,14050,40,-999,-33.68524445,58.70401302,LV27-2-4,Gorbarenko et al. (2010),3,-999,N. pachyderma,13150,25,-999,80.87638532,3.369102648,550,316.6666667,2,204.1,3.2,12287,22,-25,64,2,27.69,761,0,1,48.3,-221.3,2.7,2009,22,1,70,1763,46,1675,46
-45,148,1428,8981,107,-999,-999,-999,75,8685,20,KCCAMS,5.215847021,15.51386706,TN228 (see note for exact coral sample),Hines et al. (2015),1,-999,-999,-999,-999,-999,-999,-999,0,0,2,93.7,3,8016,22,0,31,4,27.7,762,1,0,-999,-145.9,5,1267,40,1,71,669,30,717,30
-45,148,1442,12205,131,-999,-999,-999,75,11010,25,KCCAMS,111.5500356,21.0743587,TN228 (see note for exact coral sample),Hines et al. (2015),1,-999,-999,-999,-999,-999,-999,-999,0,0,2,197.1,2.7,10419,18,106,34,4,27.7,763,0,0,-999,-145.9,5,1267,40,1,71,591,31,639,31
-45,148,1442,15056,67,-999,-999,-999,75,13540,35,KCCAMS,145.3036156,14.27261527,TN228 (see note for exact coral sample),Hines et al. (2015),1,-999,-999,-999,-999,-999,-999,-999,0,0,2,283.1,5.8,12631,36,140,31,4,27.7,764,0,0,-999,-145.9,5,1267,40,1,71,909,50,957,50
-45,148,1448,11951,67,-999,-999,-999,75,11240,25,KCCAMS,47.49228613,11.74962612,TN228 (see note for exact coral sample),Hines et al. (2015),1,-999,-999,-999,-999,-999,-999,-999,0,0,2,182.1,2.8,10277,19,42,29,4,27.7,765,0,0,-999,-145.9,5,1267,40,1,71,963,31,1011,31
-45,148,1460,19274,57,-999,-999,-999,75,17180,60,KCCAMS,212.5920943,17.41836016,TN228 (see note for exact coral sample),Hines et al. (2015),1,-999,-999,-999,-999,-999,-999,-999,0,0,2,408.9,6.4,15981,37,208,32,4,27.7,766,0,0,-999,-145.9,5,1267,40,2,71,1199,70,1247,70
-45,148,1460,19483,61,-999,-999,-999,75,17030,60,KCCAMS,267.0793247,18.8141892,TN228 (see note for exact coral sample),Hines et al. (2015),1,-999,-999,-999,-999,-999,-999,-999,0,0,2,419.7,6.8,16124,38,262,33,4,27.7,767,0,0,-999,-145.9,5,1267,40,2,71,906,71,954,71
-45,148,1460,21408,57,-999,-999,-999,75,19220,80,KCCAMS,217.674146,20.52341143,TN228 (see note for exact coral sample),Hines et al. (2015),1,-999,-999,-999,-999,-999,-999,-999,0,0,2,471.4,10.3,17702,56,213,34,4,27.7,768,0,0,-999,-145.9,5,1267,40,2,71,1518,98,1566,98
-45,148,1500,23338,75,-999,-999,-999,75,19950,80,KCCAMS,404.2815079,26.72668322,TN228 (see note for exact coral sample),Hines et al. (2015),1,-999,-999,-999,-999,-999,-999,-999,0,0,2,502,10.3,19412,55,399,38,4,27.7,769,1,0,-999,-145.9,5,1267,40,1,71,538,97,586,97
-45,148,1500,25198,144,-999,-999,-999,75,22210,100,KCCAMS,327.3404026,39.64997077,TN228 (see note for exact coral sample),Hines et al. (2015),1,-999,-999,-999,-999,-999,-999,-999,0,0,2,561.8,11.6,20906,60,322,48,4,27.7,770,0,0,-999,-145.9,5,1267,40,1,71,1304,117,1352,117
-45,148,1500,25231,50,-999,-999,-999,75,22250,100,KCCAMS,326.0300553,24.52870145,TN228 (see note for exact coral sample),Hines et al. (2015),1,-999,-999,-999,-999,-999,-999,-999,0,0,2,558.2,13.4,20963,69,321,37,4,27.7,771,0,0,-999,-145.9,5,1267,40,1,71,1287,121,1335,121
-45,148,1500,25526,209,-999,-999,-999,75,21810,100,KCCAMS,451.5728021,54.78067418,TN228 (see note for exact coral sample),Hines et al. (2015),1,-999,-999,-999,-999,-999,-999,-999,0,0,2,584.3,10.2,21102,52,447,61,4,27.7,772,0,0,-999,-145.9,5,1267,40,1,71,708,113,756,113
-45,148,1523,12615,86,-999,-999,-999,75,11450,30,KCCAMS,105.8078868,15.63377044,TN228 (see note for exact coral sample),Hines et al. (2015),1,-999,-999,-999,-999,-999,-999,-999,0,0,2,233.7,3.9,10575,25,101,31,4,27.7,773,0,0,-999,-145.9,5,1267,40,1,71,875,39,923,39
-45,148,1523,12682,33,-999,-999,-999,75,11460,30,KCCAMS,113.4194149,8.602775202,TN228 (see note for exact coral sample),Hines et al. (2015),1,-999,-999,-999,-999,-999,-999,-999,0,0,2,233.6,2.9,10644,19,108,28,4,27.7,774,0,0,-999,-145.9,5,1267,40,1,71,816,36,864,36
-45,148,1523,18333,38,-999,-999,-999,75,16130,60,KCCAMS,233.2402529,14.8803647,TN228 (see note for exact coral sample),Hines et al. (2015),1,-999,-999,-999,-999,-999,-999,-999,0,0,2,383.9,8,15211,46,228,31,4,27.7,775,0,0,-999,-145.9,5,1267,40,1,71,919,76,967,76
-45,148,1523,20367,109,-999,-999,-999,75,18350,70,KCCAMS,196.4077299,26.20223512,TN228 (see note for exact coral sample),Hines et al. (2015),1,-999,-999,-999,-999,-999,-999,-999,0,0,2,445.8,7.2,16832,40,191,38,4,27.7,776,0,0,-999,-145.9,5,1267,40,2,71,1518,81,1566,81
-45,148,1523,21344,153,-999,-999,-999,75,19030,80,KCCAMS,237.2032786,35.22327924,TN228 (see note for exact coral sample),Hines et al. (2015),1,-999,-999,-999,-999,-999,-999,-999,0,0,2,478.2,8,17606,43,232,44,4,27.7,777,0,0,-999,-145.9,5,1267,40,2,71,1424,91,1472,91
-45,148,1523,25324,333,-999,-999,-999,75,21620,100,KCCAMS,450.4380217,76.51600289,TN228 (see note for exact coral sample),Hines et al. (2015),1,-999,-999,-999,-999,-999,-999,-999,0,0,2,552,12.4,21072,64,445,81,4,27.7,778,0,0,-999,-145.9,5,1267,40,2,71,548,119,596,119
-45,148,1575,18102,65,-999,-999,-999,75,15995,55,KCCAMS,219.582165,17.93989967,TN228 (see note for exact coral sample),Hines et al. (2015),1,-999,-999,-999,-999,-999,-999,-999,0,0,2,430,6.9,14724,39,215,32,4,27.8,779,0,0,-999,-145.9,5,1267,40,2,71,1271,67,1319,67
-45,148,1575,19457,108,-999,-999,-999,75,17610,60,KCCAMS,175.1165182,24.13057329,TN228 (see note for exact coral sample),Hines et al. (2015),1,-999,-999,-999,-999,-999,-999,-999,0,0,2,420.6,6.5,16089,37,170,36,4,27.8,780,0,0,-999,-145.9,5,1267,40,2,71,1521,70,1569,70
-45,148,1575,26191,57,-999,-999,-999,75,23020,110,KCCAMS,353.1826112,27.86182978,TN228 (see note for exact coral sample),Hines et al. (2015),1,-999,-999,-999,-999,-999,-999,-999,0,0,2,544.6,14.4,21966,75,348,39,4,27.8,781,1,0,-999,-145.9,5,1267,40,1,71,1054,133,1102,133
-45,148,1575,26980,96,-999,-999,-999,75,23000,110,KCCAMS,492.4047387,37.7707496,TN228 (see note for exact coral sample),Hines et al. (2015),1,-999,-999,-999,-999,-999,-999,-999,0,0,2,579.4,12.4,22545,63,487,46,4,27.8,782,1,0,-999,-145.9,5,1267,40,1,71,455,127,503,127
-45,148,1575,27579,92,-999,-999,-999,75,23070,110,KCCAMS,590.6320275,39.48687831,TN228 (see note for exact coral sample),Hines et al. (2015),1,-999,-999,-999,-999,-999,-999,-999,0,0,2,547.4,13.4,23293,70,586,48,4,27.8,783,0,1.2,-999,-145.9,5,1267,40,1,71,-223,130,-175,130
-45,148,1599,13311,70,-999,-999,-999,75,12385,30,KCCAMS,70.76299047,13.0657692,TN228 (see note for exact coral sample),Hines et al. (2015),1,-999,-999,-999,-999,-999,-999,-999,0,0,2,202.1,4.8,11464,32,66,30,4,27.8,784,0,0,-999,-145.9,5,1267,40,1,71,921,44,969,44
-45,148,1599,13323,50,-999,-999,-999,75,12350,35,KCCAMS,77.00070331,11.20657814,TN228 (see note for exact coral sample),Hines et al. (2015),1,-999,-999,-999,-999,-999,-999,-999,0,0,2,201.6,3.9,11477,26,72,29,4,27.8,785,0,0,-999,-145.9,5,1267,40,1,71,873,44,921,44
-45,148,1599,13336,50,-999,-999,-999,75,12355,35,KCCAMS,78.02443151,11.2172304,TN228 (see note for exact coral sample),Hines et al. (2015),1,-999,-999,-999,-999,-999,-999,-999,0,0,2,201.6,3.9,11487,26,73,29,4,27.8,786,0,0,-999,-145.9,5,1267,40,1,71,868,44,916,44
-45,148,1599,13620,79,-999,-999,-999,75,12395,35,KCCAMS,110.1599785,15.44625796,TN228 (see note for exact coral sample),Hines et al. (2015),1,-999,-999,-999,-999,-999,-999,-999,0,0,2,188.8,4.9,11845,33,105,31,4,27.8,787,0,0,-999,-145.9,5,1267,40,1,71,550,48,598,48
-45,148,1599,13639,50,-999,-999,-999,75,12410,30,KCCAMS,110.6385573,10.86525934,TN228 (see note for exact coral sample),Hines et al. (2015),1,-999,-999,-999,-999,-999,-999,-999,0,0,2,197.4,3.9,11807,26,106,29,4,27.8,788,0,0,-999,-145.9,5,1267,40,1,71,603,40,651,40
-45,148,1599,13653,50,-999,-999,-999,75,12375,35,KCCAMS,117.3788546,11.62672727,TN228 (see note for exact coral sample),Hines et al. (2015),1,-999,-999,-999,-999,-999,-999,-999,0,0,2,196.4,4.2,11833,28,112,29,4,27.8,789,0,0,-999,-145.9,5,1267,40,1,71,542,45,590,45
-45,148,1599,13817,63,-999,-999,-999,75,12775,35,KCCAMS,84.40228587,12.98894251,TN228 (see note for exact coral sample),Hines et al. (2015),1,-999,-999,-999,-999,-999,-999,-999,0,0,2,191.1,3.7,12024,25,79,30,4,27.8,790,0,0,-999,-145.9,5,1267,40,1,71,751,43,799,43
-45,148,1599,13836,50,-999,-999,-999,75,12655,35,KCCAMS,103.2557932,11.47977176,TN228 (see note for exact coral sample),Hines et al. (2015),1,-999,-999,-999,-999,-999,-999,-999,0,0,2,195.9,3.9,12011,26,98,29,4,27.8,791,0,0,-999,-145.9,5,1267,40,1,71,644,44,692,44
-45,148,1599,13851,50,-999,-999,-999,75,12565,35,KCCAMS,117.7121217,11.63019504,TN228 (see note for exact coral sample),Hines et al. (2015),1,-999,-999,-999,-999,-999,-999,-999,0,0,2,196.8,4.2,12025,28,113,29,4,27.8,792,0,0,-999,-145.9,5,1267,40,1,71,540,45,588,45
-45,148,1599,13852,139,-999,-999,-999,75,12865,35,KCCAMS,76.87019086,22.79997697,TN228 (see note for exact coral sample),Hines et al. (2015),1,-999,-999,-999,-999,-999,-999,-999,0,0,2,196.8,4.2,12025,28,72,35,4,27.8,793,0,0,-999,-145.9,5,1267,40,1,71,840,45,888,45
-45,148,1599,13875,50,-999,-999,-999,75,12865,35,KCCAMS,79.87037236,11.23643808,TN228 (see note for exact coral sample),Hines et al. (2015),1,-999,-999,-999,-999,-999,-999,-999,0,0,2,195.2,4,12055,27,75,29,4,27.8,794,0,0,-999,-145.9,5,1267,40,1,71,810,44,858,44
-45,148,1599,13892,50,-999,-999,-999,75,12890,35,KCCAMS,78.73085375,11.22458098,TN228 (see note for exact coral sample),Hines et al. (2015),1,-999,-999,-999,-999,-999,-999,-999,0,0,2,196.3,4,12067,27,74,29,4,27.8,795,0,0,-999,-145.9,5,1267,40,1,71,823,44,871,44
-45,148,1599,13922,79,-999,-999,-999,75,12845,35,KCCAMS,88.73447851,15.14815335,TN228 (see note for exact coral sample),Hines et al. (2015),1,-999,-999,-999,-999,-999,-999,-999,0,0,2,205.3,4.2,12036,28,84,31,4,27.8,796,0,0,-999,-145.9,5,1267,40,1,71,809,45,857,45
-45,148,1599,14898,132,-999,-999,-999,75,13365,35,KCCAMS,148.3691116,23.34120464,TN228 (see note for exact coral sample),Hines et al. (2015),1,-999,-999,-999,-999,-999,-999,-999,0,0,2,277.6,4.6,12510,29,143,36,4,27.8,797,0,0,-999,-145.9,5,1267,40,1,71,855,45,903,45
-45,148,1599,14912,50,-999,-999,-999,75,13225,35,KCCAMS,170.5390406,12.17987805,TN228 (see note for exact coral sample),Hines et al. (2015),1,-999,-999,-999,-999,-999,-999,-999,0,0,2,279.3,5.1,12519,32,165,30,4,27.8,798,0,0,-999,-145.9,5,1267,40,1,71,706,47,754,47
-45,148,1599,14928,50,-999,-999,-999,75,13185,35,KCCAMS,178.6612102,12.26439214,TN228 (see note for exact coral sample),Hines et al. (2015),1,-999,-999,-999,-999,-999,-999,-999,0,0,2,279.8,5.4,12525,34,174,30,4,27.8,799,0,0,-999,-145.9,5,1267,40,1,71,660,49,708,49
-45,148,1616,14831,35,-999,-999,-999,75,13485,45,KCCAMS,122.2099165,11.03777734,TN228 (see note for exact coral sample),Hines et al. (2015),1,-999,-999,-999,-999,-999,-999,-999,0,0,2,273.6,5.9,12477,37,117,29,4,27.8,800,0,0,-999,-145.9,5,1267,40,1,71,1008,58,1056,58
-45,148,1680,13354,90,-999,-999,-999,75,12570,35,KCCAMS,51.84195642,16.03456849,TN228 (see note for exact coral sample),Hines et al. (2015),1,-999,-999,-999,-999,-999,-999,-999,0,0,2,199.8,4,11519,27,47,31,4,27.9,801,0,0,-999,-145.9,5,1267,40,1,71,1051,44,1099,44
-45,148,1680,14161,82,-999,-999,-999,75,13090,35,KCCAMS,87.00578117,15.51860223,TN228 (see note for exact coral sample),Hines et al. (2015),1,-999,-999,-999,-999,-999,-999,-999,0,0,2,203.9,3.3,12278,22,82,31,4,27.9,802,0,0,-999,-145.9,5,1267,40,1,71,812,41,860,41
-45,148,1680,14186,50,-999,-999,-999,75,13040,35,KCCAMS,97.10547237,11.41577547,TN228 (see note for exact coral sample),Hines et al. (2015),1,-999,-999,-999,-999,-999,-999,-999,0,0,2,204.3,3.2,12295,22,92,29,4,27.9,803,0,0,-999,-145.9,5,1267,40,1,71,745,41,793,41
-45,148,1680,14198,50,-999,-999,-999,75,13220,35,KCCAMS,74.35373972,11.17903554,TN228 (see note for exact coral sample),Hines et al. (2015),1,-999,-999,-999,-999,-999,-999,-999,0,0,2,204.7,3.2,12302,21,69,29,4,27.9,804,0,0,-999,-145.9,5,1267,40,1,71,918,41,966,41
-45,148,1680,14347,66,-999,-999,-999,75,13425,35,KCCAMS,66.33021094,13.15946335,TN228 (see note for exact coral sample),Hines et al. (2015),1,-999,-999,-999,-999,-999,-999,-999,0,0,2,213,3.8,12393,25,61,30,4,27.9,805,0,0,-999,-145.9,5,1267,40,1,71,1032,43,1080,43
-45,148,1680,14373,50,-999,-999,-999,75,13475,35,KCCAMS,63.05172109,11.06143399,TN228 (see note for exact coral sample),Hines et al. (2015),1,-999,-999,-999,-999,-999,-999,-999,0,0,2,216.7,3.4,12397,23,58,29,4,27.9,806,0,0,-999,-145.9,5,1267,40,1,71,1078,42,1126,42
-45,148,1680,14392,50,-999,-999,-999,75,13430,35,KCCAMS,71.4832897,11.14916748,TN228 (see note for exact coral sample),Hines et al. (2015),1,-999,-999,-999,-999,-999,-999,-999,0,0,2,219.9,3.6,12396,23,66,29,4,27.9,807,0,0,-999,-145.9,5,1267,40,1,71,1034,42,1082,42
-45,148,1680,14464,52,-999,-999,-999,75,13275,40,KCCAMS,101.9140061,12.41831435,TN228 (see note for exact coral sample),Hines et al. (2015),1,-999,-999,-999,-999,-999,-999,-999,0,0,2,228.1,4.2,12410,27,97,30,4,27.9,808,0,0,-999,-145.9,5,1267,40,1,71,865,48,913,48
-45,148,1680,14578,80,-999,-999,-999,75,13345,40,KCCAMS,107.5212225,16.23295364,TN228 (see note for exact coral sample),Hines et al. (2015),1,-999,-999,-999,-999,-999,-999,-999,0,0,2,237.1,4.5,12458,29,102,32,4,27.9,809,0,0,-999,-145.9,5,1267,40,1,71,887,49,935,49
-45,148,1689,16722,64,-999,-999,-999,75,14940,45,KCCAMS,176.9340682,15.70490403,TN228 (see note for exact coral sample),Hines et al. (2015),1,-999,-999,-999,-999,-999,-999,-999,0,0,2,357.1,6.8,13804,40,172,31,4,27.9,810,0,0,-999,-145.9,5,1267,40,1,71,1136,60,1184,60
-45,148,1689,17279,109,-999,-999,-999,75,15390,45,KCCAMS,190.3771663,22.36474615,TN228 (see note for exact coral sample),Hines et al. (2015),1,-999,-999,-999,-999,-999,-999,-999,0,0,2,387.9,8.4,14158,49,185,35,4,27.9,811,0,0,-999,-145.9,5,1267,40,1,71,1232,67,1280,67
-45,148,1689,17608,164,-999,-999,-999,75,15730,50,KCCAMS,187.3709509,30.94904343,TN228 (see note for exact coral sample),Hines et al. (2015),1,-999,-999,-999,-999,-999,-999,-999,0,0,2,390.4,7.3,14464,42,182,41,4,27.9,812,0,0,-999,-145.9,5,1267,40,1,71,1266,65,1314,65
-45,148,1689,33730,145,-999,-999,-999,75,30470,270,KCCAMS,332.3895282,68.18273819,TN228 (see note for exact coral sample),Hines et al. (2015),1,-999,-999,-999,-999,-999,-999,-999,0,0,2,574.5,20.9,29120,107,327,73,4,27.9,813,0,0,-999,-145.9,5,1267,40,1,71,1350,290,1398,290
-45,148,1689,33730,145,-999,-999,-999,75,29300,230,KCCAMS,541.2952973,71.18921668,TN228 (see note for exact coral sample),Hines et al. (2015),1,-999,-999,-999,-999,-999,-999,-999,0,0,2,574.5,20.9,29120,107,536,76,4,27.9,814,0,0,-999,-145.9,5,1267,40,1,71,180,254,228,254
-45,148,1748,14869,53,-999,-999,-999,75,13675,40,KCCAMS,101.0277217,12.54151814,TN228 (see note for exact coral sample),Hines et al. (2015),1,-999,-999,-999,-999,-999,-999,-999,0,0,2,274.7,4.7,12500,30,96,30,4,27.9,815,0,0,-999,-145.9,5,1267,40,1,71,1175,50,1223,50
-45,148,1748,15837,65,-999,-999,-999,75,14610,40,KCCAMS,101.7956056,14.14969867,TN228 (see note for exact coral sample),Hines et al. (2015),1,-999,-999,-999,-999,-999,-999,-999,0,0,2,312.3,6.5,13209,40,97,31,4,27.9,816,0,0,-999,-145.9,5,1267,40,1,71,1401,57,1449,57
-45,148,1748,16129,71,-999,-999,-999,75,14765,40,KCCAMS,119.5949494,15.19093228,TN228 (see note for exact coral sample),Hines et al. (2015),1,-999,-999,-999,-999,-999,-999,-999,0,0,2,328.3,5.5,13393,33,115,31,4,27.9,817,0,0,-999,-145.9,5,1267,40,1,71,1372,52,1420,52
-45,148,1748,16238,76,-999,-999,-999,75,14685,40,KCCAMS,145.8088872,16.23967756,TN228 (see note for exact coral sample),Hines et al. (2015),1,-999,-999,-999,-999,-999,-999,-999,0,0,2,333.9,5.7,13466,34,141,32,4,27.9,818,0,0,-999,-145.9,5,1267,40,1,71,1219,52,1267,52
-45,148,1898,13891,72,-999,-999,-999,75,12390,30,KCCAMS,147.8693657,14.28436439,TN228 (see note for exact coral sample),Hines et al. (2015),1,-999,-999,-999,-999,-999,-999,-999,0,0,2,196.3,4,12067,27,143,31,4,27.9,819,0,0,-999,-145.9,5,1267,40,1,71,323,40,371,40
-45,148,1898,14210,43,-999,-999,-999,75,13365,35,KCCAMS,56.66774667,10.10023894,TN228 (see note for exact coral sample),Hines et al. (2015),1,-999,-999,-999,-999,-999,-999,-999,0,0,2,205.3,3.2,12308,22,52,29,4,27.9,820,0,0,-999,-145.9,5,1267,40,1,71,1057,41,1105,41
-45,148,1947,13199,39,-999,-999,-999,75,12465,30,KCCAMS,45.88635163,8.840089928,TN228 (see note for exact coral sample),Hines et al. (2015),1,-999,-999,-999,-999,-999,-999,-999,0,0,2,200.9,3.8,11356,26,41,28,4,27.9,821,0,0,-999,-145.9,5,1267,40,1,71,1109,40,1157,40
42.2,144.2,1212,10222,153.75,210,210,210,76,10700,70,BETA,-91.10261367,24.82697804,GH02-1030,Ikehara et al. (2006),3,-999,Mixed PF,9840,40,-999,11.60209487,5.049794082,376,46,2,116.1,3,9058,21,-94,36,2,27.65,822,0,0,24.9,-209.5,5,1888,40,1,72,1642,73,1675,73
42.2,144.2,1212,10623,149.5,220,220,220,76,10800,70,BETA,-57.7320701,25.25392094,GH02-1030,Ikehara et al. (2006),3,-999,Mixed PF,10240,60,-999,10.29949642,7.574370475,376,46,2,123.7,3,9392,21,-61,37,2,27.65,823,0,0,34.6,-209.5,5,1888,40,1,72,1408,73,1441,73
42.2,144.2,1212,11057,112,235,235,235,76,11190,60,BETA,-54.00450056,19.88347991,GH02-1030,Ikehara et al. (2006),3,-999,Mixed PF,10510,60,-999,29.56187532,7.718783488,376,46,2,161.1,3.1,9547,21,-57,33,2,27.65,824,0,0,37.5,-209.5,5,1888,40,1,72,1643,64,1676,64
42.2,144.2,1212,11297,116.25,244,244,244,76,11370,60,BETA,-47.71788493,20.5052872,GH02-1030,Ikehara et al. (2006),3,-999,Mixed PF,10690,60,-999,36.40383153,7.770078684,376,46,2,139.4,3.3,9932,23,-51,34,2,27.65,825,0,0,35.2,-209.5,5,1888,40,1,72,1438,64,1471,64
42.2,144.2,1212,11780,192.5,261,261,261,76,11610,70,BETA,-20.14006754,31.36028704,GH02-1030,Ikehara et al. (2006),3,-999,N. pachyderma,10950,60,-999,63.76600001,7.975217063,376,46,2,176.5,3.5,10141,24,-23,41,2,27.65,826,0,0,14.1,-209.5,5,1888,40,1,72,1469,74,1502,74
42.2,144.2,1212,13841,159.5,290,290,290,76,13510,80,BETA,-7.536970682,29.03616179,GH02-1030,Ikehara et al. (2006),3,-999,N. pachyderma,12900,70,-999,70.76274861,9.371457369,376,46,2,196.9,4,12014,27,-11,39,2,27.65,827,0,0,52.3,-209.5,5,1888,40,1,72,1496,84,1529,84
42.2,144.2,1212,14482,155.75,323.5,323.5,323.5,76,14500,50,BETA,-51.87596756,23.7665447,GH02-1030,Ikehara et al. (2006),3,-999,Mixed PF,13060,70,-999,134.2715071,9.927294432,376,46,2,229.9,4.2,12417,27,-55,36,2,27.65,828,0,0,63.2,-209.5,5,1888,40,1,72,2083,57,2116,57
42.2,144.2,1212,14229,156,307.5,307.5,307.5,76,13900,70,BETA,-9.139635427,27.33561754,GH02-1030,Ikehara et al. (2006),3,-999,N. pachyderma,13270,70,-999,71.69856376,9.379647747,376,46,2,207,3.4,12316,22,-12,38,2,27.65,829,0,0,54.6,-209.5,5,1888,40,1,72,1584,73,1617,73
42.2,144.2,1212,14925.5,153.25,345.5,345.5,345.5,76,14160,40,BETA,43.62735771,24.5452664,GH02-1030,Ikehara et al. (2006),3,-999,N. pachyderma,13470,40,-999,137.2330568,5.676928497,376,46,2,279.8,5.4,12525,34,40,36,2,27.65,830,0,0,45.4,-209.5,5,1888,40,1,72,1635,52,1668,52
42.2,144.2,1212,16906.5,155,435.5,435.5,435.5,76,16010,90,BETA,53.40725009,31.55745556,GH02-1030,Ikehara et al. (2006),3,-999,Mixed PF,15010,80,-999,193.0539972,11.94088915,376,46,2,375,6.1,13873,36,50,41,2,27.65,831,0,0,83.3,-209.5,5,1888,40,1,72,2137,97,2170,97
42.2,144.2,1212,16522.5,205,403.5,403.5,403.5,76,15560,80,BETA,63.53587987,36.97202184,GH02-1030,Ikehara et al. (2006),3,-999,Mixed PF,15090,50,-999,127.6183396,7.040551247,376,46,2,346.8,6.9,13671,41,60,46,2,27.65,832,0,0,84.2,-209.5,5,1888,40,1,72,1889,90,1922,90
42.2,144.2,1212,17259,173.25,465.5,465.5,465.5,76,16140,80,BETA,81.64829439,33.44527995,GH02-1030,Ikehara et al. (2006),3,-999,Mixed PF,15140,60,-999,225.0388642,9.184304493,376,46,2,385.9,7.1,14150,41,78,43,2,27.65,833,0,0,43.6,-209.5,5,1888,40,1,72,1990,90,2023,90
42.2,144.2,1212,18577,168,523,523,523,76,17230,100,BETA,107.6324992,36.30406873,GH02-1030,Ikehara et al. (2006),3,-999,Mixed PF,16380,60,-999,231.2604159,9.230948421,376,46,2,441.5,9,15117,50,104,45,2,27.65,834,0,0,24.9,-209.5,5,1888,40,1,72,2113,112,2146,112
42.2,144.2,1212,19983,205.75,558,558,558,76,18730,120,BETA,89.33661557,43.39592218,GH02-1030,Ikehara et al. (2006),3,-999,Mixed PF,17780,70,-999,226.0910123,10.7309109,376,46,2,428.1,7.8,16562,44,86,51,2,27.65,835,0,0,41.8,-209.5,5,1888,40,1,72,2168,128,2201,128
42.2,144.2,1212,21704,288.75,630,630,630,76,20590,180,BETA,64.17634359,61.04862019,GH02-1030,Ikehara et al. (2006),3,-999,Mixed PF,19130,180,-999,276.2822937,28.92120007,376,46,2,505.1,8.9,17811,47,61,67,2,27.65,836,0,0,41.8,-209.5,5,1888,40,1,72,2779,186,2812,186
34.2,137.7,1076,2790.5,122.625,38,41,39.5,77,6090,40,BETA,-343.3314452,13.01111727,BO04-PC11,Ikehara et al. (2011),3,-999,N. dutertrei,3180,40,-999,-56.65213762,4.709077291,0,0,2,-2.3,1.5,2739,12,-321,30,2,27.46,837,1,0,10.7,-235,3.7,2152,30,1,73,3351,42,3120,42
34.2,137.7,1076,8794,142.25,102,104,103,77,10440,40,BETA,-210.1336773,17.52574938,BO04-PC11,Ikehara et al. (2011),3,-999,N. dutertrei,8430,40,-999,14.42940487,5.063907668,0,0,2,72.9,3,7985,23,-188,32,2,27.46,838,1,0,14.9,-235,3.7,2152,30,1,73,2455,46,2224,46
34.2,137.7,1076,13469,155.5,171.5,174.5,173,77,14930,50,BETA,-204.9374778,19.90571401,BO04-PC11,Ikehara et al. (2011),3,-999,N. dutertrei,12120,60,-999,128.0297455,8.457012232,0,0,2,203.1,4,11603,26,-183,33,2,27.46,839,0,0,12.3,-235,3.7,2152,30,1,73,3327,56,3096,56
34.2,137.7,1076,19181,164.75,241.5,244.5,243,77,17990,80,BETA,84.02036433,32.40353798,BO04-PC11,Ikehara et al. (2011),3,-999,N. dutertrei,16640,60,-999,282.4001701,9.614351012,0,0,2,401.5,6.2,15935,36,106,42,2,27.46,840,0,0,14.8,-235,3.7,2152,30,1,73,2055,88,1824,88
34.2,137.7,1076,19856,187,251.5,254.5,253,77,19530,90,BETA,-28.95510601,32.85073015,BO04-PC11,Ikehara et al. (2011),3,-999,N. dutertrei,17210,80,-999,296.1859756,12.97310356,0,0,2,429.4,7.8,16428,44,-7,42,2,27.46,841,0,0,14.8,-235,3.7,2152,30,1,73,3102,100,2871,100
34.3,-120,576.5,1228,126.75,155,155,155,78,2430,50,LLNL,-142.6934997,18.48184544,ODP893A,Ingram and Kennett (1995),3,-999,Mixed PF,1850,60,-999,-78.5047117,6.908591689,0,0,2,-7.2,1.3,1253,11,-227,32,2,27.06,842,0,0,248.5,-128.1,5,1101,40,1,74,1177,51,1997,51
34.3,-120,576.5,2065,138.75,363,363,363,78,3000,60,LLNL,-116.3296248,21.43357046,ODP893A,Ingram and Kennett (1995),3,-999,Mixed PF,2520,70,-999,-61.91775062,8.210220069,0,0,2,-12.5,1.8,2112,14,-201,34,2,27.06,843,0,0,163.3,-128.1,5,1101,40,1,74,888,62,1708,62
34.3,-120,576.5,3314,147.5,567,567,567,78,4130,80,LLNL,-107.0799969,24.82721502,ODP893A,Ingram and Kennett (1995),3,-999,Mixed PF,3555,70,-999,-40.82194192,8.394853381,0,0,2,22.1,2.2,3051,18,-192,36,2,27.06,844,0,0,88.2,-128.1,5,1101,40,1,74,1079,82,1899,82
34.3,-120,576.5,4868,155,704,704,704,78,5210,50,LLNL,-57.97871183,23.52807879,ODP893A,Ingram and Kennett (1995),3,-999,Mixed PF,4800,50,-999,-8.650312409,6.189725756,0,0,2,48.3,2.1,4354,16,-143,36,2,27.06,845,0,0,108.3,-128.1,5,1101,40,1,74,856,52,1676,52
34.3,-120,576.5,6410,146.25,871,871,871,78,6570,150,LLNL,-41.61365518,34.8582437,ODP893A,Ingram and Kennett (1995),3,-999,Mixed PF,6200,70,-999,3.562031883,8.783307797,0,0,2,73.1,2.3,5662,17,-126,44,2,27.06,846,0,0,145.6,-128.1,5,1101,40,1,74,908,151,1728,151
34.3,-120,576.5,8512,166.75,1177,1177,1177,78,8570,70,LLNL,-36.52943828,27.83334345,ODP893A,Ingram and Kennett (1995),3,-999,Mixed PF,8235,90,-999,4.499723638,11.31747924,0,0,2,71.2,2.7,7726,20,-121,39,2,27.06,847,0,0,213.4,-128.1,5,1101,40,1,74,844,73,1664,73
34.3,-120,576.5,9515,197.5,1391,1391,1391,78,9230,150,LLNL,1.953227462,42.65915284,ODP893A,Ingram and Kennett (1995),3,-999,Mixed PF,9100,150,-999,18.29999625,19.19332992,0,0,2,101.4,3,8475,22,-83,50,2,27.06,848,0,0,298.2,-128.1,5,1101,40,1,74,755,152,1575,152
34.3,-120,576.5,11031,104.5,1843,1843,1843,78,10860,110,LLNL,-17.42829834,25.87816523,ODP893A,Ingram and Kennett (1995),3,-999,Mixed PF,10080,80,-999,82.7645138,10.83703761,0,0,2,157.8,3,9550,21,-102,37,2,27.06,849,0,0,322.6,-128.1,5,1101,40,1,74,1310,112,2130,112
34.3,-120,576.5,11155,91.75,1883,1883,1883,78,10670,110,LLNL,21.29340669,25.32235398,ODP893A,Ingram and Kennett (1995),3,-999,Mixed PF,10210,90,-999,81.48344263,12.184838,0,0,2,157.8,3.5,9667,24,-63,37,2,27.06,850,0,0,285.7,-128.1,5,1101,40,1,74,1003,113,1823,113
34.3,-120,576.5,11267,105.75,1915,1915,1915,78,10630,70,LLNL,40.39158916,22.37625876,ODP893A,Ingram and Kennett (1995),3,-999,Mixed PF,10260,70,-999,89.4327771,9.53485993,0,0,2,137.6,2.9,9916,20,-44,35,2,27.06,851,0,0,197.2,-128.1,5,1101,40,1,74,714,73,1534,73
34.3,-120,576.5,13098,192,2276,2276,2276,78,12020,100,LLNL,92.03611538,38.96503468,ODP893A,Ingram and Kennett (1995),3,-999,Mixed PF,11810,240,-999,120.9607309,33.99598912,0,0,2,211.2,4.5,11190,30,7,47,2,27.06,852,0,0,226.5,-128.1,5,1101,40,1,74,830,104,1650,104
34.3,-120,576.5,13725,140.25,2418,2418,2418,78,12760,80,LLNL,74.40568815,28.93075207,ODP893A,Ingram and Kennett (1995),3,-999,Mixed PF,12340,70,-999,132.0747233,9.90806789,0,0,2,211,3.9,11803,26,-10,39,2,27.06,853,0,0,171.4,-128.1,5,1101,40,1,74,957,84,1777,84
34.3,-120,576.5,14997,279.5,2636,2636,2636,78,13520,90,LLNL,139.9936465,51.33175601,ODP893A,Ingram and Kennett (1995),3,-999,Mixed PF,12990,170,-999,217.7446868,26.04539359,0,0,2,279.6,6.1,12595,38,55,58,2,27.06,854,0,0,104.7,-128.1,5,1101,40,1,74,925,98,1745,98
34.3,-120,576.5,16373,254,2780,2780,2780,78,14980,160,LLNL,122.6784578,56.8794442,ODP893A,Ingram and Kennett (1995),3,-999,Mixed PF,14490,130,-999,193.2917827,19.46843858,0,0,2,336.2,6.3,13588,38,38,63,2,27.06,855,0,0,230,-128.1,5,1101,40,1,74,1392,164,2212,164
34.3,-120,576.5,17060,210.25,2938,2938,2938,78,15370,450,LLNL,162.1468948,94.76315051,ODP893A,Ingram and Kennett (1995),3,-999,Mixed PF,15040,230,-999,210.8827132,35.17096783,0,0,2,371.2,7.1,14041,42,78,98,2,27.06,856,0,0,253.2,-128.1,5,1101,40,1,74,1329,452,2149,452
34.3,-120,576.5,17218,204.25,2978,2978,2978,78,15205,30,KIA/KCCAMS,209.1546389,34.39451783,ODP893A,Sarnthein et al. (2007); Magana et al. (2010),3,-999,Mixed PF,14670,130,-999,292.4268677,21.08581778,0,0,2,379.2,9,14150,53,128,44,2,27.06,857,0,0,187.4,-131.8,5,1135,40,1,74,1055,61,1841,61
34.3,-120,576.5,18056,205,3135,3135,3135,78,16080,220,LLNL,200.0493353,62.65230028,ODP893A,Ingram and Kennett (1995),3,-999,Mixed PF,15550,140,-999,281.8963566,22.53684636,0,0,2,424.3,6.8,14708,38,115,68,2,27.06,858,0,0,147.3,-128.1,5,1101,40,1,74,1372,223,2192,223
34.3,-120,576.5,19169,213.25,3299,3299,3299,78,17120,90,LLNL,206.2644874,44.64090221,ODP893A,Ingram and Kennett (1995),3,-999,Mixed PF,16630,190,-999,282.1351389,30.68709804,0,0,2,401.8,6.6,15914,38,122,52,2,27.06,859,0,0,151.6,-128.1,5,1101,40,1,74,1206,98,2026,98
34.3,-120,576.5,19875,228.75,3406,3406,3406,78,17510,100,LLNL,251.5445565,50.22406691,ODP893A,Ingram and Kennett (1995),3,-999,Mixed PF,17220,140,-999,297.5521355,22.81208849,0,0,2,427.5,7.7,16458,44,167,57,2,27.06,860,0,0,134,-128.1,5,1101,40,1,74,1052,109,1872,109
34.3,-120,576.5,28641,464.75,4581,4581,4581,78,26080,320,LLNL,243.4498531,119.6210427,ODP893A,Ingram and Kennett (1995),3,-999,Mixed PF,25530,260,-999,331.568043,43.80323594,0,0,2,544.8,14.2,24336,74,159,123,2,27.06,861,0,0,134,-128.1,5,1101,40,1,74,1744,328,2564,328
27.5,-112.1,818,2865,53,60,60,60,79,4080,30,NOSAMS,-149.0026682,8.634049295,AII125-8 GGC55,Keigwin (2002),4,-999,-999,3420,35,-999,-76.13119217,4.03410355,0,0,2,0.8,2.4,2782,19,-183,28,2,27.27,862,0,0,89.8,-178.5,3,1579,24,1,75,1298,36,1640,36
27.5,-112.1,818,4535,70,210,210,210,79,5220,25,NOSAMS,-96.29554697,10.46473636,AII125-8 GGC55,Keigwin (2002),4,-999,-999,4710,40,-999,-37.06059564,4.806875875,0,0,2,40.9,2,4090,15,-131,29,2,27.27,863,0,0,98.8,-178.5,3,1579,24,1,75,1130,29,1472,29
27.5,-112.1,818,5648,51,320,320,320,79,6130,35,NOSAMS,-76.79497967,9.717958606,AII125-8 GGC55,Keigwin (2002),4,-999,-999,5610,45,-999,-15.05646941,5.533030728,0,0,2,72.5,2.1,4928,16,-111,28,2,27.27,864,0,0,98.8,-178.5,3,1579,24,1,75,1202,38,1544,38
27.5,-112.1,818,5675,71,100,100,100,80,6170,35,NOSAMS,-78.37550228,11.93112238,AII125-8 JPC56,Keigwin (2002),4,-999,-999,5630,60,-999,-14.29159295,7.390007302,0,0,2,69.7,2,4978,15,-113,29,2,27.27,865,0,0,78.9,-178.5,3,1579,24,1,76,1192,38,1534,38
27.5,-112.1,818,9732,119,420,420,420,80,9280,35,NOSAMS,22.21918887,19.169377,AII125-8 JPC56,Keigwin (2002),4,-999,-999,9355,70,-999,12.7196678,8.863456639,0,0,2,90,3.1,8772,23,-12,33,2,27.27,866,0,0,100.2,-178.5,3,1579,24,1,76,508,42,850,42
27.5,-112.1,818,10231,98,470,470,470,80,9520,45,NOSAMS,53.86003825,18.39738167,AII125-8 JPC56,Keigwin (2002),4,-999,-999,9705,75,-999,29.86698078,9.660366437,0,0,2,111.8,2.9,9099,21,20,32,2,27.27,867,0,0,355,-178.5,3,1579,24,1,76,421,50,763,50
27.5,-112.1,818,10738,119,650,650,650,80,10550,60,NOSAMS,-14.32960523,21.55218824,AII125-8 JPC56,Keigwin (2002),4,-999,-999,10125,80,-999,39.22318248,10.40124659,0,0,2,123.2,4.6,9503,33,-49,34,2,27.27,868,0,0,209.7,-178.5,3,1579,24,1,76,1047,68,1389,68
27.5,-112.1,818,11930,179,900,900,900,80,11350,45,NOSAMS,30.62485568,28.09237975,AII125-8 JPC56,Keigwin (2002),4,-999,-999,10945,75,-999,83.91805382,10.16737674,0,0,2,187,2.9,10215,20,-4,39,2,27.27,869,0,0,134,-178.5,3,1579,24,1,76,1135,49,1477,49
27.5,-112.1,818,12676,78,1000,1000,1000,80,12050,45,NOSAMS,33.82242555,15.54616913,AII125-8 JPC56,Keigwin (2002),4,-999,-999,11490,90,-999,108.4642094,12.48882442,0,0,2,235.6,3.1,10622,20,0,31,2,27.27,870,0,0,117.5,-178.5,3,1579,24,1,76,1428,49,1770,49
27.5,-112.1,818,13527,99,1100,1100,1100,80,12950,60,NOSAMS,24.45890906,19.92136003,AII125-8 JPC56,Keigwin (2002),4,-999,-999,12395,80,-999,97.74116631,10.98693405,0,0,2,190.1,3.8,11749,26,-10,33,2,27.27,871,0,0,199.9,-178.5,3,1579,24,1,76,1201,65,1543,65
27.5,-112.1,818,15028,187,1400,1400,1400,80,13950,55,NOSAMS,84.63480584,31.96535616,AII125-8 JPC56,Keigwin (2002),4,-999,-999,13400,90,-999,161.4984249,13.08634935,0,0,2,280.8,5.7,12616,36,50,42,2,27.27,872,0,0,426.4,-178.5,3,1579,24,1,76,1334,66,1676,66
27.5,-112.1,818,15497,164,1600,1600,1600,80,14150,55,NOSAMS,119.718854,29.88287079,AII125-8 JPC56,Keigwin (2002),4,-999,-999,13685,100,-999,186.4478581,14.86198723,0,0,2,302.9,7.2,12936,44,85,40,2,27.27,873,0,0,78.9,-178.5,3,1579,24,1,76,1214,70,1556,70
27.5,-112.1,818,16765,177,1700,1700,1700,80,14700,65,NOSAMS,218.9513884,35.96678054,AII125-8 JPC56,Keigwin (2002),4,-999,-999,14580,100,-999,237.2972338,15.49894971,0,0,2,361.2,6.2,13818,37,185,45,2,27.27,874,0,0,340.1,-178.5,3,1579,24,1,76,882,75,1224,75
27.5,-112.1,818,17206,162,1850,1850,1850,80,15550,60,NOSAMS,156.6432676,31.30857291,AII125-8 JPC56,Keigwin (2002),4,-999,-999,14870,100,-999,258.8176291,15.768524,0,0,2,377.2,9.1,14152,53,122,41,2,27.27,875,0,0,340.1,-178.5,3,1579,24,1,76,1398,80,1740,80
49.1,150.3,1227,19866,307,225,225,225,81,18650,110,NOSAMS,84.77779167,55.16203924,B34-91,Keigwin (2002),3,-999,N. pachyderma (s.),17200,80,-999,299.3713634,13.00498507,0,0,2,428.5,7.8,16443,44,96,61,2,27.66,876,0,0,-999,-224,5,2037,40,2,77,2207,118,2091,118
48.6,150.4,1980,20407,290,169,171,170,82,19200,110,NOSAMS,81.4995,52.76861428,Nesmeyanov25-1 GGC15,Keigwin (2002),3,-999,N. pachyderma (s.),17650,80,-999,311.671881,13.12809694,0,0,2,447.3,7.3,16863,40,106,59,2,27.85,877,0,0,-999,-237.4,5,2177,40,2,78,2337,117,2081,117
48.8,150.4,1700,18754,351,216,216,216,83,17800,140,NOSAMS,54.09015207,63.16305959,Nesmeyanov25-1 GGC18,Keigwin (2002),3,-999,N. pachyderma (s.),16250,120,-999,278.4290816,19.24101537,0,0,2,417.9,6,15424,34,75,69,2,27.8,878,0,0,-999,-233.2,5,2133,40,2,79,2376,144,2164,144
48.9,150.4,1510,20054,337.5,230,230,230,84,18700,140,NOSAMS,102.8435167,64.28036763,Nesmeyanov25-1 GGC20,Keigwin (2002),3,-999,N. pachyderma (s.),17350,100,-999,304.6680302,16.34286705,0,0,2,434.5,8.1,16594,46,123,70,2,27.75,879,0,0,-999,-233.2,5,2133,40,2,80,2106,147,1894,147
49.6,150.2,995,19310,514,69,70,69.5,85,18200,95,NOSAMS,72.65698606,79.45029571,Nesmeyanov25-1 GGC27,Keigwin (2002),3,-999,N. pachyderma (s.),16750,200,-999,284.8527884,32.39091353,0,0,2,412.7,6.3,15988,36,78,84,2,27.55,880,0,0,-999,-217.8,5,1973,40,2,81,2212,102,2160,102
29.7,-73.4,3845,19188,309.5,328,330,329,86,17650,140,NOSAMS,131.8447649,62.13108685,KNR140 GGC26,Keigwin (2004),3,-999,G. ruber,16650,100,-999,281.8897163,16.05753549,0,0,2,401.5,6.2,15935,36,105,62,1,28.1,881,0,0,-999,-999,5,781,40,1,82,1715,145,1956,145
32,-76.1,2590,21260,375,178.5,178.5,178.5,87,18950,120,NOSAMS,236.9534369,74.63282466,KNR140 GGC43,Keigwin (2004),3,-999,G. ruber,18350,95,-999,332.8817754,15.85652547,0,0,2,467.6,7.4,17577,41,195,75,1,28.02,882,0,0,-999,-999,5,651,40,1,83,1373,127,1744,127
32.8,-76.2,1903,12572,150,186.5,187.5,187,88,11400,65,NOSAMS,106.9396202,29.04505696,KNR140 GGC50,Keigwin (2004),3,-999,G. ruber,11200,50,-999,134.8453739,7.085674942,0,0,2,243.6,2.7,10473,17,73,33,1,28,883,0,0,-999,-999,5,601,40,1,84,927,67,1225,67
32.8,-76.3,1790,12696,177,310,310,310,89,11650,100,NOSAMS,89.23637842,36.88758494,KNR140 GGC51,Keigwin (2004),3,-999,G. ruber,11350,65,-999,130.6840781,9.18618367,0,0,2,233.3,2.8,10656,18,55,40,1,28,884,0,0,-999,-999,5,600,40,1,85,994,102,1293,102
32.5,-76.3,2155,12922,162.5,89,89,89,90,11750,60,NOSAMS,105.5753061,29.99313224,KNR140 GGC66,Keigwin (2004),3,-999,G. ruber,11600,50,-999,126.4136364,7.033029398,0,0,2,208.5,3.1,11043,21,74,30,1,27.9,885,0,0,-999,-999,5,621,40,1,86,707,64,985,64
32.4,-76.4,2243,12876,178,95,96,95.5,91,11600,80,NOSAMS,120.1633476,35.28012049,KNR140 JPC01,Keigwin (2004),3,-999,G. ruber,11550,70,-999,127.1573518,9.865030404,0,0,2,212.9,3,10965,20,89,35,1,27.9,886,0,0,-999,-999,5,621,40,1,87,635,82,913,82
29.1,-72.9,4250,12316,154.25,79,79,79,92,12550,170,NOSAMS,-69.95922703,37.0451523,KNR140 JPC12,Keigwin (2004),3,-999,Mixed PF,10950,55,-999,135.0214362,7.797880743,0,0,2,221.9,2.9,10361,19,-97,37,1,28.1,887,0,0,25.7,-999,5,781,40,1,88,2189,171,2430,171
29.1,-72.9,4250,18161,225.25,229.5,232.5,231,92,17300,95,NOSAMS,44.13652058,40.80803464,KNR140 JPC12,Keigwin (2004),3,-999,Mixed PF,15750,75,-999,266.3570478,11.87869244,0,0,2,431.3,8.4,14776,47,17,41,1,28.1,888,0,0,25.7,-999,5,781,40,1,88,2524,106,2765,106
28.3,-74.4,4712,18164,325,168,171,169.5,93,17150,140,NOSAMS,64.2029448,60.41638855,KNR140 JPC22,Keigwin (2004),3,-999,G. inflata,15700,95,-999,274.7263466,15.16468388,0,0,2,431.3,8.4,14776,47,39,60,1,28.1,889,0,0,-999,-999,5,797,40,1,89,2374,148,2599,148
32.2,-76.3,2394,12360,413.5,72.5,72.5,72.5,94,12300,70,NOSAMS,-35.43963577,56.68332602,KNR140 PG02,Keigwin (2004),3,-999,G. ruber,11050,160,-999,126.961704,22.67167757,0,0,2,227,2.8,10367,18,-63,57,1,27.9,890,1,0,-999,-999,5,651,40,1,90,1933,72,2181,72
33.7,-57.6,4600,17143,154.5,365,365,365,95,15970,120,NOSMAS/LLNL,89.38910802,36.63994634,HU89038-8PC,Keigwin and Boyle (2008),3,-999,G. inflata,14800,60,-999,260.1947655,9.447873684,0,0,2,366.3,6.7,14157,39,68,37,1,28.1,891,0,0,103.6,-999,5,827,40,1,91,1813,126,2008,126
33.7,-57.6,4600,19170,161.75,575,575,575,95,18200,160,NOSMAS/LLNL,54.64470114,41.65197106,HU89038-8PC,Keigwin and Boyle (2008),3,-999,G. inflata,16700,90,-999,271.1648361,14.32193688,0,0,2,401.8,6.6,15914,38,33,42,1,28.1,892,0,0,103.6,-999,5,827,40,1,91,2286,164,2481,164
33.7,-57.6,4600,17031,265.5,221,221,221,96,15800,90,NOSAMS,97.71632192,47.56731375,OCE326 GGC5,Keigwin and Boyle (2008),3,-999,G. inflata,14750,65,-999,250.999421,10.16367938,0,0,2,374.1,6.8,14005,40,76,48,1,28.1,893,0,0,-999,-999,5,827,40,1,92,1795,98,1990,98
27.9,-111.7,655,19623,399.5,109,112,110.5,97,17650,120,NOSAMS,192.9958719,75.5229027,DSDP480,Keigwin and Lehman (2015),3,-999,G. bulloides & N. pachyderma (d.),17000,130,-999,293.5416266,21.10400496,0,0,2,402.2,8.7,16359,50,139,80,2,27.13,894,0,0,-999,-159.2,5,1393,40,1,93,1291,130,1819,130
-0.4,-106.2,3606,3065.5,61.25,22,23,22.5,98,5605,25,KCCAMS,-278.8694814,7.587253516,KNR73 3PC,Keigwin and Lehman (2015),3,-999,G. sacculifer,3555,15,-999,-69.225108,1.739657257,0,0,2,7.5,1.9,2923,15,-264,8,2,28.1,895,0,0,2.4,-224.6,5,2043,40,1,94,2682,29,2525,29
-0.4,-106.2,3606,6751,263.125,31,32,31.5,98,8070,30,KCCAMS,-171.3734457,29.47461542,KNR73 3PC,Keigwin and Lehman (2015),3,-999,G. ruber + G. sacculifer (average),6620,25,-999,-7.452379796,3.093780992,0,0,2,79.6,2.4,5954,18,-156,29,2,28.1,896,0,0,3.4,-224.6,5,2043,40,1,94,2116,35,1959,35
-0.4,-106.2,3606,16855,384.75,65,66,65.5,98,17580,110,KCCAMS,-138.9851017,51.89371727,KNR73 3PC,Keigwin and Lehman (2015),3,-999,G. ruber + G. sacculifer (average),14728,80,-999,228.0063582,12.29071596,0,0,2,371,6,13848,35,-124,52,2,28.1,897,0,0,1.9,-224.6,5,2043,40,1,94,3732,115,3575,115
-0.4,-106.2,3606,25468.5,427.125,81,82,81.5,98,24630,230,KCCAMS,14.74807944,81.56999235,KNR73 3PC,Keigwin and Lehman (2015),3,-999,G. ruber + G. sacculifer (average),22380,190,-999,342.7704691,32.13836653,0,0,2,571.6,10.3,21108,53,30,82,2,28.1,898,0,0,2.5,-224.6,5,2043,40,1,94,3522,236,3365,236
-0.4,-106.2,3606,28648.5,463.875,89,90,89.5,98,28240,420,KCCAMS,-48.85993705,103.3017723,KNR73 3PC,Keigwin and Lehman (2015),3,-999,G. ruber + G. sacculifer (average),25520,250,-999,334.4367783,42.18283321,0,0,2,544.8,14.2,24336,74,-34,103,2,28.1,899,0,0,2.5,-224.6,5,2043,40,1,94,3904,426,3747,426
1.8,-110.3,3681,5337,111.75,17.5,18.5,18,99,6235,40,KCCAMS,-122.4264223,16.23345662,KNR73 4PC,Keigwin and Lehman (2015),3,-999,G. sacculifer,5170,15,-999,1.985606092,1.872753065,0,0,2,61.9,2,4706,15,-111,16,2,28.1,900,0,0,7.3,-221.2,2.5,2008,20,1,95,1529,43,1408,43
1.8,-110.3,3681,6709,214.25,27.5,28.5,28,99,8450,50,KCCAMS,-213.6639319,25.277679,KNR73 4PC,Keigwin and Lehman (2015),3,-999,G. ruber + G. sacculifer (average),6488,25,-999,3.878993177,3.129100996,0,0,2,82.7,2.8,5882,21,-202,25,2,28.1,901,0,0,2.4,-221.2,2.5,2008,20,1,95,2568,54,2447,54
1.8,-110.3,3681,13264,231,43.5,44.5,44,99,16920,130,KCCAMS,-394.596458,26.72250418,KNR73 4PC,Keigwin and Lehman (2015),3,-999,G. ruber + G. sacculifer (average),12010,45,-999,115.5735306,6.266859401,0,0,2,206.6,3.5,11386,24,-383,27,2,28.1,902,1,0,2.2,-221.2,2.5,2008,20,1,95,5534,132,5413,132
1.8,-110.3,3681,17895,331.75,53.5,56.5,55,99,20100,71,NOSAMS,-286.4823143,34.95347857,KNR73 4PC,Keigwin and Lehman (2015),3,-999,G. ruber + G. sacculifer (average),15550,75,-999,257.172924,11.79254345,0,0,2,412.7,8.5,14618,48,-275,35,2,28.1,903,1,0,2.5,-221.2,2.5,2008,20,1,95,5482,86,5361,86
1.8,-110.3,3681,23986,342,69,69,69,99,25100,140,NOSAMS/KCCAMS,-200.0417292,47.06257939,KNR73 4PC,Keigwin and Lehman (2015),3,-999,G. ruber + G. sacculifer (average),20830,140,-999,361.1931235,23.93095209,0,0,2,506.8,9.2,20018,49,-188,47,2,28.1,904,1,0,3,-221.2,2.5,2008,20,1,95,5082,148,4961,148
1.8,-110.3,3681,26666,314.75,77,77,77,99,27040,360,KCCAMS,-131.0928744,72.10464599,KNR73 4PC,Keigwin and Lehman (2015),3,-999,G. ruber + G. sacculifer (average),23365,120,-999,372.9597735,20.66375091,0,0,2,544.8,25,22413,130,-119,72,2,28.1,905,0,0,3,-221.2,2.5,2008,20,1,95,4627,383,4506,383
4,-114.2,3806,19188,265,36.5,36.5,36.5,100,18100,110,NOSAMS,70.18327079,48.97654485,KNR73 6PG,Keigwin and Lehman (2015),3,-999,G. ruber,16650,65,-999,281.8897163,10.41464597,0,0,2,401.5,6.2,15935,36,91,49,2,28.1,906,0,0,-999,-230.6,5,2106,40,2,96,2165,116,1946,116
0,-86.5,2941,17747,190,290,292,291,101,16950,80,NOSAMS,37.36297749,34.17885065,ME0005-24JC,Keigwin and Lehman (2015),3,-999,G. ruber & G. sacculifer,15300,70,-999,273.901971,11.14935874,0,0,2,411.9,8.3,14477,47,49,34,2,28,907,0,0,17.6,-224.1,5,2038,40,1,97,2473,93,2356,93
0,-86.5,2941,21269,247.25,352,354,353,101,20400,170,NOSAMS,33.79314341,52.81956788,ME0005-24JC,Keigwin and Lehman (2015),3,-999,G. sacculifer,18400,95,-999,326.0540966,15.77530051,0,0,2,469.1,7.5,17578,41,45,53,2,28,908,0,0,17.6,-224.1,5,2038,40,2,97,2822,175,2705,175
-3.3,-102.5,3253,16124.5,23.25,37,38,37.5,102,16800,110,OS-97443,-131.4302442,14.33717727,PLDS 7G,Keigwin and Lehman (2015),3,-999,G. ruber + G. sacculifer (average),14150,70,-999,208.0190002,10.57274226,0,0,2,328.3,5.5,13393,33,-116,14,2,28.1,909,0,0,1.9,-224.6,5,2043,40,1,98,3407,115,3250,115
-3.3,-102.5,3253,16124.5,23.25,37,38,37.5,102,17400,120,OS-97444,-193.9417551,14.30890252,PLDS 7G,Keigwin and Lehman (2015),3,-999,G. ruber + G. sacculifer (average),14150,70,-999,208.0190002,10.57274226,0,0,2,328.3,5.5,13393,33,-179,14,2,28.1,910,0,0,1.9,-224.6,5,2043,40,1,98,4007,124,3850,124
-3.3,-102.5,3253,18741.5,387.75,42,43,42.5,102,19700,150,OS-97446,-169.1935249,54.52029073,PLDS 7G,Keigwin and Lehman (2015),3,-999,G. ruber + G. sacculifer (average),16425,120,-999,248.9895596,18.79793541,0,0,2,418.2,6,15413,34,-154,55,2,28.1,911,0,0,-999,-224.6,5,2043,40,2,98,4287,154,4130,154
-3.3,-102.5,3253,18741.5,387.75,42,43,42.5,102,19100,150,OS-97447,-104.7627368,58.74845385,PLDS 7G,Keigwin and Lehman (2015),3,-999,G. ruber + G. sacculifer (average),16425,120,-999,248.9895596,18.79793541,0,0,2,418.2,6,15413,34,-90,59,2,28.1,912,0,0,3.4,-224.6,5,2043,40,2,98,3687,154,3530,154
-3.3,-102.5,3253,20525.5,329.625,48,49,48.5,102,20400,160,OS-97450,-55.12363274,56.52803482,PLDS 7G,Keigwin and Lehman (2015),3,-999,G. ruber + G. sacculifer (average),17675,120,-999,326.4742808,19.96412033,0,0,2,439.6,8.1,17022,45,-40,57,2,28.1,913,0,0,-999,-224.6,5,2043,40,2,98,3378,166,3221,166
-3.3,-102.5,3253,20525.5,329.625,48,49,48.5,102,20600,160,OS-97451,-78.35806435,55.13801513,PLDS 7G,Keigwin and Lehman (2015),3,-999,G. ruber + G. sacculifer (average),17675,120,-999,326.4742808,19.96412033,0,0,2,439.6,8.1,17022,45,-63,55,2,28.1,914,0,0,-999,-224.6,5,2043,40,2,98,3578,166,3421,166
-1.6,162.6,4250,16200,500,17,17,17,106,18750,90,NOSAMS,-312.3830429,49.33419803,S67 FFC15,Keigwin and Lehman (2015),3,-999,G. ruber & G. sacculifer,12000,190,-999,593.2253518,38.1328466,0,0,2,332.3,5.8,13437,35,-314,49,2,28.1,924,1,0,0.9,-207.4,5,1867,40,1,99,5313,97,5333,97
-1.6,162.6,4250,25171,1337.75,25,25,25,106,25600,170,NOSAMS,-132.4637372,159.6297774,S67 FFC15,Keigwin and Lehman (2015),3,-999,G. sacculifer,21800,210,-999,392.2911614,36.87743102,0,0,2,563.4,10.9,20878,56,-134,160,2,28.1,925,0,0,0.9,-207.4,5,1867,40,1,99,4722,179,4742,179
-4.5,-102,3410,16013,17.125,34,35,34.5,107,18400,100,NOSAMS,-297.8253576,10.19603124,VNTR01-10GGC,Keigwin and Lehman (2015),3,-999,G. ruber + G. sacculifer (average),14175,55,-999,188.1319768,8.162763421,0,0,2,321.7,6,13326,37,-289,10,2,28.1,926,1,0,1.3,-218,5,1975,40,1,100,5074,107,4986,107
-4.5,-102,3410,25221,861.25,46,47,46.5,107,25000,92,NOSAMS,-59.51344632,108.9928721,VNTR01-10GGC,Keigwin and Lehman (2015),3,-999,G. ruber + G. sacculifer (average),22200,90,-999,332.6963938,15.01519952,0,0,2,560,12.6,20934,65,-51,109,2,28.1,927,0,0,1.3,-218,5,1975,40,1,100,4066,113,3978,113
31.7,-75.4,2975,1400,119,7,7,7,108,2125,35,NOSAMS,-90.79600035,17.05003626,KNR140 GGC39,Keigwin and Schlegel (2002),3,-999,Mixed PF,1980,35,-999,-74.2353612,4.042381759,0,0,2,-21.7,1.6,1537,13,-130,17,1,28.07,928,0,0,10.2,-80.6,5,675,40,1,101,588,37,935,37
31.7,-75.4,2975,6903,132.5,63,63,63,108,7050,45,NOSAMS,-41.72752829,20.7285435,KNR140 GGC39,Keigwin and Schlegel (2002),3,-999,Mixed PF,6620,40,-999,10.96575582,5.046617555,0,0,2,84.5,2.6,6063,20,-81,21,1,28.07,929,0,0,11.2,-80.6,5,675,40,1,101,987,49,1334,49
31.7,-75.4,2975,12632,462,127,127,127,108,12300,65,NOSAMS,-3.175909538,63.81679473,KNR140 GGC39,Keigwin and Schlegel (2002),3,-999,G. ruber,11350,50,-999,121.9645431,7.005250434,0,0,2,233.5,2.9,10596,19,-42,64,1,28.07,930,0,0,43.1,-80.6,5,675,40,1,101,1704,68,2051,68
31.7,-75.4,2975,19573,235.25,426,432,429,108,18150,100,NOSMAS,114.2441616,45.59105083,KNR140 GGC39,Keigwin and Schlegel (2002),3,-999,G. ruber,16900,75,-999,301.8475002,12.21160027,0,0,2,408.9,8.9,16272,51,75,46,1,28.07,931,0,0,43.1,-80.6,5,675,40,2,101,1878,112,2225,112
31.7,-75.4,2972,18245,186,315,315,315,109,16550,95,NOSAMS,158.0250352,39.75737403,KNR140 JPC37,Keigwin and Schlegel (2002),3,-999,G. inflata,15750,80,-999,279.2899441,12.80399668,0,0,2,408.6,11.8,14981,67,119,40,1,28.07,932,0,0,30.8,-80.6,5,675,40,1,102,1569,116,1916,116
31.7,-75.4,2972,21131,226.75,404,408,406,109,19300,120,NOSAMS,165.8809349,49.40931595,KNR140 JPC37,Keigwin and Schlegel (2002),3,-999,G. inflata,18260,95,-999,327.0294149,15.78690331,0,0,2,452.6,7.4,17543,41,127,49,1,28.07,933,0,0,35,-80.6,5,675,40,2,102,1757,127,2104,127
31.7,-75.4,2972,24528,238.75,523,523,523,109,22400,150,NOSAMS,195.3986045,56.86604589,KNR140 JPC37,Keigwin and Schlegel (2002),3,-999,G. inflata,21250,120,-999,379.3869443,20.76048314,0,0,2,537.5,10.4,20380,54,157,57,1,28.07,934,0,0,34.4,-80.6,5,675,40,1,102,2020,159,2367,159
31.7,-75.4,2972,27200,327.75,615,615,615,109,24900,180,NOSAMS,209.8256165,75.12167639,KNR140 JPC37,Keigwin and Schlegel (2002),3,-999,G. inflata,23900,250,-999,370.2082339,43.31360342,0,0,2,569.9,14.1,22808,72,171,75,1,28.07,935,0,0,34.4,-80.6,5,675,40,1,102,2092,194,2439,194
29.1,-72.9,4250,17306,191.25,195,195,195,110,16500,55,NOSAMS,40.14090886,31.18903763,KNR140 JPC12,Keigwin and Swift (2017),3,-999,Mixed PF,14950,80,-999,261.5110617,12.62605363,0,0,2,388.2,11.2,14185,65,13,31,1,28.1,936,0,0,39.8,-999,5,781,40,2,103,2315,85,2556,85
29.1,-72.9,4250,18914,214.25,259,259,259,110,17900,110,NOSAMS,61.39426559,42.05261733,KNR140 JPC12,Keigwin and Swift (2017),3,-999,G. inflata,16450,130,-999,271.3620472,20.7421473,0,0,2,400,6,15681,35,35,42,1,28.1,937,0,0,39.8,-999,5,781,40,2,103,2219,115,2460,115
36.1,-72.3,3927,19480,150,164,164,164,111,18500,75,NOSAMS,54.80558892,28.99067311,KNR178 GGC2,Keigwin and Swift (2017),3,-999,Mixed PF,16850,60,-999,295.321838,9.711226741,0,0,2,420.1,6.6,16111,37,28,29,1,28.1,938,0,0,38.8,-999,5,778,40,2,104,2389,84,2633,84
36.1,-72.3,3927,20099,135.25,188,188,188,111,18750,75,NOSAMS,101.9825368,28.32044705,KNR178 GGC2,Keigwin and Swift (2017),3,-999,Mixed PF,17500,70,-999,287.5214071,11.26855785,0,0,2,436.1,8,16624,45,75,28,1,28.1,939,0,0,51.4,-999,5,778,40,2,104,2126,87,2370,87
36.1,-72.3,3927,20566,142.25,212,212,212,111,18650,75,NOSAMS,180.6311529,31.34170925,KNR178 GGC2,Keigwin and Swift (2017),3,-999,G. inflata,17600,60,-999,345.4923273,10.0873626,0,0,2,436.7,8,17077,45,154,31,1,28.1,940,0,0,32,-999,5,778,40,2,104,1573,87,1817,87
36.1,-72.3,3927,21066,167.5,228,228,228,111,19550,70,NOSAMS,121.3045218,32.49471987,KNR178 GGC2,Keigwin and Swift (2017),3,-999,Mixed PF,18350,70,-999,301.9674597,11.39499162,0,0,2,445.3,8.3,17515,46,94,33,1,28.1,941,0,0,32,-999,5,778,40,2,104,2035,84,2279,84
43.5,-54.8,3870,17620,166.125,580.5,580.5,580.5,112,17050,70,NOSAMS,8.910425,29.06973163,KNR197-10 CDH42,Keigwin and Swift (2017),3,-999,N. pachyderma (s),15300,95,-999,254.4814809,14.9238424,0,0,2,392.1,7.5,14464,43,-20,29,1,28.1,942,0,0,117.6,-999,5,766,40,2,105,2586,82,2842,82
43.5,-54.8,3870,18368.5,128.25,668.5,668.5,668.5,112,17300,65,NOSAMS,70.67580452,25.27576665,KNR197-10 CDH42,Keigwin and Swift (2017),3,-999,N. pachyderma (s),15850,75,-999,282.4796844,12.02992613,0,0,2,384.5,7.1,15237,41,42,25,1,28.1,943,0,0,107.8,-999,5,766,40,2,105,2063,77,2319,77
43.5,-54.8,3870,19787.5,142.375,821.5,821.5,821.5,112,18050,65,NOSAMS,157.8576878,29.31280388,KNR197-10 CDH42,Keigwin and Swift (2017),3,-999,N. pachyderma (s),16950,100,-999,327.7776693,16.63234893,0,0,2,430.8,7.3,16352,41,129,29,1,28.1,944,0,0,78.3,-999,5,766,40,2,105,1698,77,1954,77
43.5,-54.8,3870,19928,138.75,832.5,832.5,832.5,112,18550,90,NOSAMS,106.6345941,30.97584842,KNR197-10 CDH42,Keigwin and Swift (2017),3,-999,N. pachyderma (s),17250,65,-999,301.0296037,10.57014698,0,0,2,424.3,7.5,16525,42,78,31,1,28.1,945,0,0,71.6,-999,5,766,40,2,105,2025,99,2281,99
43.5,-54.8,3870,20877.5,250.625,900.5,900.5,900.5,112,19800,85,NOSAMS,62.44157902,43.46349885,KNR197-10 CDH42,Keigwin and Swift (2017),3,-999,N. pachyderma (s),18450,160,-999,256.8723859,25.28515865,0,0,2,451.1,9.4,17298,52,34,43,1,28.1,946,0,0,71.6,-999,5,766,40,2,105,2502,100,2758,100
36.4,-48.5,5011,14932,204,149,149,149,113,14400,75,NOSAMS,13.70505384,34.48570851,KNR197-10 GGC17,Keigwin and Swift (2017),3,-999,G. inflata,13100,60,-999,191.77576,8.934925892,0,0,2,280.1,5.7,12534,36,-7,34,1,28.1,947,0,0,6,-999,5,833,40,1,106,1866,83,2055,83
36.4,-48.5,5011,20438,241.5,182,182,182,113,18900,120,NOSAMS,126.8704766,49.76852336,KNR197-10 GGC17,Keigwin and Swift (2017),3,-999,G. inflata,17700,40,-999,308.430193,6.531523688,0,0,2,447.1,7.5,16893,42,106,50,1,28.1,948,0,0,6,-999,5,833,40,2,106,2007,127,2196,127
-27.5,-46.3,1820,647,101.75,1,1,1,114,2305,35,109736,-188.3437725,13.52687609,KNR159-5 78GGC,Lund et al. (2015),3,-999,G. ruber & sacculifer,1235,15,-999,-72.69972615,1.733163051,0,0,2,-3.4,1.3,659,11,-158,21,1,28,949,0,0,1.5,-136.2,4.8,1176,38,1,107,1646,37,1369,37
-27.5,-46.3,1820,6072,157,9,9,9,114,6260,40,109737,-43.8102811,22.92266447,KNR159-5 78GGC,Lund et al. (2015),3,-999,G. ruber & sacculifer,5810,15,-999,11.28316719,1.890130596,0,0,2,78.2,2.3,5303,17,-13,28,1,28,950,0,0,2.2,-136.2,4.8,1176,38,1,107,957,43,680,43
-27.5,-46.3,1820,7879,156.25,13,13,13,114,9040,70,109738,-158.2662196,23.24701352,KNR159-5 78GGC,Lund et al. (2015),3,-999,G. ruber & sacculifer,7530,20,-999,15.80674018,2.53223536,0,0,2,74.2,3.1,7082,23,-128,28,1,28,951,1,0,2.7,-136.2,4.8,1176,38,1,107,1958,74,1681,74
-27.5,-46.3,1820,9360,188.5,17,17,17,114,10535,45,109739,-164.1054375,23.74543352,KNR159-5 78GGC,Lund et al. (2015),3,-999,G. ruber & sacculifer,8800,25,-999,37.41419957,3.233630575,0,0,2,101.3,3.2,8320,23,-134,29,1,28,952,0,0,3.8,-136.2,4.8,1176,38,1,107,2215,51,1938,51
-27.5,-46.3,1820,11475,181,25,25,25,114,12055,40,109740,-106.5240012,24.01393029,KNR159-5 78GGC,Lund et al. (2015),3,-999,G. ruber & sacculifer,10390,20,-999,99.25667841,2.740262021,0,0,2,151.9,3.3,10019,23,-76,29,1,28,953,0,0,3.3,-136.2,4.8,1176,38,1,107,2036,46,1759,46
-27.5,-46.3,1820,13934,237.75,33,33,33,114,13295,45,109741,30.9169256,35.4301148,KNR159-5 78GGC,Lund et al. (2015),3,-999,G. ruber & sacculifer,12475,35,-999,141.7104694,4.985316334,0,0,2,209.1,4,12020,27,61,39,1,28,954,0,0,11.1,-136.2,4.8,1176,38,1,107,1275,52,998,52
-27.5,-46.3,1820,14294,240.75,37,37,37,114,13715,40,109742,21.94832644,34.85648996,KNR159-5 78GGC,Lund et al. (2015),3,-999,G. ruber & sacculifer,12685,35,-999,161.7552608,5.072842575,0,0,2,213.3,7.9,12343,52,52,38,1,28,955,0,0,11.9,-136.2,4.8,1176,38,1,107,1372,66,1095,66
-27.5,-46.3,1820,14968,312.5,45,45,45,114,14490,70,109743,6.785787484,46.84747947,KNR159-5 78GGC,Lund et al. (2015),3,-999,G. ruber & sacculifer,13435,40,-999,148.0858967,5.731104548,0,0,2,279.9,6.3,12564,39,37,50,1,28,956,0,0,32,-136.2,4.8,1176,38,1,107,1926,80,1649,80
-27.5,-46.3,1820,15093,308.75,49,49,49,114,14730,60,109744,-7.96166934,44.47454452,KNR159-5 78GGC,Lund et al. (2015),3,-999,G. ruber & sacculifer,13785,35,-999,115.883205,4.872540734,0,0,2,285.1,6.5,12658,41,22,47,1,28,957,0,0,56.3,-136.2,4.8,1176,38,1,107,2072,73,1795,73
-27.5,-46.3,1820,15235,288.5,57,59,58,114,15105,50,109745,-36.8048511,39.61978202,KNR159-5 78GGC,Lund et al. (2015),3,-999,G. ruber & sacculifer,-999,-999,-999,-999,-999,0,0,2,288.2,6.1,12775,38,-6,43,1,28,958,0,0,8.8,-136.2,4.8,1176,38,1,107,2330,63,2053,63
-27.5,-46.3,1820,15463,258,59,89,74,114,-999,-999,-999,-999,-999,KNR159-5 78GGC,Lund et al. (2015),3,-999,G. ruber & sacculifer,14085,54,-999,124.1829614,7.582519428,0,0,2,300.4,6.8,12922,42,-999,-999,1,28,959,0,0,166.7,-136.2,4.8,1176,38,1,107,-999,-999,-999,-999
-27.5,-46.3,1820,15475,257.75,61,89,75,114,15050,50,109746,-1.62008254,37.35061499,KNR159-5 78GGC,Lund et al. (2015),3,-999,G. ruber & sacculifer,13540,40,-999,204.8477477,6.014452774,0,0,2,301.3,6.9,12927,43,29,41,1,28,960,0,0,135.3,-136.2,4.8,1176,38,1,107,2123,66,1846,66
-27.5,-46.3,1820,15682,249,89,105,97,114,-999,-999,-999,-999,-999,KNR159-5 78GGC,Lund et al. (2015),3,-999,G. ruber & sacculifer,13470,40,-999,246.2095394,6.220925786,0,0,2,308,6,13089,37,-999,-999,1,28,961,0,0,75.5,-136.2,4.8,1176,38,1,107,-999,-999,-999,-999
-27.5,-46.3,1820,15788,247,97,115,106,114,-999,-999,-999,-999,-999,KNR159-5 78GGC,Lund et al. (2015),3,-999,G. ruber & sacculifer,13490,35,-999,259.1525429,5.498131013,0,0,2,310.7,6.6,13170,40,-999,-999,1,28,962,0,0,43.2,-136.2,4.8,1176,38,1,107,-999,-999,-999,-999
-27.5,-46.3,1820,15973,253.25,105,125,115,114,-999,-999,-999,-999,-999,KNR159-5 78GGC,Lund et al. (2015),3,-999,G. ruber & sacculifer,13585,40,-999,272.5093571,6.352211263,0,0,2,321.1,6,13291,36,-999,-999,1,28,963,0,0,20.5,-136.2,4.8,1176,38,1,107,-999,-999,-999,-999
-27.5,-46.3,1820,16363,259.25,113,137,125,114,-999,-999,-999,-999,-999,KNR159-5 78GGC,Lund et al. (2015),3,-999,G. ruber & sacculifer,14035,40,-999,261.3056542,6.296283746,0,0,2,335.9,6.2,13581,37,-999,-999,1,28,964,0,0,2,-136.2,4.8,1176,38,1,107,-999,-999,-999,-999
-27.5,-46.3,1820,17352,227.75,115,153,134,114,15790,45,109747,142.5994606,37.88546407,KNR159-5 78GGC,Lund et al. (2015),3,-999,G. ruber & sacculifer,14960,60,-999,266.9718517,9.498682539,0,0,2,383.3,11.7,14262,68,173,41,1,28,965,0,0,16.9,-136.2,4.8,1176,38,1,107,1528,82,1251,82
-27.5,-46.3,1820,17470,227,117,153,135,114,15840,40,109748,151.8336935,37.36976861,KNR159-5 78GGC,Lund et al. (2015),3,-999,G. ruber & sacculifer,15040,70,-999,272.4502636,11.13665321,0,0,2,374.6,7.5,14420,44,182,41,1,28,966,0,0,23.6,-136.2,4.8,1176,38,1,107,1420,59,1143,59
-27.5,-46.3,1820,17809,241.5,125,153,139,114,15810,50,109749,204.5381246,42.6939789,KNR159-5 78GGC,Lund et al. (2015),3,-999,G. ruber & sacculifer,15360,50,-999,273.9408358,7.954150287,0,0,2,413.6,10.7,14525,61,235,46,1,28,967,0,0,35.6,-136.2,4.8,1176,38,1,107,1285,79,1008,79
-27.5,-46.3,1820,18146,260.5,137,153,145,114,16295,50,109750,181.1455002,44.58128204,KNR159-5 78GGC,Lund et al. (2015),3,-999,G. ruber & sacculifer,-999,-999,-999,-999,-999,0,0,2,432.3,7.7,14750,43,211,47,1,28,968,0,0,39.2,-136.2,4.8,1176,38,1,107,1545,66,1268,66
-27.5,-46.3,1820,18350,245,145,153,149,114,-999,-999,-999,-999,-999,KNR159-5 78GGC,Lund et al. (2015),3,-999,G. ruber & sacculifer,15723,72,-999,300.0041138,11.70434747,0,0,2,383.7,7.6,15222,44,-999,-999,1,28,969,0,0,31.7,-136.2,4.8,1176,38,1,107,-999,-999,-999,-999
-27.5,-46.3,1820,18602,251.5,153,153,153,114,16520,60,109751,213.6524124,45.99793344,KNR159-5 78GGC,Lund et al. (2015),3,-999,G. ruber & sacculifer,-999,-999,-999,-999,-999,0,0,2,437.9,10.4,15166,58,244,49,1,28,970,0,0,27.7,-136.2,4.8,1176,38,1,107,1354,83,1077,83
-27.5,-46.3,1820,19035,226,165,153,159,114,16900,60,109752,219.8237591,42.46673152,KNR159-5 78GGC,Lund et al. (2015),3,-999,G. ruber & sacculifer,16160,60,-999,337.5323595,10.0276855,0,0,2,402.2,6.2,15786,35,250,45,1,28,971,0,0,27.7,-136.2,4.8,1176,38,1,107,1114,69,837,69
-27.5,-46.3,1820,19035,226,165,153,159,114,17250,70,109753,167.8169087,42.11086102,KNR159-5 78GGC,Lund et al. (2015),3,-999,G. ruber & sacculifer,16700,70,-999,250.5753022,10.94520065,0,0,2,402.2,6.2,15786,35,198,45,1,28,972,0,0,27.7,-136.2,4.8,1176,38,1,107,1464,78,1187,78
-27.5,-46.3,1820,19035,226,165,153,159,114,17440,60,109754,140.5192968,39.7058398,KNR159-5 78GGC,Lund et al. (2015),3,-999,G. ruber & sacculifer,16460,40,-999,288.5021833,6.432045497,0,0,2,402.2,6.2,15786,35,171,43,1,28,973,0,0,27.7,-136.2,4.8,1176,38,1,107,1654,69,1377,69
-27.5,-46.3,1820,19035,226,165,153,159,114,17720,80,109755,101.4499675,41.08978289,KNR159-5 78GGC,Lund et al. (2015),3,-999,G. ruber & sacculifer,16990,60,-999,206.2333906,9.043316969,0,0,2,402.2,6.2,15786,35,132,44,1,28,974,0,0,27.7,-136.2,4.8,1176,38,1,107,1934,87,1657,87
-27.5,-46.3,1820,19035,226,165,153,159,114,17590,60,109756,119.4200159,38.97129312,KNR159-5 78GGC,Lund et al. (2015),3,-999,G. ruber & sacculifer,16245,45,-999,323.4540739,7.434651663,0,0,2,402.2,6.2,15786,35,150,42,1,28,975,0,0,27.7,-136.2,4.8,1176,38,1,107,1804,69,1527,69
34.3,-120,576.5,16448,175,2765,2765,2765,115,14030,160,LLNL,275.134539,52.40535268,ODP893A,Magana et al. (2010),3,-999,Mixed PF,13800,280,-999,312.1717478,46.5438028,0,0,2,341,6.1,13627,37,201,59,2,27.06,976,0,0,191.9,-138.6,5,1198,40,1,108,403,164,1126,164
34.3,-120,576.5,16646,157.5,2803,2803,2803,115,15240,220,LLNL,123.4155964,52.1886902,ODP893A,Magana et al. (2010),3,-999,Mixed PF,14690,140,-999,203.027451,21.1502628,0,0,2,351.1,6.7,13762,40,49,59,2,27.06,977,0,0,212.2,-138.6,5,1198,40,1,108,1478,224,2201,224
34.3,-120,576.5,16891,145.5,2855,2855,2855,115,15510,140,LLNL,118.9583779,39.20312009,ODP893A,Magana et al. (2010),3,-999,Mixed PF,14740,180,-999,231.5244997,27.9069659,0,0,2,374.4,6,13867,35,45,47,2,27.06,978,0,0,227.7,-138.6,5,1198,40,1,108,1643,144,2366,144
34.3,-120,576.5,17475,125,2988,2988,2988,115,15820,150,LLNL,155.4036145,39.05236988,ODP893A,Magana et al. (2010),3,-999,Mixed PF,14940,160,-999,289.1690284,25.93488709,0,0,2,374.8,7.2,14428,42,81,47,2,27.06,979,0,0,209.5,-138.6,5,1198,40,1,108,1392,156,2115,156
34.3,-120,576.5,17685,115.25,3032,3032,3032,115,15440,210,KCCAMS,242.5389191,49.81819125,ODP893A,Magana et al. (2010),3,-999,Mixed PF,15280,60,-999,267.5357239,9.502909976,0,0,2,404.6,7.5,14460,43,168,57,2,27.06,980,0,0,212.2,-138.6,5,1198,40,1,108,980,214,1703,214
34.3,-120,576.5,18194,120.75,3140,3140,3140,115,16180,240,KCCAMS,205.1534397,53.62655109,ODP893A,Magana et al. (2010),3,-999,Mixed PF,15750,130,-999,271.4221623,20.74312807,0,0,2,426.1,10.3,14834,58,131,60,2,27.06,981,0,0,209.9,-138.6,5,1198,40,1,108,1346,247,2069,247
34.3,-120,576.5,18375,128.25,3178,3178,3178,115,16130,60,KCCAMS,239.5215989,28.49003242,ODP893A,Magana et al. (2010),3,-999,Mixed PF,15830,140,-999,286.6879624,22.62108693,0,0,2,385.5,6.9,15240,40,165,39,2,27.06,982,0,0,209.9,-138.6,5,1198,40,1,108,890,72,1613,72
2.3,-30.6,2306,13950,140,-999,-999,-999,116,13530,110,-999,3.134607824,30.72912697,GeoB 1503-1,Mangini et al. (1998),1,-999,-999,-999,-999,-999,-999,-999,0,0,2,212.4,4.4,12008,29,-11,31,1,28,983,0,0,-999,-91.5,5,771,40,1,109,1522,114,1650,114
-24.2,-43.3,781,10522,83,-999,-999,-999,117,11233,53,ETH,-118.0196649,14.67480289,21210009,Mangini et al. (2010),1,-999,-999,-999,-999,-999,-999,-999,0,0,2,118.3,3.1,9334,22,-95,22,1,27.3,984,0,0,-999,-129.1,5,1110,40,1,110,1899,57,1687,57
-24.2,-43.3,781,10532,95,-999,-999,-999,117,11135,30,KCCAMS,-106.1132718,13.61090503,21210009,Mangini et al. (2010),1,-999,-999,-999,-999,-999,-999,-999,0,0,2,121.7,3.1,9319,22,-83,21,1,27.3,985,0,0,-999,-129.1,5,1110,40,1,110,1816,37,1604,37
-24.2,-43.3,781,12612,168,-999,-999,-999,117,10925,30,KCCAMS,180.0640391,28.39077879,21210009,Mangini et al. (2010),1,-999,-999,-999,-999,-999,-999,-999,0,0,2,233.7,3.9,10575,25,203,33,1,27.3,986,0,0,-999,-129.1,5,1110,40,1,110,350,39,138,39
-24.2,-43.3,781,12932,173,-999,-999,-999,117,10950,35,KCCAMS,222.8261079,30.92074377,21210009,Mangini et al. (2010),1,-999,-999,-999,-999,-999,-999,-999,0,0,2,209.5,3.1,11046,21,246,35,1,27.3,987,0,1.2,-999,-129.1,5,1110,40,1,110,-96,41,-308,41
-24.2,-43.3,781,16352,175,-999,-999,-999,117,14975,40,KCCAMS,120.5274621,29.30284725,21210009,Mangini et al. (2010),1,-999,-999,-999,-999,-999,-999,-999,0,0,2,335.7,6.1,13572,36,144,34,1,27.3,988,0,0,-999,-129.1,5,1110,40,1,110,1403,54,1191,54
-24.2,-43.3,781,23522,188,-999,-999,-999,117,22950,155,ETH,-11.60861683,41.56067772,21210009,Mangini et al. (2010),1,-999,-999,-999,-999,-999,-999,-999,0,0,2,512,11.4,19543,61,12,45,1,27.3,989,0,0,-999,-129.1,5,1110,40,1,110,3407,167,3195,167
-24.2,-43.3,781,25242,343,-999,-999,-999,117,23540,180,ETH,130.8081713,72.30536929,21210009,Mangini et al. (2010),1,-999,-999,-999,-999,-999,-999,-999,0,0,2,558.2,13.4,20963,69,154,74,1,27.3,990,0,0,-999,-129.1,5,1110,40,1,110,2577,193,2365,193
-24.2,-43.3,781,25952,183,-999,-999,-999,117,23260,165,ETH,275.9263001,54.46856783,21210009,Mangini et al. (2010),1,-999,-999,-999,-999,-999,-999,-999,0,0,2,539.5,21.2,21760,111,299,57,1,27.3,991,0,0,-999,-129.1,5,1110,40,1,110,1500,199,1288,199
-24.2,-43.3,781,26932,133,-999,-999,-999,117,22710,160,ETH,538.3087569,55.40015963,21210009,Mangini et al. (2010),1,-999,-999,-999,-999,-999,-999,-999,0,0,2,581.9,12.7,22493,64,562,58,1,27.3,992,0,0,-999,-129.1,5,1110,40,1,110,217,172,5,172
-24.2,-43.3,781,27872,313,-999,-999,-999,117,23000,90,KCCAMS,662.4420115,81.60071646,21210009,Mangini et al. (2010),1,-999,-999,-999,-999,-999,-999,-999,0,0,2,493.3,17.3,23870,93,686,83,1,27.3,993,0,1.2,-999,-129.1,5,1110,40,1,110,-870,129,-1082,129
-22.4,-40,621,8442,145,-999,-999,-999,118,10940,20,KCCAMS,-288.737511,14.24707447,ENG-111,Mangini et al. (2010),1,-999,-999,-999,-999,-999,-999,-999,0,0,2,66.3,2.7,7695,20,-293,22,1,26.74,994,0,0,-999,-101.6,5,861,40,1,111,3245,28,3283,28
-22.4,-40,621,10372,203,-999,-999,-999,118,11010,25,KCCAMS,-109.4975818,24.64122942,ENG-111,Mangini et al. (2010),1,-999,-999,-999,-999,-999,-999,-999,0,0,2,114.1,3,9218,22,-114,30,1,26.74,995,0,0,-999,-101.6,5,861,40,1,111,1792,33,1830,33
-22.4,-40,621,11692,75,-999,-999,-999,118,11137,59,ETH,28.28435184,16.88201812,ENG-111,Mangini et al. (2010),1,-999,-999,-999,-999,-999,-999,-999,0,0,2,173.2,3.6,10086,25,24,23,1,26.74,996,0,0,-999,-101.6,5,861,40,1,111,1051,64,1089,64
-22.4,-40,621,14392,213,-999,-999,-999,118,14135,71,ETH,-18.54492407,33.96868756,ENG-111,Mangini et al. (2010),1,-999,-999,-999,-999,-999,-999,-999,0,0,2,219.9,3.6,12396,23,-23,38,1,26.74,997,0,0,-999,-101.6,5,861,40,1,111,1739,75,1777,75
-22.4,-40,621,15902,310,-999,-999,-999,118,14540,30,KCCAMS,120.2118938,46.20287923,ENG-111,Mangini et al. (2010),1,-999,-999,-999,-999,-999,-999,-999,0,0,2,317.1,6.3,13247,38,116,49,1,26.74,998,0,0,-999,-101.6,5,861,40,1,111,1293,48,1331,48
-22.4,-40,621,16522,128,-999,-999,-999,118,14475,25,KCCAMS,217.2648995,22.63684318,ENG-111,Mangini et al. (2010),1,-999,-999,-999,-999,-999,-999,-999,0,0,2,346.8,6.9,13671,41,213,28,1,26.74,999,0,0,-999,-101.6,5,861,40,1,111,804,48,842,48
-22.4,-40,621,16982,78,-999,-999,-999,118,15108,75,ETH,189.4005298,22.32825084,ENG-111,Mangini et al. (2010),1,-999,-999,-999,-999,-999,-999,-999,0,0,2,377.5,6.2,13936,36,185,28,1,26.74,1000,0,0,-999,-101.6,5,861,40,1,111,1172,83,1210,83
-22.4,-40,621,17522,145,-999,-999,-999,118,15661,88,ETH,185.2199152,33.77673235,ENG-111,Mangini et al. (2010),1,-999,-999,-999,-999,-999,-999,-999,0,0,2,378.5,6.2,14455,36,181,37,1,26.74,1001,0,0,-999,-101.6,5,861,40,1,111,1206,95,1244,95
-22.4,-40,621,17782,160,-999,-999,-999,118,15555,30,KCCAMS,239.3341416,28.61709847,ENG-111,Mangini et al. (2010),1,-999,-999,-999,-999,-999,-999,-999,0,0,2,413.6,10.1,14506,57,235,33,1,26.74,1002,0,0,-999,-101.6,5,861,40,1,111,1049,64,1087,64
-22.4,-40,621,18002,490,-999,-999,-999,118,15610,35,KCCAMS,264.0733522,80.48579334,ENG-111,Mangini et al. (2010),1,-999,-999,-999,-999,-999,-999,-999,0,0,2,419.3,7.4,14687,42,260,82,1,26.74,1003,0,0,-999,-101.6,5,861,40,1,111,923,55,961,55
23.6,-111.6,430,11060,345,249,249,249,119,10865,30,KCCAMS,-14.58900252,44.8189061,MV99-MC17/GC32/PC10,Lindsay et al. (2016),4,-999,-999,-999,-999,-999,-999,-999,0,0,2,161.1,3.1,9547,21,-143,52,2,26.56,1004,0,0,21.2,-84.1,5,706,40,1,112,1318,37,2534,37
23.6,-111.6,430,11390,205,256,256,256,119,10790,30,KCCAMS,35.16182146,29.53922593,MV99-MC17/GC32/PC10,Lindsay et al. (2016),4,-999,-999,-999,-999,-999,-999,-999,0,0,2,148.5,3.2,9955,23,-93,40,2,26.92,1005,0,0,22.4,-84.1,5,706,40,1,112,835,38,2051,38
23.6,-111.6,430,11560,170,259.8,259.8,259.8,119,12000,70,KCCAMS,-91.08818809,26.61468696,MV99-MC17/GC32/PC10,Lindsay et al. (2016),4,-999,-999,-999,-999,-999,-999,-999,0,0,2,162.3,3.2,10025,22,-220,38,2,26.92,1006,0,0,8.2,-84.1,5,706,40,1,112,1975,73,3191,73
23.6,-111.6,430,11950,90,263,263,263,119,12590,35,KCCAMS,-114.6557442,13.49643168,MV99-MC17/GC32/PC10,Lindsay et al. (2016),4,-999,G. ruber,12230,45,-999,-74.07642713,5.201479497,0,0,2,180.2,2.7,10281,19,-243,30,2,26.92,1007,0,0,14.6,-84.1,5,706,40,1,112,2309,40,3525,40
23.6,-111.6,430,12430,280,270,270,270,119,13375,40,KCCAMS,-149.0810895,33.06571725,MV99-MC17/GC32/PC10,Lindsay et al. (2016),4,-999,G. ruber,12825,45,-999,-88.77995715,5.118880768,0,0,2,238.1,3.5,10363,23,-278,42,2,26.92,1008,0,0,14,-84.1,5,706,40,1,112,3012,46,4228,46
23.6,-111.6,430,12680,358,273.5,273.5,273.5,119,12700,80,KCCAMS,-46.07415698,50.83357627,MV99-MC17/GC32/PC10,Lindsay et al. (2016),4,-999,-999,-999,-999,-999,-999,-999,0,0,2,235.6,3.1,10622,20,-175,57,2,26.92,1009,0,0,8.7,-84.1,5,706,40,1,112,2078,82,3294,82
23.6,-111.6,430,13200,120,278,278,278,119,13055,35,KCCAMS,-28.0601497,18.34409273,MV99-MC17/GC32/PC10,Lindsay et al. (2016),4,-999,G. ruber,13035,50,-999,-25.63726711,6.083663695,0,0,2,200.9,3.8,11356,26,-157,32,2,26.92,1010,0,0,30.4,-84.1,5,706,40,1,112,1699,44,2915,44
23.6,-111.6,430,13430,75,285,285,285,119,13130,35,KCCAMS,-9.926787947,13.2963325,MV99-MC17/GC32/PC10,Lindsay et al. (2016),4,-999,G. ruber,12820,50,-999,29.0277515,6.424977641,0,0,2,206.7,3.8,11541,25,-139,30,2,26.92,1011,0,0,35,-84.1,5,706,40,1,112,1589,43,2805,43
23.6,-111.6,430,13630,60,292,292,292,119,13165,35,KCCAMS,9.907920221,11.73014137,MV99-MC17/GC32/PC10,Lindsay et al. (2016),4,-999,G. ruber,13045,35,-999,25.10755397,4.476165867,0,0,2,193.1,4.3,11826,29,-119,29,2,26.92,1012,0,0,38.9,-84.1,5,706,40,1,112,1339,45,2555,45
23.6,-111.6,430,13810,60,299,299,299,119,12980,35,KCCAMS,56.18406644,12.26764159,MV99-MC17/GC32/PC10,Lindsay et al. (2016),4,-999,G. ruber,13055,35,-999,46.36890849,4.569004271,0,0,2,191.3,3.4,12013,23,-72,29,2,26.92,1013,0,0,53.8,-84.1,5,706,40,1,112,967,42,2183,42
23.6,-111.6,430,13940,115,306,306,306,119,13090,35,KCCAMS,58.33205262,19.33442772,MV99-MC17/GC32/PC10,Lindsay et al. (2016),4,-999,G. ruber,13425,45,-999,15.10408936,5.702461048,0,0,2,209.1,4,12020,27,-70,33,2,26.92,1014,0,0,43.8,-84.1,5,706,40,1,112,1070,44,2286,44
23.6,-111.6,430,14100,40,313,313,313,119,13080,35,KCCAMS,80.35863644,9.934623049,MV99-MC17/GC32/PC10,Lindsay et al. (2016),4,-999,G. ruber,13335,50,-999,46.60228794,6.534708407,0,0,2,201.2,3.6,12228,24,-48,28,2,26.92,1015,0,0,43.8,-84.1,5,706,40,1,112,852,42,2068,42
23.6,-111.6,430,14260,50,320,320,320,119,13420,35,KCCAMS,55.82421399,10.98622919,MV99-MC17/GC32/PC10,Lindsay et al. (2016),4,-999,G. ruber,13380,60,-999,61.09475949,7.955190363,0,0,2,210.1,3.9,12325,26,-73,29,2,26.92,1016,0,0,40.6,-84.1,5,706,40,1,112,1095,44,2311,44
23.6,-111.6,430,14420,134,326.5,326.5,326.5,119,13300,75,KCCAMS,92.65896693,27.91556739,MV99-MC17/GC32/PC10,Lindsay et al. (2016),4,-999,-999,-999,-999,-999,-999,-999,0,0,2,222.7,3.7,12397,25,-36,39,2,26.92,1017,0,0,50,-84.1,5,706,40,1,112,903,79,2119,79
23.6,-111.6,430,14430,139,327,327,327,119,13065,35,KCCAMS,126.4578906,23.84986991,MV99-MC17/GC32/PC10,Lindsay et al. (2016),4,-999,G. ruber,13285,35,-999,96.02617543,4.785834361,0,0,2,223.9,3.8,12398,25,-2,36,2,26.92,1018,0,0,41.2,-84.1,5,706,40,1,112,667,43,1883,43
23.6,-111.6,430,14600,176,334,334,334,119,13200,35,KCCAMS,130.6990953,29.00164364,MV99-MC17/GC32/PC10,Lindsay et al. (2016),4,-999,G. ruber,13155,35,-999,137.0509242,4.964970277,0,0,2,238.9,4.5,12466,29,2,39,2,26.92,1019,0,0,26.9,-84.1,5,706,40,1,112,734,45,1950,45
23.6,-111.6,430,14860,164,341,341,341,119,13030,60,KCCAMS,191.781395,32.54813768,MV99-MC17/GC32/PC10,Lindsay et al. (2016),4,-999,G. ruber,14330,40,-999,13.70984694,5.060315723,0,0,2,274,5,12494,31,63,42,2,26.92,1020,0,0,9,-84.1,5,706,40,1,112,536,68,1752,68
23.6,-111.6,430,15640,609,348,348,348,119,15475,50,KCCAMS,-33.97859177,77.25825793,MV99-MC17/GC32/PC10,Lindsay et al. (2016),4,-999,-999,-999,-999,-999,-999,-999,0,0,2,306.7,5.8,13048,35,-163,82,2,26.92,1021,0,0,8.9,-84.1,5,706,40,1,112,2427,61,3643,61
23.6,-111.6,430,16430,1099,355,355,355,119,13585,35,KCCAMS,344.8343583,185.2199441,MV99-MC17/GC32/PC10,Lindsay et al. (2016),4,-999,G. ruber,13625,40,-999,338.1544547,6.679903571,0,0,2,339.4,6,13618,36,216,187,2,26.92,1022,0,1.2,8.8,-84.1,5,706,40,1,112,-33,50,1183,50
23.6,-111.6,430,17230,1625,362,362,362,119,21460,90,KCCAMS,-444.1684458,116.316915,MV99-MC17/GC32/PC10,Lindsay et al. (2016),4,-999,G. ruber,16530,70,-999,26.78074846,8.986521079,0,0,2,381.1,8.5,14149,50,-573,119,2,26.92,1023,0,0,10.1,-84.1,5,706,40,1,112,7311,103,8527,103
23.6,-111.6,430,17920,1694,369,369,369,119,23440,130,KCCAMS,-527.779325,105.2580006,MV99-MC17/GC32/PC10,Lindsay et al. (2016),4,-999,G. ruber,17200,70,-999,26.84074088,8.987046141,0,0,2,413.1,7.8,14635,44,-656,109,2,26.92,1024,0,0,8.9,-84.1,5,706,40,1,112,8805,137,10021,137
23.6,-111.6,430,18710,1197,376,376,376,119,14405,45,KCCAMS,599.9738065,241.5352962,MV99-MC17/GC32/PC10,Lindsay et al. (2016),4,-999,G. ruber,15160,60,-999,456.4470694,10.91920734,0,0,2,419.1,6.5,15369,37,471,243,2,26.92,1025,0,1.2,9.1,-84.1,5,706,40,1,112,-964,58,252,58
23.6,-111.6,430,19480,726,383,383,383,119,17770,60,KCCAMS,155.1516269,110.2390019,MV99-MC17/GC32/PC10,Lindsay et al. (2016),4,-999,G. ruber,16720,70,-999,316.454887,11.5217875,0,0,2,420.1,6.6,16111,37,27,113,2,26.92,1026,0,0,9.1,-84.1,5,706,40,2,112,1659,70,2875,70
23.5,-111.6,705,330,126,10,10,10,120,1720,30,NOSAMS,-159.8703242,15.94318669,MV99-MC19,van Geen et al. 2003,4,-999,-999,-999,-999,-999,-999,-999,0,0,2,-2.5,1.2,341,10,-262,31,2,27.18,1027,0,0,29.4,-110.6,4.1,942,33,1,113,1379,32,2359,32
23.5,-111.6,705,840,218,25,25,25,120,2050,35,NOSAMS,-142.3751432,26.35632731,MV99-MC19,van Geen et al. 2003,4,-999,-999,-999,-999,-999,-999,-999,0,0,2,-17.8,1.3,961,11,-245,38,2,27.18,1028,0,0,29.4,-110.6,4.1,942,33,1,113,1089,37,2069,37
23.5,-111.6,705,910,232,27,27,27,121,2050,30,NOSAMS,-135.0824586,27.50726505,MV99-GC31,van Geen et al. 2003,4,-999,-999,-999,-999,-999,-999,-999,0,0,2,-9.2,1.3,959,10,-237,38,2,27.18,1029,0,0,-999,-110.6,4.1,942,33,1,114,1091,32,2071,32
23.5,-111.6,705,1350,327,40,40,40,122,2320,35,NOSAMS,-117.9519953,38.74483844,MV99-MC19,van Geen et al. 2003,4,-999,-999,-999,-999,-999,-999,-999,0,0,2,-19.5,1.7,1470,14,-220,47,2,27.18,1030,0,0,-999,-110.6,4.1,942,33,1,115,850,38,1830,38
23.5,-111.6,705,1600,383,47.5,47.5,47.5,123,2230,35,NOSAMS,-80.62785852,46.61907161,MV99-GC31,van Geen et al. 2003,4,-999,-999,-999,-999,-999,-999,-999,0,0,2,-19.7,1.4,1714,12,-183,54,2,27.18,1031,0,0,29.5,-110.6,4.1,942,33,1,116,516,37,1496,37
23.5,-111.6,705,2550,597,75.5,75.5,75.5,123,3030,40,NOSAMS,-66.42947535,72.13790829,MV99-GC31,van Geen et al. 2003,4,-999,-999,-999,-999,-999,-999,-999,0,0,2,-4.3,1.7,2512,14,-169,77,2,27.18,1032,0,0,29.5,-110.6,4.1,942,33,1,116,518,42,1498,42
23.5,-111.6,705,3210,747,95,95,95,123,3690,45,NOSAMS,-68.59805971,89.51564039,MV99-GC31,van Geen et al. 2003,4,-999,-999,-999,-999,-999,-999,-999,0,0,2,13.2,1.9,3014,15,-171,93,2,27.18,1033,0,0,29.6,-110.6,4.1,942,33,1,116,676,47,1656,47
23.5,-111.6,705,4240,983,125.5,125.5,125.5,123,-999,-999,NOSAMS,-999,-999,MV99-GC31,van Geen et al. 2003,4,-999,-999,-999,-999,-999,-999,-999,0,0,2,35.4,2,3841,15,-999,-999,2,27.18,1034,0,0,54.9,-110.6,4.1,942,33,1,116,-999,-999,-999,-999
23.5,-111.6,705,4650,869,148,148,148,123,5130,60,NOSAMS,-73.31204734,104.5525659,MV99-GC31,van Geen et al. 2003,4,-999,-999,-999,-999,-999,-999,-999,0,0,2,46.3,2,4155,15,-175,108,2,27.18,1035,0,0,29.6,-110.6,4.1,942,33,1,116,975,62,1955,62
23.5,-111.6,705,5580,672,175.5,175.5,175.5,123,5810,40,NOSAMS,-47.14614745,82.30136259,MV99-GC31,van Geen et al. 2003,4,-999,-999,-999,-999,-999,-999,-999,0,0,2,81.3,1.8,4794,14,-149,87,2,27.18,1036,0,0,29.6,-110.6,4.1,942,33,1,116,1016,42,1996,42
23.5,-111.6,705,7270,366,225.5,225.5,225.5,123,7190,50,NOSAMS,-15.53591501,49.7333498,MV99-GC31,van Geen et al. 2003,4,-999,-999,-999,-999,-999,-999,-999,0,0,2,91.4,2.5,6361,18,-118,56,2,27.18,1037,0,0,28.1,-110.6,4.1,942,33,1,116,829,53,1809,53
23.5,-111.6,705,9050,355,275.5,275.5,275.5,123,8980,60,NOSAMS,-22.90831334,49.27704018,MV99-GC31,van Geen et al. 2003,4,-999,-999,-999,-999,-999,-999,-999,0,0,2,80.3,3,8173,23,-125,56,2,27.18,1038,0,0,29.4,-110.6,4.1,942,33,1,116,807,64,1787,64
23.5,-111.6,705,10750,230,325.5,325.5,325.5,123,10050,410,NOSAMS,50.49505656,82.9289018,MV99-GC31,van Geen et al. 2003,4,-999,-999,-999,-999,-999,-999,-999,0,0,2,123.2,4,9512,29,-52,87,2,27.18,1039,0,0,29.4,-110.6,4.1,942,33,1,116,538,411,1518,411
23.5,-111.6,705,10770,226,326,326,326,124,10460,30,KCCAMS,0.641536257,31.09713949,MV99-PC08,"Marchitto et al., 2007",4,-999,-999,-999,-999,-999,-999,-999,0,0,2,122.6,3.4,9536,24,-101,41,2,27.18,1040,0,0,27.8,-110.6,4.1,942,33,1,117,924,38,1904,38
23.5,-111.6,705,11310,123,341,341,341,124,10845,30,KCCAMS,18.19757156,18.95283332,MV99-PC08,"Marchitto et al., 2007",4,-999,-999,-999,-999,-999,-999,-999,0,0,2,140.6,3.7,9933,26,-84,33,2,27.18,1041,0,0,27.8,-110.6,4.1,942,33,1,117,912,40,1892,40
23.5,-111.6,705,11610,99,349.5,349.5,349.5,125,11600,70,NOSAMS,-38.88812886,19.88622555,MV99-GC31,van Geen et al. 2003,4,-999,-999,-999,-999,-999,-999,-999,0,0,2,167,3.7,10041,25,-141,33,2,27.18,1042,0,0,-999,-110.6,4.1,942,33,1,118,1559,74,2539,74
23.5,-111.6,705,11820,110,356,356,356,126,14370,35,KCCAMS,-301.688395,12.33487897,MV99-PC08,Lindsay et al. (2016),4,-999,G. bulloides,11425,35,-999,7.551240123,4.399505645,0,0,2,178.4,3.1,10167,21,-404,29,2,27.18,1043,0,0,31.8,-110.6,4.1,942,33,3,119,4203,41,5183,41
23.5,-111.6,705,12040,141,363,363,363,126,14855,45,KCCAMS,-324.8726703,15.29811169,MV99-PC08,Lindsay et al. (2016),4,-999,G. ruber,12210,30,-999,-61.60770717,3.511067099,0,0,2,187.9,2.7,10316,18,-427,31,2,27.18,1044,0,0,30,-110.6,4.1,942,33,3,119,4539,48,5519,48
23.5,-111.6,705,12140,158,366,366,366,126,13380,35,KCCAMS,-178.9244119,19.27172325,MV99-PC08,"Marchitto et al., 2007",4,-999,G. bulloides,11450,30,-999,44.06194971,3.906438266,0,0,2,196.6,2.6,10355,18,-281,33,2,27.18,1045,0,0,30,-110.6,4.1,942,33,1,119,3025,39,4005,39
23.5,-111.6,705,12390,149,375.5,375.5,375.5,127,13500,70,NOSAMS,-166.2634122,22.29470597,MV99-GC31,van Geen et al. 2003,4,-999,-999,-999,-999,-999,-999,-999,0,0,2,230.2,2.8,10375,18,-268,35,2,27.18,1046,0,0,-999,-110.6,4.1,942,33,1,120,3125,72,4105,72
23.5,-111.6,705,12880,102,391,391,391,128,13530,30,KCCAMS,-118.6500913,14.16637688,MV99-PC08,"Marchitto et al., 2007",4,-999,-999,-999,-999,-999,-999,-999,0,0,2,212.9,3,10965,20,-221,30,2,27.18,1047,0,0,28,-110.6,4.1,942,33,1,121,2565,36,3545,36
23.5,-111.6,705,13130,124,398,398,398,128,15065,45,KCCAMS,-249.5982962,15.46033469,MV99-PC08,Lindsay et al. (2016),4,-999,G. bulloides,12420,35,-999,43.01980449,4.554380298,0,0,2,205.5,3.2,11257,21,-352,31,2,27.18,1048,0,0,27.3,-110.6,4.1,942,33,3,121,3808,50,4788,50
23.5,-111.6,705,13350,160,404,404,404,128,14870,45,KCCAMS,-210.4245747,19.70665063,MV99-PC08,Lindsay et al. (2016),4,-999,-999,-999,-999,-999,-999,-999,0,0,2,200.5,4.1,11504,28,-313,33,2,27.18,1049,0,0,36.8,-110.6,4.1,942,33,3,121,3366,53,4346,53
23.5,-111.6,705,13540,154,411,411,411,128,13420,25,KCCAMS,-32.24038578,21.04118058,MV99-PC08,"Marchitto et al., 2007",4,-999,-999,-999,-999,-999,-999,-999,0,0,2,192.7,3.9,11741,26,-134,34,2,27.18,1050,0,0,36.8,-110.6,4.1,942,33,1,121,1679,36,2659,36
23.5,-111.6,705,13560,150,411.5,411.5,411.5,129,13650,150,NOSAMS,-57.27832759,34.71640623,MV99-GC31,van Geen et al. 2003,4,-999,-999,-999,-999,-999,-999,-999,0,0,2,207,4,11665,27,-159,44,2,27.18,1051,0,0,-999,-110.6,4.1,942,33,1,122,1985,152,2965,152
23.5,-111.6,705,13940,103,422,422,422,130,14285,35,KCCAMS,-87.95616543,15.33783649,MV99-PC08,"Marchitto et al., 2007",4,-999,G. bulloides,12650,35,-999,117.9181831,4.881426533,0,0,2,209.1,4,12020,27,-190,31,2,27.18,1052,0,0,33.3,-110.6,4.1,942,33,1,123,2265,44,3245,44
23.5,-111.6,705,14210,111,431,431,431,130,13370,30,KCCAMS,56.01024701,18.12358066,MV99-PC08,"Marchitto et al., 2007",4,-999,-999,-999,-999,-999,-999,-999,0,0,2,205.3,3.2,12308,22,-46,32,2,27.18,1053,0,0,37.5,-110.6,4.1,942,33,1,123,1062,37,2042,37
23.5,-111.6,705,14290,121,434,434,434,130,13495,35,KCCAMS,49.81515555,19.94089861,MV99-PC08,Lindsay et al. (2016),4,-999,-999,-999,-999,-999,-999,-999,0,0,2,213,7.5,12335,50,-52,33,2,27.18,1054,0,0,50,-110.6,4.1,942,33,3,123,1160,61,2140,61
23.5,-111.6,705,14360,119,437.5,437.5,437.5,130,14485,35,KCCAMS,-64.01901832,17.55217716,MV99-PC08,"Marchitto et al., 2007",4,-999,G. ruber,13615,35,-999,43.04375648,4.554484885,0,0,2,213.9,3.5,12397,23,-166,32,2,27.18,1055,0,0,34.4,-110.6,4.1,942,33,1,123,2088,42,3068,42
23.5,-111.6,705,14520,104,443,443,443,130,13760,40,KCCAMS,44.40426806,18.34026118,MV99-PC08,Lindsay et al. (2016),4,-999,-999,-999,-999,-999,-999,-999,0,0,2,232.5,4.4,12430,29,-58,32,2,27.18,1056,0,0,34.6,-110.6,4.1,942,33,3,123,1330,49,2310,49
23.5,-111.6,705,14650,100,447.5,447.5,447.5,130,15755,40,KCCAMS,-172.3614363,14.13323284,MV99-PC08,"Marchitto et al., 2007",4,-999,G. bulloides,12945,40,-999,174.2484299,5.861704718,0,0,2,244.2,4.2,12480,27,-274,30,2,27.18,1057,0,0,27.3,-110.6,4.1,942,33,1,123,3275,48,4255,48
23.5,-111.6,705,14980,128,456.5,456.5,456.5,130,15850,40,KCCAMS,-148.7821658,17.41943619,MV99-PC08,"Marchitto et al., 2007",4,-999,G. bulloides,13800,40,-999,98.68070658,5.484479874,0,0,2,279.7,6.3,12575,40,-251,32,2,27.18,1058,0,0,27.1,-110.6,4.1,942,33,1,123,3275,57,4255,57
23.5,-111.6,705,15330,189,466,466,466,130,16505,40,KCCAMS,-181.5057107,22.79100467,MV99-PC08,"Marchitto et al., 2007",4,-999,-999,-999,-999,-999,-999,-999,0,0,2,287.6,6.9,12866,43,-284,35,2,27.18,1059,0,0,27.6,-110.6,4.1,942,33,1,123,3639,59,4619,59
23.5,-111.6,705,15710,268,476.5,476.5,476.5,130,16785,45,KCCAMS,-172.3618102,31.4743357,MV99-PC08,"Marchitto et al., 2007",4,-999,G. bulloides,14365,40,-999,118.6002475,5.583915789,0,0,2,308.7,6.4,13104,39,-274,41,2,27.18,1060,0,0,27,-110.6,4.1,942,33,1,123,3681,60,4661,60
23.5,-111.6,705,16080,348,486.5,486.5,486.5,130,16665,40,KCCAMS,-121.451838,41.37252394,MV99-PC08,"Marchitto et al., 2007",4,-999,G. bulloides,14725,45,-999,118.5343888,6.283492354,0,0,2,324.4,5.7,13368,34,-224,49,2,27.18,1061,0,0,27,-110.6,4.1,942,33,1,123,3297,52,4277,52
23.5,-111.6,705,16450,430,496.5,496.5,496.5,130,16425,45,KCCAMS,-53.37431855,54.57089373,MV99-PC08,"Marchitto et al., 2007",4,-999,G. ruber,14945,40,-999,138.1321779,5.6814168,0,0,2,341,6.1,13627,37,-156,61,2,27.18,1062,0,0,43.5,-110.6,4.1,942,33,1,123,2798,58,3778,58
23.5,-111.6,705,16680,390,506.5,506.5,506.5,130,16390,40,KCCAMS,-22.41794372,51.00888741,MV99-PC08,"Marchitto et al., 2007",4,-999,G. ruber,15090,35,-999,149.3072799,5.018488057,0,0,2,352.9,6.5,13780,39,-125,58,2,27.18,1063,0,0,27,-110.6,4.1,942,33,1,123,2610,56,3590,56
23.5,-111.6,705,17050,341,516.5,516.5,516.5,130,16425,50,KCCAMS,17.88422826,48.33982543,MV99-PC08,"Marchitto et al., 2007",4,-999,G. bulloides,15100,45,-999,200.4191536,6.743489202,0,0,2,372.8,7,14022,41,-84,55,2,27.18,1064,0,0,27,-110.6,4.1,942,33,1,123,2403,65,3383,65
23.5,-111.6,705,17420,308,526.5,526.5,526.5,130,16185,45,KCCAMS,96.75871273,47.01977492,MV99-PC08,"Marchitto et al., 2007",4,-999,-999,-999,-999,-999,-999,-999,0,0,2,376.1,9.6,14363,56,-5,54,2,27.18,1065,0,0,27.8,-110.6,4.1,942,33,1,123,1822,72,2802,72
23.5,-111.6,705,17780,296,536.5,536.5,536.5,130,16235,40,KCCAMS,138.4657375,46.44459226,MV99-PC08,"Marchitto et al., 2007",4,-999,G. bulloides,15435,50,-999,257.6824554,7.852637252,0,0,2,413.4,9.7,14497,55,36,54,2,27.18,1066,0,0,29.2,-110.6,4.1,942,33,1,123,1738,68,2718,68
23.5,-111.6,705,18140,306,547,547,547,130,16810,40,KCCAMS,106.9941944,46.50088534,MV99-PC08,"Marchitto et al., 2007",4,-999,G. ruber,15675,45,-999,274.9928606,7.162415363,0,0,2,432.2,7.4,14741,41,5,54,2,27.18,1067,0,0,30,-110.6,4.1,942,33,2,123,2069,57,3049,57
23.5,-111.6,705,18440,332,556,556,556,130,16680,40,KCCAMS,166.6314722,52.6786154,MV99-PC08,"Marchitto et al., 2007",4,-999,-999,-999,-999,-999,-999,-999,0,0,2,398.2,7.1,15226,40,65,59,2,27.18,1068,0,0,30.2,-110.6,4.1,942,33,2,123,1454,57,2434,57
23.5,-111.6,705,18970,407,572,572,572,130,16790,60,KCCAMS,226.9572409,69.60707898,MV99-PC08,Lindsay et al. (2016),4,-999,G. sacculifer,15225,45,-999,490.8682651,8.375119654,0,0,2,398.9,6.2,15736,35,125,75,2,27.18,1069,0,0,41,-110.6,4.1,942,33,3,123,1054,69,2034,69
23.5,-111.6,705,19360,420,588,588,588,130,17510,60,KCCAMS,175.9573227,68.56604885,MV99-PC08,Lindsay et al. (2016),4,-999,-999,-999,-999,-999,-999,-999,0,0,2,418,6.5,16006,37,74,74,2,27.18,1070,0,0,30.2,-110.6,4.1,942,33,3,123,1504,70,2484,70
23.5,-111.6,705,19890,313,604,604,604,130,17860,60,KCCAMS,200.3613112,54.43169494,MV99-PC08,Lindsay et al. (2016),4,-999,-999,-999,-999,-999,-999,-999,0,0,2,426.5,7.6,16473,43,98,61,2,27.18,1071,0,0,29.5,-110.6,4.1,942,33,3,123,1387,74,2367,74
23.5,-111.6,705,20500,221,622,622,622,130,18830,70,KCCAMS,145.290198,40.60542912,MV99-PC08,Lindsay et al. (2016),4,-999,G. ruber,18150,70,-999,246.4616637,10.90919754,0,0,2,442.7,8.1,16976,45,43,49,2,27.18,1072,0,0,30,-110.6,4.1,942,33,3,123,1854,83,2834,83
23.5,-111.6,705,21150,208,641.5,641.5,641.5,130,19720,60,KCCAMS,109.0357409,36.19366498,MV99-PC08,"Marchitto et al., 2007",4,-999,G. ruber,18445,50,-999,299.8010505,8.115614642,0,0,2,453.7,7.3,17546,40,7,45,2,27.18,1073,0,0,29.9,-110.6,4.1,942,33,2,123,2174,72,3154,72
23.5,-111.6,705,21820,298,661.5,661.5,661.5,130,19640,60,KCCAMS,214.6973784,52.87560507,MV99-PC08,"Marchitto et al., 2007",4,-999,G. ruber,19000,50,-999,315.4335803,8.213220031,0,0,2,509.8,7.9,17893,42,113,59,2,27.18,1074,0,0,37.1,-110.6,4.1,942,33,2,123,1747,73,2727,73
23.5,-111.6,705,22340,280,680.8,680.8,680.8,130,19650,80,NOSAMS,291.9475377,56.64228075,MV99-PC08,van Geen et al. 2003,4,-999,-999,-999,-999,-999,-999,-999,0,0,2,512.4,10.1,18385,54,190,63,2,27.18,1075,0,0,30,-110.6,4.1,942,33,2,123,1265,97,2245,97
23.5,-111.6,705,23430,101,713.5,713.5,713.5,130,21170,70,KCCAMS,219.9145942,25.53626758,MV99-PC08,"Marchitto et al., 2007",4,-999,G. ruber,20590,60,-999,311.252802,9.830663624,0,0,2,494.6,10.6,19539,57,118,37,2,27.18,1076,0,0,25,-110.6,4.1,942,33,1,123,1631,90,2611,90
23.5,-111.6,705,25230,441,758.5,758.5,758.5,130,22260,70,KCCAMS,324.2201629,82.23211176,MV99-PC08,"Marchitto et al., 2007",4,-999,G. ruber,21530,70,-999,450.1962178,12.69230934,0,0,2,560,12.6,20934,65,222,86,2,27.18,1077,0,0,25.7,-110.6,4.1,942,33,1,123,1326,96,2306,96
23.5,-111.6,705,29020,141,856,856,856,130,25500,170,NOSAMS,399.2505165,53.49023025,MV99-PC08,van Geen et al. 2003,4,-999,-999,-999,-999,-999,-999,-999,0,0,2,538.9,12.1,24736,63,297,60,2,27.18,1078,0,0,26.8,-110.6,4.1,942,33,1,123,764,181,1744,181
23.5,-111.6,705,30700,195,901,901,901,130,27200,130,KCCAMS,387.5329605,55.19812584,MV99-PC08,"Marchitto et al., 2007",4,-999,-999,-999,-999,-999,-999,-999,0,0,2,550.9,12.5,26306,65,285,61,2,27.18,1079,0,0,28.9,-110.6,4.1,942,33,1,123,894,145,1874,145
23.5,-111.6,705,33120,119,971,971,971,130,29230,160,KCCAMS,444.1918218,49.56344022,MV99-PC08,"Marchitto et al., 2007",4,-999,-999,-999,-999,-999,-999,-999,0,0,2,543.3,17.8,28697,92,342,56,2,27.18,1080,0,0,24.1,-110.6,4.1,942,33,1,123,533,185,1513,185
23.5,-111.6,705,34570,167,1006,1006,1006,130,30830,170,KCCAMS,410.2509066,58.34955192,MV99-PC08,"Marchitto et al., 2007",4,-999,-999,-999,-999,-999,-999,-999,0,0,2,525.9,24.2,30188,128,308,64,2,27.18,1081,0,0,28.3,-110.6,4.1,942,33,1,123,642,213,1622,213
23.5,-111.6,705,35100,130,1021,1021,1021,130,31370,180,KCCAMS,405.8684817,53.6226122,MV99-PC08,"Marchitto et al., 2007",4,-999,-999,-999,-999,-999,-999,-999,0,0,2,542.9,23.2,30624,121,304,60,2,27.18,1082,0,0,28.3,-110.6,4.1,942,33,1,123,746,217,1726,217
23.5,-111.6,705,35100,130,1021,1021,1021,130,30460,190,KCCAMS,574.5003079,62.01607698,MV99-PC08,"Marchitto et al., 2007",4,-999,-999,-999,-999,-999,-999,-999,0,0,2,542.9,23.2,30624,121,472,68,2,27.18,1083,0,1.2,24.4,-110.6,4.1,942,33,1,123,-164,225,816,225
23.5,-111.6,705,35920,147,1041,1041,1041,130,31200,280,NOSAMS,585.6707453,83.5047039,MV99-PC08,van Geen et al. 2003,4,-999,-999,-999,-999,-999,-999,-999,0,0,2,534.8,21.6,31463,113,484,88,2,27.18,1084,0,1.2,24.4,-110.6,4.1,942,33,1,123,-263,302,717,302
23.5,-111.6,705,35920,147,1041,1041,1041,130,31750,190,NOSAMS,480.7369895,61.3703754,MV99-PC08,"Marchitto et al., 2007",4,-999,-999,-999,-999,-999,-999,-999,0,0,2,534.8,21.6,31463,113,379,67,2,27.18,1085,0,0,25.3,-110.6,4.1,942,33,1,123,287,221,1267,221
23.5,-111.6,705,37900,122,1091,1091,1091,130,34400,260,KCCAMS,352.7738582,63.77165455,MV99-PC08,"Marchitto et al., 2007",4,-999,-999,-999,-999,-999,-999,-999,0,0,2,540.8,18.2,33355,95,251,69,2,27.18,1086,0,0,25.3,-110.6,4.1,942,33,1,123,1045,277,2025,277
23.2,-111.1,1270,11460,25,25,25,25,131,11635,35,KCCAMS,-60.27304802,6.936280528,MV99-GC38,Lindsay et al. (2016),4,-999,G. ruber,11450,35,-999,-38.38000436,4.198945354,0,0,2,150.8,3.3,10008,23,-128,28,2,27.67,1087,0,0,22.2,-145.2,5,1260,40,3,124,1627,42,2288,42
23.2,-111.1,1270,11550,25,27,27,27,131,11985,35,KCCAMS,-90.49022859,6.713242505,MV99-GC38,Lindsay et al. (2016),4,-999,G. ruber,11340,35,-999,-14.45032644,4.30343508,0,0,2,159.8,3.2,10032,22,-158,28,2,27.67,1088,0,0,13.3,-145.2,5,1260,40,3,124,1953,41,2614,41
23.2,-111.1,1270,11700,30,29,29,29,131,12250,35,KCCAMS,-103.891723,7.156318978,MV99-GC38,Lindsay et al. (2016),4,-999,G. ruber,11910,35,-999,-65.14946745,4.082055613,0,0,2,173.2,3.6,10086,25,-171,28,2,27.67,1089,0,0,7.4,-145.2,5,1260,40,3,124,2164,43,2825,43
23.2,-111.1,1270,11970,225,31,31,31,131,12665,40,KCCAMS,-120.7587415,28.3130341,MV99-GC38,Lindsay et al. (2016),4,-999,-999,-999,-999,-999,-999,-999,0,0,2,182.4,2.6,10285,18,-188,39,2,27.67,1090,0,0,8.1,-145.2,5,1260,40,3,124,2380,44,3041,44
23.2,-111.1,1270,12340,322,34,34,34,131,12670,40,KCCAMS,-81.08543152,40.38044422,MV99-GC38,Lindsay et al. (2016),4,-999,-999,-999,-999,-999,-999,-999,0,0,2,215.4,2.9,10424,19,-149,48,2,27.67,1091,0,0,8.7,-145.2,5,1260,40,3,124,2246,44,2907,44
23.2,-111.1,1270,12570,326,36,36,36,131,13150,40,KCCAMS,-109.9647233,39.54244829,MV99-GC38,Lindsay et al. (2016),4,-999,G. ruber,11875,30,-999,43.13030237,3.902952436,0,0,2,242.2,2.7,10472,17,-177,48,2,27.67,1092,1,0,4.8,-145.2,5,1260,40,3,124,2678,43,3339,43
23.2,-111.1,1270,13190,364,39,39,39,131,13525,40,KCCAMS,-84.40361514,44.89129231,MV99-GC38,Lindsay et al. (2016),4,-999,-999,-999,-999,-999,-999,-999,0,0,2,199.5,3.5,11355,23,-152,52,2,27.67,1093,0,0,4.7,-145.2,5,1260,40,3,124,2170,46,2831,46
23.2,-111.1,1270,13620,175,41,41,41,131,13545,40,KCCAMS,-37.91775429,25.15935578,MV99-GC38,Lindsay et al. (2016),4,-999,G. ruber,13030,30,-999,25.78195692,3.838042264,0,0,2,188.8,4.9,11845,33,-105,37,2,27.67,1094,0,0,6.9,-145.2,5,1260,40,3,124,1700,52,2361,52
23.2,-111.1,1270,13910,95,43,43,43,131,13955,45,KCCAMS,-53.15092388,16.18562437,MV99-GC38,Lindsay et al. (2016),4,-999,G. ruber,13090,30,-999,54.49844639,3.945487223,0,0,2,198.4,4.2,12062,28,-121,31,2,27.67,1095,0,0,9.1,-145.2,5,1260,40,3,124,1893,53,2554,53
23.2,-111.1,1270,14130,182,45,45,45,131,13420,40,KCCAMS,39.3510573,28.06037879,MV99-GC38,Lindsay et al. (2016),4,-999,-999,-999,-999,-999,-999,-999,0,0,2,202,3.3,12252,22,-28,39,2,27.67,1096,0,0,8,-145.2,5,1260,40,3,124,1168,46,1829,46
23.2,-111.1,1270,14380,75,47,47,47,131,14125,45,KCCAMS,-18.74775951,14.39951716,MV99-GC38,Lindsay et al. (2016),4,-999,G. ruber,13715,40,-999,32.63494601,5.154787505,0,0,2,216.7,3.4,12397,23,-86,30,2,27.67,1097,0,0,27.3,-145.2,5,1260,40,3,124,1728,51,2389,51
23.2,-111.1,1270,14490,117,50,50,50,131,14090,45,KCCAMS,-1.261987265,19.73090059,MV99-GC38,Lindsay et al. (2016),4,-999,G. ruber,13895,30,-999,23.27890266,3.828676894,0,0,2,229.9,4.2,12417,27,-69,33,2,27.67,1098,0,0,22.2,-145.2,5,1260,40,3,124,1673,52,2334,52
23.2,-111.1,1270,14580,105,52,52,52,131,14360,45,KCCAMS,-23.70206669,17.87017191,MV99-GC38,Lindsay et al. (2016),4,-999,G. ruber,13755,30,-999,52.66689996,3.938634351,0,0,2,237.1,4.5,12458,29,-91,32,2,27.67,1099,1,0,25,-145.2,5,1260,40,3,124,1902,54,2563,54
23.2,-111.1,1270,14700,50,55,55,55,131,14835,50,KCCAMS,-66.3027345,11.45905734,MV99-GC38,Lindsay et al. (2016),4,-999,G. ruber,13845,30,-999,56.15885846,3.951699783,0,0,2,257.3,7.5,12445,48,-134,29,2,27.67,1100,1,0,2.4,-145.2,5,1260,40,3,124,2390,69,3051,69
23.2,-111.1,1270,15550,365,57,57,57,131,15970,60,KCCAMS,-101.5432909,46.39950624,MV99-GC38,Lindsay et al. (2016),4,-999,G. ruber,14630,40,-999,61.5553518,5.299154638,0,0,2,305.4,7.3,12969,45,-169,54,2,27.67,1101,0,0,1.8,-145.2,5,1260,40,3,124,3001,75,3662,75
23.2,-111.1,1270,16640,350,59,59,59,131,16290,40,KCCAMS,-14.95003268,46.62647333,MV99-GC38,Lindsay et al. (2016),4,-999,G. ruber,15090,40,-999,143.7597716,5.70950906,0,0,2,350.6,6.9,13755,41,-82,54,2,27.67,1102,0,0,4.3,-145.2,5,1260,40,3,124,2535,57,3196,57
23.2,-111.1,1270,17100,205,61,61,61,131,16420,40,KCCAMS,24.69679867,30.51674892,MV99-GC38,Lindsay et al. (2016),4,-999,G. ruber,15300,30,-999,178.0041817,4.407593452,0,0,2,365.2,8.2,14116,48,-43,41,2,27.67,1103,0,0,1.8,-145.2,5,1260,40,3,124,2304,62,2965,62
23.2,-111.1,1270,18190,310,63,63,63,131,16610,40,KCCAMS,141.786169,48.51532007,MV99-GC38,Lindsay et al. (2016),4,-999,G. ruber,15735,40,-999,273.1823234,6.355570628,0,0,2,428.3,9.6,14812,54,74,55,2,27.67,1104,0,0,4.9,-145.2,5,1260,40,2,124,1798,67,2459,67
23.2,-111.1,1270,18600,378,65,65,65,131,17100,40,KCCAMS,128.8396468,57.26056075,MV99-GC38,Lindsay et al. (2016),4,-999,-999,-999,-999,-999,-999,-999,0,0,2,439.5,10,15147,56,61,63,2,27.67,1105,0,0,6.8,-145.2,5,1260,40,2,124,1953,69,2614,69
23.2,-111.1,1270,19190,323,69,69,69,131,17135,40,KCCAMS,207.0764834,53.18947827,MV99-GC38,Lindsay et al. (2016),4,-999,-999,-999,-999,-999,-999,-999,0,0,2,401.5,6.2,15935,36,140,60,2,27.67,1106,0,0,6.8,-145.2,5,1260,40,2,124,1200,54,1861,54
49.4,152.9,1765,9908,383.5,197,197,197,132,10450,70,KIA/NOSAMS,-97.31695881,49.76600197,LV29-114-3,Max et al. (2014),3,-999,-999,9630,50,-999,-0.304822716,6.24183279,500,300,2,99.9,2.9,8864,21,-73,56,2,27.82,1107,0,1.1,26,-237.4,5,2177,40,1,125,1586,73,1330,73
49.4,152.9,1765,11253,377,232,232,232,132,11200,75,KIA/NOSAMS,-32.51330965,53.1799655,LV29-114-3,Max et al. (2014),3,-999,-999,10465,50,-999,60.18557293,6.619518853,500,300,2,140,2.7,9888,19,-8,60,2,27.82,1108,0,1.1,20.9,-237.4,5,2177,40,1,125,1312,77,1056,77
49.4,152.9,1765,13164,302.25,272,272,272,132,12900,85,KIA/NOSAMS,-13.42962254,46.52650233,LV29-114-3,Max et al. (2014),3,-999,-999,12290,55,-999,64.40519985,7.312729562,500,300,2,205.7,3.9,11295,26,11,54,2,27.82,1109,0,1.1,20.1,-237.4,5,2177,40,1,125,1605,89,1349,89
49.4,152.9,1765,14157,325.25,292,292,292,132,14000,95,KIA/NOSAMS,-29.88400649,49.66190723,LV29-114-3,Max et al. (2014),3,-999,-999,13180,60,-999,74.37520798,8.054755925,500,300,2,203.8,3.3,12269,22,-5,56,2,27.82,1110,0,1.1,20.2,-237.4,5,2177,40,1,125,1731,98,1475,98
49.4,152.9,1765,15396,369,317,317,317,132,14750,130,KIA/NOSAMS,26.51388649,62.46957176,LV29-114-3,Max et al. (2014),3,-999,-999,14400,80,-999,72.22803368,10.73158141,500,300,2,292.6,6.3,12902,39,51,68,2,27.82,1111,0,1.1,26.6,-237.4,5,2177,40,1,125,1848,136,1592,136
49.4,152.9,1765,16714,391.75,352,352,352,132,16600,120,KIA/NOSAMS,-43.71803962,59.63942293,LV29-114-3,Max et al. (2014),3,-999,-999,15130,80,-999,148.3115812,11.49307687,500,300,2,356.1,6.7,13800,40,-19,65,2,27.82,1112,0,1.1,26.6,-237.4,5,2177,40,1,125,2800,126,2544,126
52.7,144.7,713,14814.5,333.5,2072.5,2072.5,2072.5,133,13760,60,KIA/BETA,82.28030416,51.76386656,SO178-13-6,Max et al. (2014),3,-999,-999,13390,100,-999,133.2960105,14.19618293,500,300,2,275,7,12449,44,63,58,2,27.39,1113,0,1.1,152.7,-193.1,5,1724,40,1,126,1311,74,1509,74
52.7,144.7,713,15980,306.75,2250.5,2250.5,2250.5,133,14580,60,KCCAMS/BETA,125.2142951,50.17252959,SO178-13-6,Max et al. (2014),3,-999,-999,14420,45,-999,147.8508191,6.448180688,500,300,2,321.1,6,13291,36,106,57,2,27.39,1114,0,1.1,149.7,-193.1,5,1724,40,1,126,1289,70,1487,70
52.7,144.7,713,16594.5,317.875,2342.5,2342.5,2342.5,133,15470,60,KCCAMS/BETA,84.92645713,49.83761599,SO178-13-6,Max et al. (2014),3,-999,-999,15090,60,-999,137.4820263,8.527877433,500,300,2,349,7.1,13726,42,65,57,2,27.39,1115,0,1.1,149.7,-193.1,5,1724,40,1,126,1744,73,1942,73
58.9,170.7,630,13502,439.5,10,10,10,134,12850,95,NOSAMS,34.15964252,67.25673146,SO201-2-101KL,Max et al. (2014),3,-999,-999,12600,55,-999,66.85042594,7.329528876,500,300,2,196.2,5.1,11689,34,8,72,2,27.34,1116,0,1.1,21.2,-186.6,5,1659,40,1,127,1161,101,1423,101
58.9,170.7,630,17272,467.5,90,90,90,134,16800,130,NOSAMS,-2.100283404,72.64463311,SO201-2-101KL,Max et al. (2014),3,-999,-999,14950,60,-999,256.3334524,9.418924826,500,300,2,387.9,8.4,14158,49,-28,77,2,27.34,1117,0,1.1,13.5,-186.6,5,1659,40,1,127,2642,139,2904,139
58.9,170.7,630,18756,536.75,110,110,110,134,18630,200,KIA,-49.15468418,85.52373811,SO201-2-101KL,Max et al. (2014),3,-999,-999,17310,120,-999,120.6605488,16.86651778,500,300,2,417.9,6,15424,34,-75,90,2,27.34,1118,0,1.1,13.5,-186.6,5,1659,40,2,127,3206,203,3468,203
54,162.4,2145,11720,331.25,340,340,340,135,11750,50,NOSAMS,-44.03265504,44.2706663,SO201-2-12KL,Max et al. (2014),3,-999,-999,10800,65,-999,75.97867638,8.741732494,500,300,2,175.4,3.3,10090,22,-18,44,2,27.86,1119,0,1.1,105,-238.4,5,2188,40,1,128,1660,55,1394,55
54,162.4,2145,13320,253,508,508,508,135,13500,55,NOSAMS,-66.99274726,34.94962751,SO201-2-12KL,Max et al. (2014),3,-999,-999,12500,50,-999,56.6929668,6.597711942,500,300,2,202.1,4.8,11464,32,-41,35,2,27.86,1120,0,1.1,107.1,-238.4,5,2188,40,1,128,2036,64,1770,64
54,162.4,2145,13712,263,550,550,550,135,13850,50,NOSAMS,-63.39639609,35.6347055,SO201-2-12KL,Max et al. (2014),3,-999,-999,12900,50,-999,54.18402767,6.582046788,500,300,2,209.7,3.8,11802,25,-38,36,2,27.86,1121,0,1.1,108,-238.4,5,2188,40,1,128,2048,56,1782,56
54,162.4,2145,15054,328.25,695,695,695,135,15300,95,NOSAMS,-80.26379662,47.41708099,SO201-2-12KL,Max et al. (2014),3,-999,-999,13900,55,-999,94.84489517,7.521857872,500,300,2,283.1,5.8,12631,36,-55,47,2,27.86,1122,0,1.1,108,-238.4,5,2188,40,1,128,2669,102,2403,102
56.3,170.7,2135,10838,388.25,115,115,115,136,11650,45,NOSAMS,-130.0087472,45.75278389,SO201-2-77KL,Max et al. (2014),3,-999,-999,10450,40,-999,10.16296596,5.042610126,500,300,2,123.9,3,9595,21,-104,46,2,27.86,1123,0,1.1,23.9,-238.4,5,2188,40,1,129,2055,50,1789,50
56.3,170.7,2135,12510,336,155,155,155,136,13000,70,NOSAMS,-99.74658057,44.45237123,SO201-2-77KL,Max et al. (2014),3,-999,-999,11500,50,-999,85.07679325,6.774933062,500,300,2,220.5,2.9,10555,19,-74,44,2,27.86,1124,0,1.1,19.2,-238.4,5,2188,40,1,129,2445,73,2179,73
56.3,170.7,2135,13813,395.25,180,180,180,136,14450,85,NOSAMS,-120.1200322,51.40708574,SO201-2-77KL,Max et al. (2014),3,-999,-999,13200,45,-999,28.02381748,5.77503907,500,300,2,191.1,3.7,12024,25,-94,51,2,27.86,1125,0,1.1,-999,-238.4,5,2188,40,1,129,2426,89,2160,89
57.5,170.4,968,10993,526.5,43,43,43,137,11250,110,NOSAMS,-68.28497695,72.16850999,SO201-2-85KL,Max et al. (2014),3,-999,-999,10450,55,-999,29.28142614,7.071420465,500,300,2,151.4,3.2,9556,22,-67,77,2,27.54,1126,0,1.1,11.6,-214.3,5,1937,40,1,130,1694,112,1678,112
57.5,170.4,968,15288,497.25,93,93,93,137,14050,80,NOSAMS,105.4417638,77.56348589,SO201-2-85KL,Max et al. (2014),3,-999,-999,13850,80,-999,133.3097568,11.34292849,500,300,2,287.9,7.1,12825,44,107,82,2,27.54,1127,0,1.1,10.7,-214.3,5,1937,40,1,130,1225,91,1209,91
57.5,170.4,968,19206,500.5,135,135,135,137,19210,90,NOSAMS/BETA,-65.90091625,67.07510048,SO201-2-85KL,Max et al. (2014),3,-999,-999,17350,65,-999,177.4747658,9.566332166,500,300,2,402,6.2,15952,35,-64,72,2,27.54,1128,0,1.1,10.7,-214.3,5,1937,40,2,130,3258,97,3242,97
60.1,-179.4,1100,11456.5,256.3125,415,417.5,416.25,138,11300,50,NOSAMS,-20.66970888,36.46753659,SO202-18-6,Max et al. (2014),3,-999,-999,10850,25,-999,35.75704586,3.22846521,500,300,2,150.8,3.3,10008,23,-27,45,2,27.57,1129,0,1.1,168.7,-206.4,5,1857,40,1,131,1292,55,1356,55
60.1,-179.4,1100,11557.25,254.6875,432,434.5,433.25,138,11550,60,NOSAMS,-39.03849884,36.79162816,SO202-18-6,Max et al. (2014),3,-999,-999,10950,55,-999,35.48608508,7.114048021,500,300,2,162.3,3.2,10025,22,-45,45,2,27.57,1130,0,1.1,174.1,-206.4,5,1857,40,1,131,1525,64,1589,64
60.1,-179.4,1100,12016.75,251,512,514.5,513.25,138,11800,60,NOSAMS,-15.24275421,37.26310878,SO202-18-6,Max et al. (2014),3,-999,-999,11150,65,-999,67.75263809,8.674900476,500,300,2,185,2.6,10316,18,-22,46,2,27.57,1131,0,1.1,168.9,-206.4,5,1857,40,1,131,1484,63,1548,63
60.1,-179.4,1100,12490.5,258.5625,592,594.5,593.25,138,12300,80,NOSAMS,-20.09260703,40.41830578,SO202-18-6,Max et al. (2014),3,-999,-999,11850,60,-999,36.36739898,7.769805544,500,300,2,221.2,3.6,10541,23,-26,48,2,27.57,1132,0,1.1,168.9,-206.4,5,1857,40,1,131,1759,83,1823,83
48.9,-126.9,920,10430,200,55.5,55.5,55.5,139,10680,90,LLNL,-65.62093494,33.08052198,JT96-09PC,McKay et al. (2005),3,-999,-999,9760,70,-999,47.75994748,9.170133807,400,266.6666667,2,116.1,3.7,9252,27,-74,43,2,27.51,1133,0,0,5,-203.9,5,1832,40,1,132,1428,94,1518,94
48.9,-126.9,920,11580,200,61.2,61.2,61.2,139,-999,-999,-999,-999,-999,JT96-09PC,McKay et al. (2005),3,-999,-999,-999,-999,-999,-999,-999,400,266.6666667,2,165.9,3.4,10019,24,-999,-999,2,27.51,1134,0,0,5,-203.9,5,1832,40,1,132,-999,-999,-999,-999
48.9,-126.9,920,10555.5,379.75,65.5,65.5,65.5,139,10910,70,-999,-78.10516689,50.40635995,JT96-09PC,McKay et al. (2005),3,-999,-999,9360,240,-999,118.0990189,33.90920042,400,266.6666667,2,123.5,3.3,9326,24,-87,57,2,27.51,1135,0,0,41,-203.9,5,1832,40,1,132,1584,74,1674,74
48.9,-126.9,920,11043,383.5,85.5,85.5,85.5,139,-999,-999,NA,-999,-999,JT96-09PC,McKay et al. (2005),3,-999,-999,9360,240,-999,186.015459,35.96893944,400,266.6666667,2,160.5,3.1,9542,21,-999,-999,2,27.51,1136,0,0,26.2,-203.9,5,1832,40,1,132,-999,-999,-999,-999
48.9,-126.9,920,11425,348.5,95.5,95.5,95.5,139,12110,80,LLNL,-117.9713205,45.98727364,JT96-09PC,McKay et al. (2005),3,-999,-999,11500,110,-999,-48.38424675,13.12059237,700,366.6666667,2,143.6,3.3,10029,23,-127,53,2,27.51,1137,0,0,34.1,-203.9,5,1832,40,1,132,2081,83,2171,83
48.9,-126.9,920,11865,322.375,110.5,110.5,110.5,139,-999,-999,-999,-999,-999,JT96-09PC,McKay et al. (2005),3,-999,-999,11600,80,-999,-8.780162439,9.920796739,700,366.6666667,2,181,3,10198,21,-999,-999,2,27.51,1138,0,0,40,-203.9,5,1832,40,1,132,-999,-999,-999,-999
48.9,-126.9,920,12115,324.75,120.5,120.5,120.5,139,13170,100,LLNL,-159.7216,43.48811782,JT96-09PC,McKay et al. (2005),3,-999,-999,12460,120,-999,-82.07225742,13.81528475,700,366.6666667,2,192.8,2.6,10360,18,-169,51,2,27.51,1139,0,0,50.5,-203.9,5,1832,40,1,132,2810,102,2900,102
48.9,-126.9,920,12709.5,316.625,150.5,150.5,150.5,139,13500,80,LLNL,-133.4107143,41.83678184,JT96-09PC,McKay et al. (2005),3,-999,-999,12640,90,-999,-35.48678868,10.86695993,700,366.6666667,2,231.6,3,10677,20,-142,50,2,27.51,1140,0,0,68,-203.9,5,1832,40,1,132,2823,82,2913,82
48.9,-126.9,920,13298,310.5,190.5,190.5,190.5,139,-999,-999,LLNL,-999,-999,JT96-09PC,McKay et al. (2005),3,-999,-999,13240,200,-999,-38.86173037,24.23012727,700,366.6666667,2,209,4,11399,26,-999,-999,2,27.51,1141,0,0,81.2,-203.9,5,1832,40,1,132,-999,-999,-999,-999
48.9,-126.9,920,14468,311.625,285.5,285.5,285.5,139,14290,110,LLNL,-28.40989477,49.95060112,JT96-09PC,McKay et al. (2005),3,-999,-999,13410,80,-999,84.07473908,10.85015123,700,366.6666667,2,228.1,4.2,12410,27,-37,57,2,27.51,1142,0,0,78.6,-203.9,5,1832,40,1,132,1880,113,1970,113
48.9,-126.9,920,14786,321.75,310.5,310.5,310.5,139,14350,120,LLNL,2.178104015,54.00158779,JT96-09PC,McKay et al. (2005),3,-999,-999,13520,70,-999,111.2655764,9.725943481,700,366.6666667,2,278.6,7.2,12397,45,-7,60,2,27.51,1143,0,0,72.6,-203.9,5,1832,40,1,132,1953,128,2043,128
48.9,-126.9,920,15612,366,370.5,370.5,370.5,139,14830,280,LLNL,43.24656161,82.63684076,JT96-09PC,McKay et al. (2005),3,-999,-999,14140,70,-999,136.8181061,9.949582605,700,366.6666667,2,306.5,5.8,13031,36,34,87,2,27.51,1144,0,0,72.6,-203.9,5,1832,40,1,132,1799,282,1889,282
40.4,143.5,2215,76.25333333,29.91229167,5.7,5.7,5.7,140,2280,40,"KIA/NIES(national Institute for Environment Studies, Japan)",-240.1280775,6.533258833,KR02-15-PC6,Minoshima et al. (2007),3,-999,-999,-999,-999,-999,-999,-999,230,210,2,-5.7,1.2,124,9,-219,7,2,27.86,1145,0,0,74.8,-233.5,2.7,2136,22,1,133,2156,41,1941,41
40.4,143.5,2215,593.9733333,63.26416667,44.4,44.4,44.4,140,2720,50,"KIA/NIES(national Institute for Environment Studies, Japan)",-234.1389678,10.62814829,KR02-15-PC6,Minoshima et al. (2007),3,-999,-999,-999,-999,-999,-999,-999,230,210,2,-0.9,1.3,590,10,-213,11,2,27.86,1146,0,0,74.8,-233.5,2.7,2136,22,1,133,2130,51,1915,51
40.4,143.5,2215,1292.293333,108.2504167,96.6,96.6,96.6,140,3400,50,"KIA/NIES(national Institute for Environment Studies, Japan)",-234.2768317,14.79362367,KR02-15-PC6,Minoshima et al. (2007),3,-999,-999,-999,-999,-999,-999,-999,230,210,2,-16.3,1.6,1396,13,-214,15,2,27.86,1147,1,0,99.2,-233.5,2.7,2136,22,1,133,2004,52,1789,52
40.4,143.5,2215,2300,200,196.6,196.6,196.6,140,4170,30,"KIA/NIES(national Institute for Environment Studies, Japan)",-214.0751396,21.95150853,KR02-15-PC6,Minoshima et al. (2007),3,-999,-999,-999,-999,-999,-999,-999,230,210,2,2.9,1.6,2211,13,-193,22,2,27.86,1148,0,0,132.5,-233.5,2.7,2136,22,1,133,1959,33,1744,33
40.4,143.5,2215,2660,200,244.3,244.3,244.3,140,4470,40,"KIA/NIES(national Institute for Environment Studies, Japan)",-209.1867284,23.07290276,KR02-15-PC6,Minoshima et al. (2007),3,-999,-999,-999,-999,-999,-999,-999,230,210,2,17.4,1.4,2446,11,-188,23,2,27.86,1149,0,0,41.6,-233.5,2.7,2136,22,1,133,2024,41,1809,41
40.4,143.5,2215,3640,200,285.1,285.1,285.1,140,5270,50,"KIA/NIES(national Institute for Environment Studies, Japan)",-194.054368,24.51814595,KR02-15-PC6,Minoshima et al. (2007),3,-999,-999,-999,-999,-999,-999,-999,230,210,2,16.5,1.6,3405,13,-173,25,2,27.86,1150,0,0,51.9,-233.5,2.7,2136,22,1,133,1865,52,1650,52
40.4,143.5,2215,4209.986667,296.2102083,314.7,314.7,314.7,140,-999,-999,"KIA/NIES(national Institute for Environment Studies, Japan)",-999,-999,KR02-15-PC6,Minoshima et al. (2007),3,-999,-999,-999,-999,-999,-999,-999,230,210,2,37.8,2.2,3793,17,-999,-999,2,27.86,1151,0,0,51.9,-233.5,2.7,2136,22,1,133,-999,-999,-999,-999
40.4,143.5,2215,4816,335.25,360,360,360,140,6650,50,"KIA/NIES(national Institute for Environment Studies, Japan)",-217.5130429,36.61583994,KR02-15-PC6,Minoshima et al. (2007),3,-999,"Mixed PF (G. bulloides, G. calida, N. dutertrei, N. incompta and N. pachyderma)",5170,60,-999,-59.21252491,7.053228176,230,210,2,64.4,2,4182,15,-197,37,2,27.86,1152,0,0,36.4,-233.5,2.7,2136,22,1,133,2468,52,2253,52
40.4,143.5,2215,6372.2,325.85,416.6,416.6,416.6,140,7610,10,"KIA/NIES(national Institute for Environment Studies, Japan)",-161.8369683,34.08961525,KR02-15-PC6,Minoshima et al. (2007),3,-999,-999,-999,-999,-999,-999,-999,230,210,2,83.2,2.7,5557,20,-141,34,2,27.86,1153,0,0,36.2,-233.5,2.7,2136,22,1,133,2053,22,1838,22
40.4,143.5,2215,7327.8,255.5,451.2,451.2,451.2,140,8530,60,"KIA/NIES(national Institute for Environment Studies, Japan)",-160.9442356,32.20683756,KR02-15-PC6,Minoshima et al. (2007),3,-999,"Mixed PF (G. bulloides, G. calida, N. dutertrei, N. incompta and N. pachyderma)",7070,90,-999,6.291881973,11.33767109,230,210,2,89.4,2.6,6435,19,-140,32,2,27.86,1154,0,0,29.7,-233.5,2.7,2136,22,1,133,2095,63,1880,63
40.4,143.5,2215,8319.2,297.45,480.6,480.6,480.6,140,9040,80,"KIA/NIES(national Institute for Environment Studies, Japan)",-112.2309398,40.79785661,KR02-15-PC6,Minoshima et al. (2007),3,-999,"Mixed PF (G. bulloides, G. calida, N. dutertrei, N. incompta and N. pachyderma)",8010,60,-999,9.219692793,7.566275022,230,210,2,81.8,2.6,7453,19,-91,41,2,27.86,1155,0,0,19.1,-233.5,2.7,2136,22,1,133,1587,82,1372,82
40.4,143.5,2215,11393,300.2,539.2,539.2,539.2,140,11840,60,"KIA/NIES(national Institute for Environment Studies, Japan)",-91.34533689,39.79564899,KR02-15-PC6,Minoshima et al. (2007),3,-999,"Mixed PF (G. bulloides, G. calida, N. dutertrei, N. incompta and N. pachyderma)",10610,90,-999,59.0033406,11.9315596,230,210,2,143.1,3.2,10003,23,-71,40,2,27.86,1156,0,0,20,-233.5,2.7,2136,22,1,133,1837,64,1622,64
40.4,143.5,2215,11847.2,301.35,548.3,548.3,548.3,140,12100,60,"KIA/NIES(national Institute for Environment Studies, Japan)",-70.5993108,40.83365747,KR02-15-PC6,Minoshima et al. (2007),3,-999,-999,-999,-999,-999,-999,-999,230,210,2,177.2,3.5,10204,24,-50,41,2,27.86,1157,0,0,19.5,-233.5,2.7,2136,22,1,133,1896,65,1681,65
40.4,143.5,2215,12195.2,299.425,555.1,555.1,555.1,140,12490,110,"KIA/NIES(national Institute for Environment Studies, Japan)",-76.57895309,46.1096883,KR02-15-PC6,Minoshima et al. (2007),3,-999,"Mixed PF (G. bulloides, G. calida, N. dutertrei, N. incompta and N. pachyderma)",10860,70,-999,131.1592679,9.900055703,230,210,2,197.8,2.6,10405,18,-56,46,2,27.86,1158,0,0,12.5,-233.5,2.7,2136,22,1,133,2085,111,1870,111
40.4,143.5,2215,12738.3,379.2,561.9,561.9,561.9,140,13590,80,"KIA/NIES(national Institute for Environment Studies, Japan)",-140.0750725,48.03286338,KR02-15-PC6,Minoshima et al. (2007),3,-999,-999,-999,-999,-999,-999,-999,230,210,2,219.8,3.6,10783,24,-119,48,2,27.86,1159,0,0,11.4,-233.5,2.7,2136,22,1,133,2807,84,2592,84
40.4,143.5,2215,13333.9,418.35,568.7,568.7,568.7,140,14050,80,"KIA/NIES(national Institute for Environment Studies, Japan)",-127.2695136,52.88813499,KR02-15-PC6,Minoshima et al. (2007),3,-999,-999,-999,-999,-999,-999,-999,230,210,2,201.6,3.9,11487,26,-106,53,2,27.86,1160,0,0,12,-233.5,2.7,2136,22,1,133,2563,84,2348,84
40.4,143.5,2215,13911,407.25,575.6,575.6,575.6,140,14500,120,"KIA/NIES(national Institute for Environment Studies, Japan)",-115.1523051,56.84670161,KR02-15-PC6,Minoshima et al. (2007),3,-999,"Mixed PF (G. bulloides, G. calida, N. dutertrei, N. incompta and N. pachyderma)",13470,70,-999,5.898672119,8.803758382,230,210,2,201.5,4.5,12051,30,-94,57,2,27.86,1161,0,0,22.5,-233.5,2.7,2136,22,1,133,2449,124,2234,124
40.4,143.5,2215,14395,405.25,586.5,586.5,586.5,140,14890,70,"KIA/NIES(national Institute for Environment Studies, Japan)",-106.2627501,51.62792484,KR02-15-PC6,Minoshima et al. (2007),3,-999,"Mixed PF (G. bulloides, G. calida, N. dutertrei, N. incompta and N. pachyderma)",13530,70,-999,58.61153817,9.265108366,230,210,2,219.9,3.6,12396,23,-85,52,2,27.86,1162,0,0,4.9,-233.5,2.7,2136,22,1,133,2494,74,2279,74
40.4,143.5,2215,18630,200,607.4,607.4,607.4,140,17160,90,"KIA/NIES(national Institute for Environment Studies, Japan)",124.5128731,39.81197161,KR02-15-PC6,Minoshima et al. (2007),3,-999,Towada-Hachinohe ash layer,12900,700,-999,911.0682928,174.0027888,230,210,2,433.5,10.3,15210,58,145,40,2,27.86,1163,0,0,11.5,-233.5,2.7,2136,22,1,133,1950,107,1735,107
40.4,143.5,2215,25650,200,688.1,688.1,688.1,140,23100,60,"KIA/NIES(national Institute for Environment Studies, Japan)",254.9045057,39.73912714,KR02-15-PC6,Minoshima et al. (2007),3,-999,-999,-999,-999,-999,-999,-999,230,210,2,587,10.8,21204,54,276,40,2,27.86,1164,0,0,40.4,-233.5,2.7,2136,22,1,133,1896,81,1681,81
40.4,143.5,2215,26950,200,740.6,740.6,740.6,140,24230,70,"KIA/NIES(national Institute for Environment Studies, Japan)",275.8867984,41.99270914,KR02-15-PC6,Minoshima et al. (2007),3,-999,-999,-999,-999,-999,-999,-999,230,210,2,581.9,12.7,22493,64,297,42,2,27.86,1165,0,0,40.4,-233.5,2.7,2136,22,1,133,1737,95,1522,95
41.7,-124.9,980,430,200,16,16,16,141,2130,40,Uppsala,-191.9587735,23.5755485,ODP1019A,"Mix et al., 1999 / Barron et al. 2003",4,Barron et al. 2003 age model,Globobulimina spp.,2040,40,KIA6969,-182.8547493,4.07908927,500,50,2,10.2,1.2,336,10,-195,36,2,27.56,1166,0,0,25.8,-209.3,5,1886,40,3,134,1794,41,1829,41
41.7,-124.9,980,2019,158.25,57,57,57,141,-999,-999,Uppsala,-999,-999,ODP1019A,"Mix et al., 1999 / Barron et al. 2003",3,-999,Globobulimina spp.,3040,40,-999,-125.5978787,4.364908574,500,50,2,-15.9,1.8,2091,14,-999,-999,2,27.56,1167,0,0,53.4,-209.3,5,1886,40,3,134,-999,-999,-999,-999
41.7,-124.9,980,3124,582,116,116,116,141,5100,700,Uppsala,-226.6264709,122.3425984,ODP1019A,"Mix et al., 1999 / Barron et al. 2003",3,-999,-999,-999,-999,-999,-999,-999,500,50,2,12.8,2.6,2939,20,-230,125,2,27.56,1168,1,0,51.2,-209.3,5,1886,40,3,134,2161,700,2196,700
41.7,-124.9,980,4901,622,207,207,207,141,6400,40,Uppsala,-184.4353293,65.49345036,ODP1019A,"Mix et al., 1999 / Barron et al. 2003",3,-999,-999,-999,-999,-999,-999,-999,500,50,2,49.8,2,4381,15,-188,71,2,27.56,1169,0,0,38.7,-209.3,5,1886,40,3,134,2019,43,2054,43
41.7,-124.9,980,6889,149.5,284,284,284,141,-999,-999,Uppsala,-999,-999,ODP1019A,"Mix et al., 1999 / Barron et al. 2003",3,-999,bark,6030,150,-999,86.17203304,20.4726095,500,50,1,85,2.5,6039,18,-999,-999,2,27.56,1170,0,0,43.3,-209.3,5,1886,40,3,134,-999,-999,-999,-999
41.7,-124.9,980,9958,267,417,417,417,141,10810,120,Uppsala,-131.6416362,41.03256481,ODP1019A,"Mix et al., 1999 / Barron et al. 2003",3,-999,planktic mix,9950,110,-999,-33.51780611,13.32556639,500,50,2,103.4,2.8,8887,20,-135,49,2,27.56,1171,0,0,72.5,-209.3,5,1886,40,3,134,1923,122,1958,122
41.7,-124.9,980,10992,279,492,492,492,141,11130,80,Uppsala,-54.37657877,41.34405179,ODP1019A,"Mix et al., 1999 / Barron et al. 2003",3,-999,planktic mix,10210,120,-999,60.36873386,15.95909495,500,50,2,151.4,3.2,9556,22,-58,49,2,27.56,1172,0,0,39.5,-209.3,5,1886,40,3,134,1574,83,1609,83
41.7,-124.9,980,11600,200,516,516,516,141,11540,90,Uppsala,-32.85312198,34.24062541,ODP1019A,"Mix et al., 1999 / Barron et al. 2003",3,-999,planktic mix,11410,170,-999,-17.07421538,21.0230348,500,50,2,168.9,3.5,10018,24,-36,43,2,27.56,1173,0,0,82.8,-209.3,5,1886,40,3,134,1522,93,1557,93
41.7,-124.9,980,12385,190,581,581,581,141,13290,220,Uppsala,-144.6977975,43.09976822,ODP1019A,"Mix et al., 1999 / Barron et al. 2003",3,-999,planktic mix,11580,140,-999,58.2022568,18.60411067,500,50,2,230.2,2.8,10375,18,-148,51,2,27.56,1174,0,0,93.7,-209.3,5,1886,40,3,134,2915,221,2950,221
41.7,-124.9,980,12812,161.75,621,621,621,141,12830,90,Uppsala,-46.28032197,29.35013482,ODP1019A,"Mix et al., 1999 / Barron et al. 2003",3,-999,planktic mix,11950,110,-999,64.13538544,14.67197928,500,50,2,212.6,2.9,10909,19,-50,40,2,27.56,1175,0,0,53.8,-209.3,5,1886,40,3,134,1921,92,1956,92
41.7,-124.9,980,14485,291.75,711,711,711,141,14260,140,Uppsala,-22.76712919,51.54263152,ODP1019A,"Mix et al., 1999 / Barron et al. 2003",3,-999,planktic mix,13350,120,-999,94.45049517,16.47204299,500,50,2,229.9,4.2,12417,27,-26,58,2,27.56,1176,0,0,49.2,-209.3,5,1886,40,3,134,1843,143,1878,143
41.7,-124.9,980,16723,264,821,821,821,141,16210,190,Uppsala,4.948128101,55.89045171,ODP1019A,"Mix et al., 1999 / Barron et al. 2003",3,-999,planktic mix,15080,120,-999,156.7399535,17.40953138,500,50,2,357.1,6.8,13804,40,2,62,2,27.56,1177,0,0,97.1,-209.3,5,1886,40,3,134,2406,194,2441,194
41.7,-124.9,980,18093,273,954,954,954,141,17480,280,Uppsala,12.63637693,68.78962284,ODP1019A,"Mix et al., 1999",3,-999,planktic mix,16040,140,-999,211.4497155,21.2983335,500,50,2,428.8,6.9,14721,39,9,74,2,27.56,1178,0,0,37.2,-209.3,5,1886,40,2,134,2759,283,2794,283
41.7,-124.9,980,20808,398.25,1055,1055,1055,141,19080,190,Uppsala,152.3380805,82.83889759,ODP1019A,"Mix et al., 1999",3,-999,planktic mix,18550,210,-999,230.9310488,32.60350715,500,50,2,456.8,7.8,17199,43,149,87,2,27.56,1179,0,0,52.2,-209.3,5,1886,40,2,134,1881,195,1916,195
41.7,-124.9,980,23874,463.75,1215,1215,1215,141,23860,860,Uppsala,-79.07833757,150.9203912,ODP1019A,"Mix et al., 1999",3,-999,planktic mix,21240,280,-999,276.0563033,45.26275851,500,50,2,502.3,9.6,19935,51,-83,153,2,27.56,1180,1,0,52.2,-209.3,5,1886,40,3,134,3925,862,3960,862
42.1,-125.8,2710,6902,374.875,27.5,27.5,27.5,142,-999,-999,-999,-999,-999,W8709A-13PC,"Mix et al., 1999",3,-999,-999,7000,230,CAMS,-35.86096001,28.00411864,320,100,2,84.5,2.6,6063,20,-999,-999,2,28,1181,0,0,32.9,-245,5,2258,40,1,135,-999,-999,-999,-999
42.1,-125.8,2710,8209,136.125,70.5,70.5,70.5,142,9580,40,NA,-180.9387824,17.56654806,W8709A-13PC,"Mix et al., 1999/Lund et al., 2011",3,-999,-999,8200,40,NA,-27.422087,4.854990133,320,100,2,69.4,3,7439,22,-149,18,2,28,1182,0,0,22.8,-245,5,2258,40,3,135,2141,46,1805,46
42.1,-125.8,2710,8648.5,138.875,80.5,80.5,80.5,142,9975,40,NA,-177.6633658,17.91040891,W8709A-13PC,"Mix et al., 1999/Lund et al., 2011",3,-999,-999,8680,60,NA,-33.81062957,7.243670087,320,100,2,62.6,2.8,7918,21,-145,18,2,28,1183,0,0,20.2,-245,5,2258,40,3,135,2057,45,1721,45
42.1,-125.8,2710,9044.5,97.875,88.5,88.5,88.5,142,10085,40,NA,-149.0463839,14.3126084,W8709A-13PC,"Mix et al., 1999/Lund et al., 2011",3,-999,-999,8895,40,NA,-13.1712203,4.926128719,320,100,2,80.3,3,8173,23,-117,14,2,28,1184,0,0,20.4,-245,5,2258,40,3,135,1912,46,1576,46
42.1,-125.8,2710,9425.25,112.25,96.25,96.25,96.25,142,11000,120,CAMS,-204.8672425,22.67744526,W8709A-13PC,"Mix et al., 1999",3,-999,-999,-999,-999,-999,-999,-999,320,100,2,102.9,3.3,8376,24,-173,23,2,28,1185,0,0,20.2,-245,5,2258,40,1,135,2624,122,2288,122
42.1,-125.8,2710,9548.75,129.1875,98.75,98.75,98.75,142,11020,240,CAMS,-194.9066164,36.6473301,W8709A-13PC,"Mix et al., 1999",3,-999,-999,-999,-999,-999,-999,-999,320,100,2,80.9,3,8655,22,-163,37,2,28,1186,0,0,20.4,-245,5,2258,40,1,135,2365,241,2029,241
42.1,-125.8,2710,9561,131,99,99,99,142,10540,40,NA,-144.065729,17.82662896,W8709A-13PC,"Mix et al., 1999/Lund et al., 2011",3,-999,-999,9400,80,NA,-13.55439033,9.873013046,320,100,2,77.9,2.9,8696,21,-112,18,2,28,1187,0,0,22.7,-245,5,2258,40,3,135,1844,45,1508,45
42.1,-125.8,2710,9825,148.75,105,105,105,142,10740,45,NA,-138.0213653,20.34037506,W8709A-13PC,"Mix et al., 1999/Lund et al., 2011",3,-999,-999,9580,70,NA,-4.111984811,8.716143787,320,100,2,96.3,3,8813,22,-106,20,2,28,1188,0,0,32.7,-245,5,2258,40,3,135,1927,50,1591,50
42.1,-125.8,2710,10131,118.25,115,115,115,142,11340,40,NA,-169.894148,16.00818754,W8709A-13PC,"Mix et al., 1999/Lund et al., 2011",3,-999,-999,-999,-999,-999,-999,-999,320,100,2,126.1,2.9,8899,20,-138,16,2,28,1189,0,0,32.6,-245,5,2258,40,3,135,2441,45,2105,45
42.1,-125.8,2710,10407,153.25,124,124,124,142,11270,50,NA,-134.2007833,21.44101039,W8709A-13PC,"Mix et al., 1999/Lund et al., 2011",3,-999,-999,9940,70,NA,21.69681296,8.942025802,320,100,2,116.3,3,9231,21,-102,21,2,28,1190,0,0,32.7,-245,5,2258,40,3,135,2039,54,1703,54
42.1,-125.8,2710,10475.75,169.375,126.25,126.25,126.25,142,11580,170,CAMS,-160.0197209,34.99595775,W8709A-13PC,"Mix et al., 1999",3,-999,-999,9960,230,CAMS,27.66707165,29.84933645,320,100,2,125.8,3.2,9231,23,-128,35,2,28,1191,0,0,24.2,-245,5,2258,40,1,135,2349,172,2013,172
42.1,-125.8,2710,10579,176.375,128.75,128.75,128.75,142,11450,160,CAMS,-135.5866453,35.66946872,W8709A-13PC,"Mix et al., 1999",3,-999,-999,-999,-999,-999,-999,-999,320,100,2,118.8,3.1,9379,23,-103,36,2,28,1192,0,0,15.1,-245,5,2258,40,1,135,2071,162,1735,162
42.1,-125.8,2710,11257,106.25,139,139,139,142,12190,60,CAMS-45713,-144.2794255,17.39071736,W8709A-13PC,"Mix et al., 1999",3,-999,-999,10720,70,CAMS-39369,27.55660643,8.993311491,320,100,2,140,2.7,9888,19,-112,17,2,28,1193,0,0,15.2,-245,5,2258,40,1,135,2302,63,1966,63
42.1,-125.8,2710,11455,94,142,142,142,142,12160,45,NA,-120.2576037,14.93205799,W8709A-13PC,"Mix et al., 1999/Lund et al., 2011",3,-999,-999,10610,80,NA,66.97540206,10.67900953,320,100,2,150.8,3.3,10008,23,-88,15,2,28,1194,0,0,15.1,-245,5,2258,40,3,135,2152,51,1816,51
42.1,-125.8,2710,11820,97,147.5,147.5,147.5,142,12520,35,NA,-120.841288,14.14664783,W8709A-13PC,"Mix et al., 1999/Lund et al., 2011",3,-999,-999,11005,40,NA,61.63184353,5.299536476,320,100,2,178.4,3.1,10167,21,-89,14,2,28,1195,0,0,16,-245,5,2258,40,3,135,2353,41,2017,41
42.1,-125.8,2710,12227,119.5,154,154,154,142,12630,60,CAMS-45718,-89.03560534,19.97381291,W8709A-13PC,"Mix et al., 1999",3,-999,-999,11200,60,CAMS-39370,88.46039817,8.160354759,320,100,2,205.3,2.7,10384,18,-57,20,2,28,1196,0,0,24.2,-245,5,2258,40,1,135,2246,63,1910,63
42.1,-125.8,2710,12351,102.5,157,157,157,142,12685,35,NA,-81.57848605,15.38953461,W8709A-13PC,"Mix et al., 1999/Lund et al., 2011",3,-999,-999,10985,40,NA,134.881466,5.665189643,320,100,2,227,2.8,10367,18,-49,15,2,28,1197,0,0,24.6,-245,5,2258,40,3,135,2318,39,1982,39
42.1,-125.8,2710,12575,82.125,162.5,162.5,162.5,142,13115,35,NA,-105.5375348,12.7832899,W8709A-13PC,"Mix et al., 1999/Lund et al., 2011",3,-999,-999,11615,45,NA,78.09694745,6.056330492,320,100,2,243.6,2.7,10473,17,-73,13,2,28,1198,0,0,25.6,-245,5,2258,40,3,135,2642,39,2306,39
42.1,-125.8,2710,12887.5,106.875,170.5,170.5,170.5,142,13080,70,CAMS-45714,-67.02270723,20.1930341,W8709A-13PC,"Mix et al., 1999",3,-999,-999,12190,60,CAMS-45715,42.28827722,7.814195277,320,100,2,211.8,3.2,10982,21,-35,20,2,28,1199,0,0,25.6,-245,5,2258,40,1,135,2098,73,1762,73
42.1,-125.8,2710,12946,116.5,172,172,172,142,13780,60,NA,-138.8087157,18.5698969,W8709A-13PC,"Mix et al., 1999/Lund et al., 2011",3,-999,-999,12600,45,NA,-2.541337305,5.603335886,320,100,2,212.3,3.1,11037,21,-107,19,2,28,1200,0,0,25.1,-245,5,2258,40,3,135,2743,64,2407,64
42.1,-125.8,2710,13185,161,178,178,178,142,13700,50,NA,-104.6759775,23.01177453,W8709A-13PC,"Mix et al., 1999/Lund et al., 2011",3,-999,-999,12035,45,NA,101.5303291,6.187970142,320,100,2,199.5,3.5,11355,23,-72,23,2,28,1201,0,0,19.9,-245,5,2258,40,3,135,2345,55,2009,55
42.1,-125.8,2710,13336,137.25,181,181,181,142,13880,110,CAMS-45719,-108.3768972,27.01644926,W8709A-13PC,"Mix et al., 1999",3,-999,-999,11310,140,CAMS-39371,227.7933347,21.58566846,320,100,2,201.6,3.9,11487,26,-76,27,2,28,1202,0,0,19.7,-245,5,2258,40,1,135,2393,113,2057,113
42.1,-125.8,2710,13640,100,187,187,187,142,14115,40,NA,-101.6480683,15.34077504,W8709A-13PC,"Mix et al., 1999/Lund et al., 2011",3,-999,-999,12510,60,NA,97.03100057,8.224609881,320,100,2,197.4,3.9,11807,26,-69,15,2,28,1203,0,0,20.2,-245,5,2258,40,3,135,2308,48,1972,48
42.1,-125.8,2710,13862.5,95.875,191.5,191.5,191.5,142,14330,90,CAMS-44506,-101.5136277,20.4882519,W8709A-13PC,"Mix et al., 1999",3,-999,-999,12760,60,CAMS-44505,92.42506399,8.190078467,320,100,2,196,3.9,12040,26,-69,21,2,28,1204,0,0,20.6,-245,5,2258,40,1,135,2290,94,1954,94
42.1,-125.8,2710,14081,111,196,196,196,142,14710,45,NA,-120.0746649,16.74490744,W8709A-13PC,"Mix et al., 1999/Lund et al., 2011",3,-999,-999,-999,-999,-999,-999,-999,320,100,2,202.1,3.7,12213,24,-88,17,2,28,1205,0,0,20.8,-245,5,2258,40,3,135,2497,51,2161,51
42.1,-125.8,2710,14093,112.5,196.25,196.25,196.25,142,14560,140,CAMS,-102.1871978,27.86937909,W8709A-13PC,"Mix et al., 1999",3,-999,-999,13860,100,CAMS,-20.44133243,12.27039883,320,100,2,201.2,3.6,12228,24,-70,28,2,28,1206,0,0,20.7,-245,5,2258,40,1,135,2332,142,1996,142
42.1,-125.8,2710,14214,128.9375,198.75,198.75,198.75,142,14700,250,CAMS,-104.6900391,41.84255187,W8709A-13PC,"Mix et al., 1999",3,-999,-999,13000,90,CAMS,106.3228218,12.46469787,320,100,2,206.1,3.3,12312,22,-72,42,2,28,1207,0,0,20.4,-245,5,2258,40,1,135,2388,251,2052,251
42.1,-125.8,2710,14373,156,202,202,202,142,14545,45,NA,-69.52195106,22.77302388,W8709A-13PC,"Mix et al., 1999/Lund et al., 2011",3,-999,-999,13080,35,NA,116.6307794,4.875805042,320,100,2,216.7,3.4,12397,23,-37,23,2,28,1208,0,0,15,-245,5,2258,40,3,135,2148,51,1812,51
42.1,-125.8,2710,15074.5,95.875,212.5,212.5,212.5,142,14860,70,CAMS-44508,-26.06877603,19.78323682,W8709A-13PC,"Mix et al., 1999",3,-999,-999,13700,70,CAMS-44507,125.2325691,9.84818445,320,100,2,284.4,6.2,12642,39,6,20,2,28,1209,0,0,14.4,-245,5,2258,40,1,135,2218,80,1882,80
42.1,-125.8,2710,15386,85.75,217,217,217,142,15155,50,NA,-25.1368463,16.18043961,W8709A-13PC,"Mix et al., 1999/Lund et al., 2011",3,-999,-999,13770,35,NA,158.3025565,5.057766228,320,100,2,291.5,6.3,12900,39,7,16,2,28,1210,0,0,14.4,-245,5,2258,40,3,135,2255,63,1919,63
42.1,-125.8,2710,15680.25,95.125,221.25,221.25,221.25,142,15950,180,CAMS,-85.00036468,31.0373941,W8709A-13PC,"Mix et al., 1999",3,-999,-999,14050,140,CAMS,159.1566616,20.37897639,320,100,2,308,6,13089,37,-53,31,2,28,1211,0,0,14.7,-245,5,2258,40,1,135,2861,184,2525,184
42.1,-125.8,2710,15765.5,102,222.5,222.5,222.5,142,15550,70,NA,-28.31629202,20.45765562,W8709A-13PC,"Mix et al., 1999/Lund et al., 2011",3,-999,-999,14015,35,NA,176.2857872,5.136290597,320,100,2,310.3,6.7,13153,41,4,20,2,28,1212,0,0,14.5,-245,5,2258,40,3,135,2397,81,2061,81
42.1,-125.8,2710,15851.5,110.1875,223.75,223.75,223.75,142,15770,320,CAMS,-44.68022628,50.81281035,W8709A-13PC,"Mix et al., 1999",3,-999,-999,14020,140,CAMS,187.8467451,20.88337287,320,100,2,313.3,6.4,13222,39,-12,51,2,28,1213,0,0,14.5,-245,5,2258,40,1,135,2548,322,2212,322
42.1,-125.8,2710,16111,139.25,227.5,227.5,227.5,142,-999,-999,-999,-999,-999,W8709A-13PC,"Mix et al., 1999",3,-999,-999,15270,220,NZ,49.09087623,29.12853309,320,100,2,327.6,5.5,13388,33,-999,-999,2,28,1214,0,0,33.6,-245,5,2258,40,1,135,-999,-999,-999,-999
42.1,-125.8,2710,16394,96.5,237,237,237,142,16025,50,NA,-11.76114541,17.68769325,W8709A-13PC,"Mix et al., 1999/Lund et al., 2011",3,-999,-999,14490,35,NA,196.3268597,5.2238006,320,100,2,337.2,6.2,13602,37,21,18,2,28,1215,0,0,35.5,-245,5,2258,40,3,135,2423,62,2087,62
42.1,-125.8,2710,16563,93.75,243,243,243,142,16290,60,NA,-24.08233076,18.35756497,W8709A-13PC,"Mix et al., 1999/Lund et al., 2011",3,-999,-999,14690,35,NA,191.0095844,5.200582542,320,100,2,348.1,6.7,13702,40,8,18,2,28,1216,0,0,35.9,-245,5,2258,40,3,135,2588,72,2252,72
42.1,-125.8,2710,16814,135.75,252,252,252,142,16690,60,NA,-42.86417503,22.86805274,W8709A-13PC,"Mix et al., 1999/Lund et al., 2011",3,-999,-999,14840,45,NA,205.0126234,6.769293533,320,100,2,366.8,6,13834,35,-11,23,2,28,1217,0,0,25.7,-245,5,2258,40,3,135,2856,69,2520,69
42.1,-125.8,2710,17125,102.5,260,260,260,142,16990,90,NA,-42.60235984,22.59905483,W8709A-13PC,"Mix et al., 1999/Lund et al., 2011",3,-999,-999,15260,35,NA,187.4702054,5.185127727,320,100,2,364.6,7.4,14148,43,-10,23,2,28,1218,0,0,24.7,-245,5,2258,40,2,135,2842,100,2506,100
42.1,-125.8,2710,17510,122.875,269.5,269.5,269.5,142,17015,90,NA,-0.07792337,26.06801706,W8709A-13PC,"Mix et al., 1999/Lund et al., 2011",3,-999,-999,15500,40,NA,207.4601583,6.027493609,320,100,2,376.6,6.6,14447,38,32,26,2,28,1219,0,0,24.8,-245,5,2258,40,2,135,2568,98,2232,98
42.1,-125.8,2710,17752,167.125,275.5,275.5,275.5,142,17200,140,NA,6.184128788,37.88576962,W8709A-13PC,"Mix et al., 1999/Lund et al., 2011",3,-999,-999,15620,35,NA,224.8933081,5.348536937,320,100,2,412.6,8.8,14483,50,38,38,2,28,1220,0,0,20,-245,5,2258,40,2,135,2717,149,2381,149
42.1,-125.8,2710,18427,162,289,289,289,142,17545,50,NA,45.88893451,27.00817592,W8709A-13PC,"Mix et al., 1999/Lund et al., 2011",3,-999,-999,-999,-999,-999,-999,-999,320,100,2,395.1,6.7,15233,39,78,27,2,28,1221,0,0,19.5,-245,5,2258,40,2,135,2312,63,1976,63
42.1,-125.8,2710,19043,279.25,301,301,301,142,18480,80,NA,2.989893,43.88255875,W8709A-13PC,"Mix et al., 1999/Lund et al., 2011",3,-999,-999,-999,-999,-999,-999,-999,320,100,2,402.7,6.2,15792,35,35,44,2,28,1222,0,0,18.9,-245,5,2258,40,2,135,2688,87,2352,87
42.1,-125.8,2710,19056.25,282.3125,301.25,301.25,301.25,142,18360,200,CAMS,19.7184597,60.24592955,W8709A-13PC,"Mix et al., 1999",3,-999,-999,16710,120,CAMS,252.2341589,18.8467683,320,100,2,403.3,6.2,15799,35,52,60,2,28,1223,0,0,16.1,-245,5,2258,40,2,135,2561,203,2225,203
42.1,-125.8,2710,19211.5,291.5625,303.75,303.75,303.75,142,18630,180,CAMS,4.705738202,57.97934339,W8709A-13PC,"Mix et al., 1999",3,-999,-999,-999,-999,-999,-999,-999,320,100,2,402.5,6.1,15959,35,37,58,2,28,1224,0,0,11.5,-245,5,2258,40,1,135,2671,183,2335,183
42.1,-125.8,2710,20149.5,209.875,314.5,314.5,314.5,142,19170,120,NA,52.25466425,42.44415494,W8709A-13PC,"Mix et al., 1999/Lund et al., 2011",3,-999,-999,17940,45,NA,226.363821,6.88923628,320,100,2,437.7,7.7,16664,43,85,42,2,28,1225,0,0,11.9,-245,5,2258,40,3,135,2506,127,2170,127
42.1,-125.8,2710,21283,447.75,328,328,328,142,20670,80,NA,1.317695674,64.24853661,W8709A-13PC,"Mix et al., 1999/Lund et al., 2011",3,-999,-999,-999,-999,-999,-999,-999,320,100,2,472.4,7.4,17579,40,34,64,2,28,1226,0,0,13.2,-245,5,2258,40,3,135,3091,89,2755,89
42.1,-125.8,2710,21624,322.375,332.5,332.5,332.5,142,-999,-999,-999,-999,-999,W8709A-13PC,"Mix et al., 1999",3,-999,-999,18370,270,NZ,389.4168121,47.49387471,320,100,2,494.1,8.6,17792,46,-999,-999,2,28,1227,0,0,13.1,-245,5,2258,40,1,135,-999,-999,-999,-999
42.1,-125.8,2710,22311.5,216.875,341.5,341.5,341.5,142,21530,140,NA,18.84410075,44.49883543,W8709A-13PC,"Mix et al., 1999/Lund et al., 2011",3,-999,-999,19640,60,NA,289.1050557,9.664618569,320,100,2,514,9,18357,48,51,45,2,28,1228,0,0,16.2,-245,5,2258,40,3,135,3173,148,2837,148
42.1,-125.8,2710,24807,310.75,382,382,382,142,-999,-999,-999,-999,-999,W8709A-13PC,"Mix et al., 1999",3,-999,-999,22140,140,CAMS-39372,277.1037481,22.45258816,320,100,2,551.5,9,20580,47,-999,-999,2,28,1229,0,0,64,-245,5,2258,40,3,135,-999,-999,-999,-999
42.1,-125.8,2710,24971,247.5,392.5,392.5,392.5,142,-999,-999,-999,-999,-999,W8709A-13PC,"Mix et al., 1999",3,-999,-999,19820,640,NZ,738.8802845,144.2072722,320,100,2,562.8,8.8,20686,45,-999,-999,2,28,1230,0,0,64,-245,5,2258,40,3,135,-999,-999,-999,-999
42.1,-125.8,2710,25107.75,240.8125,401.25,401.25,401.25,142,23560,20,CAMS,109.8263687,35.09755809,W8709A-13PC,"Mix et al., 1999",3,-999,-999,22000,250,CAMS,347.7041403,42.60222732,320,100,2,565.5,9.4,20789,48,142,35,2,28,1231,0,0,33.9,-245,5,2258,40,3,135,2771,52,2435,52
42.1,-125.8,2710,25181.5,239.4375,403.75,403.75,403.75,142,24540,510,CAMS,-8.83293201,91.76513511,W8709A-13PC,"Mix et al., 1999",3,-999,-999,21910,240,CAMS,375.1011658,41.70344508,320,100,2,563.4,10.9,20878,56,23,92,2,28,1232,0,0,15.3,-245,5,2258,40,3,135,3662,513,3326,513
42.1,-125.8,2710,27741,287.25,443,443,443,142,-999,-999,-999,-999,-999,W8709A-13PC,"Mix et al., 1999",3,-999,-999,24780,140,CAMS,311.0856303,23.05001903,320,100,2,530,21.4,23539,113,-999,-999,2,28,1233,0,0,16,-245,5,2258,40,3,135,-999,-999,-999,-999
42.1,-125.8,2710,31124,583,497,497,497,142,-999,-999,-999,-999,-999,W8709A-13PC,"Mix et al., 1999",3,-999,-999,28140,400,CAMS,299.2644187,66.33418476,320,100,2,498.8,24.2,26990,130,-999,-999,2,28,1234,0,0,14.8,-245,5,2258,40,3,135,-999,-999,-999,-999
42.1,-125.8,2710,35166,470,557,557,557,142,-999,-999,-999,-999,-999,W8709A-13PC,"Mix et al., 1999",3,-999,-999,32000,320,CAMS,310.2425944,53.24794452,320,100,2,544.6,24,30673,125,-999,-999,2,28,1235,0,0,14.8,-245,5,2258,40,3,135,-999,-999,-999,-999
32.2,133.9,2700,10882,313.25,185,190,187.5,143,11140,159,-999,-68.03651478,53.79010542,KT89-18-P4,Murayama et al. (1992); Okazaki et al. (2010),3,-999,-999,9800,133,-999,101.14468,18.38308782,0,0,2,126.9,3.2,9622,23,-66,54,2,28,1236,0,0,17.8,-215,5,1945,40,1,136,1518,161,1495,161
32.2,133.9,2700,11726,221.5,200,204,202,143,12034,94,-999,-76.56965887,35.55623551,KT89-18-P4,Murayama et al. (1992); Okazaki et al. (2010),3,-999,-999,10692,108,-999,91.33417608,14.77156331,0,0,2,176.7,3.3,10091,23,-74,36,2,28,1237,0,0,29.7,-215,5,1945,40,1,136,1943,97,1920,97
32.2,133.9,2700,12940,140.75,236,240,238,143,13350,238,-999,-92.11287436,42.37130471,KT89-18-P4,Murayama et al. (1992); Okazaki et al. (2010),3,-999,-999,11622,101,-999,125.7814775,14.2439614,0,0,2,209.5,3.1,11046,21,-90,42,2,28,1238,0,0,37,-215,5,1945,40,1,136,2304,239,2281,239
32.2,133.9,2700,13805,161.25,268,272,270,143,14423,237,-999,-118.0115767,43.24228857,KT89-18-P4,Murayama et al. (1992); Okazaki et al. (2010),3,-999,-999,12450,91,-999,127.5368813,12.84566544,0,0,2,191.3,3.4,12013,23,-116,43,2,28,1239,0,0,41.9,-215,5,1945,40,1,136,2410,238,2387,238
32.2,133.9,2700,15477,233.25,338,342,340,143,14681,103,-999,45.56357413,42.91851901,KT89-18-P4,Murayama et al. (1992); Okazaki et al. (2010),3,-999,-999,13447,113,-999,219.1725343,17.2712604,0,0,2,301.3,6.9,12927,43,48,43,2,28,1240,0,0,26.4,-215,5,1945,40,1,136,1754,112,1731,112
32.2,133.9,2700,19685,496,449,453,451,143,19267,557,-999,-17.17802506,127.4695023,KT89-18-P4,Murayama et al. (1992); Okazaki et al. (2010),3,-999,-999,17275,478,-999,259.4181334,77.21566039,0,0,2,408.9,8,16379,45,-15,127,2,28,1241,0,0,29.5,-215,5,1945,40,2,136,2888,559,2865,559
32.2,133.9,2700,22570,471,534,538,536,143,21344,205,-999,75.8296575,88.84936643,KT89-18-P4,Murayama et al. (1992); Okazaki et al. (2010),3,-999,-999,19655,303,-999,327.5694981,51.03152393,0,0,2,489,10.3,18733,55,78,89,2,28,1242,0,0,29.5,-215,5,1945,40,2,136,2611,212,2588,212
36.1,141.8,2101,2628,108.975,70.1,72.5,71.3,144,4560,35,-999goya U/NOSAMS,-221.0185153,13.663222,MD01-2420,Okazaki et al. (2012),3,-999,-999,3010,25,-999,-55.23016021,2.944857166,0,0,2,6.5,1.4,2503,12,-198,14,2,27.82,1243,0,0,29.5,-235.3,5,2155,40,1,137,2057,37,1823,37
36.1,141.8,2101,8159.2,103.3,233.4,238.2,235.8,144,9020,50,NOSAMS,-127.0770323,16.34188779,MD01-2420,Okazaki et al. (2012),3,-999,-999,7880,40,-999,6.024712696,5.021952471,0,0,2,82.6,2.9,7292,21,-105,16,2,27.82,1244,0,0,31.7,-235.3,5,2155,40,1,137,1728,54,1494,54
36.1,141.8,2101,10220.5,139.125,298.8,302.6,300.7,144,10800,65,-999goya U/NOSAMS,-102.5098837,22.36828984,MD01-2420,Okazaki et al. (2012),3,-999,-999,9530,40,-999,51.21293669,5.247526565,0,0,2,116.1,3,9058,21,-80,22,2,27.82,1245,0,0,23.4,-235.3,5,2155,40,1,137,1742,68,1508,68
36.1,141.8,2101,11949.55,133.4625,339.2,344.1,341.65,144,12100,50,NOSAMS,-59.02129667,21.04987831,MD01-2420,Okazaki et al. (2012),3,-999,-999,10700,55,-999,120.1317574,7.69558493,0,0,2,180.2,2.7,10281,19,-36,21,2,27.82,1246,0,0,27.1,-235.3,5,2155,40,1,137,1819,53,1585,53
36.1,141.8,2101,12488.2,91.75,353.8,358.6,356.2,144,12400,65,NOSAMS,-32.48473136,18.56772357,MD01-2420,Okazaki et al. (2012),3,-999,-999,11150,55,-999,130.4141204,7.766227333,0,0,2,225.4,3.7,10504,24,-10,19,2,27.82,1247,0,0,30.6,-235.3,5,2155,40,1,137,1896,69,1662,69
36.1,141.8,2101,13041.3,124.8625,370.7,375.6,373.15,144,13050,60,NOSAMS,-45.94669416,21.53759334,MD01-2420,Okazaki et al. (2012),3,-999,-999,11717,88,-999,126.2626507,12.40582259,0,0,2,224.6,3.2,11053,21,-23,22,2,27.82,1248,0,0,26.6,-235.3,5,2155,40,1,137,1997,64,1763,64
36.1,141.8,2101,13500.2,76.2,382.9,385.3,384.1,144,13450,65,NOSAMS,-40.47841891,16.60918101,MD01-2420,Okazaki et al. (2012),3,-999,-999,12150,50,-999,128.0742433,7.043397789,0,0,2,196.2,5.1,11689,34,-18,17,2,27.82,1249,0,0,23.4,-235.3,5,2155,40,1,137,1761,73,1527,73
36.1,141.8,2101,13807.7,108.5375,390.1,392.6,391.35,144,13750,55,NOSAMS,-40.62220891,19.16557891,MD01-2420,Okazaki et al. (2012),3,-999,-999,12400,45,-999,134.9475369,6.375695054,0,0,2,191.3,3.4,12013,23,-18,19,2,27.82,1250,0,0,18.4,-235.3,5,2155,40,1,137,1737,60,1503,60
36.1,141.8,2101,14601.9,117.025,404.7,407.1,405.9,144,14600,60,NOSAMS,-49.92576112,20.54683208,MD01-2420,Okazaki et al. (2012),3,-999,-999,13258,141,-999,122.8226327,19.88243524,0,0,2,239.8,4.5,12470,29,-27,21,2,27.82,1251,0,0,16.6,-235.3,5,2155,40,1,137,2130,67,1896,67
36.1,141.8,2101,15473.4,190.5,419.2,421.6,420.4,144,14750,55,NOSAMS,36.16978038,30.97591609,MD01-2420,Okazaki et al. (2012),3,-999,-999,13510,113,-999,209.1217416,17.12887706,0,0,2,301.3,6.9,12927,43,59,31,2,27.82,1252,0,0,24.1,-235.3,5,2155,40,1,137,1823,70,1589,70
36.1,141.8,2101,15976.5,123.75,431.3,433.7,432.5,144,15250,60,NOSAMS,34.73378551,23.21966101,MD01-2420,Okazaki et al. (2012),3,-999,-999,13900,50,-999,224.0939619,7.642919565,0,0,2,321.1,6,13291,36,57,23,2,27.82,1253,0,0,21.5,-235.3,5,2155,40,1,137,1959,70,1725,70
36.1,141.8,2101,16920.6,174.675,451.6,454.1,452.85,144,15850,65,NOSAMS,76.43356918,31.45873766,MD01-2420,Okazaki et al. (2012),3,-999,-999,14696,70,-999,242.730207,10.87653934,0,0,2,376.2,6.3,13886,37,99,31,2,27.82,1254,0,0,17.8,-235.3,5,2155,40,1,137,1964,75,1730,75
36.1,141.8,2101,19027.2,183.1,489.2,494.2,491.7,144,18000,75,NOSAMS,62.71583036,33.46491033,MD01-2420,Okazaki et al. (2012),3,-999,-999,16457,141,-999,287.7678808,22.80321108,0,0,2,401.6,6.2,15780,35,85,33,2,27.82,1255,0,0,25.8,-235.3,5,2155,40,2,137,2220,83,1986,83
36.1,141.8,2101,19604.95,159.8125,504.1,506.6,505.35,144,18350,70,NOSAMS,91.05351604,30.60307893,MD01-2420,Okazaki et al. (2012),3,-999,-999,17020,50,-999,287.510867,8.03887798,0,0,2,404,9,16329,51,114,31,2,27.82,1256,0,0,31.6,-235.3,5,2155,40,2,137,2021,87,1787,87
36.1,141.8,2101,22646.8,161.275,600.2,602.1,601.15,144,21100,100,-999goya U/NOSAMS,119.3596611,35.7773931,MD01-2420,Okazaki et al. (2012),3,-999,-999,19555,60,-999,356.7449647,10.17172535,0,0,2,495.5,10.8,18776,58,142,36,2,27.82,1257,0,0,31.6,-235.3,5,2155,40,2,137,2324,116,2090,116
44.5,145,1215,10719,325.75,1152.5,1152.5,1152.5,145,11250,55,NOSAMS,-98.65943315,41.70223479,MR06-04 PC04A,Okazaki et al. (2014),3,-999,-999,10400,50,-999,1.943299834,6.255869474,500,300,2,122.8,4,9486,28,-84,50,2,27.65,1258,0,0,57,-227.1,5,2069,40,1,138,1764,62,1616,62
44.5,145,1215,11516,280.25,1197.9,1197.9,1197.9,145,11650,60,NOSAMS,-55.65083167,39.07795538,MR06-04 PC04A,Okazaki et al. (2014),3,-999,-999,10800,45,-999,49.75228754,5.897101187,500,300,2,152,3.1,10057,22,-41,47,2,27.65,1259,0,0,52.8,-227.1,5,2069,40,1,138,1593,64,1445,64
44.5,145,1215,11750.7,280.2,1210.3,1210.3,1210.3,145,11900,60,NOSAMS,-58.22693263,38.96565332,MR06-04 PC04A,Okazaki et al. (2014),3,-999,-999,10950,45,-999,60.00246119,5.954682687,500,300,2,173.7,3.5,10140,24,-44,47,2,27.65,1260,0,0,46.3,-227.1,5,2069,40,1,138,1760,65,1612,65
44.5,145,1215,13169,272.5,1276,1276,1276,145,13150,80,NOSAMS,-43.08185537,41.08478271,MR06-04 PC04A,Okazaki et al. (2014),3,-999,-999,12200,60,-999,77.04883863,8.074800544,500,300,2,205.7,3.9,11295,26,-29,49,2,27.65,1261,0,0,40,-227.1,5,2069,40,1,138,1855,84,1707,84
44.5,145,1215,13734,300.8,1298.6,1298.6,1298.6,145,13650,60,NOSAMS,-37.22607192,42.23581182,MR06-04 PC04A,Okazaki et al. (2014),3,-999,-999,13000,45,-999,43.9165652,5.864318362,500,300,2,209.4,3.7,11824,25,-23,50,2,27.65,1262,0,0,43,-227.1,5,2069,40,1,138,1826,65,1678,65
44.5,145,1215,18196.7,488.35,1490.3,1490.3,1490.3,145,17350,65,NOSAMS,42.14834345,70.04731734,MR06-04 PC04A,Okazaki et al. (2014),3,-999,-999,16600,95,-999,144.1353138,13.61111771,500,300,2,426.1,10.3,14834,58,57,75,2,27.65,1263,0,0,43,-227.1,5,2069,40,1,138,2516,87,2368,87
22.91,-109.5,624,504,500,3,3,3,146,1690,20,UCI,-138.7899897,54.26724347,LPAZ21P,"Rafter, P. A., Herguera, J.-C., & Southon, J. R. (2018). Extreme lowering of deglacial seawater radiocarbon recorded by both epifaunal and infaunal benthic foraminifera in a wood-dated sediment core. Climate of the Past, 14(12), 1977–1989. https://doi.org/10.5194/cp-14-1977-2018",2,-999,G.bulloides,-999,-999,-999,-999,-999,0,0,2,4.1,1.2,463,10,-204,60,2,27.11,1264,0,0,14.9,-147.5,5,1282,40,3,139,1227,22,1866,22
22.91,-109.5,624,5428,370,2.5,2.5,2.5,146,5831.666667,58.33333333,UCI,-67.02540229,48.55333602,LPAZ21P,"Rafter, P. A., Herguera, J.-C., & Southon, J. R. (2018). Extreme lowering of deglacial seawater radiocarbon recorded by both epifaunal and infaunal benthic foraminifera in a wood-dated sediment core. Climate of the Past, 14(12), 1977–1989. https://doi.org/10.5194/cp-14-1977-2018",2,-999,G.bulloides,-999,-999,-999,-999,-999,0,0,2,84,2,4628,15,-132,55,2,27.11,1265,0,0,14.9,-147.5,5,1282,40,3,139,1204,60,1843,60
22.91,-109.5,624,6803,162,23,23,23,146,7215,20,UCI,-72.49740071,20.48622241,LPAZ21P,"Rafter, P. A., Herguera, J.-C., & Southon, J. R. (2018). Extreme lowering of deglacial seawater radiocarbon recorded by both epifaunal and infaunal benthic foraminifera in a wood-dated sediment core. Climate of the Past, 14(12), 1977–1989. https://doi.org/10.5194/cp-14-1977-2018",2,-999,G.bulloides,-999,-999,-999,-999,-999,0,0,2,77.9,2.4,6015,18,-138,34,2,27.11,1266,0,0,16.9,-147.5,5,1282,40,3,139,1200,27,1839,27
22.91,-109.5,624,7988,103,43,43,43,146,8425,22.5,UCI,-79.23215648,14.05157418,LPAZ21P,"Rafter, P. A., Herguera, J.-C., & Southon, J. R. (2018). Extreme lowering of deglacial seawater radiocarbon recorded by both epifaunal and infaunal benthic foraminifera in a wood-dated sediment core. Climate of the Past, 14(12), 1977–1989. https://doi.org/10.5194/cp-14-1977-2018",2,-999,G.bulloides,-999,-999,-999,-999,-999,0,0,2,74.7,2.7,7185,20,-144,30,2,27.11,1267,0,0,21.4,-147.5,5,1282,40,3,139,1240,30,1879,30
22.91,-109.5,624,8175,168,47,47,47,146,9185,25,UCI,-143.1882308,20.08029922,LPAZ21P,"Rafter, P. A., Herguera, J.-C., & Southon, J. R. (2018). Extreme lowering of deglacial seawater radiocarbon recorded by both epifaunal and infaunal benthic foraminifera in a wood-dated sediment core. Climate of the Past, 14(12), 1977–1989. https://doi.org/10.5194/cp-14-1977-2018",2,-999,G.bulloides,-999,-999,-999,-999,-999,0,0,2,75.3,2.8,7366,21,-208,33,2,27.11,1268,0,0,22.7,-147.5,5,1282,40,3,139,1819,33,2458,33
22.91,-109.5,624,8263,189,49,49,49,146,8865,35,UCI,-98.82572293,24.53209937,LPAZ21P,"Rafter, P. A., Herguera, J.-C., & Southon, J. R. (2018). Extreme lowering of deglacial seawater radiocarbon recorded by both epifaunal and infaunal benthic foraminifera in a wood-dated sediment core. Climate of the Past, 14(12), 1977–1989. https://doi.org/10.5194/cp-14-1977-2018",2,-999,G.bulloides,-999,-999,-999,-999,-999,0,0,2,80.1,2.7,7417,20,-164,36,2,27.11,1269,0,0,22.2,-147.5,5,1282,40,3,139,1448,40,2087,40
22.91,-109.5,624,8466,201,53.5,53.5,53.5,146,9075,35,UCI,-100.2544842,25.79974473,LPAZ21P,"Rafter, P. A., Herguera, J.-C., & Southon, J. R. (2018). Extreme lowering of deglacial seawater radiocarbon recorded by both epifaunal and infaunal benthic foraminifera in a wood-dated sediment core. Climate of the Past, 14(12), 1977–1989. https://doi.org/10.5194/cp-14-1977-2018",2,-999,G.bulloides,-999,-999,-999,-999,-999,0,0,2,65.4,2.5,7721,19,-165,37,2,27.11,1270,0,0,22.5,-147.5,5,1282,40,3,139,1354,40,1993,40
22.91,-109.5,624,8666,169,58,58,58,146,9077.5,30,UCI,-78.50871495,22.28135923,LPAZ21P,"Rafter, P. A., Herguera, J.-C., & Southon, J. R. (2018). Extreme lowering of deglacial seawater radiocarbon recorded by both epifaunal and infaunal benthic foraminifera in a wood-dated sediment core. Climate of the Past, 14(12), 1977–1989. https://doi.org/10.5194/cp-14-1977-2018",2,-999,G.bulloides,-999,-999,-999,-999,-999,0,0,2,65,2.9,7919,22,-144,35,2,27.11,1271,0,0,11.9,-147.5,5,1282,40,3,139,1159,37,1798,37
22.91,-109.5,624,9002,173,62,62,62,146,-999,-999,UCI,-999,-999,LPAZ21P,"Rafter, P. A., Herguera, J.-C., & Southon, J. R. (2018). Extreme lowering of deglacial seawater radiocarbon recorded by both epifaunal and infaunal benthic foraminifera in a wood-dated sediment core. Climate of the Past, 14(12), 1977–1989. https://doi.org/10.5194/cp-14-1977-2018",2,-999,G.bulloides,9410,100,-999,-79.19795053,11.53438662,0,0,2,86,2.6,8092,19,-999,-999,2,27.11,1272,0,0,0.6,-147.5,5,1282,40,3,139,-999,-999,-999,-999
22.91,-109.5,624,12086,1149,64,64,64,146,15620,100,UCI,-382.7751179,93.82709666,LPAZ21P,"Rafter, P. A., Herguera, J.-C., & Southon, J. R. (2018). Extreme lowering of deglacial seawater radiocarbon recorded by both epifaunal and infaunal benthic foraminifera in a wood-dated sediment core. Climate of the Past, 14(12), 1977–1989. https://doi.org/10.5194/cp-14-1977-2018",2,-999,G.bulloides,13390,100,-999,-185.2850365,10.20549137,0,0,2,193.4,2.6,10328,18,-448,98,2,27.11,1273,0,0,3.5,-147.5,5,1282,40,3,139,5292,102,5931,102
22.91,-109.5,624,12791,367,66.5,66.5,66.5,146,16880,650,UCI,-425.4085468,72.19040315,LPAZ21P,"Rafter, P. A., Herguera, J.-C., & Southon, J. R. (2018). Extreme lowering of deglacial seawater radiocarbon recorded by both epifaunal and infaunal benthic foraminifera in a wood-dated sediment core. Climate of the Past, 14(12), 1977–1989. https://doi.org/10.5194/cp-14-1977-2018",2,-999,G.bulloides,15730,270,-999,-336.9709937,22.6640532,0,0,2,209.7,2.8,10908,19,-491,77,2,27.11,1274,0,0,3.2,-147.5,5,1282,40,3,139,5972,650,6611,650
22.91,-109.5,624,13106,247,67.5,67.5,67.5,146,16555,45,UCI,-378.4473109,22.05714214,LPAZ21P,"Rafter, P. A., Herguera, J.-C., & Southon, J. R. (2018). Extreme lowering of deglacial seawater radiocarbon recorded by both epifaunal and infaunal benthic foraminifera in a wood-dated sediment core. Climate of the Past, 14(12), 1977–1989. https://doi.org/10.5194/cp-14-1977-2018",2,-999,G.bulloides,15115,40,-999,-256.4163746,3.711878623,0,0,2,209.2,3.1,11213,20,-444,35,2,27.11,1275,0,0,5.2,-147.5,5,1282,40,3,139,5342,49,5981,49
22.91,-109.5,624,13203,375,68,68,68,146,-999,-999,UCI,-999,-999,LPAZ21P,"Rafter, P. A., Herguera, J.-C., & Southon, J. R. (2018). Extreme lowering of deglacial seawater radiocarbon recorded by both epifaunal and infaunal benthic foraminifera in a wood-dated sediment core. Climate of the Past, 14(12), 1977–1989. https://doi.org/10.5194/cp-14-1977-2018",2,-999,G.bulloides,14090,60,-999,-145.246359,6.40821931,0,0,2,204.6,3.7,11341,25,-999,-999,2,27.11,1276,0,0,4.8,-147.5,5,1282,40,3,139,-999,-999,-999,-999
22.91,-109.5,624,13308,397,68.5,68.5,68.5,146,14330,60,UCI,-159.8019561,46.64773683,LPAZ21P,"Rafter, P. A., Herguera, J.-C., & Southon, J. R. (2018). Extreme lowering of deglacial seawater radiocarbon recorded by both epifaunal and infaunal benthic foraminifera in a wood-dated sediment core. Climate of the Past, 14(12), 1977–1989. https://doi.org/10.5194/cp-14-1977-2018",2,-999,G.bulloides,14170,50,-999,-142.8992529,5.35151081,0,0,2,205.2,4.3,11434,29,-225,54,2,27.11,1277,0,0,4.7,-147.5,5,1282,40,3,139,2896,67,3535,67
22.91,-109.5,624,13625,570,70,70,70,146,15120,90,UCI,-208.7305702,63.49024628,LPAZ21P,"Rafter, P. A., Herguera, J.-C., & Southon, J. R. (2018). Extreme lowering of deglacial seawater radiocarbon recorded by both epifaunal and infaunal benthic foraminifera in a wood-dated sediment core. Climate of the Past, 14(12), 1977–1989. https://doi.org/10.5194/cp-14-1977-2018",2,-999,G.bulloides,15630,80,-999,-257.4052905,7.432388754,0,0,2,193.1,4.3,11826,29,-274,69,2,27.11,1278,0,0,4.9,-147.5,5,1282,40,3,139,3294,95,3933,95
22.91,-109.5,624,13829,637,71,71,71,146,15375,45,UCI,-214.3032548,65.01592183,LPAZ21P,"Rafter, P. A., Herguera, J.-C., & Southon, J. R. (2018). Extreme lowering of deglacial seawater radiocarbon recorded by both epifaunal and infaunal benthic foraminifera in a wood-dated sediment core. Climate of the Past, 14(12), 1977–1989. https://doi.org/10.5194/cp-14-1977-2018",2,-999,G.bulloides,15670,160,-999,-242.6334259,15.23633919,0,0,2,193.4,3.4,12018,23,-280,70,2,27.11,1279,0,0,4.8,-147.5,5,1282,40,3,139,3357,51,3996,51
22.91,-109.5,624,14039,675,72,72,72,146,15395,40,UCI,-196.0931781,69.7290993,LPAZ21P,"Rafter, P. A., Herguera, J.-C., & Southon, J. R. (2018). Extreme lowering of deglacial seawater radiocarbon recorded by both epifaunal and infaunal benthic foraminifera in a wood-dated sediment core. Climate of the Past, 14(12), 1977–1989. https://doi.org/10.5194/cp-14-1977-2018",2,-999,G.bulloides,-999,-999,-999,-999,-999,0,0,2,210.6,4.6,12108,30,-261,75,2,27.11,1280,0,0,4.8,-147.5,5,1282,40,3,139,3287,50,3926,50
22.91,-109.5,624,14144,687,72.5,72.5,72.5,146,17080,330,UCI,-339.8779587,82.18615063,LPAZ21P,"Rafter, P. A., Herguera, J.-C., & Southon, J. R. (2018). Extreme lowering of deglacial seawater radiocarbon recorded by both epifaunal and infaunal benthic foraminifera in a wood-dated sediment core. Climate of the Past, 14(12), 1977–1989. https://doi.org/10.5194/cp-14-1977-2018",2,-999,G.bulloides,-999,-999,-999,-999,-999,0,0,2,203.6,3.3,12261,22,-405,86,2,27.11,1281,0,0,5,-147.5,5,1282,40,3,139,4819,331,5458,331
22.91,-109.5,624,14245,723,73,73,73,146,15805,140,UCI,-216.820233,82.29391879,LPAZ21P,"Rafter, P. A., Herguera, J.-C., & Southon, J. R. (2018). Extreme lowering of deglacial seawater radiocarbon recorded by both epifaunal and infaunal benthic foraminifera in a wood-dated sediment core. Climate of the Past, 14(12), 1977–1989. https://doi.org/10.5194/cp-14-1977-2018",2,-999,G.bulloides,15630,90,-999,-199.5713526,9.018254942,0,0,2,208.9,3.3,12323,22,-282,87,2,27.11,1282,0,0,4.8,-147.5,5,1282,40,3,139,3482,142,4121,142
22.91,-109.5,624,14350,722,73.5,73.5,73.5,146,16110,70,UCI,-236.3611428,73.4597624,LPAZ21P,"Rafter, P. A., Herguera, J.-C., & Southon, J. R. (2018). Extreme lowering of deglacial seawater radiocarbon recorded by both epifaunal and infaunal benthic foraminifera in a wood-dated sediment core. Climate of the Past, 14(12), 1977–1989. https://doi.org/10.5194/cp-14-1977-2018",2,-999,G.bulloides,-999,-999,-999,-999,-999,0,0,2,213,3.8,12393,25,-302,78,2,27.11,1283,0,0,4.9,-147.5,5,1282,40,3,139,3717,74,4356,74
22.91,-109.5,624,14654,782,75,75,75,146,15965,45,UCI,-193.3271226,80.95977051,LPAZ21P,"Rafter, P. A., Herguera, J.-C., & Southon, J. R. (2018). Extreme lowering of deglacial seawater radiocarbon recorded by both epifaunal and infaunal benthic foraminifera in a wood-dated sediment core. Climate of the Past, 14(12), 1977–1989. https://doi.org/10.5194/cp-14-1977-2018",2,-999,G.bulloides,15280,100,-999,-121.5214615,11.00422301,0,0,2,245.8,4.5,12480,29,-259,85,2,27.11,1284,0,0,4.8,-147.5,5,1282,40,3,139,3485,54,4124,54
22.91,-109.5,624,14758,778,75.5,75.5,75.5,146,15660,35,UCI,-151.5028311,83.68331099,LPAZ21P,"Rafter, P. A., Herguera, J.-C., & Southon, J. R. (2018). Extreme lowering of deglacial seawater radiocarbon recorded by both epifaunal and infaunal benthic foraminifera in a wood-dated sediment core. Climate of the Past, 14(12), 1977–1989. https://doi.org/10.5194/cp-14-1977-2018",2,-999,G.bulloides,17315,40,-999,-309.482303,3.446979991,0,0,2,279.2,5.7,12364,36,-217,88,2,27.11,1285,0,0,4.8,-147.5,5,1282,40,3,139,3296,50,3935,50
22.91,-109.5,624,14966,800,76.5,76.5,76.5,146,15820,70,UCI,-147.0429582,90.14056389,LPAZ21P,"Rafter, P. A., Herguera, J.-C., & Southon, J. R. (2018). Extreme lowering of deglacial seawater radiocarbon recorded by both epifaunal and infaunal benthic foraminifera in a wood-dated sediment core. Climate of the Past, 14(12), 1977–1989. https://doi.org/10.5194/cp-14-1977-2018",2,-999,G.bulloides,18270,50,-999,-371.2603396,3.925684466,0,0,2,279.9,6.3,12564,39,-212,94,2,27.11,1286,0,0,4.8,-147.5,5,1282,40,3,139,3256,80,3895,80
22.91,-109.5,624,15174,809,77.5,77.5,77.5,146,16775,45,UCI,-223.3538357,80.49589945,LPAZ21P,"Rafter, P. A., Herguera, J.-C., & Southon, J. R. (2018). Extreme lowering of deglacial seawater radiocarbon recorded by both epifaunal and infaunal benthic foraminifera in a wood-dated sediment core. Climate of the Past, 14(12), 1977–1989. https://doi.org/10.5194/cp-14-1977-2018",2,-999,G.bulloides,-999,-999,-999,-999,-999,0,0,2,285.9,5.6,12730,35,-289,85,2,27.11,1287,0,0,4.9,-147.5,5,1282,40,3,139,4045,57,4684,57
22.91,-109.5,624,15277,831,78,78,78,146,16760,70,UCI,-212.1471513,86.23172087,LPAZ21P,"Rafter, P. A., Herguera, J.-C., & Southon, J. R. (2018). Extreme lowering of deglacial seawater radiocarbon recorded by both epifaunal and infaunal benthic foraminifera in a wood-dated sediment core. Climate of the Past, 14(12), 1977–1989. https://doi.org/10.5194/cp-14-1977-2018",2,-999,G.bulloides,16155,50,-999,-150.5189271,5.303935575,0,0,2,288.1,7,12814,44,-277,90,2,27.11,1288,0,0,4.9,-147.5,5,1282,40,3,139,3946,83,4585,83
22.91,-109.5,624,15380,817,78.5,78.5,78.5,146,17020,60,UCI,-227.6761021,82.24950802,LPAZ21P,"Rafter, P. A., Herguera, J.-C., & Southon, J. R. (2018). Extreme lowering of deglacial seawater radiocarbon recorded by both epifaunal and infaunal benthic foraminifera in a wood-dated sediment core. Climate of the Past, 14(12), 1977–1989. https://doi.org/10.5194/cp-14-1977-2018",2,-999,G.bulloides,-999,-999,-999,-999,-999,0,0,2,290.5,6.4,12896,40,-293,86,2,27.11,1289,0,0,4.8,-147.5,5,1282,40,3,139,4124,72,4763,72
22.91,-109.5,624,15692,849,80,80,80,146,16550,45,UCI,-149.6457015,92.2729577,LPAZ21P,"Rafter, P. A., Herguera, J.-C., & Southon, J. R. (2018). Extreme lowering of deglacial seawater radiocarbon recorded by both epifaunal and infaunal benthic foraminifera in a wood-dated sediment core. Climate of the Past, 14(12), 1977–1989. https://doi.org/10.5194/cp-14-1977-2018",2,-999,G.bulloides,16660,100,-999,-161.2106769,10.50705779,0,0,2,308.4,6.2,13096,38,-215,96,2,27.11,1290,0,0,4.8,-147.5,5,1282,40,3,139,3454,59,4093,59
22.91,-109.5,624,15797,829,80.5,80.5,80.5,146,15920,100,UCI,-68.51445128,105.2259719,LPAZ21P,"Rafter, P. A., Herguera, J.-C., & Southon, J. R. (2018). Extreme lowering of deglacial seawater radiocarbon recorded by both epifaunal and infaunal benthic foraminifera in a wood-dated sediment core. Climate of the Past, 14(12), 1977–1989. https://doi.org/10.5194/cp-14-1977-2018",2,-999,G.bulloides,15670,70,-999,-39.06929496,8.410192779,0,0,2,310.9,6.6,13178,41,-134,109,2,27.11,1291,0,0,4.9,-147.5,5,1282,40,3,139,2742,108,3381,108
22.91,-109.5,624,16308,825,83,83,83,146,17520,80,UCI,-188.0698531,89.29101061,LPAZ21P,"Rafter, P. A., Herguera, J.-C., & Southon, J. R. (2018). Extreme lowering of deglacial seawater radiocarbon recorded by both epifaunal and infaunal benthic foraminifera in a wood-dated sediment core. Climate of the Past, 14(12), 1977–1989. https://doi.org/10.5194/cp-14-1977-2018",2,-999,G.bulloides,17270,130,-999,-162.4039583,13.6652974,0,0,2,335.4,6,13525,36,-253,93,2,27.11,1292,0,0,4.8,-147.5,5,1282,40,3,139,3995,88,4634,88
22.91,-109.5,624,16724,766,85,85,85,146,16640,140,UCI,-47.31627445,105.0887793,LPAZ21P,"Rafter, P. A., Herguera, J.-C., & Southon, J. R. (2018). Extreme lowering of deglacial seawater radiocarbon recorded by both epifaunal and infaunal benthic foraminifera in a wood-dated sediment core. Climate of the Past, 14(12), 1977–1989. https://doi.org/10.5194/cp-14-1977-2018",2,-999,G.bulloides,15920,110,-999,42.01670226,14.36701352,0,0,2,357.1,6.8,13804,40,-113,108,2,27.11,1293,0,0,4.9,-147.5,5,1282,40,3,139,2836,146,3475,146
22.91,-109.5,624,16930,733,86,86,86,146,17760,60,UCI,-150.3908215,81.80301948,LPAZ21P,"Rafter, P. A., Herguera, J.-C., & Southon, J. R. (2018). Extreme lowering of deglacial seawater radiocarbon recorded by both epifaunal and infaunal benthic foraminifera in a wood-dated sediment core. Climate of the Past, 14(12), 1977–1989. https://doi.org/10.5194/cp-14-1977-2018",2,-999,G.bulloides,17600,60,-999,-133.2987896,6.497792073,0,0,2,376.2,6.3,13886,37,-216,86,2,27.11,1294,0,0,6.3,-147.5,5,1282,40,3,139,3874,70,4513,70
22.91,-109.5,624,17127,635,87.25,87.25,87.25,146,17615,50,UCI,-114.0533985,73.64980187,LPAZ21P,"Rafter, P. A., Herguera, J.-C., & Southon, J. R. (2018). Extreme lowering of deglacial seawater radiocarbon recorded by both epifaunal and infaunal benthic foraminifera in a wood-dated sediment core. Climate of the Past, 14(12), 1977–1989. https://doi.org/10.5194/cp-14-1977-2018",2,-999,G.bulloides,16910,340,-999,-32.78611285,41.81642834,0,0,2,364.6,7.4,14148,43,-179,78,2,27.11,1295,0,0,4.5,-147.5,5,1282,40,3,139,3467,66,4106,66
22.91,-109.5,624,17237,615,87.75,87.75,87.75,146,17350,70,UCI,-72.07443878,77.20518213,LPAZ21P,"Rafter, P. A., Herguera, J.-C., & Southon, J. R. (2018). Extreme lowering of deglacial seawater radiocarbon recorded by both epifaunal and infaunal benthic foraminifera in a wood-dated sediment core. Climate of the Past, 14(12), 1977–1989. https://doi.org/10.5194/cp-14-1977-2018",2,-999,G.bulloides,16210,75,-999,69.41400401,10.03132574,0,0,2,382.9,7.9,14148,46,-137,82,2,27.11,1296,0,0,2.4,-147.5,5,1282,40,3,139,3202,84,3841,84
22.91,-109.5,624,17554,574,88.5,88.5,88.5,146,17610,60,UCI,-66.50999571,71.85790835,LPAZ21P,"Rafter, P. A., Herguera, J.-C., & Southon, J. R. (2018). Extreme lowering of deglacial seawater radiocarbon recorded by both epifaunal and infaunal benthic foraminifera in a wood-dated sediment core. Climate of the Past, 14(12), 1977–1989. https://doi.org/10.5194/cp-14-1977-2018",2,-999,G.bulloides,17310,100,-999,-30.98876804,12.13827684,0,0,2,382.3,6.1,14463,36,-132,77,2,27.11,1297,0,0,2.6,-147.5,5,1282,40,3,139,3147,70,3786,70
22.91,-109.5,624,17935,689,89.5,89.5,89.5,146,18140,60,UCI,-84.89458611,83.21737615,LPAZ21P,"Rafter, P. A., Herguera, J.-C., & Southon, J. R. (2018). Extreme lowering of deglacial seawater radiocarbon recorded by both epifaunal and infaunal benthic foraminifera in a wood-dated sediment core. Climate of the Past, 14(12), 1977–1989. https://doi.org/10.5194/cp-14-1977-2018",2,-999,G.bulloides,16535,50,-999,117.4896746,6.977310536,0,0,2,413.9,7.4,14650,42,-150,87,2,27.11,1298,0,0,2.8,-147.5,5,1282,40,3,139,3490,73,4129,73
22.91,-109.5,624,18293,776,90.5,90.5,90.5,146,18190,450,UCI,-50.32516612,142.8766368,LPAZ21P,"Rafter, P. A., Herguera, J.-C., & Southon, J. R. (2018). Extreme lowering of deglacial seawater radiocarbon recorded by both epifaunal and infaunal benthic foraminifera in a wood-dated sediment core. Climate of the Past, 14(12), 1977–1989. https://doi.org/10.5194/cp-14-1977-2018",2,-999,G.bulloides,17810,80,-999,-4.321401444,9.965423027,0,0,2,390.4,10,15135,58,-116,145,2,27.11,1299,0,0,2.8,-147.5,5,1282,40,3,139,3055,454,3694,454
22.91,-109.5,624,18470,858,91,91,91,146,18190,70,UCI,-29.77299211,109.3811112,LPAZ21P,"Rafter, P. A., Herguera, J.-C., & Southon, J. R. (2018). Extreme lowering of deglacial seawater radiocarbon recorded by both epifaunal and infaunal benthic foraminifera in a wood-dated sediment core. Climate of the Past, 14(12), 1977–1989. https://doi.org/10.5194/cp-14-1977-2018",2,-999,G.bulloides,17800,180,-999,18.49345062,23.07957495,0,0,2,409.6,7.9,15190,45,-95,113,2,27.11,1300,0,0,2.8,-147.5,5,1282,40,3,139,3000,83,3639,83
22.91,-109.5,624,18647,837,91.5,91.5,91.5,146,19220,450,UCI,-128.0610484,137.6912745,LPAZ21P,"Rafter, P. A., Herguera, J.-C., & Southon, J. R. (2018). Extreme lowering of deglacial seawater radiocarbon recorded by both epifaunal and infaunal benthic foraminifera in a wood-dated sediment core. Climate of the Past, 14(12), 1977–1989. https://doi.org/10.5194/cp-14-1977-2018",2,-999,G.bulloides,18640,120,-999,-62.77669034,14.10569296,0,0,2,428.4,9.3,15258,52,-193,140,2,27.11,1301,0,0,2.8,-147.5,5,1282,40,3,139,3962,453,4601,453
22.91,-109.5,624,19009,862,92.5,92.5,92.5,146,16800,70,UCI,231.2254859,139.4049862,LPAZ21P,"Rafter, P. A., Herguera, J.-C., & Southon, J. R. (2018). Extreme lowering of deglacial seawater radiocarbon recorded by both epifaunal and infaunal benthic foraminifera in a wood-dated sediment core. Climate of the Past, 14(12), 1977–1989. https://doi.org/10.5194/cp-14-1977-2018",2,-999,G.bulloides,16520,120,-999,274.8980587,19.18787165,0,0,2,400.4,6.3,15767,36,166,142,2,27.11,1302,0,0,5.5,-147.5,5,1282,40,3,139,1033,79,1672,79
22.91,-109.5,624,19100,915,93,93,93,146,16805,45,UCI,244.0786199,144.9913266,LPAZ21P,"Rafter, P. A., Herguera, J.-C., & Southon, J. R. (2018). Extreme lowering of deglacial seawater radiocarbon recorded by both epifaunal and infaunal benthic foraminifera in a wood-dated sediment core. Climate of the Past, 14(12), 1977–1989. https://doi.org/10.5194/cp-14-1977-2018",2,-999,G.bulloides,16650,160,-999,268.3167124,25.51539015,0,0,2,404.2,6.5,15832,37,179,147,2,27.11,1303,0,0,5,-147.5,5,1282,40,3,139,973,58,1612,58
22.91,-109.5,624,19200,889,93.5,93.5,93.5,146,16530,60,UCI,303.0729251,150.1906961,LPAZ21P,"Rafter, P. A., Herguera, J.-C., & Southon, J. R. (2018). Extreme lowering of deglacial seawater radiocarbon recorded by both epifaunal and infaunal benthic foraminifera in a wood-dated sediment core. Climate of the Past, 14(12), 1977–1989. https://doi.org/10.5194/cp-14-1977-2018",2,-999,G.bulloides,16210,100,-999,356.029496,16.9862442,0,0,2,401.6,6.2,15944,36,238,153,2,27.11,1304,0,0,3.2,-147.5,5,1282,40,3,139,586,70,1225,70
22.91,-109.5,624,19508,902,94.5,94.5,94.5,146,16960,100,UCI,282.0400956,156.2252162,LPAZ21P,"Rafter, P. A., Herguera, J.-C., & Southon, J. R. (2018). Extreme lowering of deglacial seawater radiocarbon recorded by both epifaunal and infaunal benthic foraminifera in a wood-dated sediment core. Climate of the Past, 14(12), 1977–1989. https://doi.org/10.5194/cp-14-1977-2018",2,-999,G.bulloides,17060,110,-999,266.1793552,17.45770089,0,0,2,418.5,7.3,16150,42,217,158,2,27.11,1305,0,0,0.6,-147.5,5,1282,40,3,139,810,108,1449,108
22.91,-109.5,624,22650,768,96.5,96.5,96.5,146,20240,70,UCI,246.3287826,126.8619247,LPAZ21P,"Rafter, P. A., Herguera, J.-C., & Southon, J. R. (2018). Extreme lowering of deglacial seawater radiocarbon recorded by both epifaunal and infaunal benthic foraminifera in a wood-dated sediment core. Climate of the Past, 14(12), 1977–1989. https://doi.org/10.5194/cp-14-1977-2018",2,-999,G.bulloides,19660,70,-999,339.64469,11.72474773,0,0,2,495.5,10.8,18776,58,181,130,2,27.11,1306,0,0,8.1,-147.5,5,1282,40,3,139,1464,91,2103,91
22.91,-109.5,624,22712,596,97,97.5,97.25,146,19580,670,UCI,363.238391,212.8386543,LPAZ21P,"Rafter, P. A., Herguera, J.-C., & Southon, J. R. (2018). Extreme lowering of deglacial seawater radiocarbon recorded by both epifaunal and infaunal benthic foraminifera in a wood-dated sediment core. Climate of the Past, 14(12), 1977–1989. https://doi.org/10.5194/cp-14-1977-2018",2,-999,G.bulloides,19470,70,-999,382.0343127,12.09574732,0,0,2,506.2,9.6,18787,51,298,215,2,27.11,1307,0,0,16.1,-147.5,5,1282,40,3,139,793,672,1432,672
22.91,-109.5,624,22774,627,98,98,98,146,20196.66667,263.3333333,UCI,272.0071244,138.4438617,LPAZ21P,"Rafter, P. A., Herguera, J.-C., & Southon, J. R. (2018). Extreme lowering of deglacial seawater radiocarbon recorded by both epifaunal and infaunal benthic foraminifera in a wood-dated sediment core. Climate of the Past, 14(12), 1977–1989. https://doi.org/10.5194/cp-14-1977-2018",2,-999,G.bulloides,19560,560,-999,376.9246069,99.41369647,0,0,2,516.2,9.3,18792,49,207,141,2,27.11,1308,0,0,5.4,-147.5,5,1282,40,3,139,1405,268,2044,268
22.91,-109.5,624,22866,593,98.5,98.5,98.5,146,20240,260,UCI,279.3219803,133.4148266,LPAZ21P,"Rafter, P. A., Herguera, J.-C., & Southon, J. R. (2018). Extreme lowering of deglacial seawater radiocarbon recorded by both epifaunal and infaunal benthic foraminifera in a wood-dated sediment core. Climate of the Past, 14(12), 1977–1989. https://doi.org/10.5194/cp-14-1977-2018",2,-999,G.bulloides,19490,80,-999,404.5192938,14.05737648,0,0,2,527.1,10.9,18822,58,214,136,2,27.11,1309,0,0,5.3,-147.5,5,1282,40,3,139,1418,266,2057,266
22.91,-109.5,624,23055,585,99.5,99.5,99.5,146,20490,160,UCI,268.7987577,115.213836,LPAZ21P,"Rafter, P. A., Herguera, J.-C., & Southon, J. R. (2018). Extreme lowering of deglacial seawater radiocarbon recorded by both epifaunal and infaunal benthic foraminifera in a wood-dated sediment core. Climate of the Past, 14(12), 1977–1989. https://doi.org/10.5194/cp-14-1977-2018",2,-999,G.bulloides,20870,170,-999,210.1759053,25.88351082,0,0,2,488.3,9.4,19213,51,204,118,2,27.11,1310,0,0,5.2,-147.5,5,1282,40,3,139,1277,168,1916,168
22.91,-109.5,624,23247,546,100.5,100.5,100.5,146,20630,120,UCI,276.1750393,103.4628968,LPAZ21P,"Rafter, P. A., Herguera, J.-C., & Southon, J. R. (2018). Extreme lowering of deglacial seawater radiocarbon recorded by both epifaunal and infaunal benthic foraminifera in a wood-dated sediment core. Climate of the Past, 14(12), 1977–1989. https://doi.org/10.5194/cp-14-1977-2018",2,-999,G.bulloides,20330,130,-999,324.7361422,21.61294043,0,0,2,495.3,9,19360,48,211,107,2,27.11,1311,0,0,5.3,-147.5,5,1282,40,3,139,1270,129,1909,129
22.91,-109.5,624,23436,500,101.5,101.5,101.5,146,20630,80,UCI,305.6869948,92.04912925,LPAZ21P,"Rafter, P. A., Herguera, J.-C., & Southon, J. R. (2018). Extreme lowering of deglacial seawater radiocarbon recorded by both epifaunal and infaunal benthic foraminifera in a wood-dated sediment core. Climate of the Past, 14(12), 1977–1989. https://doi.org/10.5194/cp-14-1977-2018",2,-999,G.bulloides,20210,80,-999,375.7701208,13.76963536,0,0,2,494.4,10.6,19550,57,240,96,2,27.11,1312,0,0,5.4,-147.5,5,1282,40,3,139,1080,98,1719,98
22.91,-109.5,624,23713,451,103,103,103,146,20690,45,UCI,340.1303146,80.66570336,LPAZ21P,"Rafter, P. A., Herguera, J.-C., & Southon, J. R. (2018). Extreme lowering of deglacial seawater radiocarbon recorded by both epifaunal and infaunal benthic foraminifera in a wood-dated sediment core. Climate of the Past, 14(12), 1977–1989. https://doi.org/10.5194/cp-14-1977-2018",2,-999,G.bulloides,20970,190,-999,294.2231627,30.97641729,0,0,2,552.9,14.7,19513,76,275,85,2,27.11,1313,0,0,3.3,-147.5,5,1282,40,3,139,1177,88,1816,88
22.91,-109.5,624,24321,581,105,105,105,146,21520,80,UCI,300.8117479,104.4870138,LPAZ21P,"Rafter, P. A., Herguera, J.-C., & Southon, J. R. (2018). Extreme lowering of deglacial seawater radiocarbon recorded by both epifaunal and infaunal benthic foraminifera in a wood-dated sediment core. Climate of the Past, 14(12), 1977–1989. https://doi.org/10.5194/cp-14-1977-2018",2,-999,G.bulloides,21810,210,-999,254.6885922,33.23277005,0,0,2,509.7,11.7,20333,62,236,108,2,27.11,1314,0,0,4.1,-147.5,5,1282,40,3,139,1187,101,1826,101
22.91,-109.5,624,25954,746,111.5,111.5,111.5,146,-999,-999,UCI,-999,-999,LPAZ21P,"Rafter, P. A., Herguera, J.-C., & Southon, J. R. (2018). Extreme lowering of deglacial seawater radiocarbon recorded by both epifaunal and infaunal benthic foraminifera in a wood-dated sediment core. Climate of the Past, 14(12), 1977–1989. https://doi.org/10.5194/cp-14-1977-2018",2,-999,G.bulloides,22640,100,-999,378.637891,17.26944728,0,0,2,539.5,21.2,21760,111,-999,-999,2,27.11,1316,0,0,3,-147.5,5,1282,40,3,139,-999,-999,-999,-999
-59.4,-68.5,1125,16673,142,-999,-999,-999,147,14800,60,NOSAMS,190.5480396,29.34511798,47396,Robinson and van de Flierdt (2009),1,-999,-999,-999,-999,-999,-999,-999,0,0,2,352.9,6.5,13780,39,180,40,4,27.8,1337,0,0,-999,-140,5,1212,40,1,140,1020,72,1123,72
-59.4,-68.5,1125,16690,142,-999,-999,-999,147,14850,70,NOSAMS,185.5962144,30.6994418,47396,Robinson and van de Flierdt (2009),1,-999,-999,-999,-999,-999,-999,-999,0,0,2,353.7,6.5,13785,39,175,41,4,27.8,1338,0,0,-999,-140,5,1212,40,1,140,1065,80,1168,80
-59.4,-68.5,1125,16707,142,-999,-999,-999,147,14700,70,NOSAMS,210.4293426,31.34246272,47396,Robinson and van de Flierdt (2009),1,-999,-999,-999,-999,-999,-999,-999,0,0,2,355.3,6.7,13795,40,199,41,4,27.8,1339,0,0,-999,-140,5,1212,40,1,140,905,81,1008,81
-59.4,-68.5,1125,16724,142,-999,-999,-999,147,14900,55,NOSAMS,183.0953659,28.42480638,47396,Robinson and van de Flierdt (2009),1,-999,-999,-999,-999,-999,-999,-999,0,0,2,357.1,6.8,13804,40,172,39,4,27.8,1340,0,0,-999,-140,5,1212,40,1,140,1096,68,1199,68
34,-63,2228,15881,149,-999,-999,-999,148,14145,30,KCCAMS,173.6866796,25.53916205,ALV-see Notes for specific sample,Robinson et al. (2005),1,-999,-999,-999,-999,-999,-999,-999,0,0,2,315.4,6.5,13238,40,144,26,1,27.9,1341,0,0,-999,-999,5,639,40,1,141,907,50,1167,50
34,-63,2228,15485,47,-999,-999,-999,148,13840,30,KCCAMS,162.0862593,10.94683947,ALV-see Notes for specific sample,Robinson et al. (2005),1,-999,-999,-999,-999,-999,-999,-999,0,0,2,302.1,7,12931,43,133,11,1,27.9,1342,0,0,-999,-999,5,639,40,1,141,909,52,1169,52
34,-63,2084,16104,79,-999,-999,-999,148,14190,30,KCCAMS,199.0416702,15.93652563,ALV-see Notes for specific sample,Robinson et al. (2005),1,-999,-999,-999,-999,-999,-999,-999,0,0,2,326.8,5.4,13383,33,170,16,1,27.9,1343,0,0,-999,-999,5,639,40,1,141,807,45,1067,45
34,-63,2084,15413,53,-999,-999,-999,148,13815,30,KCCAMS,155.6000412,11.72448767,ALV-see Notes for specific sample,Robinson et al. (2005),1,-999,-999,-999,-999,-999,-999,-999,0,0,2,295,6.6,12907,41,126,12,1,27.9,1344,0,0,-999,-999,5,639,40,1,141,908,51,1168,51
34,-63,2084,15463,53,-999,-999,-999,148,13602,29,KCCAMS,193.8501344,11.96393972,ALV-see Notes for specific sample,Robinson et al. (2005),1,-999,-999,-999,-999,-999,-999,-999,0,0,2,300.4,6.8,12922,42,164,12,1,27.9,1345,0,0,-999,-999,5,639,40,1,141,680,51,940,51
34,-63,2084,15513,53,-999,-999,-999,148,13510,50,KCCAMS,214.9274853,15.35145034,ALV-see Notes for specific sample,Robinson et al. (2005),1,-999,-999,-999,-999,-999,-999,-999,0,0,2,304.1,7.3,12948,45,186,15,1,27.9,1346,0,0,-999,-999,5,639,40,1,141,562,67,822,67
34,-63,2026,16223,88,-999,-999,-999,148,14475,30,KCCAMS,174.0256386,16.88228017,ALV-see Notes for specific sample,Robinson et al. (2005),1,-999,-999,-999,-999,-999,-999,-999,0,0,2,333.5,5.8,13459,35,143,17,1,27.9,1347,0,0,-999,-999,5,629,40,1,141,1016,46,1286,46
34,-63,2026,16273,88,-999,-999,-999,148,14300,30,KCCAMS,207.1616249,17.35876976,ALV-see Notes for specific sample,Robinson et al. (2005),1,-999,-999,-999,-999,-999,-999,-999,0,0,2,335,5.8,13498,35,177,17,1,27.9,1348,0,0,-999,-999,5,629,40,1,141,802,46,1072,46
34,-63,2026,16323,88,-999,-999,-999,148,14255,30,KCCAMS,221.3073396,17.56218263,ALV-see Notes for specific sample,Robinson et al. (2005),1,-999,-999,-999,-999,-999,-999,-999,0,0,2,335.4,5.9,13544,36,191,18,1,27.9,1349,0,0,-999,-999,5,629,40,1,141,711,47,981,47
34,-63,2027,16224,76,-999,-999,-999,148,14535,35,KCCAMS,165.4302512,15.79230202,ALV-see Notes for specific sample,Robinson et al. (2005),1,-999,-999,-999,-999,-999,-999,-999,0,0,2,333.5,5.8,13459,35,135,16,1,27.9,1350,0,0,-999,-999,5,629,40,1,141,1076,49,1346,49
34,-63,2441,15324,65,-999,-999,-999,148,13560,40,KCCAMS,180.0987083,15.15529835,ALV-see Notes for specific sample,Robinson et al. (2005),1,-999,-999,-999,-999,-999,-999,-999,0,0,2,287.6,6.9,12866,43,155,15,1,27.9,1351,0,0,-999,-999,5,673,40,1,141,694,59,920,59
34,-63,2441,15374,65,-999,-999,-999,148,13585,35,KCCAMS,183.5685467,14.46311006,ALV-see Notes for specific sample,Robinson et al. (2005),1,-999,-999,-999,-999,-999,-999,-999,0,0,2,290.5,6.4,12896,40,158,14,1,27.9,1352,0,0,-999,-999,5,673,40,1,141,689,53,915,53
34,-62.6,2372,15359,52,-999,-999,-999,148,13655,30,KCCAMS,171.1727175,11.74080932,ALV-see Notes for specific sample,Robinson et al. (2005),1,-999,-999,-999,-999,-999,-999,-999,0,0,2,288.8,6.6,12887,41,146,12,1,27.9,1353,0,0,-999,-999,5,673,40,1,141,768,51,994,51
34,-62.6,2372,15409,52,-999,-999,-999,148,13475,35,KCCAMS,204.9779662,12.82975873,ALV-see Notes for specific sample,Robinson et al. (2005),1,-999,-999,-999,-999,-999,-999,-999,0,0,2,293.8,6.5,12905,40,179,13,1,27.9,1354,0,0,-999,-999,5,673,40,1,141,570,53,796,53
34,-62.6,2372,15459,52,-999,-999,-999,148,13635,30,KCCAMS,188.3806544,11.913316,ALV-see Notes for specific sample,Robinson et al. (2005),1,-999,-999,-999,-999,-999,-999,-999,0,0,2,299.4,6.8,12919,42,163,12,1,27.9,1355,0,0,-999,-999,5,673,40,1,141,716,52,942,52
34,-62.6,2371,15935,77,-999,-999,-999,148,14015,30,KCCAMS,200.6523593,15.6674395,ALV-see Notes for specific sample,Robinson et al. (2005),1,-999,-999,-999,-999,-999,-999,-999,0,0,2,319.5,6.2,13262,38,175,16,1,27.9,1356,0,0,-999,-999,5,673,40,1,141,753,48,979,48
34,-62.6,2372,15809,76,-999,-999,-999,148,14315,35,KCCAMS,139.144763,15.43611737,ALV-see Notes for specific sample,Robinson et al. (2005),1,-999,-999,-999,-999,-999,-999,-999,0,0,2,311.1,6.6,13187,41,114,15,1,27.9,1357,0,0,-999,-999,5,673,40,1,141,1128,54,1354,54
34,-62.6,2372,15859,76,-999,-999,-999,148,14140,35,KCCAMS,171.2962628,15.87179011,ALV-see Notes for specific sample,Robinson et al. (2005),1,-999,-999,-999,-999,-999,-999,-999,0,0,2,313.3,6.4,13222,39,146,16,1,27.9,1358,0,0,-999,-999,5,673,40,1,141,918,52,1144,52
34,-62.6,2372,15909,76,-999,-999,-999,148,14275,35,KCCAMS,158.7635357,15.7019639,ALV-see Notes for specific sample,Robinson et al. (2005),1,-999,-999,-999,-999,-999,-999,-999,0,0,2,317.1,6.3,13247,38,133,16,1,27.9,1359,0,0,-999,-999,5,673,40,1,141,1028,52,1254,52
34,-63,2266,15895,64,-999,-999,-999,148,14375,30,KCCAMS,142.4914837,13.11176927,ALV-see Notes for specific sample,Robinson et al. (2005),1,-999,-999,-999,-999,-999,-999,-999,0,0,2,316.2,6.4,13243,39,113,13,1,27.9,1360,0,0,-999,-999,5,639,40,1,141,1132,49,1392,49
34,-63,2266,15945,64,-999,-999,-999,148,14135,30,KCCAMS,184.2815352,13.59137154,ALV-see Notes for specific sample,Robinson et al. (2005),1,-999,-999,-999,-999,-999,-999,-999,0,0,2,320,6.2,13268,38,155,14,1,27.9,1361,0,0,-999,-999,5,639,40,1,141,867,48,1127,48
34,-63,2265,15995,64,-999,-999,-999,148,14230,30,KCCAMS,177.4584005,13.51306604,ALV-see Notes for specific sample,Robinson et al. (2005),1,-999,-999,-999,-999,-999,-999,-999,0,0,2,321.4,5.9,13309,36,148,14,1,27.9,1362,0,0,-999,-999,5,639,40,1,141,921,47,1181,47
38,-60.5,1886,16110,121,-999,-999,-999,148,14315,30,KCCAMS,181.3851372,21.70456696,ALV-see Notes for specific sample,Robinson et al. (2005),1,-999,-999,-999,-999,-999,-999,-999,0,0,2,326.8,5.4,13383,33,147,27,1,27.93,1363,0,0,-999,-999,5,596,40,1,141,932,45,1235,45
38,-60.5,1778,16277,78,-999,-999,-999,148,13965,30,KCCAMS,259.1774195,16.58346599,ALV-see Notes for specific sample,Robinson et al. (2005),1,-999,-999,-999,-999,-999,-999,-999,0,0,2,335,5.8,13498,35,225,23,1,27.91,1364,0,0,-999,-999,5,595,40,1,141,467,46,771,46
34,-63,1381,15781,194,-999,-999,-999,148,13768,33,KCCAMS,215.2926652,33.51575995,ALV-see Notes for specific sample,Robinson et al. (2005),1,-999,-999,-999,-999,-999,-999,-999,0,0,2,310.7,6.6,13170,40,183,37,1,27.86,1365,0,0,-999,-999,5,615,40,1,141,598,52,881,52
39,-61,1180,15017,91,-999,-999,-999,148,12782,13,KCCAMS,252.7147275,15.81712758,ALV-see Notes for specific sample,Robinson et al. (2005),1,-999,-999,-999,-999,-999,-999,-999,0,0,2,280.2,5.8,12611,36,219,23,1,27.74,1366,0,0,-999,-999,5,602,40,1,141,171,38,468,38
39,-61,1221,14275,64,-999,-999,-999,148,12470,30,KCCAMS,190.5296819,13.66307821,ALV-see Notes for specific sample,Robinson et al. (2005),1,-999,-999,-999,-999,-999,-999,-999,0,0,2,212.3,6.5,12330,43,157,21,1,27.77,1367,0,0,-999,-999,5,602,40,1,141,140,52,437,52
38,-60.5,1713,25016,225,-999,-999,-999,148,21183,30,KCCAMS,475.5187606,45.67642626,ALV-see Notes for specific sample,Robinson et al. (2005),1,-999,-999,-999,-999,-999,-999,-999,0,0,2,563,9.1,20724,47,441,48,1,27.9,1368,0,0,-999,-999,5,595,40,1,141,459,56,763,56
38,-60.5,1713,16091,71,-999,-999,-999,148,13865,35,KCCAMS,246.5855112,16.13798714,ALV-see Notes for specific sample,Robinson et al. (2005),1,-999,-999,-999,-999,-999,-999,-999,0,0,2,325.9,5.4,13378,33,212,23,1,27.9,1369,0,0,-999,-999,5,595,40,1,141,487,48,791,48
38,-60.5,1713,16141,71,-999,-999,-999,148,14125,35,KCCAMS,214.2054079,15.71880234,ALV-see Notes for specific sample,Robinson et al. (2005),1,-999,-999,-999,-999,-999,-999,-999,0,0,2,329.6,5.5,13404,33,180,23,1,27.9,1370,0,0,-999,-999,5,595,40,1,141,721,48,1025,48
38,-60.5,1713,16191,71,-999,-999,-999,148,14145,45,KCCAMS,218.5337491,17.29188563,ALV-see Notes for specific sample,Robinson et al. (2005),1,-999,-999,-999,-999,-999,-999,-999,0,0,2,332.3,5.8,13437,35,184,24,1,27.9,1371,0,0,-999,-999,5,595,40,1,141,708,57,1012,57
38,-60.5,1713,16119,67,-999,-999,-999,148,13840,30,KCCAMS,254.7136073,14.85503531,ALV-see Notes for specific sample,Robinson et al. (2005),1,-999,-999,-999,-999,-999,-999,-999,0,0,2,327.6,5.5,13388,33,220,22,1,27.9,1372,0,0,-999,-999,5,595,40,1,141,452,45,756,45
43,-59.9,2470,19161,246.8125,631,633.5,632.25,149,17750,55,NOSAMS,114.1972497,40.90234194,HU72021-see notes,Robinson et al. (2005),3,-999,Mixed PF,16750,120,-999,261.9027279,18.99228524,0,0,2,401.8,6.6,15914,38,86,41,1,27.9,1373,0,0,80.6,-999,5,646,40,1,142,1836,67,2089,67
43,-55.3,4055,13503,214.75,175,177,176,149,12800,70,NOSAMS,40.74254592,36.11146444,HU72021-see notes,Robinson et al. (2005),3,-999,N. pachyderma (s.),12100,95,-999,135.502166,13.50841413,0,0,2,196.2,5.1,11689,34,12,36,1,28.1,1374,0,0,80.6,-999,5,766,40,1,142,1111,78,1367,78
30.7,-74.5,3433,13963,122.5,64,68,66,150,13050,60,NOSAMS,66.57836955,23.77294991,KNR140 GGC30,Robinson et al. (2005),3,-999,G. ruber,12550,65,-999,135.0752925,9.221859862,0,0,2,216.2,5.5,12002,37,37,24,1,28.1,1375,0,0,-999,-999,5,756,40,1,143,1048,70,1314,70
32.8,-76.3,1790,11047,90.75,280,280,280,151,10300,75,NOSAMS,55.55414285,21.44386114,KNR140 GGC51,Robinson et al. (2005),3,-999,G. ruber,10100,55,-999,82.16447773,7.434740237,0,0,2,160.5,3.1,9542,21,22,27,1,28,1376,0,0,99,-999,5,600,40,1,144,758,78,1057,78
32.8,-76.3,1790,11148,93.25,290,290,290,151,10450,100,NOSAMS,48.7617245,24.88781122,KNR140 GGC51,Robinson et al. (2005),3,-999,G. ruber,10200,55,-999,81.91409382,7.433020037,0,0,2,157.1,3,9662,21,15,30,1,28,1377,0,0,99,-999,5,600,40,1,144,788,102,1087,102
32.9,-76.3,1400,10595,121,390,401,395.5,152,10050,50,NOSAMS,30.9825623,21.50871318,KNR140 GGC56,Robinson et al. (2005),3,-999,G. ruber,9810,55,-999,62.2497343,7.297920976,0,0,2,116.1,3.2,9418,23,-1,27,1,27.86,1378,0,0,-999,-999,5,619,40,1,145,632,55,912,55
29.1,-72.9,4250,10463,102.75,65.5,66.5,66,153,10300,110,NOSAMS,-16.43979689,25.695923,KNR140 JPC12,Robinson et al. (2005),3,-999,G. ruber,9720,50,-999,57.20193724,6.600889819,0,0,2,124.9,3.3,9229,24,-43,26,1,28.1,1379,0,0,-999,-999,5,781,40,1,146,1071,113,1312,113
43.1,-55.8,3525,13986,197.5,236,236,236,154,12950,55,NOSAMS,82.94754762,33.29171674,OCE326 GGC14,Robinson et al. (2005),3,-999,Mixed PF,12450,70,-999,152.4957186,10.08679514,0,0,2,217,6,12016,39,53,33,1,28.1,1380,0,0,90.7,-999,5,752,40,1,147,934,67,1205,67
43.1,-55.8,3525,15375,184,362,362,362,154,14900,70,NOSAMS,4.967589009,31.13005006,OCE326 GGC14,Robinson et al. (2005),3,-999,Mixed PF,13600,75,-999,181.5034438,11.08274799,0,0,2,290.5,6.4,12896,40,-25,31,1,28.1,1381,0,0,90.7,-999,5,752,40,1,147,2004,81,2275,81
-54.2,-125.4,3613,3614,295,2,2,2,155,4030,45,NOSAMS,-62.48336352,38.71724989,PS75/059-2,Ronge et al. (2016),4,-999,G.bulloides,3900,30,-999,-47.1878714,3.565020027,0,0,2,17.2,1.5,3381,12,-53,39,4,28.2,1382,0,0,4.3,-162.7,5,1426,40,1,148,649,47,559,47
-54.2,-125.4,3613,7113,123,17,17,17,155,7630,35,NOSAMS,-85.54140543,17.59111608,PS75/059-2,Ronge et al. (2016),4,-999,G.bulloides,6680,45,-999,29.25895259,5.78197758,0,0,2,96.8,2.6,6176,19,-76,18,4,28.2,1383,0,0,4.3,-162.7,5,1426,40,1,148,1454,40,1364,40
-54.2,-125.4,3613,11778,260,37,37,37,155,12000,55,NOSAMS,-66.80145844,35.74753641,PS75/059-2,Ronge et al. (2016),4,-999,G.bulloides,10650,55,-999,103.9773862,7.584600366,0,0,2,176.5,3.5,10141,24,-57,36,4,28.2,1384,0,0,3.3,-162.7,5,1426,40,1,148,1859,60,1769,60
-54.2,-125.4,3613,14816,1754,47,47,47,155,15100,50,NOSAMS,-83.83632759,201.6782231,PS75/059-2,Ronge et al. (2016),4,-999,G.bulloides,11950,45,-999,356.0447698,7.617733551,0,0,2,275,7,12449,44,-74,202,4,28.2,1385,0,0,6.3,-162.7,5,1426,40,1,148,2651,67,2561,67
-54.2,-125.4,3613,16397,181,57,57,57,155,18400,65,NOSAMS,-264.4401636,22.05972958,PS75/059-2,Ronge et al. (2016),4,-999,G.bulloides,14200,50,-999,240.754775,7.746945284,0,0,2,337.2,6.2,13602,37,-255,22,4,28.2,1386,1,0,1.9,-162.7,5,1426,40,1,148,4798,75,4708,75
-54.2,-125.4,3613,17453,410,59,59,59,155,19450,250,NOSAMS,-266.6244932,59.25972774,PS75/059-2,Ronge et al. (2016),4,-999,G.bulloides,14800,60,-999,308.347346,9.808880974,0,0,2,374.5,7.8,14411,46,-257,59,4,28.2,1387,1,0,1,-162.7,5,1426,40,1,148,5039,254,4949,254
-54.2,-125.4,3613,20580,3569,62,62,62,155,25200,660,NOSAMS,-476.7227704,280.8924281,PS75/059-2,Ronge et al. (2016),4,-999,G.bulloides,20700,100,-999,-83.73958622,11.47749602,0,0,2,436.4,8,17089,45,-467,281,4,28.2,1388,1,0,0.8,-162.7,5,1426,40,2,148,8111,662,8021,662
-54.2,-125.4,3613,29874,2464,69,69,69,155,28900,700,NOSAMS,16.11340008,401.1507768,PS75/059-2,Ronge et al. (2016),4,-999,G.bulloides,28900,220,-999,16.11340008,28.21289696,0,0,2,565.5,14.2,25434,73,26,401,4,28.2,1389,0,0,2.3,-162.7,5,1426,40,1,148,3466,704,3376,704
-54.2,-125.4,3613,33324,553,77,77,77,155,30200,190,NOSAMS,311.8972845,118.9479802,PS75/059-2,Ronge et al. (2016),4,-999,G.bulloides,29500,130,-999,431.3455464,23.35226242,0,0,2,541.2,17.5,28902,91,321,119,4,28.2,1390,0,0,2.3,-162.7,5,1426,40,1,148,1298,211,1208,211
-45.8,177.1,2498,3411,270,2,2,2,156,3740,20,KCCAMS,-51.59642392,33.34296916,PS75/100-4,Ronge et al. (2016),4,-999,G.bulloides,3730,20,-999,-50.4150544,2.367155564,0,0,2,13.7,2.2,3214,18,-51,33,4,28.09,1391,0,0,1.9,-154.1,5,1344,40,1,149,526,27,518,27
-45.8,177.1,2498,8560,778,12,12,12,156,8780,35,NOSAMS,-55.92464533,93.10974085,PS75/100-4,Ronge et al. (2016),4,-999,G.bulloides,8670,30,-999,-42.90801772,3.581033429,0,0,2,67.8,2.7,7791,20,-55,93,4,28.09,1392,0,0,5,-154.1,5,1344,40,1,149,989,40,981,40
-45.8,177.1,2498,10975,543,24,24,24,156,12050,50,NOSAMS,-158.4373405,60.56654399,PS75/100-4,Ronge et al. (2016),4,-999,G.bulloides,10350,45,-999,39.90798369,5.841799706,0,0,2,152.5,3.2,9529,22,-158,61,4,28.09,1393,0,0,0.9,-154.1,5,1344,40,1,149,2521,55,2513,55
-45.8,177.1,2498,13163,245,26,26,26,156,12750,65,NOSAMS,5.044074334,37.92682007,PS75/100-4,Ronge et al. (2016),4,-999,G.bulloides,11900,45,-999,117.2216289,6.276117778,0,0,2,205.7,3.9,11295,26,6,38,4,28.09,1394,0,0,5,-154.1,5,1344,40,1,149,1455,70,1447,70
-45.8,177.1,2498,15147,313,36,36,36,156,15850,60,KCCAMS,-131.4120313,39.38707029,PS75/100-4,Ronge et al. (2016),4,-999,G.bulloides,13340,50,-999,187.1728065,7.412393617,0,0,2,285.1,6,12707,38,-131,39,4,28.09,1395,1,0,37.3,-154.1,5,1344,40,1,149,3143,71,3135,71
-45.8,177.1,2498,15629,494,54,54,54,156,19700,110,NOSAMS,-429.8497228,41.91472731,PS75/100-4,Ronge et al. (2016),4,-999,G.bulloides,13500,50,-999,233.6298849,7.702459351,0,0,2,306.6,5.8,13040,35,-429,42,4,28.09,1396,1,0,6.5,-154.1,5,1344,40,1,149,6660,115,6652,115
-45.8,177.1,2498,16865,415,62,62,62,156,21800,90,NOSAMS,-490.2153228,31.32217281,PS75/100-4,Ronge et al. (2016),4,-999,G.bulloides,14400,110,-999,280.733814,17.6583734,0,0,2,371.9,5.9,13853,35,-489,31,4,28.09,1397,1,0,2.3,-154.1,5,1344,40,1,149,7947,97,7939,97
-45.8,177.1,2498,19507,1089,68,68,68,156,25400,500,NOSAMS,-551.7186955,87.50023544,PS75/100-4,Ronge et al. (2016),4,-999,G.bulloides,17650,150,-999,176.3730171,22.17275411,0,0,2,418.5,7.3,16150,42,-551,88,4,28.09,1398,1,0,1.9,-154.1,5,1344,40,2,149,9250,502,9242,502
-45.8,177.1,2498,21593,352,72,72,72,156,26700,260,KCCAMS,-509.2587314,36.81324841,PS75/100-4,Ronge et al. (2016),4,-999,G.bulloides,18750,100,-999,320.2609193,16.53819069,0,0,2,487.8,8.6,17798,46,-508,37,4,28.09,1399,1,0,1.2,-154.1,5,1344,40,2,149,8902,264,8894,264
-45.8,177.1,2498,23263,607,74,74,74,156,26700,270,NOSAMS,-399.402481,64.40826285,PS75/100-4,Ronge et al. (2016),4,-999,G.bulloides,20400,170,-999,315.7865885,28.14233554,0,0,2,497,9,19371,48,-399,64,4,28.09,1400,1,0,3.8,-154.1,5,1344,40,1,149,7329,274,7321,274
-45.8,177.1,2498,30828,598,103,103,103,156,27500,250,NOSAMS,357.5269432,140.696907,PS75/100-4,Ronge et al. (2016),4,-999,G.bulloides,27000,240,-999,444.7089274,43.81447773,0,0,2,547.6,14.6,26440,76,358,141,4,28.09,1401,0,0,3.8,-154.1,5,1344,40,1,149,1060,261,1052,261
-44.8,174.5,835,7482,850,18,18,18,157,7160,85,ETH,13.81542302,115.2130132,PS75/104-1,Ronge et al. (2016),4,-999,G.bulloides,7763,110,-999,-59.50081367,12.96732048,0,0,2,87.4,3,6605,22,-67,118,4,27.2,1402,0,1.2,5,-70.3,5,586,40,1,150,555,88,1284,88
-44.8,174.5,835,15538,672,58,58,58,157,14567,132,ETH,68.36157903,104.5657371,PS75/104-1,Ronge et al. (2016),4,-999,G.bulloides,14073,134,-999,136.1241122,19.11085504,0,0,2,305,7.3,12962,45,-12,108,4,27.2,1403,0,0,5.7,-70.3,5,586,40,1,150,1605,139,2334,139
-44.8,174.5,835,17282,596,68,68,68,157,15682,143,ETH,148.3005146,103.3660641,PS75/104-1,Ronge et al. (2016),4,-999,G.bulloides,14592,134,-999,315.1797043,22.1227667,0,0,2,388.4,9.5,14165,55,68,107,4,27.2,1404,0,0,20.1,-70.3,5,586,40,1,150,1517,153,2246,153
-44.8,174.5,835,18672,614,96,96,96,157,17066,166,ETH,143.5438842,108.7265835,PS75/104-1,Ronge et al. (2016),4,-999,G.bulloides,15678,138,-999,359.2313599,23.55214399,0,0,2,421.8,7.7,15324,44,63,112,4,27.2,1405,0,0,20.1,-70.3,5,586,40,1,150,1742,172,2471,172
-46.2,-178,4339,1949,630,3,3,3,158,3360,30,NOSAMS,-166.8303487,66.67554436,SO213-76-2,Ronge et al. (2016),4,-999,G.bulloides,2820,30,-999,-108.8970271,3.334130464,0,0,2,-17.1,1.7,2033,14,-164,67,4,28.2,1406,0,0,5.4,-156.1,5,1363,40,1,151,1327,33,1300,33
-46.2,-178,4339,9330,968,43,43,43,158,10350,45,NOSAMS,-147.7298116,104.8309478,SO213-76-2,Ronge et al. (2016),4,-999,G.bulloides,9410,35,-999,-41.92994397,4.183444426,0,0,2,93.6,3.2,8347,24,-145,105,4,28.2,1407,0,0,6,-156.1,5,1363,40,1,151,2003,51,1976,51
-46.2,-178,4339,13352,414,67,67,67,158,13240,50,KCCAMS,-32.56303117,54.49833864,SO213-76-2,Ronge et al. (2016),4,-999,G.bulloides,12270,40,-999,91.60260224,5.449146842,0,0,2,199.8,4,11519,27,-30,55,4,28.2,1408,0,0,12.8,-156.1,5,1363,40,1,151,1721,57,1694,57
-46.2,-178,4339,15391,125,93,93,93,158,15000,65,NOSAMS,-5.542535401,23.08539981,SO213-76-2,Ronge et al. (2016),4,-999,G.bulloides,13650,65,-999,176.4469227,9.557981508,0,0,2,292.6,6.3,12902,39,-3,23,4,28.2,1409,0,0,30.4,-156.1,5,1363,40,1,151,2098,76,2071,76
-46.2,-178,4339,17234,344,149,149,149,158,16450,75,NOSAMS,37.55936596,52.88414749,SO213-76-2,Ronge et al. (2016),4,-999,G.bulloides,14700,75,-999,290.1036382,12.1014404,0,0,2,382.9,7.9,14148,46,40,53,4,28.2,1410,0,0,60.2,-156.1,5,1363,40,1,151,2302,88,2275,88
-46.2,-178,4339,18131,962,203,203,203,158,17000,95,NOSAMS,79.9419717,138.8199373,SO213-76-2,Ronge et al. (2016),4,-999,G.bulloides,15000,190,-999,385.2495393,33.15507636,0,0,2,432.2,7.4,14741,41,83,139,4,28.2,1411,0,0,60.3,-156.1,5,1363,40,1,151,2259,103,2232,103
-46.2,-178,4339,18894,488,249,249,249,158,17400,80,NOSAMS,126.8288701,77.8002487,SO213-76-2,Ronge et al. (2016),4,-999,G.bulloides,16000,120,-999,341.3659609,20.18824778,0,0,2,401.6,6.1,15653,35,130,78,4,28.2,1412,0,0,37.6,-156.1,5,1363,40,1,151,1747,87,1720,87
-46.2,-178,4339,20596,377,313,313,313,158,20900,120,NOSAMS,-104.5389494,54.24557008,SO213-76-2,Ronge et al. (2016),4,-999,G.bulloides,17850,250,-999,309.0049276,41.37890789,0,0,2,436.6,7.9,17107,44,-102,54,4,28.2,1413,0,0,49.3,-156.1,5,1363,40,2,151,3793,128,3766,128
-46.2,-178,4339,24205,1267,491,491,491,158,22700,190,NOSAMS,107.4529476,196.9457353,SO213-76-2,Ronge et al. (2016),4,-999,G.bulloides,19900,200,-999,569.292558,39.56159026,0,0,2,517.6,17,20175,90,110,197,4,28.2,1414,0,0,20.8,-156.1,5,1363,40,1,151,2525,210,2498,210
-46.2,-178,4339,25360,298,515,515,515,158,24200,1100,NOSAMS,56.58827142,183.6837,SO213-76-2,Ronge et al. (2016),4,-999,G.bulloides,21900,190,-999,406.8653026,33.67243605,0,0,2,552.4,11,21109,57,59,184,4,28.2,1415,0,0,53.6,-156.1,5,1363,40,1,151,3091,1101,3064,1101
-46.2,-178,4339,28102,1551,662,662,662,158,25700,270,NOSAMS,221.3973104,272.4126974,SO213-76-2,Ronge et al. (2016),4,-999,G.bulloides,23500,460,-999,606.1914615,94.66106524,0,0,2,503.5,12.8,24029,69,224,272,4,28.2,1416,0,0,53.6,-156.1,5,1363,40,1,151,1671,279,1644,279
-45.8,179.6,3140,6951,634,26,26,26,159,8370,35,NOSAMS,-182.201314,66.35311193,SO213-79-2,Ronge et al. (2016),4,-999,G.bulloides,7070,30,-999,-38.5441536,3.597361163,0,0,2,84.8,2.7,6109,20,-180,66,4,28.1,1417,0,0,5.8,-155.3,5,1356,40,1,152,2261,40,2242,40
-45.8,179.6,3140,8666,328,36,36,36,159,9650,40,NOSAMS,-141.8964307,38.33159102,SO213-79-2,Ronge et al. (2016),4,-999,G.bulloides,8390,30,-999,3.829819907,3.755906651,0,0,2,65,2.9,7919,22,-140,38,4,28.1,1418,0,0,3.9,-155.3,5,1356,40,1,152,1731,46,1712,46
-45.8,179.6,3140,13317,86,54,54,54,159,13250,60,NOSAMS,-37.84870549,17.19647944,SO213-79-2,Ronge et al. (2016),4,-999,G.bulloides,11900,40,-999,138.2286019,5.681898137,0,0,2,202.1,4.8,11464,32,-36,17,4,28.1,1419,0,0,7.5,-155.3,5,1356,40,1,152,1786,68,1767,68
-45.8,179.6,3140,14919,451,66,66,66,159,15100,90,NOSAMS,-72.35027927,61.04439564,SO213-79-2,Ronge et al. (2016),4,-999,G.bulloides,13550,100,-999,125.0787024,14.09324918,0,0,2,279.3,5.1,12519,32,-70,61,4,28.1,1420,0,0,34.5,-155.3,5,1356,40,1,152,2581,96,2562,96
-45.8,179.6,3140,16022,500,104,104,104,159,15100,90,NOSAMS,60.05518265,76.05538486,SO213-79-2,Ronge et al. (2016),4,-999,G.bulloides,14000,110,-999,215.6222777,16.76063508,0,0,2,321.9,6.1,13335,37,62,76,4,28.1,1421,0,0,34.5,-155.3,5,1356,40,1,152,1765,97,1746,97
-45.8,176.6,2066,6904,340,10,10,10,160,6960,30,NOSAMS,-30.81365294,43.49419351,SO213-82-1,Ronge et al. (2016),4,-999,G.bulloides,6680,55,-999,3.564177772,6.894736545,0,0,2,84.5,2.6,6063,20,-17,44,4,27.9,1422,0,0,6.8,-164.3,5,1442,40,2,153,897,36,770,36
-45.8,176.6,2066,9250,292,26,26,26,160,11040,40,KCCAMS,-225.4122986,31.22481226,SO213-82-1,Ronge et al. (2016),4,-999,G.bulloides,8405,30,-999,75.29766425,4.0233091,0,0,2,99.8,4.3,8224,31,-212,31,4,27.9,1423,1,0,2.8,-164.3,5,1442,40,1,153,2816,51,2689,51
-45.8,176.6,2066,13596,275,38,38,38,160,13300,55,NOSAMS,-10.99832663,39.68102367,SO213-82-1,Ronge et al. (2016),4,-999,G.bulloides,12350,55,-999,113.1601064,7.647687947,0,0,2,196.8,4.3,11772,29,2,40,4,27.9,1424,0,0,4.3,-164.3,5,1442,40,1,153,1528,62,1401,62
-45.8,176.6,2066,14990,725,44,44,44,160,14550,85,NOSAMS,1.956773067,98.63033629,SO213-82-1,Ronge et al. (2016),4,-999,G.bulloides,12950,85,-999,222.7876977,13.00744376,0,0,2,279.6,6.2,12585,39,15,99,4,27.9,1425,0,0,3.8,-164.3,5,1442,40,1,153,1965,94,1838,94
-45.8,176.6,2066,17618,511,54,54,54,160,16100,85,NOSAMS,135.2934959,82.25953557,SO213-82-1,Ronge et al. (2016),4,-999,G.bulloides,14850,65,-999,326.4408741,10.77659952,0,0,2,392.1,7.5,14464,43,149,82,4,27.9,1426,0,0,6.7,-164.3,5,1442,40,1,153,1636,95,1509,95
-45.8,176.6,2066,20304,748,72,72,72,160,21400,230,NOSAMS,-187.7774955,96.97446958,SO213-82-1,Ronge et al. (2016),4,-999,G.bulloides,18050,95,-999,232.5051387,14.66240253,0,0,2,443.5,7.3,16787,41,-174,97,4,27.9,1427,0,0,2.2,-164.3,5,1442,40,1,153,4613,234,4486,234
-45.8,176.6,2066,28424,641,90,90,90,160,26600,620,NOSAMS,135.312267,176.3558148,SO213-82-1,Ronge et al. (2016),4,-999,G.bulloides,25600,110,-999,285.8168938,17.72845738,0,0,2,534,12.2,24179,64,149,176,4,27.9,1428,0,0,2.2,-164.3,5,1442,40,1,153,2421,623,2294,623
-45.1,174.6,972,20780,352,55,55,55,161,18600,210,NOSAMS,219.1568929,83.84775287,SO213-84-1,Ronge et al. (2016),4,-999,G.bulloides,17700,70,-999,363.6942704,11.93523284,0,0,2,456.7,7.8,17170,43,135,88,4,27.51,1429,1,0,3.9,-66.5,5,553,40,2,154,1430,214,2192,214
-45.1,174.6,972,24094,179,68,68,68,161,20700,180,NOSAMS,401.5921568,61.77402263,SO213-84-1,Ronge et al. (2016),4,-999,G.bulloides,20700,140,-999,401.5921568,24.64120203,0,0,2,519.6,9.5,20057,50,317,67,4,27.51,1430,0,1.2,13.6,-66.5,5,553,40,1,154,643,187,1405,187
-45.1,174.6,972,28370,423,126,126,126,161,25100,250,NOSAMS,359.4843635,111.9967904,SO213-84-1,Ronge et al. (2016),4,-999,G.bulloides,25200,260,-999,342.6655225,44.16829841,0,0,2,527.4,12.1,24155,64,275,115,4,27.51,1431,0,1.2,13.6,-66.5,5,553,40,1,154,945,258,1707,258
-43.5,174.9,1210,15659,219,258,259,258.5,162,13925,45,LLNL,174.3127415,37.69340597,MD97-2120,Rose et al. (2010),4,-999,-999,13690,32,-999,209.1739029,4.826433032,0,0,2,307.1,5.9,13065,36,137,46,4,27.94,1432,0,0,24.2,-114,5,972,40,1,155,860,58,1202,58
-43.5,174.9,1210,16154,219,270,271,270.5,162,14410,80,LLNL,173.7265167,42.79155517,MD97-2120,Rose et al. (2010),4,-999,-999,14220,32,-999,201.8189226,4.797075535,0,0,2,330.3,5.5,13410,33,137,51,4,27.94,1433,0,0,24.2,-114,5,972,40,1,155,1000,87,1342,87
-43.5,174.9,1210,16361,219,275,276,275.5,162,15305,45,LLNL,76.5996971,34.55698641,MD97-2120,Rose et al. (2010),4,-999,-999,14320,56,-999,217.0462805,8.513968111,0,0,2,335.9,6.2,13581,37,40,44,4,27.94,1434,0,0,24.3,-114,5,972,40,1,155,1724,58,2066,58
-43.5,174.9,1210,16567,219,280,281,280.5,162,15115,40,LLNL,130.181715,35.57305932,MD97-2120,Rose et al. (2010),4,-999,-999,14245,46,-999,259.4582632,7.232824137,0,0,2,348.1,6.7,13702,40,93,45,4,27.94,1435,0,0,20.7,-114,5,972,40,1,155,1413,57,1755,57
-43.5,174.9,1210,17050,219,290,291,290.5,162,15605,45,LLNL,127.2771367,36.18364449,MD97-2120,Rose et al. (2010),4,-999,-999,14615,51,-999,275.1282218,8.121301303,0,0,2,372.8,7,14022,41,90,45,4,27.94,1436,0,0,20,-114,5,972,40,1,155,1583,61,1925,61
-43.5,174.9,1210,17550,219,300,301,300.5,162,15720,50,LLNL,180.5383897,38.62842974,MD97-2120,Rose et al. (2010),4,-999,-999,13515,50,-999,553.4267768,9.699186725,0,0,2,380.9,6.1,14461,35,144,47,4,27.94,1437,0,0,20,-114,5,972,40,1,155,1259,61,1601,61
-43.5,174.9,1210,18050,219,310,311,310.5,162,16475,50,LLNL,141.638746,37.35559341,MD97-2120,Rose et al. (2010),4,-999,-999,15810,90,-999,240.1697243,13.97272172,0,0,2,423.3,6.8,14704,38,105,46,4,27.94,1438,0,0,20,-114,5,972,40,1,155,1771,63,2113,63
-37.4,177,651,13998,110,-999,-999,-999,163,12915,50,LLNL,89.25624141,21.27478795,RR0503-JPC64,Rose et al. (2010),3,-999,-999,-999,-999,-999,-999,-999,0,0,2,216.5,5.9,12030,39,-103,34,2,27.13,1439,0,0,801.3,-20,5,162,40,1,156,885,63,2644,63
-37.4,177,651,15392,131,118,119,118.5,163,13450,160,LLNL,206.2508461,43.14952119,RR0503-JPC64,Rose et al. (2010),3,-999,-999,13235,50,-999,238.9715882,7.735811536,0,0,2,292.6,6.3,12902,39,14,51,2,27.13,1440,0,0,801.3,-20,5,162,40,1,156,548,165,2307,165
-37.4,177,651,15545,161,103,104,103.5,163,13410,100,LLNL,234.9171133,39.4297835,RR0503-JPC64,Rose et al. (2010),3,-999,-999,13350,80,-999,244.1754765,12.4525474,0,0,2,305.4,7.3,12969,45,42,48,2,27.13,1441,0,0,15,-20,5,162,40,1,156,441,110,2200,110
-37.4,177,651,15745,148,106,107,106.5,163,13550,100,LLNL,243.2989829,37.74135186,RR0503-JPC64,Rose et al. (2010),3,-999,-999,13480,60,-999,254.1805002,9.402783813,0,0,2,310,6.9,13135,43,51,46,2,27.13,1442,0,0,26.7,-20,5,162,40,1,156,415,109,2174,109
-37.4,177,651,15895,127,110,111,110.5,163,13910,240,LLNL,210.5776096,54.78405362,RR0503-JPC64,Rose et al. (2010),3,-999,-999,13580,60,-999,261.3444196,9.456492817,0,0,2,316.2,6.4,13243,39,18,61,2,27.13,1443,0,0,22.3,-20,5,162,40,1,156,667,243,2426,243
-37.4,177,651,16478,131,123,124,123.5,163,14110,70,LLNL,267.0883877,31.12305995,RR0503-JPC64,Rose et al. (2010),3,-999,-999,14015,40,-999,282.1622072,6.400397111,0,0,2,343.6,6.7,13641,40,74,41,2,27.13,1444,0,0,20.1,-20,5,162,40,1,156,469,81,2228,81
-37.4,177,651,17226,127,138,130,134,163,14830,150,LLNL,268.1658041,43.17068371,RR0503-JPC64,Rose et al. (2010),3,-999,-999,14505,50,-999,320.5254401,8.245012259,0,0,2,381.1,8.5,14149,50,75,51,2,27.13,1445,0,0,20.5,-20,5,162,40,1,156,681,158,2440,158
-37.4,177,651,17421,113,142,143,142.5,163,14870,100,LLNL,291.9851437,33.74719757,RR0503-JPC64,Rose et al. (2010),3,-999,-999,14660,40,-999,326.2057826,6.620257259,0,0,2,375.4,9.2,14377,54,99,43,2,27.13,1446,0,0,20.5,-20,5,162,40,1,156,493,114,2252,114
-37.4,177,651,17906,147,-999,-999,-999,163,15065,60,LLNL,337.1921829,33.76866786,RR0503-JPC64,Rose et al. (2010),3,-999,-999,-999,-999,-999,-999,-999,0,0,2,412.9,8.1,14627,46,144,43,2,27.13,1447,0,0,20.5,-20,5,162,40,2,156,438,76,2197,76
51.2,167.8,2385,11640,323.5,44,44,44,164,11890,80,KIA,-69.59626437,45.6922441,ODP883,Sarnthein et al. (2006),3,-999,-999,10555,40,-999,98.6177577,5.484165641,100,166.6666667,2,167.8,3.1,10064,21,-52,46,2,27.86,1448,0,0,2.9,-230.3,5,2103,40,1,157,1826,83,1645,83
51.2,167.8,2385,14076,435.25,51,51,51,164,13420,90,KIA,32.5841465,65.97827543,ODP883,Sarnthein et al. (2006),3,-999,-999,12715,50,-999,127.3023955,7.038578575,50,150,2,203.4,3.7,12194,25,50,66,2,27.86,1449,0,0,2.9,-230.3,5,2103,40,1,157,1226,93,1045,93
51.3,167.7,2317,14276,200,88,88,88,165,13655,55,KIA,27.37066638,31.89401791,MD01-2416,Sarnthein et al. (2006),5,-999,-999,12690,50,-999,158.5071693,7.233412945,0,0,2,212.3,6.5,12330,43,45,32,2,27.86,1450,0,0,14.4,-230.3,5,2103,40,1,158,1325,70,1144,70
51.3,167.7,2317,14798,200,95.5,95.5,95.5,165,14030,70,KIA,44.42131615,34.37458605,MD01-2416,Sarnthein et al. (2007),5,-999,-999,12555,60,-999,254.9309424,9.408409993,0,0,2,277.4,7.4,12414,47,62,34,2,27.86,1450.1,0,0,18.7,-230.3,5,2103,40,1,158,1616,84,1435,84
51.3,167.7,2317,15600,200,110.5,110.5,110.5,165,14790,70,KIA,46.93353656,34.45726967,MD01-2416,Sarnthein et al. (2007),5,-999,-999,12555,60,-999,382.7755707,10.3668808,0,0,2,306.3,6.3,13012,38,65,34,2,27.86,1450.2,0,0,25,-230.3,5,2103,40,3,158,#N/A,#N/A,#N/A,#N/A
51.3,167.7,2317,15780,200,115,115,115,165,14920,70,KIA,52.80235815,34.65042765,MD01-2416,Sarnthein et al. (2007),5,-999,-999,13205,55,-999,303.3656199,8.954447329,0,0,2,310.5,6.6,13161,40,70,35,2,27.86,1450.3,0,0,25,-230.3,5,2103,40,1,158,#N/A,#N/A,#N/A,#N/A
51.3,167.7,2317,15980,200,120,120,120,165,15230,80,KIA,37.7524631,35.44768494,MD01-2416,Sarnthein et al. (2007),5,-999,-999,13205,55,-999,335.2818995,9.173720141,0,0,2,321.1,6,13291,36,55,35,2,27.86,1450.4,0,0,25,-230.3,5,2103,40,3,158,#N/A,#N/A,#N/A,#N/A
51.3,167.7,2317,16400,200,130.5,130.5,130.5,165,15420,80,KIA,66.31550278,36.423345,MD01-2416,Sarnthein et al. (2007),5,-999,-999,13205,55,-999,404.8728961,9.651827668,0,0,2,337.2,6.2,13602,37,84,36,2,27.86,1450.5,0,0,25,-230.3,5,2103,40,3,158,#N/A,#N/A,#N/A,#N/A
51.3,167.7,2317,16640,200,136.5,136.5,136.5,165,15460,80,KIA,92.27303543,37.31000581,MD01-2416,Sarnthein et al. (2007),5,-999,-999,13090,60,-999,467.1091023,10.99914224,0,0,2,350.6,6.9,13755,41,110,37,2,27.86,1450.6,0,0,25,-230.3,5,2103,40,1,158,#N/A,#N/A,#N/A,#N/A
51.3,167.7,2317,16800,200,140.5,140.5,140.5,165,15960,100,KIA,46.41673049,38.35056804,MD01-2416,Sarnthein et al. (2007),5,-999,-999,13795,60,-999,370.101669,10.27186262,0,0,2,364.6,6,13827,35,64,38,2,27.86,1450.7,0,0,61.7,-230.3,5,2103,40,2,158,#N/A,#N/A,#N/A,#N/A
51.3,167.7,2317,16975,200,151.3,151.3,151.3,165,16900,80,KIA,-49.22431036,32.47672089,MD01-2416,Sarnthein et al. (2007),5,-999,-999,13795,60,-999,399.4138205,10.49162032,0,0,2,377.7,6.1,13926,36,-32,32,2,27.86,1450.8,0,0,30,-230.3,5,2103,40,3,158,#N/A,#N/A,#N/A,#N/A
51.3,167.7,2317,17365,200,163,163,163,165,16960,160,KIA,-10.71298741,43.65201012,MD01-2416,Sarnthein et al. (2007),5,-999,-999,13795,60,-999,467.0138885,10.99842841,0,0,2,381.9,11.5,14280,67,7,44,2,27.86,1450.9,0,0,29.9,-230.3,5,2103,40,3,158,#N/A,#N/A,#N/A,#N/A
51.3,167.7,2317,17850,200,177.5,177.5,177.5,165,17860,100,KIA,-62.12784941,34.37247196,MD01-2416,Sarnthein et al. (2007),5,-999,-999,15380,70,-999,277.0910365,11.17726987,0,0,2,413,10.8,14568,61,-45,34,2,27.86,1455,0,0,29.9,-230.3,5,2103,40,2,158,3292,117,3111,117
20.1,117.4,1727,19660,438,910,910,910,166,17155,100,KIA/KCCAMS,274.5129721,83.45138781,GIK17940,Sarnthein et al. (2007); Sarnthein et al. (2015),5,-999,-999,16890,215,-999,317.2589752,35.73194691,0,0,2,403.1,8.2,16383,47,286,88,2,27.76,1456,0,1.1,10.6,-224.3,5,2040,40,2,159,772,110,653,110
20.1,117.4,1727,20607,476,920,920,920,166,17570,105,KIA,357.2411333,95.96806722,GIK17940,Sarnthein et al. (2007); Sarnthein et al. (2015),5,-999,-999,17660,220,-999,342.1197627,37.26462674,0,0,2,437.2,7.8,17113,44,369,100,2,27.76,1457,0,1.1,10.4,-224.3,5,2040,40,2,159,457,114,338,114
20.1,117.4,1727,21568,423,930,930,930,166,18800,130,KIA,308.1069123,88.16832276,GIK17940,Sarnthein et al. (2007); Sarnthein et al. (2015),5,-999,-999,18450,140,-999,366.3613526,24.02181403,0,0,2,480.8,8.5,17806,46,320,92,2,27.76,1458,0,1.1,14.1,-224.3,5,2040,40,2,159,994,138,875,138
20.1,117.4,1727,22418,392,942,942,942,166,20340,230,KIA,196.8465491,91.1071462,GIK17940,Sarnthein et al. (2007); Sarnthein et al. (2015),5,-999,-999,19170,140,-999,384.5004923,24.34071579,0,0,2,500.4,15,18527,81,208,95,2,27.76,1459,0,1.1,11.2,-224.3,5,2040,40,2,159,1813,244,1694,244
20.1,117.4,1727,23667,390,956,956,956,166,20660,240,KIA,337.6805241,103.1733485,GIK17940,Sarnthein et al. (2007); Sarnthein et al. (2015),5,-999,-999,20280,120,-999,402.4799036,21.10804405,0,0,2,562.6,11.5,19415,59,349,107,2,27.76,1460,0,1.1,54.9,-224.3,5,2040,40,2,159,1245,247,1126,247
20.1,117.4,1727,24031,426,976,976,976,166,22090,170,KIA,169.9394078,85.12119058,GIK17940,Sarnthein et al. (2007); Sarnthein et al. (2015),5,-999,-999,20570,150,-999,413.6449347,26.64495112,0,0,2,512.8,9.5,20034,51,182,89,2,27.76,1461,0,1.1,54.9,-224.3,5,2040,40,2,159,2056,177,1937,177
-13.1,121.7,1783,14166,200,278.5,278.5,278.5,167,13600,70,KIA,20.75610222,33.59570312,MD01-2378,Sarnthein et al. (2011),5,-999,-999,-999,-999,-999,-999,-999,0,0,2,203.9,3.3,12278,22,47,37,2,27.88,1462,0,0,25.9,-999,5,1745,40,1,160,1322,73,1062,73
-13.1,121.7,1783,14745,200,293.5,293.5,293.5,167,14170,70,KIA,19.81763972,33.56481591,MD01-2378,Sarnthein et al. (2011),5,-999,-999,-999,-999,-999,-999,-999,0,0,2,277.4,6,12366,38,46,37,2,27.88,1463,0,0,13.7,-999,5,1745,40,1,160,1804,80,1544,80
-13.1,121.7,1783,17082,300,325.5,325.5,325.5,167,15770,70,KIA,108.641788,49.90895334,MD01-2378,Sarnthein et al. (2011),5,-999,-999,-999,-999,-999,-999,-999,0,0,2,366.4,8,14099,47,135,52,2,27.88,1464,0,0,21.5,-999,5,1745,40,1,160,1671,84,1411,84
-13.1,121.7,1783,18756,355,361.5,361.5,361.5,167,17210,80,KIA,134.6984541,60.05438483,MD01-2378,Sarnthein et al. (2011),5,-999,-999,16210,80,-999,285.1217098,12.86236492,0,0,2,417.9,6,15424,34,161,62,2,27.88,1465,0,0,33.9,-999,5,1745,40,1,160,1786,87,1526,87
-13.1,121.7,1783,19376,388,382.5,382.5,382.5,167,18250,90,KIA,74.54569123,62.50646426,MD01-2378,Sarnthein et al. (2011),5,-999,-999,17470,90,-999,184.1170888,13.3411889,0,0,2,419.5,6.4,16018,36,101,64,2,27.88,1466,0,0,38.4,-999,5,1745,40,2,160,2232,97,1972,97
-13.1,121.7,1783,19767,406,397.5,397.5,397.5,167,18730,90,KIA,61.24306373,64.04738094,MD01-2378,Sarnthein et al. (2011),5,-999,-999,17830,90,-999,187.0589371,13.37433407,0,0,2,428.4,7.4,16346,41,88,66,2,27.88,1467,0,0,28.1,-999,5,1745,40,2,160,2384,99,2124,99
-13.1,121.7,1783,20478,406,417.5,417.5,417.5,167,19810,110,KIA,11.06083022,63.54085894,MD01-2378,Sarnthein et al. (2011),5,-999,-999,18670,110,-999,165.2255913,16.0657807,0,0,2,444.7,8.1,16945,45,37,65,2,27.88,1468,0,0,28.1,-999,5,1745,40,2,160,2865,119,2605,119
38,-31.1,3064,11906,250,255.5,262.5,259,168,11660,30,KIA/KCCAMS,-11.26471985,33.59905169,MD08-3180,Balmer et al. 2018 GCA,5,-999,G. bulloides,11500,55,-999,8.626184519,6.929513796,0,0,2,184.5,2.9,10213,20,-29,34,1,28.1,1469,0,0,15.9,-999,5,861,40,3,161,1447,36,1608,36
38,-31.1,3064,14045,100,289.5,292.5,291,168,12810,60,KIA/KCCAMS,109.8795017,21.71670628,MD08-3180,Balmer et al. 2018 GCA,5,-999,-999,-999,-999,-999,-999,-999,0,0,2,208.7,4.2,12130,28,92,22,1,28.1,1470,0,0,33,-999,5,861,40,3,161,680,66,841,66
38,-31.1,3064,14500,90,304.5,307.5,306,168,13620,60,KIA/KCCAMS,60.19780183,19.46192192,MD08-3180,Balmer et al. 2018 GCA,5,-999,G. bulloides,13460,200,-999,81.52635509,27.2650898,0,0,2,230.8,4.2,12421,28,42,19,1,28.1,1471,0,0,38.1,-999,5,861,40,3,161,1199,66,1360,66
38,-31.1,3064,14710,30,312.5,313.5,313,168,13730,30,KIA/KCCAMS,72.68428384,7.898761431,MD08-3180,Balmer et al. 2018 GCA,5,-999,-999,-999,-999,-999,-999,-999,0,0,2,261.6,8,12427,51,55,8,1,28.1,1472,0,0,24.3,-999,5,861,40,3,161,1303,59,1464,59
38,-31.1,3064,14956.5,163,318.5,321.5,320,168,12290,60,KIA/KCCAMS,322.1273654,35.94796274,MD08-3180,Balmer et al. 2018 GCA,5,-999,-999,-999,-999,-999,-999,-999,0,0,2,280.1,6.1,12553,38,304,36,1,28.1,1473,0,1.2,20.7,-999,5,861,40,3,161,-263,71,-102,71
38,-31.1,3064,15294.5,15,325.5,326.5,326,168,14770,35,KIA/KCCAMS,11.46626416,6.242273561,MD08-3180,Balmer et al. 2018 GCA,5,-999,-999,-999,-999,-999,-999,-999,0,0,2,287.7,7,12836,44,-6,6,1,28.1,1474,0,0,66.7,-999,5,861,40,3,161,1934,56,2095,56
38,-31.1,3064,15384.5,15,331.5,332.5,332,168,15010,80,KIA/KCCAMS,-7.560351467,11.6846216,MD08-3180,Balmer et al. 2018 GCA,5,-999,-999,-999,-999,-999,-999,-999,0,0,2,291.5,6.3,12900,39,-25,12,1,28.1,1475,0,0,57.9,-999,5,861,40,3,161,2110,89,2271,89
38,-31.1,3064,15505.5,45,338.5,341.5,340,168,15260,80,KIA/KCCAMS,-23.78672064,15.03647388,MD08-3180,Balmer et al. 2018 GCA,5,-999,-999,-999,-999,-999,-999,-999,0,0,2,303.5,7.3,12942,45,-42,15,1,28.1,1476,0,0,70.5,-999,5,861,40,3,161,2318,92,2479,92
38,-31.1,3064,15619,30,346.5,348.5,347.5,168,14470,70,KIA/KCCAMS,91.98749113,13.47867882,MD08-3180,Balmer et al. 2018 GCA,5,-999,-999,-999,-999,-999,-999,-999,0,0,2,306.5,5.8,13031,36,74,14,1,28.1,1477,0,0,72.3,-999,5,861,40,3,161,1439,79,1600,79
38,-31.1,3064,15702,16,352.5,353.5,353,168,15370,160,KIA/KCCAMS,-13.90098044,21.55117847,MD08-3180,Balmer et al. 2018 GCA,5,-999,-999,-999,-999,-999,-999,-999,0,0,2,308.7,6.4,13104,39,-32,22,1,28.1,1478,0,0,66.1,-999,5,861,40,3,161,2266,165,2427,165
38,-31.1,3064,15868.5,15,363.5,364.5,364,168,15480,160,KIA/KCCAMS,-7.52325878,21.57048213,MD08-3180,Balmer et al. 2018 GCA,5,-999,G. bulloides,15060,260,-999,45.74821655,34.4009126,0,0,2,313.9,6.5,13228,39,-25,22,1,28.1,1479,0,0,66.2,-999,5,861,40,3,161,2252,165,2413,165
38,-31.1,3064,16019.5,15,373.5,374.5,374,168,14980,160,KIA/KCCAMS,75.68421469,23.37891275,MD08-3180,Balmer et al. 2018 GCA,5,-999,G. bulloides,15110,200,-999,58.41625711,26.68248828,0,0,2,321.7,6,13326,37,58,23,1,28.1,1480,0,0,84.1,-999,5,861,40,3,161,1654,164,1815,164
38,-31.1,3064,16126.5,43,382.5,387.5,385,168,15730,90,KIA/KCCAMS,-7.437112317,16.28391073,MD08-3180,Balmer et al. 2018 GCA,5,-999,G. bulloides,15420,190,-999,31.61538369,24.69106529,0,0,2,328.3,5.5,13393,33,-25,16,1,28.1,1481,0,0,95.2,-999,5,861,40,3,161,2337,96,2498,96
38,-31.1,3064,16315.5,113,400.5,408.5,404.5,168,15890,180,KIA/KCCAMS,-4.510559798,35.92143862,MD08-3180,Balmer et al. 2018 GCA,5,-999,-999,-999,-999,-999,-999,-999,0,0,2,335.4,5.9,13535,36,-22,36,1,28.1,1482,0,0,58.4,-999,5,861,40,3,161,2355,184,2516,184
38,-31.1,3064,17000,126,440.5,450.5,445.5,168,15660,200,KIA/KCCAMS,112.8343298,44.67962883,MD08-3180,Balmer et al. 2018 GCA,5,-999,-999,-999,-999,-999,-999,-999,0,0,2,377.3,6.2,13947,36,95,45,1,28.1,1483,0,0,85.8,-999,5,861,40,3,161,1713,203,1874,203
38,-31.1,3064,17466,50,480.5,484.5,482.5,168,16040,60,KIA/KCCAMS,122.9667178,15.17997713,MD08-3180,Balmer et al. 2018 GCA,5,-999,G. bulloides,16250,190,-999,93.99034097,26.18397066,0,0,2,374.6,7.5,14420,44,105,15,1,28.1,1484,0,0,32.8,-999,5,861,40,3,161,1620,74,1781,74
38,-31.1,3064,18014,28,498.5,502.5,500.5,168,16300,100,KIA/KCCAMS,161.7124888,18.39719423,MD08-3180,Balmer et al. 2018 GCA,5,-999,G. bulloides,16440,240,-999,141.641445,34.62318445,0,0,2,420.3,7.2,14692,41,144,18,1,28.1,1485,0,0,105.7,-999,5,861,40,3,161,1608,108,1769,108
38,-31.1,3064,18477.5,47,547.5,552.5,550,168,16590,100,KIA/KCCAMS,185.1393997,21.49238191,MD08-3180,Balmer et al. 2018 GCA,5,-999,-999,-999,-999,-999,-999,-999,0,0,2,413.9,8.2,15175,46,167,22,1,28.1,1486,0,0,114.8,-999,5,861,40,3,161,1415,110,1576,110
38,-31.1,3064,19113.5,95,620.5,630.5,625.5,168,16850,60,KIA/KCCAMS,239.1507898,23.49652673,MD08-3180,Balmer et al. 2018 GCA,5,-999,-999,-999,-999,-999,-999,-999,0,0,2,403.8,6.8,15854,39,221,24,1,28.1,1487,0,0,170,-999,5,861,40,3,161,996,72,1157,72
38,-31.1,3064,19413.5,49,671.5,678.5,675,168,17350,110,KIA/KCCAMS,207.4031675,23.69160885,MD08-3180,Balmer et al. 2018 GCA,5,-999,-999,-999,-999,-999,-999,-999,0,0,2,420.9,6.5,16048,37,190,24,1,28.1,1488,0,0,171.6,-999,5,861,40,3,161,1302,116,1463,116
38,-31.1,3064,19565,34,697.5,703.5,700.5,168,17340,130,KIA/KCCAMS,231.2656815,24.9914612,MD08-3180,Balmer et al. 2018 GCA,5,-999,-999,-999,-999,-999,-999,-999,0,0,2,410.7,8.8,16252,50,213,25,1,28.1,1489,0,0,129.6,-999,5,861,40,3,161,1088,139,1249,139
38,-31.1,3064,19727,44,718.5,723.5,721,168,17350,60,KIA/KCCAMS,254.0693814,16.04193572,MD08-3180,Balmer et al. 2018 GCA,5,-999,-999,-999,-999,-999,-999,-999,0,0,2,420.1,8,16354,45,236,16,1,28.1,1490,0,0,111.7,-999,5,861,40,3,161,996,75,1157,75
38,-31.1,3064,20013.5,53,750.5,756.5,753.5,168,17640,90,KIA/KCCAMS,252.2582813,22.0594402,MD08-3180,Balmer et al. 2018 GCA,5,-999,-999,-999,-999,-999,-999,-999,0,0,2,431.2,8,16574,45,234,22,1,28.1,1491,0,0,-999,-999,5,861,40,3,161,1066,101,1227,101
33.2,-29,695,11690,190,-999,-999,-999,169,10700,90,KIA,85.51052625,37.11728282,654,Schroder-Ritzrau et al. (2003),1,-999,-999,-999,-999,-999,-999,-999,0,0,2,174.6,3.1,10067,21,45,41,1,27.27,1492,0,0,-999,-999,5,540,40,1,162,633,92,992,92
34.4,-30.5,812.5,11430,170,-999,-999,-999,170,10870,90,KIA,29.8749209,32.72202508,660,Schroder-Ritzrau et al. (2003),1,-999,-999,-999,-999,-999,-999,-999,0,0,2,143.6,3.3,10029,23,-10,37,1,27.41,1493,0,0,-999,-999,5,552,40,1,163,841,93,1188,93
47,-5.5,240,13060,120,-999,-999,-999,171,12050,90,KIA,82.97595529,27.8564848,1471,Schroder-Ritzrau et al. (2003),1,-999,-999,-999,-999,-999,-999,-999,0,0,2,224.9,3.3,11061,22,39,32,1,26.67,1494,0,0,-999,-999,5,514,40,1,164,989,93,1373,93
29.8,-12.7,819,12520,140,-999,-999,-999,172,11230,80,ETH,123.5257631,30.21943032,2088,Schroder-Ritzrau et al. (2003),1,-999,-999,-999,-999,-999,-999,-999,0,0,2,221.7,2.8,10557,18,93,34,1,27.42,1495,0,0,-999,-999,5,631,40,1,165,673,82,941,82
52.2,-12.8,686,8890,80,-999,-999,-999,173,8760,70,ETH,-15.02775517,18.11572815,2307,Schroder-Ritzrau et al. (2003),1,-999,-999,-999,-999,-999,-999,-999,0,0,2,87.3,3,7966,22,-57,24,1,27.28,1496,0,0,-999,-999,5,530,40,1,166,794,73,1163,73
47,-5.5,240,13960,60,-999,-999,-999,174,12350,80,ETH,163.2681283,20.02861772,2631,Schroder-Ritzrau et al. (2003),1,-999,-999,-999,-999,-999,-999,-999,0,0,2,214.7,5,12002,33,119,26,1,26.67,1497,0,0,-999,-999,5,514,40,1,167,348,87,732,87
32.8,-13.3,1317,9850,110,-999,-999,-999,175,9370,70,ETH,25.36205326,22.58026593,2657,Schroder-Ritzrau et al. (2003),1,-999,-999,-999,-999,-999,-999,-999,0,0,2,101.3,2.9,8796,21,-20,28,1,27.83,1498,1,0,-999,-60.8,5,504,40,1,168,574,73,969,73
55.5,-15.7,724,560,30,-999,-999,-999,176,960,45,ETH,-50.45070134,8.765203372,2706,Schroder-Ritzrau et al. (2003),1,-999,-999,-999,-999,-999,-999,-999,0,0,2,-8.8,1.3,615,10,-87,18,1,27.61,1499,0,0,-999,-69.2,5,576,40,1,169,345,46,668,46
47.6,-7.3,490,11170,90,-999,-999,-999,177,9870,75,ETH,130.2891753,22.85955974,2774,Schroder-Ritzrau et al. (2003),1,-999,-999,-999,-999,-999,-999,-999,0,0,2,157.4,3.4,9680,24,87,28,1,27.21,1500,0,0,-999,-999,5,518,40,1,170,190,79,570,79
-3.6,-84,3210,4987,224,1,2,1.5,178,-999,-999,Gif-sur-Yvette,-999,-999,TR163-31,Shackleton et al. (1988),3,-999,N. dutertrei,5340,120,-999,-59.66216468,14.15256818,0,0,2,52.4,2,4439,15,-999,-999,2,28.1,1501,0,0,5.7,-224.6,5,2043,40,3,171,-999,-999,-999,-999
-3.6,-84,3210,6395,212.25,9,10,9.5,178,-999,-999,Gif-sur-Yvette,-999,-999,TR163-31,Shackleton et al. (1988),3,-999,N. dutertrei,6660,110,-999,-54.00928688,13.043036,0,0,2,77,2.3,5623,17,-999,-999,2,28.1,1502,0,0,6.8,-224.6,5,2043,40,3,171,-999,-999,-999,-999
-3.6,-84,3210,8735,214.75,25,26,25.5,178,-999,-999,Gif-sur-Yvette,-999,-999,TR163-31,Shackleton et al. (1988),3,-999,N. dutertrei,8900,130,-999,-50.02458064,15.49875594,0,0,2,71.9,2.9,7935,22,-999,-999,2,28.1,1503,0,0,10.3,-224.6,5,2043,40,3,171,-999,-999,-999,-999
-3.6,-84,3210,9704,261.75,35,36,35.5,178,-999,-999,Gif-sur-Yvette,-999,-999,TR163-31,Shackleton et al. (1988),3,-999,N. dutertrei,10050,180,-999,-74.35604922,20.97555848,0,0,2,87.4,2.8,8762,21,-999,-999,2,28.1,1504,0,0,23,-224.6,5,2043,40,3,171,-999,-999,-999,-999
-3.6,-84,3210,10138,231.75,45,46,45.5,178,-999,-999,Gif-sur-Yvette,-999,-999,TR163-31,Shackleton et al. (1988),3,-999,N. dutertrei,9800,150,-999,6.374114535,18.96854608,0,0,2,126.1,2.9,8899,20,-999,-999,2,28.1,1505,0,0,10.5,-224.6,5,2043,40,3,171,-999,-999,-999,-999
-3.6,-84,3210,11091,225.625,55,55,55,178,-999,-999,Gif-sur-Yvette,-999,-999,TR163-31,Shackleton et al. (1988),3,-999,N. dutertrei,10640,160,-999,17.20924302,20.46372996,0,0,2,153.7,3.1,9637,22,-999,-999,2,28.1,1506,0,0,5.7,-224.6,5,2043,40,3,171,-999,-999,-999,-999
-3.6,-84,3210,12845,258.25,65,66,65.5,178,-999,-999,Gif-sur-Yvette,-999,-999,TR163-31,Shackleton et al. (1988),3,-999,N. dutertrei,12020,170,-999,59.1220866,22.65273822,0,0,2,204.9,3,10989,20,-999,-999,2,28.1,1507,0,0,5.4,-224.6,5,2043,40,3,171,-999,-999,-999,-999
-3.6,-84,3210,14683,326.75,75,76,75.5,178,-999,-999,Gif-sur-Yvette,-999,-999,TR163-31,Shackleton et al. (1988),3,-999,N. dutertrei,13440,250,-999,108.490599,35.04045663,0,0,2,253.5,6.7,12459,43,-999,-999,2,28.1,1508,0,0,5.6,-224.6,5,2043,40,3,171,-999,-999,-999,-999
-3.6,-84,3210,16103,255.75,83,84,83.5,178,-999,-999,Gif-sur-Yvette,-999,-999,TR163-31,Shackleton et al. (1988),3,-999,N. dutertrei,14600,180,-999,139.2409468,25.81577407,0,0,2,326.8,5.4,13383,33,-999,-999,2,28.1,1509,0,0,-7.9,-224.6,5,2043,40,3,171,-999,-999,-999,-999
-3.6,-84,3210,16356.5,228.875,81,91,86,178,15660,270,Gif-sur-Yvette,29.49728246,63.14434028,TR163-31,Shackleton et al. (1988),3,-999,N. dutertrei,-999,-999,-999,-999,-999,0,0,2,335.7,6.1,13572,36,45,63,2,28.1,1510,0,0,39.1,-224.6,5,2043,40,1,171,2088,272,1931,272
-3.6,-84,3210,16510,244.75,87,88,87.5,178,-999,-999,Gif-sur-Yvette,-999,-999,TR163-31,Shackleton et al. (1988),3,-999,N. dutertrei,14920,220,-999,149.9959406,31.93021269,0,0,2,345.7,7,13657,42,-999,-999,2,28.1,1511,0,0,12.3,-224.6,5,2043,40,3,171,-999,-999,-999,-999
-3.6,-84,3210,17482,290,99,100,99.5,178,-999,-999,Gif-sur-Yvette,-999,-999,TR163-31,Shackleton et al. (1988),3,-999,N. dutertrei,15660,200,-999,179.6459035,29.73866641,0,0,2,375.3,7,14435,41,-999,-999,2,28.1,1512,0,0,5.7,-224.6,5,2043,40,3,171,-999,-999,-999,-999
-3.6,-84,3210,17832,286.75,101,108,104.5,178,16850,230,Gif-sur-Yvette,61.2127812,67.23877296,TR163-31,Shackleton et al. (1988),3,-999,N. dutertrei,-999,-999,-999,-999,-999,0,0,2,413.2,11.1,14557,63,76,67,2,28.1,1513,0,0,14.3,-224.6,5,2043,40,1,171,2293,238,2136,238
-3.6,-84,3210,18674,299.25,113,118,115.5,178,19510,330,Gif-sur-Yvette,-156.2263038,65.27063815,TR163-31,Shackleton et al. (1988),3,-999,N. dutertrei,16700,260,-999,197.1408551,39.38112184,0,0,2,421.8,7.7,15324,44,-141,65,2,28.1,1514,0,0,9.9,-224.6,5,2043,40,1,171,4186,333,4029,333
-3.6,-84,3210,19283,363.75,119,126,122.5,178,17400,240,Gif-sur-Yvette,181.1185725,87.33689129,TR163-31,Shackleton et al. (1988),3,-999,-999,-999,-999,-999,-999,-999,0,0,2,410.2,6.4,15983,36,196,87,2,28.1,1515,1,0,15.9,-224.6,5,2043,40,1,171,1417,243,1260,243
-3.6,-84,3210,19974,345.75,130,131,130.5,178,-999,-999,Gif-sur-Yvette,-999,-999,TR163-31,Shackleton et al. (1988),3,-999,N. dutertrei,17780,220,-999,224.7569353,34.00598911,0,0,2,427.1,7.7,16558,43,-999,-999,2,28.1,1516,0,0,7.9,-224.6,5,2043,40,1,171,-999,-999,-999,-999
-3.6,-84,3210,22647,432.125,151,155,153,178,22140,310,Gif-sur-Yvette,-16.54654653,89.48144641,TR163-31,Shackleton et al. (1988),3,-999,N. dutertrei,-999,-999,-999,-999,-999,0,0,2,495.5,10.8,18776,58,-1,89,2,28.1,1517,0,0,12.9,-224.6,5,2043,40,1,171,3364,315,3207,315
-3.6,-84,3210,22880,371.5,154,155,154.5,178,-999,-999,Gif-sur-Yvette,-999,-999,TR163-31,Shackleton et al. (1988),3,-999,N. dutertrei,20160,300,-999,294.3163417,49.25141698,0,0,2,526.9,11.8,18833,63,-999,-999,2,28.1,1518,0,0,8.5,-224.6,5,2043,40,3,171,-999,-999,-999,-999
-3.6,-84,3210,24177,287,165,166,165.5,178,-999,-999,Gif-sur-Yvette,-999,-999,TR163-31,Shackleton et al. (1988),3,-999,N. dutertrei,21540,370,-999,275.1707724,60.10803063,0,0,2,519.9,14.9,20133,79,-999,-999,2,28.1,1519,0,0,0,-224.6,5,2043,40,3,171,-999,-999,-999,-999
-3.6,-84,3210,24242,276.25,165,168,166.5,178,23420,310,Gif-sur-Yvette,17.05183845,73.29795569,TR163-31,Shackleton et al. (1988),3,-999,N. dutertrei,22060,280,-999,204.6748765,42.73080105,0,0,2,513.5,15.7,20235,83,32,73,2,28.1,1520,0,0,17.5,-224.6,5,2043,40,1,171,3185,321,3028,321
-3.6,-84,3210,24814,273.75,175,176,175.5,178,-999,-999,Gif-sur-Yvette,-999,-999,TR163-31,Shackleton et al. (1988),3,-999,N. dutertrei,21470,360,-999,389.3659721,63.6809037,0,0,2,553,8.9,20582,46,-999,-999,2,28.1,1521,0,0,0,-224.6,5,2043,40,3,171,-999,-999,-999,-999
-3.6,-84,3210,24877,286.25,175,178,176.5,178,24530,470,Gif-sur-Yvette,-43.48661922,89.21301892,TR163-31,Shackleton et al. (1988),3,-999,N. dutertrei,22030,250,-999,305.7214616,41.27511437,0,0,2,560.6,8.6,20601,44,-28,89,2,28.1,1522,0,0,10.1,-224.6,5,2043,40,1,171,3929,472,3772,472
-3.6,-84,3210,27254.5,432.125,199,201,200,178,26430,410,Gif-sur-Yvette,6.626229078,104.1801892,TR163-31,Shackleton et al. (1988),3,-999,N. dutertrei,24510,320,-999,278.4116885,51.95434415,0,0,2,553.2,15.3,22952,79,22,104,2,28.1,1523,0,0,12.6,-224.6,5,2043,40,1,171,3478,418,3321,418
-3.6,-84,3210,29161,499.75,223,226,224.5,178,29530,550,Gif-sur-Yvette,-138.1620817,111.4151015,TR163-31,Shackleton et al. (1988),3,-999,N. dutertrei,-999,-999,-999,-999,-999,0,0,2,528.6,16.1,24926,85,-123,111,2,28.1,1524,0,0,22.2,-224.6,5,2043,40,1,171,4604,557,4447,557
-3.6,-84,3210,29251,497.25,225,226,225.5,178,-999,-999,Gif-sur-Yvette,-999,-999,TR163-31,Shackleton et al. (1988),3,-999,N. dutertrei,26270,460,-999,307.3792617,77.05053634,0,0,2,499.9,13.5,25176,72,-999,-999,2,28.1,1525,0,0,9.9,-224.6,5,2043,40,3,171,-999,-999,-999,-999
-3.6,-84,3210,30264.5,641.25,235,237,236,178,29870,590,Gif-sur-Yvette,-55.90732284,143.1141713,TR163-31,Shackleton et al. (1988),3,-999,N. dutertrei,-999,-999,-999,-999,-999,0,0,2,512.7,13.3,26079,71,-41,143,2,28.1,1526,0,0,10.1,-224.6,5,2043,40,1,171,3791,594,3634,594
-3.6,-84,3210,31856.5,753.375,251,253,252,178,30080,660,Gif-sur-Yvette,115.0505875,194.1973316,TR163-31,Shackleton et al. (1988),3,-999,N. dutertrei,-999,-999,-999,-999,-999,0,0,2,446,16.9,27996,94,130,194,2,28.1,1527,0,0,20.2,-224.6,5,2043,40,1,171,2084,667,1927,667
-3.6,-84,3210,31906,751.5,252,253,252.5,178,-999,-999,Gif-sur-Yvette,-999,-999,TR163-31,Shackleton et al. (1988),3,-999,N. dutertrei,29270,600,-999,240.7567741,96.22329534,0,0,2,445,17.1,28041,95,-999,-999,2,28.1,1528,0,0,8.3,-224.6,5,2043,40,3,171,-999,-999,-999,-999
-3.6,-84,3210,32747.5,719.625,259,263,261,178,32700,910,Gif-sur-Yvette,-103.6971548,180.7603149,TR163-31,Shackleton et al. (1988),3,-999,N. dutertrei,-999,-999,-999,-999,-999,0,0,2,533.1,24,28382,126,-88,181,2,28.1,1529,0,0,8.3,-224.6,5,2043,40,1,171,4318,919,4161,919
-46,-75,1536,0,200,0,3,1.5,179,1595,30,SacA 10551,-180.0861102,22.90084924,MD07-3088,Siani et al. (2013),4,-999,-999,-999,-999,-999,-999,-999,345.0239932,139.9172767,2,-24.5,1.4,199,11,-178,35,4,27.8,1530,0,0,93.8,-153,5,1334,40,1,172,1396,32,1377,32
-46,-75,1536,1695,185,159,161,160,179,3500,30,SacA 12814,-205.9990896,20.73588355,MD07-3088,Siani et al. (2013),4,-999,-999,-999,-999,-999,-999,-999,345.0239932,139.9172767,2,-15.2,1.5,1775,12,-204,34,4,27.8,1531,0,0,52.2,-153,5,1334,40,1,172,1725,32,1706,32
-46,-75,1536,4015,190,280,282,281,179,5245,20,UCIAM-S97354,-154.0252417,21.55156979,MD07-3088,Siani et al. (2013),4,-999,-999,-999,-999,-999,-999,-999,345.0239932,139.9172767,2,23.7,2.1,3718,17,-152,35,4,27.8,1532,1,0,49.7,-153,5,1334,40,1,172,1527,26,1508,26
-46,-75,1536,9250,170,540,541,540.5,179,10265,30,SacA 12818,-146.9587357,20.72947664,MD07-3088,Siani et al. (2013),4,-999,-999,2510,30,-999,1239.931752,8.380877317,345.0239932,139.9172767,2,99.8,4.3,8224,31,-145,34,4,27.8,1533,1,0,57.5,-153,5,1334,40,1,172,2041,43,2022,43
-46,-75,1536,10450,195,609,610,609.5,179,11060,40,SacA 21652,-106.6337805,25.52445916,MD07-3088,Siani et al. (2013),4,-999,-999,4475,30,-999,1027.867759,7.587423537,414.4403237,134.3486162,2,114.6,3,9283,22,-105,37,4,27.8,1534,0,0,50,-153,5,1334,40,1,172,1777,46,1758,46
-46,-75,1536,11470,185,660,661,660.5,179,11610,35,SacA 21653,-56.20295585,25.23556833,MD07-3088,Siani et al. (2013),4,-999,-999,9080,30,-999,293.1830972,4.838544243,563.9302637,122.3563557,2,151,3.2,10016,22,-54,37,4,27.8,1535,0,0,31,-153,5,1334,40,1,172,1594,41,1575,41
-46,-75,1536,12760,150,700,701,700.5,179,12675,40,SacA 21654,-33.79586938,22.34438863,MD07-3088,Siani et al. (2013),4,-999,-999,10050,35,-999,339.6346037,5.849558579,604.5431375,119.0983427,2,209.4,4.1,10872,28,-32,35,4,27.8,1536,0,0,46.3,-153,5,1334,40,1,172,1803,49,1784,49
-46,-75,1536,13840,105,750,751,750.5,179,13650,45,SacA 21655,-24.80184144,17.85004161,MD07-3088,Siani et al. (2013),4,-999,-999,10880,35,-999,376.7325814,6.01154812,633.3465942,116.7876952,2,195.9,3.9,12011,26,-23,32,4,27.8,1537,0,0,122.4,-153,5,1334,40,1,172,1639,52,1620,52
-46,-75,1536,14085,195,780,781,780.5,179,13765,45,SacA 21656,-9.746822826,28.90924928,MD07-3088,Siani et al. (2013),4,-999,-999,11765,35,-999,270.2050605,5.546392194,656.3893595,114.9391772,2,202.1,3.7,12213,24,-8,40,4,27.8,1538,1,0,52.6,-153,5,1334,40,1,172,1552,51,1533,51
-46,-75,1536,14465,205,800,801,800.5,179,14400,45,SacA 21657,-41.97142027,29.12786424,MD07-3088,Siani et al. (2013),4,-999,-999,12885,40,-999,156.8714879,5.774961146,685.1928161,112.6285297,2,228.1,4.2,12410,27,-40,40,4,27.8,1539,1,0,27,-153,5,1334,40,1,172,1990,52,1971,52
-46,-75,1536,14835,240,810,811,810.5,179,14290,90,UCIAM-S97355,15.69398237,40.87734415,MD07-3088,Siani et al. (2013),4,-999,-999,13185,45,-999,165.4761085,6.547192728,702.4748901,111.2421412,2,273.6,5.9,12477,37,18,49,4,27.8,1540,0,0,28.8,-153,5,1334,40,1,172,1813,97,1794,97
-46,-75,1536,15530,335,830,831,830.5,179,14865,50,UCIAM-S97356,28.45899697,48.09476589,MD07-3088,Siani et al. (2013),4,-999,-999,13755,35,-999,180.8583272,5.156256743,713.9962727,110.3178822,2,304.6,7.3,12954,45,31,55,4,27.8,1541,0,0,29.6,-153,5,1334,40,1,172,1911,67,1892,67
-46,-75,1536,16205,330,850,851,850.5,179,15230,70,UCIAM-S97357,66.38446913,51.88064042,MD07-3088,Siani et al. (2013),4,-999,-999,13840,45,-999,267.8342775,7.12220122,719.7569641,109.8557527,2,332.7,5.9,13444,36,68,59,4,27.8,1542,0,0,37.7,-153,5,1334,40,1,172,1786,79,1767,79
-46,-75,1536,16735,170,870,871,870.5,179,15820,45,SacA 12823,56.47427982,27.64641576,MD07-3088,Siani et al. (2013),4,-999,-999,14290,50,-999,278.1344421,7.980334058,731.2783467,108.9314937,2,358.1,6.7,13808,40,59,39,4,27.8,1543,0,0,50,-153,5,1334,40,1,172,2012,60,1993,60
-46,-75,1536,16935,120,880,881,880.5,179,16060,60,UCIAM-S97358,50.48611908,23.09651761,MD07-3088,Siani et al. (2013),4,-999,-999,14560,50,-999,266.1524909,7.905521918,742.7997294,108.0072347,2,376.7,6.4,13892,37,53,36,4,27.8,1544,0,0,83.3,-153,5,1334,40,1,172,2168,70,2149,70
-46,-75,1536,17175,180,900,901,900.5,179,16470,60,SacA 21658,27.61918194,30.05444221,MD07-3088,Siani et al. (2013),4,-999,-999,14970,80,-999,238.5909373,12.39665356,754.321112,107.0829757,2,371.2,7.7,14158,45,30,40,4,27.8,1545,0,0,76.2,-153,5,1334,40,1,172,2312,75,2293,75
-46,-75,1536,17700,200,940,941,940.5,179,16750,50,SacA 21659,57.48551932,32.17038876,MD07-3088,Siani et al. (2013),4,-999,-999,15145,50,-999,291.3584937,8.062901545,760.0818034,106.6208462,2,406.1,7.3,14462,42,60,42,4,27.8,1546,0,0,137,-153,5,1334,40,1,172,2288,65,2269,65
-46,-75,1536,18065,150,990,991,990.5,179,17180,60,SacA 21660,47.61504187,26.83614692,MD07-3088,Siani et al. (2013),4,-999,-999,15365,50,-999,313.1898497,8.199210769,771.603186,105.6965872,2,425.4,6.9,14711,39,50,38,4,27.8,1547,0,0,137,-153,5,1334,40,1,172,2469,72,2450,72
-46,-75,1536,18065,150,990,991,990.5,179,17330,60,SacA 21662,28.2344631,26.33968588,MD07-3088,Siani et al. (2013),4,-999,-999,15540,70,-999,284.891194,11.24553788,794.6459513,103.8480691,2,425.4,6.9,14711,39,30,38,4,27.8,1548,0,0,176.5,-153,5,1334,40,1,172,2619,72,2600,72
-46,-75,1536,18235,135,1020,1021,1020.5,179,16820,50,SacA 21663,118.3954414,25.22677767,MD07-3088,Siani et al. (2013),4,-999,-999,15755,45,-999,276.9483524,7.173400557,852.5408992,99.20366766,2,412.7,11.8,14949,67,120,37,4,27.8,1549,0,0,176.5,-153,5,1334,40,2,172,1871,84,1852,84
-46,-75,1536,18235,135,1020,1021,1020.5,179,17030,50,SacA 21664,89.5370191,24.57584065,MD07-3088,Siani et al. (2013),4,-999,-999,16295,50,-999,193.9300461,7.454584038,823.7374425,101.5143152,2,412.7,11.8,14949,67,92,37,4,27.8,1550,0,0,108.1,-153,5,1334,40,2,172,2081,84,2062,84
-46,-75,1536,18420,125,1040,1041,1040.5,179,17100,60,SacA 21661,104.526712,24.95288085,MD07-3088,Siani et al. (2013),4,-999,-999,15990,50,-999,268.1979245,7.918293066,841.0195165,100.1279267,2,392.5,6.5,15239,37,107,37,4,27.8,1551,0,0,419.4,-153,5,1334,40,2,172,1861,70,1842,70
-46,-75,1536,18730,145,1170,1171,1170.5,179,17790,60,SacA 12826,52.34366205,26.32060083,MD07-3088,Siani et al. (2013),4,-999,-999,16320,45,-999,263.6632966,7.098770267,927.4298864,93.19598414,2,418.5,6.1,15391,35,54,38,4,27.8,1552,0,0,439,-153,5,1334,40,2,172,2399,69,2380,69
-46,-75,1536,19960,220,1710,1711,1710.5,179,18590,100,UCIAM-S97359,105.4084057,43.18876274,MD07-3088,Siani et al. (2013),4,-999,-999,17610,50,-999,248.8356384,7.797400062,1238.219184,68.26409754,2,425.5,7.4,16547,42,107,51,4,27.8,1553,1,0,439,-153,5,1334,40,2,172,2043,108,2024,108
-37.2,177.7,1675,13998,110,-999,-999,-999,180,13500,60,LLNL,12.75112858,21.04152424,H209,Sikes et al. (2000),2,-999,-999,-999,-999,-999,-999,-999,0,0,2,216.5,5.9,12030,39,-36,34,2,27.78,1554,0,0,-999,-164,5,1439,40,1,173,1470,72,1952,72
-37,177.2,2065,5499,60,62,63,62.5,181,6350,80,LLNL,-117.7805466,15.18965039,H213,Sikes et al. (2000),2,-999,-999,-999,-999,-999,-999,-999,0,0,2,70.3,2.2,4799,16,-142,15,2,27.92,1555,0,0,-999,-189,5,1683,40,1,174,1551,82,1790,82
-37,177.2,2065,25650,40,-999,-999,-999,181,26060,160,LLNL,-131.8758472,21.49378375,H213,Sikes et al. (2000),2,-999,-999,-999,-999,-999,-999,-999,0,0,2,587,10.8,21204,54,-156,22,2,27.92,1556,0,0,-999,-189,5,1683,40,2,174,4856,169,5095,169
-45.1,179.5,2700,25650,40,130,134,132,182,27630,220,LLNL,-285.9943016,23.01320406,U938,Sikes et al. (2000),2,-999,-999,-999,-999,-999,-999,-999,0,0,2,587,10.8,21204,54,-268,23,4,28,1557,0,0,-999,-169,5,1487,40,2,175,6426,227,6253,227
-39.9,-176.2,4389,25650,40,222,226,224,183,23640,80,-999,173.3193371,17.36274911,RR0503-JPC36,Sikes et al. (2016),2,-999,-999,-999,-999,-999,-999,-999,0,0,2,587,10.8,21204,54,131,17,2,28.1,1558,0,0,-999,-167,5,1468,40,2,176,2436,97,2855,97
-39.9,-177.7,3836,25650,40,226,230,228,184,-999,-999,-999,-999,-999,RR0503-JPC41,Sikes et al. (2016),2,-999,-999,-999,-999,-999,-999,-999,0,0,2,587,10.8,21204,54,-999,-999,2,28.1,1559,0,0,-999,-170,5,1497,40,1,177,-999,-999,-999,-999
-37,176.6,1165,13998,110,74,84,79,185,12865,60,-999,96.05726984,22.77234254,RR0503-JPC79,Sikes et al. (2016),2,-999,-999,-999,-999,-999,-999,-999,0,0,2,216.5,5.9,12030,39,47,35,2,27.51,1560,0,0,17.1,-164,5,1439,40,1,178,835,72,1317,72
-37,176.6,1165,25650,40,273,332,302.5,185,22400,170,-999,369.1635745,35.60393259,RR0503-JPC79,Sikes et al. (2016),2,-999,-999,-999,-999,-999,-999,-999,0,0,2,587,10.8,21204,54,320,45,2,27.51,1561,0,0,17.1,-164,5,1439,40,2,178,1196,178,1678,178
-36.7,176.6,1627,25650,40,155,157,156,186,22010,150,-999,437.2761448,33.79561508,RR0503-JPC83,Sikes et al. (2016),2,-999,-999,-999,-999,-999,-999,-999,0,0,2,587,10.8,21204,54,389,43,2,27.76,1562,0,0,-999,-164,5,1439,40,2,179,806,159,1288,159
-36.7,176.6,1627,8009,69,70,75,72.5,187,8803,45,-999,-119.3218284,12.28438794,RR0503-TC83,Sikes et al. (2016),2,-999,-999,-999,-999,-999,-999,-999,0,0,2,76.4,3.4,7192,25,-168,29,2,27.76,1563,0,0,12.2,-164,5,1439,40,1,180,1611,51,2093,51
-36.7,176.6,1627,17906,147,191,196,193.5,187,16963,230,-999,55.79777452,49.02079659,RR0503-TC83,Sikes et al. (2016),2,-999,-999,-999,-999,-999,-999,-999,0,0,2,412.9,8.1,14627,46,7,56,2,27.76,1564,0,0,12.2,-164,5,1439,40,2,180,2336,235,2818,235
-35.3,176.6,2406,25650,40,183,190,186.5,188,22750,90,LLNL,310.7896623,21.0289816,S794,Sikes et al. (2016),2,-999,-999,-999,-999,-999,-999,-999,0,0,2,587,10.8,21204,54,283,21,2,27.94,1565,0,0,-999,-185,5,1643,40,2,181,1546,105,1824,105
-39.5,-176.4,4097,25650,40,69,70,69.5,189,22070,290,-999,426.5808491,58.41996186,S931,Sikes et al. (2016),2,-999,-999,-999,-999,-999,-999,-999,0,0,2,587,10.8,21204,54,383,58,2,28.1,1566,0,0,-999,-166,5,1458,40,2,182,866,295,1295,295
-44.1,-14.2,3770,1042,23,1,1,1,190,3210,40,ANU,-239.3320412,5.904063975,MD07-3076,Skinner et al. (2010),4,-999,-999,2230,30,-999,-140.6350349,3.215380261,0,0,2,-11.2,1.5,1111,12,-234,6,4,28.22,1567,0,0,9.6,-159,5,1391,40,1,183,2099,42,2045,42
-44.1,-14.2,3770,1458,47,5,5,5,190,3366,35,SUERC/NERC,-215.4599683,7.878704574,MD07-3076,Skinner et al. (2010),4,-999,-999,2362,35,-999,-111.0135102,3.881788761,0,0,2,-19.2,1.5,1575,12,-210,8,4,28.22,1568,0,0,6.5,-159,5,1391,40,1,183,1791,37,1737,37
-44.1,-14.2,3770,2986,81,15,15,15,190,4659,37,SUERC/NERC,-196.5075247,11.57389961,MD07-3076,Skinner et al. (2010),4,-999,-999,3725,37,-999,-97.43726085,4.166792959,0,0,2,4.9,2.3,2866,18,-191,12,4,28.22,1569,0,0,4.5,-159,5,1391,40,1,183,1793,41,1739,41
-44.1,-14.2,3770,4329,81,21,21,21,190,5800,45,ANU,-179.9364327,12.62938316,MD07-3076,Skinner et al. (2010),4,-999,-999,4905,35,-999,-83.28441158,4.002868783,0,0,2,40.7,2.2,3887,17,-174,13,4,28.22,1570,0,0,5,-159,5,1391,40,1,183,1913,48,1859,48
-44.1,-14.2,3770,6319,47,31,31,31,190,7289,36,SUERC/NERC,-133.2612802,8.812083618,MD07-3076,Skinner et al. (2010),4,-999,-999,6506,37,-999,-44.52318914,4.411077342,0,0,2,72,2.5,5583,19,-128,9,4,28.22,1571,0,0,8.2,-159,5,1391,40,1,183,1706,41,1652,41
-44.1,-14.2,3770,6806,93,35,35,35,190,7409,36,SUERC/NERC,-94.30001768,14.24820854,MD07-3076,Skinner et al. (2010),4,-999,-999,6732,36,-999,-14.66127849,4.425718587,0,0,2,77.9,2.4,6015,18,-89,14,4,28.22,1572,0,0,4.7,-159,5,1391,40,1,183,1394,40,1340,40
-44.1,-14.2,3770,8079,81,41,41,41,190,9120,45,ANU,-146.1996004,13.14894701,MD07-3076,Skinner et al. (2010),4,-999,-999,8390,40,-999,-64.97564003,4.667527384,0,0,2,69.3,3.2,7313,24,-141,13,4,28.22,1573,0,0,4,-159,5,1391,40,1,183,1807,51,1753,51
-44.1,-14.2,3770,9074,58,45,45,45,190,9780,60,ANU,-112.9561593,12.84931105,MD07-3076,Skinner et al. (2010),4,-999,-999,9367,47,-999,-66.15793504,5.479799173,0,0,2,87.7,3.1,8148,23,-107,13,4,28.22,1574,0,0,6.3,-159,5,1391,40,1,183,1632,64,1578,64
-44.1,-14.2,3770,10347,35,53,53,53,190,10875,60,ANU,-97.14007171,10.56631147,MD07-3076,Skinner et al. (2010),4,-999,-999,9925,71,-999,16.20419957,9.02157254,0,0,2,111.1,3,9211,22,-91,11,4,28.22,1575,0,0,5.8,-159,5,1391,40,1,183,1664,64,1610,64
-44.1,-14.2,3770,10694,35,55,55,55,190,11440,60,ANU,-122.3861693,10.27085243,MD07-3076,Skinner et al. (2010),4,-999,-999,10300,45,-999,11.43083008,5.681826103,0,0,2,123.3,3,9463,22,-117,10,4,28.22,1576,0,0,9.1,-159,5,1391,40,1,183,1977,64,1923,64
-44.1,-14.2,3770,11134,35,59,59,59,190,11810,60,ANU,-116.0766716,10.34469347,MD07-3076,Skinner et al. (2010),4,-999,-999,10570,53,-999,31.46311981,6.827870653,0,0,2,156.8,3.2,9655,23,-110,10,4,28.22,1577,0,0,7.8,-159,5,1391,40,1,183,2155,64,2101,64
-44.1,-14.2,3770,11389,47,61,61,61,190,11437,70,ANU,-45.05922893,13.75096256,MD07-3076,Skinner et al. (2010),4,-999,-999,10665,71,-999,51.26858649,9.332864218,0,0,2,148.5,3.2,9955,23,-39,14,4,28.22,1578,0,0,7.8,-159,5,1391,40,1,183,1482,74,1428,74
-44.1,-14.2,3770,11644,58,63,63,63,190,11780,50,ANU,-56.3116424,12.49496009,MD07-3076,Skinner et al. (2010),4,-999,-999,10805,71,-999,65.4689532,9.458931044,0,0,2,166.2,3.2,10085,22,-51,13,4,28.22,1579,0,0,6.9,-159,5,1391,40,1,183,1695,55,1641,55
-44.1,-14.2,3770,12222,70,67,67,67,190,12230,60,ANU,-43.1050688,15.2502878,MD07-3076,Skinner et al. (2010),4,-999,-999,11400,50,-999,61.05331279,6.624936791,0,0,2,205.3,2.7,10384,18,-37,15,4,28.22,1580,0,0,8.9,-159,5,1391,40,1,183,1846,63,1792,63
-44.1,-14.2,3770,12894,35,73,73,73,190,12690,60,ANU,-19.83899042,11.47097816,MD07-3076,Skinner et al. (2010),4,-999,-999,11835,50,-999,90.23964119,6.807168521,0,0,2,210.6,3.2,11000,21,-14,12,4,28.22,1581,0,0,11.5,-159,5,1391,40,1,183,1690,64,1636,64
-44.1,-14.2,3770,13241,47,77,77,77,190,13200,60,ANU,-40.70095523,12.61940971,MD07-3076,Skinner et al. (2010),4,-999,-999,12760,60,-999,13.3094264,7.596936383,0,0,2,203.1,3.5,11389,24,-35,13,4,28.22,1582,0,0,9.3,-159,5,1391,40,1,183,1811,65,1757,65
-44.1,-14.2,3770,14097,47,85,85,85,190,13745,70,ANU,-5.836252315,14.31576584,MD07-3076,Skinner et al. (2010),4,-999,-999,13360,60,-999,42.97160375,7.819318281,0,0,2,201.2,3.6,12228,24,0,14,4,28.22,1583,0,0,10.2,-159,5,1391,40,1,183,1517,74,1463,74
-44.1,-14.2,3770,14491,35,89,89,89,190,13930,80,ANU,18.95339537,14.46210355,MD07-3076,Skinner et al. (2010),4,-999,-999,13300,60,-999,102.083532,8.262489486,0,0,2,230.8,4.2,12421,28,25,14,4,28.22,1584,0,0,12.3,-159,5,1391,40,1,183,1509,85,1455,85
-44.1,-14.2,3770,14653,35,91,91,91,190,14080,90,ANU,19.89433377,15.74522849,MD07-3076,Skinner et al. (2010),4,-999,-999,13430,60,-999,105.8510817,8.290735384,0,0,2,245.8,4.5,12480,29,26,16,4,28.22,1585,0,0,28.8,-159,5,1391,40,1,183,1600,95,1546,95
-44.1,-14.2,3770,14792,35,95,95,95,190,14000,100,ANU,47.56852171,17.47671489,MD07-3076,Skinner et al. (2010),4,-999,-999,13520,110,-999,112.0724004,15.33292046,0,0,2,277.4,7.4,12414,47,53,18,4,28.22,1586,0,0,11.5,-159,5,1391,40,1,183,1586,110,1532,110
-44.1,-14.2,3770,15139,81,99,99,99,190,15050,80,ANU,-41.38420835,18.94051947,MD07-3076,Skinner et al. (2010),4,-999,-999,13382,62,-999,179.8396648,9.141426479,0,0,2,285,6.2,12697,39,-36,19,4,28.22,1587,0,0,7,-159,5,1391,40,1,183,2353,89,2299,89
-44.1,-14.2,3770,16574,162,109,109,109,190,16560,70,ANU,-55.08264758,26.75422008,MD07-3076,Skinner et al. (2010),4,-999,-999,15427,70,-999,88.04812908,9.522741307,0,0,2,348.4,6.8,13710,41,-49,27,4,28.22,1588,0,0,7.5,-159,5,1391,40,1,183,2850,81,2796,81
-44.1,-14.2,3770,17106,162,113,113,113,190,17010,70,ANU,-47.17544623,26.97810316,MD07-3076,Skinner et al. (2010),4,-999,-999,15650,180,-999,128.5991119,25.57462473,0,0,2,364.5,8.1,14129,48,-41,27,4,28.22,1589,0,0,8.6,-159,5,1391,40,1,183,2881,85,2827,85
-44.1,-14.2,3770,17569,174,117,117,117,190,17750,100,ANU,-80.97200067,30.78969128,MD07-3076,Skinner et al. (2010),4,-999,-999,16510,210,-999,72.42727608,28.40523878,0,0,2,383.7,6.3,14464,37,-75,31,4,28.22,1590,0,0,8.6,-159,5,1391,40,1,183,3286,107,3232,107
-44.1,-14.2,3770,17801,174,119,119,119,190,17874,42,SUERC/NERC,-69.29380407,24.45802331,MD07-3076,Skinner et al. (2010),4,-999,-999,16698,50,-999,77.43636741,6.727228259,0,0,2,413.6,10.7,14525,61,-64,24,4,28.22,1591,0,0,9.6,-159,5,1391,40,1,183,3349,74,3295,74
-44.1,-14.2,3770,18009,162,121,121,121,190,17640,80,ANU,-17.36890619,29.04579526,MD07-3076,Skinner et al. (2010),4,-999,-999,17030,200,-999,60.155129,26.72632493,0,0,2,419.3,7.4,14687,42,-12,29,4,28.22,1592,0,0,10.8,-159,5,1391,40,1,183,2953,90,2899,90
-44.1,-14.2,3770,18380,139,125,125,125,190,18490,70,ANU,-75.45893623,23.60414856,MD07-3076,Skinner et al. (2010),4,-999,-999,17400,120,-999,58.9019402,15.93701895,0,0,2,385.5,6.9,15240,40,-70,24,4,28.22,1593,0,0,12.3,-159,5,1391,40,2,183,3250,81,3196,81
-44.1,-14.2,3770,19028,116,133,133,133,190,19530,120,ANU,-121.5004018,25.45375619,MD07-3076,Skinner et al. (2010),4,-999,-999,18220,100,-999,34.10619864,12.95368609,0,0,2,401.6,6.2,15780,35,-116,25,4,28.22,1594,0,0,10.8,-159,5,1391,40,2,183,3750,125,3696,125
-44.1,-14.2,3770,19398,128,137,137,137,190,19870,130,ANU,-119.3623015,27.89136642,MD07-3076,Skinner et al. (2010),4,-999,-999,18070,130,-999,101.8236947,17.97614568,0,0,2,420.4,6.4,16032,36,-114,28,4,28.22,1595,0,0,7.2,-159,5,1391,40,2,183,3838,135,3784,135
-44.1,-14.2,3770,20509,220,145,145,145,190,20800,130,ANU,-102.8136342,38.40687784,MD07-3076,Skinner et al. (2010),4,-999,-999,19060,130,-999,114.1756736,18.17766701,0,0,2,441.6,8.1,16991,45,-97,38,4,28.22,1596,0,0,6.8,-159,5,1391,40,2,183,3809,138,3755,138
-44.1,-14.2,3770,22870,266,161,161,161,190,22270,180,ANU,-5.876162491,54.28989707,MD07-3076,Skinner et al. (2010),4,-999,-999,20580,130,-999,226.8975654,20.01671363,0,0,2,527.1,10.9,18822,58,0,54,4,28.22,1597,0,0,6.5,-159,5,1391,40,2,183,3448,189,3394,189
-44.1,-14.2,3770,24722,232,173,173,173,190,23180,180,ANU,110.5407079,56.07384747,MD07-3076,Skinner et al. (2010),4,-999,-999,21730,100,-999,330.2307669,16.66307755,0,0,2,541,10.4,20557,54,116,56,4,28.22,1598,0,0,9.3,-159,5,1391,40,1,183,2623,188,2569,188
-44.1,-14.2,3770,26227,243,187,187,187,190,24470,210,ANU,134.6322115,63.0454894,MD07-3076,Skinner et al. (2010),4,-999,-999,22440,160,-999,460.8466091,29.3886147,0,0,2,548.5,14,21965,73,140,63,4,28.22,1599,0,0,8.6,-159,5,1391,40,1,183,2505,222,2451,222
-44.1,-14.2,3770,27384,243,197,197,197,190,24690,150,ANU,269.8205119,61.05990521,MD07-3076,Skinner et al. (2010),4,-999,-999,23390,110,-999,492.8812872,20.58339908,0,0,2,524.6,12.2,23218,64,276,61,4,28.22,1600,0,0,9.2,-159,5,1391,40,1,183,1472,163,1418,163
-44.1,-14.2,3770,28472,197,207,207,207,190,26080,240,ANU,218.2884113,65.4613954,MD07-3076,Skinner et al. (2010),4,-999,-999,24520,200,-999,479.4137014,37.29576004,0,0,2,542.3,12.9,24194,67,224,65,4,28.22,1601,0,0,20.2,-159,5,1391,40,1,183,1886,249,1832,249
-44.1,-14.2,3770,29090,200,219.5,219.5,219.5,190,26600,130,Belfast,230.5595761,49.69834878,MD07-3076,Gottschalk et al. (2016),4,-999,-999,25407,85,-999,427.580984,15.18593898,0,0,2,541.6,12.8,24780,67,236,50,4,28.22,1602,0,0,6.5,-159,5,1391,40,3,183,1820,146,1766,146
-44.1,-14.2,3770,29931,174,225,225,225,190,26960,130,ANU,302.6278371,48.50905855,MD07-3076,Skinner et al. (2010),4,-999,-999,25970,130,-999,473.4775181,24.03964141,0,0,2,557.3,16.3,25535,84,308,49,4,28.22,1603,0,0,18.2,-159,5,1391,40,1,183,1425,155,1371,155
-44.1,-14.2,3770,30810,243,241,241,241,190,28670,310,ANU,170.9765885,79.66993465,MD07-3076,Skinner et al. (2010),4,-999,-999,26550,250,-999,524.6264928,48.19491347,0,0,2,549.5,14.5,26411,75,177,80,4,28.22,1604,0,0,16.9,-159,5,1391,40,1,183,2259,319,2205,319
-44.1,-14.2,3770,32259,200,265.5,265.5,265.5,190,29290,160,Belfast,291.6644479,56.99432909,MD07-3076,Gottschalk et al. (2016),4,-999,-999,28540,89,-999,418.069623,15.79857273,0,0,2,444.4,16.6,28394,92,297,57,4,28.22,1605,0,0,15.2,-159,5,1391,40,3,183,896,185,842,185
-44.1,-14.2,3770,32915,200,275.5,275.5,275.5,190,29500,190,Belfast,362.2546145,65.20195048,MD07-3076,Gottschalk et al. (2016),4,-999,-999,28827,91,-999,481.3006832,16.87598278,0,0,2,543.2,20.1,28504,105,368,65,4,28.22,1606,0,0,16.3,-159,5,1391,40,3,183,996,217,942,217
-44.1,-14.2,3770,34508,200,301.5,301.5,301.5,190,32280,490,Belfast,168.5486676,99.67023387,MD07-3076,Gottschalk et al. (2016),4,-999,-999,30195,411,-999,514.8506634,79.52274364,0,0,2,533.9,24.8,30088,130,174,100,4,28.22,1607,0,0,20.6,-159,5,1391,40,3,183,2192,507,2138,507
-44.1,-14.2,3770,35382,200,319.5,319.5,319.5,190,32204,389,Belfast,311.2030056,95.30040939,MD07-3076,Gottschalk et al. (2016),4,-999,-999,31235,316,-999,479.3051032,59.35224528,0,0,2,514.8,26,31044,138,317,95,4,28.22,1608,0,0,18.8,-159,5,1391,40,3,183,1160,413,1106,413
-44.1,-14.2,3770,36341,200,337.5,337.5,337.5,190,32582,452,Belfast,404.7966135,113.1525901,MD07-3076,Gottschalk et al. (2016),4,-999,-999,31533,394,-999,600.7605573,80.47091303,0,0,2,495.4,22.7,32080,122,410,113,4,28.22,1609,0,0,14.1,-159,5,1391,40,3,183,502,468,448,468
-44.1,-14.2,3770,36907,200,345.5,345.5,345.5,190,33400,522,Belfast,358.6989168,121.3219718,MD07-3076,Gottschalk et al. (2016),4,-999,-999,32447,438,-999,529.8400555,85.73065454,0,0,2,511,20.2,32541,107,364,121,4,28.22,1610,0,0,14.1,-159,5,1391,40,3,183,859,533,805,533
-44.1,-14.2,3770,37332,200,351.5,351.5,351.5,190,33081,479,Belfast,488.320007,124.8995078,MD07-3076,Gottschalk et al. (2016),4,-999,-999,32159,463,-999,669.3336227,99.04264882,0,0,2,514.7,18.9,32948,100,494,125,4,28.22,1611,0,0,14.1,-159,5,1391,40,3,183,133,489,79,489
-44.1,-14.2,3770,38181,200,363.5,363.5,363.5,190,34609,804,Belfast,363.6024827,169.9047146,MD07-3076,Gottschalk et al. (2016),4,-999,-999,34174,758,-999,439.4796679,142.4453456,0,0,2,587.3,21.3,33389,108,369,170,4,28.22,1612,0,0,14.2,-159,5,1391,40,3,183,1220,811,1166,811
-44.1,-14.2,3770,38322,200,365.5,365.5,365.5,190,34281,474,Belfast,444.867202,120.3504873,MD07-3076,Gottschalk et al. (2016),4,-999,-999,33429,421,-999,606.5353567,86.44198832,0,0,2,605,20.6,33435,103,451,120,4,28.22,1613,0,0,14.1,-159,5,1391,40,3,183,846,485,792,485
-44.1,-14.2,3770,38747,200,371.5,371.5,371.5,190,36309,1010,Belfast,181.716479,177.832031,MD07-3076,Gottschalk et al. (2016),4,-999,-999,35747,926,-999,267.3516826,154.8468357,0,0,2,658.5,23.5,33580,114,187,178,4,28.22,1614,0,0,16.6,-159,5,1391,40,3,183,2729,1016,2675,1016
-44.1,-14.2,3770,39713,200,387.5,387.5,387.5,190,36499,1042,Belfast,297.1450292,200.4294451,MD07-3076,Gottschalk et al. (2016),4,-999,-999,35620,916,-999,447.1402181,174.7933099,0,0,2,640.2,26.5,34622,130,303,200,4,28.22,1615,0,0,21.2,-159,5,1391,40,3,183,1877,1050,1823,1050
-44.1,-14.2,3770,40137,200,396.5,396.5,396.5,190,38165,1277,Belfast,109.6664502,204.3868785,MD07-3076,Gottschalk et al. (2016),4,-999,-999,36236,986,-999,410.8522019,184.2496683,0,0,2,640.9,25.1,35026,123,115,204,4,28.22,1616,0,0,21.3,-159,5,1391,40,3,183,3139,1283,3085,1283
-44.1,-14.2,3770,40654,200,407.5,407.5,407.5,190,37364,830,Belfast,305.1408381,166.8782071,MD07-3076,Gottschalk et al. (2016),4,-999,-999,35879,680,-999,570.153522,138.7026043,0,0,2,652.5,26,35475,126,311,167,4,28.22,1617,0,0,21.3,-159,5,1391,40,3,183,1889,840,1835,840
37.8,-10.2,3146,258,130,2,2,2,191,1300,40,ANU,-122.4523492,18.17059943,MD99-2334K,Skinner et al. (2010),4,-999,-999,-999,-999,-999,-999,-999,0,0,2,14,1.2,141,9,-142,18,1,28.1,1618,0,0,25.3,-100,5,846,40,1,184,1159,41,1335,41
37.8,-10.2,3146,1113,244,23.6,23.6,23.6,191,2470,60,ANU,-158.73618,31.12050267,MD99-2334K,Skinner et al. (2014),4,-999,-999,-999,-999,-999,-999,-999,0,0,2,-13.4,1.8,1196,15,-178,31,1,28.1,1619,0,0,10.6,-100,5,846,40,1,184,1274,62,1450,62
37.8,-10.2,3146,3286,112,46.6,46.6,46.6,191,4390,40,ANU,-138.4409937,15.96327587,MD99-2334K,Skinner et al. (2014),4,-999,-999,-999,-999,-999,-999,-999,0,0,2,15.5,2,3074,16,-158,16,1,28.1,1620,1,0,9.1,-100,5,846,40,1,184,1316,43,1492,43
37.8,-10.2,3146,8443,216,93.4,93.4,93.4,191,8630,50,ANU,-51.64746388,30.68674145,MD99-2334K,Skinner et al. (2014),4,-999,-999,-999,-999,-999,-999,-999,0,0,2,66.3,2.7,7695,20,-71,31,1,28.1,1621,1,0,5.6,-100,5,846,40,1,184,935,54,1111,54
37.8,-10.2,3146,11257,199,109.2,109.2,109.2,191,11470,70,ANU,-64.03866547,30.69161205,MD99-2334K,Skinner et al. (2010),4,-999,-999,-999,-999,-999,-999,-999,0,0,2,140,2.7,9888,19,-84,31,1,28.1,1622,0,0,11.6,-100,5,846,40,1,184,1582,73,1758,73
37.8,-10.2,3146,11764,226,115.1,115.1,115.1,191,11800,150,Gif-sur-Yvette,-44.8945093,43.96046556,MD99-2334K,Skinner and Shackleton (2004),4,-999,-999,-999,-999,-999,-999,-999,0,0,2,173.8,3.8,10149,26,-64,44,1,28.1,1623,0,0,24.2,-100,5,846,40,1,184,1651,152,1827,152
37.8,-10.2,3146,11983,219,120.4,120.4,120.4,191,12180,70,ANU,-64.56861639,32.93859169,MD99-2334K,Skinner et al. (2014),4,-999,-999,-999,-999,-999,-999,-999,0,0,2,184.8,2.6,10289,18,-84,33,1,28.1,1624,0,0,12.7,-100,5,846,40,1,184,1891,72,2067,72
37.8,-10.2,3146,12322,208,124.7,124.7,124.7,191,12280,80,ANU,-37.46968917,33.81023894,MD99-2334K,Skinner et al. (2014),4,-999,-999,-999,-999,-999,-999,-999,0,0,2,217,4,10403,27,-57,34,1,28.1,1625,0,0,21.4,-100,5,846,40,1,184,1877,84,2053,84
37.8,-10.2,3146,12476,189,128,128,128,191,12290,60,ANU,-20.59134759,29.7111664,MD99-2334K,Skinner et al. (2014),4,-999,-999,-999,-999,-999,-999,-999,0,0,2,230,4,10464,26,-40,30,1,28.1,1626,0,0,20.5,-100,5,846,40,1,184,1826,65,2002,65
37.8,-10.2,3146,12642,236,131.4,131.4,131.4,191,11990,100,ANU,37.29823104,42.53687201,MD99-2334K,Skinner et al. (2014),4,-999,-999,-999,-999,-999,-999,-999,0,0,2,236.7,2.7,10585,17,18,43,1,28.1,1627,0,0,14.3,-100,5,846,40,1,184,1405,101,1581,101
37.8,-10.2,3146,13852,345,148.7,148.7,148.7,191,13230,150,Gif-sur-Yvette,29.03481741,62.19682275,MD99-2334K,Skinner and Shackleton (2004),4,-999,-999,-999,-999,-999,-999,-999,0,0,2,196.8,4.2,12025,28,10,62,1,28.1,1628,0,0,28.1,-100,5,846,40,1,184,1205,153,1381,153
37.8,-10.2,3146,13916,338,150.5,150.5,150.5,191,13290,130,Gif-sur-Yvette,29.31519939,58.7735629,MD99-2334K,Skinner and Shackleton (2004),4,-999,-999,-999,-999,-999,-999,-999,0,0,2,201.5,4.5,12051,30,10,59,1,28.1,1629,0,0,15.9,-100,5,846,40,1,184,1239,133,1415,133
37.8,-10.2,3146,14726,362,163.4,163.4,163.4,191,14670,80,ANU,-43.92385002,51.41142475,MD99-2334K,Skinner et al. (2014),4,-999,-999,-999,-999,-999,-999,-999,0,0,2,270.6,7.5,12389,48,-63,51,1,28.1,1630,0,0,22.2,-100,5,846,40,1,184,2281,93,2457,93
37.8,-10.2,3146,15135,411,172.5,172.5,172.5,191,15220,140,Gif-sur-Yvette,-61.911959,63.03417715,MD99-2334K,Skinner and Shackleton (2004),4,-999,-999,-999,-999,-999,-999,-999,0,0,2,285,6.2,12697,39,-81,63,1,28.1,1631,0,0,56,-100,5,846,40,1,184,2523,145,2699,145
37.8,-10.2,3146,15369,417,185.6,185.6,185.6,191,15940,150,Gif-sur-Yvette,-117.7117293,61.02746154,MD99-2334K,Skinner and Shackleton (2004),4,-999,-999,-999,-999,-999,-999,-999,0,0,2,289.6,6.5,12892,40,-137,61,1,28.1,1632,0,0,74.2,-100,5,846,40,1,184,3048,155,3224,155
37.8,-10.2,3146,15586,462,201.7,201.7,201.7,191,15920,90,ANU,-91.98807521,60.96298122,MD99-2334K,Skinner et al. (2014),4,-999,-999,-999,-999,-999,-999,-999,0,0,2,306.2,6.6,13003,41,-111,61,1,28.1,1633,0,0,54.4,-100,5,846,40,1,184,2917,99,3093,99
37.8,-10.2,3146,16134,525,231.5,231.5,231.5,191,16650,90,ANU,-114.0415785,66.2509126,MD99-2334K,Skinner et al. (2014),4,-999,-999,-999,-999,-999,-999,-999,0,0,2,329,5.5,13398,33,-134,66,1,28.1,1634,0,0,19.4,-100,5,846,40,1,184,3252,96,3428,96
37.8,-10.2,3146,16603,521,240.6,240.6,240.6,191,17100,120,ANU,-113.409965,69.18862281,MD99-2334K,Skinner et al. (2010),4,-999,-999,-999,-999,-999,-999,-999,0,0,2,349.3,7.1,13733,43,-133,69,1,28.1,1635,0,0,16.5,-100,5,846,40,1,184,3367,127,3543,127
37.8,-10.2,3146,17574,452,256.6,256.6,256.6,191,17620,100,ANU,-65.4130682,62.78020525,MD99-2334K,Skinner et al. (2014),4,-999,-999,-999,-999,-999,-999,-999,0,0,2,385.3,6.6,14464,38,-85,63,1,28.1,1636,0,0,25.6,-100,5,846,40,1,184,3156,107,3332,107
37.8,-10.2,3146,18745,349,286.6,286.6,286.6,191,19030,120,ANU,-96.54508691,51.66455795,MD99-2334K,Skinner et al. (2014),4,-999,-999,-999,-999,-999,-999,-999,0,0,2,418.2,6,15413,34,-116,52,1,28.1,1637,0,0,15.3,-100,5,846,40,2,184,3617,125,3793,125
37.8,-10.2,3146,20049,365,306.6,306.6,306.6,191,20260,130,ANU,-92.3640203,54.79516592,MD99-2334K,Skinner et al. (2014),4,-999,-999,-999,-999,-999,-999,-999,0,0,2,433.8,8,16588,45,-112,55,1,28.1,1638,0,0,9.7,-100,5,846,40,2,184,3672,138,3848,138
37.8,-10.2,3146,20689,379,312.8,312.8,312.8,191,20370,180,Gif-sur-Yvette,-32.64444774,66.07570274,MD99-2334K,Skinner and Shackleton (2004),4,-999,-999,-999,-999,-999,-999,-999,0,0,2,448.4,7.3,17129,41,-52,66,1,28.1,1639,0,0,12.5,-100,5,846,40,2,184,3241,185,3417,185
37.8,-10.2,3146,23172,260,343.8,343.8,343.8,191,22040,200,ANU,61.06082228,59.81992038,MD99-2334K,Skinner et al. (2014),4,-999,-999,-999,-999,-999,-999,-999,0,0,2,491.8,8.4,19311,45,42,60,1,28.1,1640,0,0,8.4,-100,5,846,40,1,184,2729,205,2905,205
37.8,-10.2,3146,24358,346,353.8,353.8,353.8,191,22760,120,ANU,119.7448709,63.6262139,MD99-2334K,Skinner et al. (2014),4,-999,-999,-999,-999,-999,-999,-999,0,0,2,512.3,12.1,20348,64,100,64,1,28.1,1641,0,0,17.5,-100,5,846,40,1,184,2412,136,2588,136
37.8,-10.2,3146,25136,277,367.4,367.4,367.4,191,23570,130,ANU,112.239905,55.28989976,MD99-2334K,Skinner et al. (2014),4,-999,-999,-999,-999,-999,-999,-999,0,0,2,565.4,10.1,20829,52,93,55,1,28.1,1642,0,0,17.5,-100,5,846,40,1,184,2741,140,2917,140
-40.4,178,2314,7027,170,272,272,272,192,8231,21,ANU,-160.2426329,19.46555781,MD97-2121,Skinner et al. (2015),2,-999,-999,6884,15,-999,-6.934813582,1.856080427,0,0,2,83.6,2.5,6186,19,-122,19,4,28.1,1643,0,0,31.3,-192,5,1713,40,2,185,2045,28,1669,28
-40.4,178,2314,9296,220,343,343,343,192,9677,21,ANU,-77.05442115,26.97789063,MD97-2121,Skinner et al. (2015),2,-999,-999,8812,18,-999,27.87730752,2.305805556,0,0,2,95.7,3.4,8303,25,-38,27,4,28.1,1644,0,0,34.8,-192,5,1713,40,2,185,1374,33,998,33
-40.4,178,2314,11195,51,409,409,409,192,11395,26,ANU,-62.31792178,8.819737852,MD97-2121,Skinner et al. (2015),2,-999,-999,10552,19,-999,41.43314705,2.46615823,0,0,2,150.1,3,9759,21,-24,9,4,28.1,1645,0,0,36.4,-192,5,1713,40,2,185,1636,33,1260,33
-40.4,178,2314,13998,110,511,511,511,192,13695,24,ANU,-11.53727794,16.10631987,MD97-2121,Skinner et al. (2015),2,-999,-999,12839,23,-999,99.6105696,3.152904793,0,0,2,216.5,5.9,12030,39,27,16,4,28.1,1646,0,0,40.9,-192,5,1713,40,2,185,1665,46,1289,46
-40.4,178,2314,17906,147,671,671,671,192,17207,31,ANU,24.21038662,22.16628024,MD97-2121,Skinner et al. (2015),2,-999,-999,15986,28,-999,192.342631,4.163307121,0,0,2,412.9,8.1,14627,46,63,22,4,28.1,1647,0,0,40.7,-192,5,1713,40,2,185,2580,55,2204,55
-40.4,178,2314,25650,40,986,986,986,192,23974,49,ANU,125.5347809,12.31174197,MD97-2121,Skinner et al. (2015),2,-999,-999,22322,43,-999,382.5228334,7.420375648,0,0,2,587,10.8,21204,54,164,12,4,28.1,1648,0,0,40.7,-192,5,1713,40,2,185,2770,73,2394,73
-27.5,-46.5,1268,6581,116.75,40.5,40.5,40.5,193,7325,25,KCCAMS,-109.3528558,15.35068647,KNR159-5 36GGC,Sortor and Lund (2011),3,-999,-999,6395,20,-999,-0.034512897,2.492745781,0,0,2,81.8,2.5,5772,18,-79,22,1,27.64,1649,0,0,6.9,-136.5,5,1179,40,1,186,1553,31,1273,31
-27.5,-46.5,1268,8040,116,50.5,50.5,50.5,193,8150,30,KCCAMS,-41.15274294,17.0360518,KNR159-5 36GGC,Sortor and Lund (2011),3,-999,-999,7825,15,-999,-1.564155062,1.866118412,0,0,2,66,3.5,7299,26,-11,24,1,27.64,1650,0,0,9.7,-136.5,5,1179,40,1,186,851,40,571,40
-27.5,-46.5,1268,8764,114.125,57.5,57.5,57.5,193,9745,40,KCCAMS,-141.87228,16.12031652,KNR159-5 36GGC,Sortor and Lund (2011),3,-999,-999,8445,20,-999,8.869208812,2.514941261,0,0,2,74.9,3,7942,22,-111,23,1,27.64,1651,0,0,4.1,-136.5,5,1179,40,1,186,1803,46,1523,46
-27.5,-46.5,1268,9492.5,102.625,60.5,60.5,60.5,193,10160,45,KCCAMS,-110.0079784,16.03470209,KNR159-5 36GGC,Sortor and Lund (2011),3,-999,-999,9115,20,-999,13.63776201,2.526828463,0,0,2,95.6,3.1,8498,23,-79,23,1,27.64,1652,0,0,8,-136.5,5,1179,40,1,186,1662,51,1382,51
-27.5,-46.5,1268,10117.5,269,65.5,65.5,65.5,193,10420,40,KCCAMS,-70.68495852,34.8746592,KNR159-5 36GGC,Sortor and Lund (2011),3,-999,-999,9425,20,-999,51.85637783,2.622101044,0,0,2,125.1,3.1,8887,22,-40,38,1,27.64,1653,0,0,3.4,-136.5,5,1179,40,1,186,1533,46,1253,46
-27.5,-46.5,1268,10706.5,220.75,67.5,67.5,67.5,193,11480,70,KCCAMS,-125.4239588,30.98099162,KNR159-5 36GGC,Sortor and Lund (2011),3,-999,-999,10425,25,-999,-2.679188617,3.108659077,0,0,2,122.7,3.2,9477,23,-95,35,1,27.64,1654,0,0,2.8,-136.5,5,1179,40,1,186,2003,74,1723,74
-27.5,-46.5,1268,11764,162.75,70.5,70.5,70.5,193,11590,70,KCCAMS,-19.59675706,27.84794125,KNR159-5 36GGC,Sortor and Lund (2011),3,-999,-999,10705,30,-999,94.58930276,4.095490253,0,0,2,173.8,3.8,10149,26,11,32,1,27.64,1655,0,0,9.8,-136.5,5,1179,40,1,186,1441,75,1161,75
-27.5,-46.5,1268,12782.5,110.375,80.5,80.5,80.5,193,12385,40,KCCAMS,4.452478686,18.41338426,KNR159-5 36GGC,Sortor and Lund (2011),3,-999,-999,11485,30,-999,123.5355335,4.203794806,0,0,2,207.5,2.8,10913,19,35,25,1,27.64,1656,0,0,14,-136.5,5,1179,40,1,186,1472,44,1192,44
-27.5,-46.5,1268,13854.5,180,95.5,95.5,95.5,193,13670,35,KCCAMS,-25.51909746,25.46641791,KNR159-5 36GGC,Sortor and Lund (2011),3,-999,-999,12275,30,-999,159.2906398,4.337575292,0,0,2,196.8,4.2,12025,28,5,30,1,27.64,1657,0,0,32.8,-136.5,5,1179,40,1,186,1645,45,1365,45
-27.5,-46.5,1268,13549.5,189.5,85.5,85.5,85.5,193,13340,30,KCCAMS,-21.43052027,26.08887252,KNR159-5 36GGC,Sortor and Lund (2011),3,-999,-999,12460,30,-999,91.86214196,4.08528637,0,0,2,200.2,4.1,11701,27,9,31,1,27.64,1658,0,0,23.1,-136.5,5,1179,40,1,186,1639,40,1359,40
-27.5,-46.5,1268,14198,178.75,100.5,100.5,100.5,193,13885,50,KCCAMS,-11.00322629,27.54359537,KNR159-5 36GGC,Sortor and Lund (2011),3,-999,-999,12710,30,-999,144.7742088,4.283260947,0,0,2,204.7,3.2,12302,21,20,32,1,27.64,1659,0,0,5.9,-136.5,5,1179,40,1,186,1583,54,1303,54
-27.5,-46.5,1268,15040,136.125,105.5,105.5,105.5,193,13915,35,KCCAMS,90.95332872,22.71866891,KNR159-5 36GGC,Sortor and Lund (2011),3,-999,-999,13295,35,-999,178.4895231,5.145913282,0,0,2,281.6,5.7,12622,35,122,28,1,27.64,1660,0,0,15.3,-136.5,5,1179,40,1,186,1293,49,1013,49
-27.5,-46.5,1268,15366.5,90.375,110.5,110.5,110.5,193,14390,45,KCCAMS,69.73956157,17.68778463,KNR159-5 36GGC,Sortor and Lund (2011),3,-999,-999,13465,35,-999,200.2924371,5.241116424,0,0,2,289.6,6.5,12892,40,100,24,1,27.64,1661,0,0,15.3,-136.5,5,1179,40,1,186,1498,60,1218,60
-27.5,-46.5,1268,15366.5,90.375,110.5,110.5,110.5,193,14255,45,KCCAMS,87.86917216,17.98755166,KNR159-5 36GGC,Sortor and Lund (2011),3,-999,-999,13465,35,-999,200.2924371,5.241116424,0,0,2,289.6,6.5,12892,40,118,24,1,27.64,1662,0,0,26.2,-136.5,5,1179,40,1,186,1363,60,1083,60
-27.5,-46.5,1268,15557.5,100.125,115.5,115.5,115.5,193,14360,30,KCCAMS,98.83850823,17.41292545,KNR159-5 36GGC,Sortor and Lund (2011),3,-999,-999,13630,30,-999,203.3734973,4.502514702,0,0,2,305.7,7.3,12977,45,129,24,1,27.64,1663,0,0,32.4,-136.5,5,1179,40,1,186,1383,54,1103,54
-27.5,-46.5,1268,15866.5,114,125.5,125.5,125.5,193,14900,35,KCCAMS,66.52802817,19.35512647,KNR159-5 36GGC,Sortor and Lund (2011),3,-999,-999,13765,35,-999,228.3855041,5.363785725,0,0,2,313.9,6.5,13228,39,97,25,1,27.64,1664,0,0,23,-136.5,5,1179,40,1,186,1672,52,1392,52
-27.5,-46.5,1268,16084,120.875,130.5,130.5,130.5,193,15080,40,KCCAMS,70.6975943,20.98792246,KNR159-5 36GGC,Sortor and Lund (2011),3,-999,-999,13955,35,-999,231.6536511,5.378056196,0,0,2,325.1,5.5,13373,33,101,27,1,27.64,1665,0,0,10.9,-136.5,5,1179,40,1,186,1707,52,1427,52
-27.5,-46.5,1268,16450.5,141.875,134.5,134.5,134.5,193,15710,90,KCCAMS,34.80892113,29.35669577,KNR159-5 36GGC,Sortor and Lund (2011),3,-999,-999,14340,70,-999,227.2345296,10.74091912,0,0,2,341.9,6.2,13632,37,65,34,1,27.64,1666,0,0,10.4,-136.5,5,1179,40,1,186,2078,97,1798,97
-27.5,-46.5,1268,17606.5,182.375,146.5,146.5,146.5,193,15890,90,KCCAMS,163.7438848,38.71836622,KNR159-5 36GGC,Sortor and Lund (2011),3,-999,-999,15240,90,-999,261.8242804,14.21669888,0,0,2,390.4,7.3,14464,42,194,42,1,27.64,1667,0,0,13.1,-136.5,5,1179,40,1,186,1426,99,1146,99
-27.5,-46.5,1268,17912.5,145.25,150.5,150.5,150.5,193,16390,55,KCCAMS,134.7515006,27.70954153,KNR159-5 36GGC,Sortor and Lund (2011),3,-999,-999,15500,70,-999,267.703079,11.09510522,0,0,2,413.1,7.8,14635,44,165,32,1,27.64,1668,0,0,13.5,-136.5,5,1179,40,2,186,1755,70,1475,70
-27.5,-46.5,1268,20131.5,194.625,180.5,180.5,180.5,193,18000,40,KCCAMS,214.5905533,34.64707543,KNR159-5 36GGC,Sortor and Lund (2011),3,-999,-999,17510,60,-999,290.984891,9.678711983,0,0,2,437.3,7.8,16656,43,245,38,1,27.64,1669,0,0,4.3,-136.5,5,1179,40,2,186,1344,59,1064,59
-27.5,-46.5,1268,20597,156.75,182.5,182.5,182.5,193,18380,100,KCCAMS,225.5753078,38.50113351,KNR159-5 36GGC,Sortor and Lund (2011),3,-999,-999,17590,80,-999,352.2294874,13.53402483,0,0,2,436.6,7.9,17107,44,256,42,1,27.64,1670,0,0,3.4,-136.5,5,1179,40,2,186,1273,109,993,109
-27.5,-46.5,1268,21488,253,185.5,185.5,185.5,193,19320,60,KCCAMS,214.3038885,46.24311211,KNR159-5 36GGC,Sortor and Lund (2011),3,-999,-999,18780,70,-999,298.7388623,11.3667345,0,0,2,466.6,8.9,17806,49,245,49,1,27.64,1671,0,0,6.2,-136.5,5,1179,40,2,186,1514,77,1234,77
-27.5,-46.5,1268,22301,175,190.5,190.5,190.5,193,20110,60,KCCAMS,214.3020417,34.77955992,KNR159-5 36GGC,Sortor and Lund (2011),3,-999,-999,19340,60,-999,336.4596431,10.01964318,0,0,2,514.5,8.6,18344,46,245,38,1,27.64,1672,0,0,6.2,-136.5,5,1179,40,2,186,1766,76,1486,76
-1.2,-89.68333333,617,1277,102.25,12,12,12,194,3070,20,KCCAMS,-203.6400177,11.83289752,VM21-30,Stott et al. (2009),3,-999,-999,1875,15,-999,-75.90703131,1.727168463,0,0,2,-9.2,1.6,1318,13,-284,29,2,27.1,1673,0,0,6.7,-132,5,1137,40,1,187,1752,24,2536,24
-1.2,-89.68333333,617,3507,105.5,27,27,27,194,4790,20,KCCAMS,-158.0827412,12.84084063,VM21-30,Stott et al. (2009),3,-999,-999,3755,20,-999,-42.30892009,2.387362793,0,0,2,11.8,1.4,3316,11,-239,30,2,27.1,1674,0,0,12.7,-132,5,1137,40,1,187,1474,23,2258,23
-1.2,-89.68333333,617,6580,107.25,66,66,66,194,7545,20,KCCAMS,-133.5188667,13.39892917,VM21-30,Stott et al. (2009),3,-999,-999,6335,20,-999,7.340523758,2.511130507,0,0,2,78.2,2.4,5789,18,-214,30,2,27.1,1675,0,0,17,-132,5,1137,40,1,187,1756,27,2540,27
-1.2,-89.68333333,617,8989,125.5,107,107,107,194,11850,280,KCCAMS/NOSAMS,-321.4721516,33.96570625,VM21-30,Stott et al. (2009),3,-999,-999,8590,45,-999,18.15911896,5.71962302,0,0,2,93.7,3,8016,22,-402,43,2,27.1,1676,0,0,27.5,-132,5,1137,40,1,187,3834,281,4618,281
-1.2,-89.68333333,617,9244,104.75,114,114,114,194,11750,230,KCCAMS/NOSAMS,-291.4506562,29.27336021,VM21-30,Stott et al. (2009),3,-999,-999,8690,55,-999,37.06342821,7.124884762,0,0,2,99.8,4.3,8224,31,-372,40,2,27.1,1677,0,0,15.2,-132,5,1137,40,1,187,3526,232,4310,232
-1.2,-89.68333333,617,10884,122.75,139,139,139,194,15350,360,NOSAMS,-448.0555406,32.95038483,VM21-30,Stott et al. (2009),3,-999,-999,10050,50,-999,67.66130418,6.666195345,0,0,2,126.9,3.2,9622,23,-529,42,2,27.1,1678,0,0,14.4,-132,5,1137,40,1,187,5728,361,6512,361
-1.2,-89.68333333,617,11162,126.25,143,143,143,194,16550,390,NOSAMS,-508.3872521,31.39666551,VM21-30,Stott et al. (2009),3,-999,-999,10150,55,-999,90.51448155,7.492106849,0,0,2,157.4,3.4,9680,24,-589,41,2,27.1,1679,0,0,8.3,-132,5,1137,40,1,187,6870,391,7654,391
-1.2,-89.68333333,617,12009,167.25,150,150,150,194,17460,170,KCCAMS,-513.6813118,20.1363,VM21-30,Stott et al. (2009),3,-999,-999,10810,45,-999,112.8719841,6.25168316,0,0,2,182.7,2.6,10322,18,-594,33,2,27.1,1680,0,0,16.9,-132,5,1137,40,1,187,7138,171,7922,171
-1.2,-89.68333333,617,13190,216.25,170,170,170,194,19730,150,KCCAMS,-577.0994905,18.96548596,VM21-30,Stott et al. (2009),3,-999,-999,12680,70,-999,17.15696613,8.902292462,0,0,2,199.5,3.5,11355,23,-658,33,2,27.1,1681,0,0,42.9,-132,5,1137,40,1,187,8375,152,9159,152
-1.2,-89.68333333,617,13353,176,177,177,177,194,21100,560,NOSAMS/KCCAMS,-636.3079837,33.14236436,VM21-30,Stott et al. (2009),3,-999,-999,12000,130,-999,129.0529791,18.42038879,0,0,2,199.8,4,11519,27,-717,43,2,27.1,1682,0,0,64.3,-132,5,1137,40,1,187,9581,561,10365,561
-1.2,-89.68333333,617,13423,171,181.5,181.5,181.5,194,18650,380,NOSAMS,-502.4148442,33.85664461,VM21-30,Stott et al. (2009),3,-999,-999,12000,55,-999,138.6537121,7.822835386,0,0,2,206.7,3.8,11541,25,-583,43,2,27.1,1683,0,0,7.5,-132,5,1137,40,1,187,7109,381,7893,381
-1.2,-89.68333333,617,16036,165.75,201,201,201,194,20320,80,KCCAMS,-445.5646379,16.64027865,VM21-30,Stott et al. (2009),3,-999,-999,14020,35,-999,214.654724,5.303829822,0,0,2,322.2,6.2,13343,38,-526,31,2,27.1,1684,0,0,25.8,-132,5,1137,40,1,187,6977,89,7761,89
-1.2,-89.68333333,617,16423,199.75,211,211,211,194,20970,90,KCCAMS,-464.15409,18.95473964,VM21-30,Stott et al. (2009),3,-999,-999,-999,-999,-999,-999,-999,0,0,2,339.4,6,13618,36,-545,33,2,27.1,1685,0,0,31.8,-132,5,1137,40,1,187,7352,97,8136,97
-1.2,-89.68333333,617,16737,171.75,221,221,221,194,20600,80,KCCAMS,-417.1738283,17.9155696,VM21-30,Stott et al. (2009),3,-999,-999,14445,45,-999,254.0120695,7.044553416,0,0,2,358.1,6.7,13808,40,-498,32,2,27.1,1686,0,0,6.8,-132,5,1137,40,1,187,6792,89,7576,89
-1.2,-89.68333333,617,19666,627.25,241,241,241,194,21580,140,KCCAMS,-264.7633305,68.69867242,VM21-30,Stott et al. (2009),3,-999,-999,14830,70,-999,703.5613932,14.9097949,0,0,2,404.5,8.1,16385,46,-345,74,2,27.1,1687,0,0,6.8,-132,5,1137,40,1,187,5195,147,5979,147
-1.2,-89.68333333,617,19666,627.25,241,241,241,194,21380,180,KCCAMS,-246.228143,74.2011682,VM21-30,Stott et al. (2009),3,-999,-999,17140,80,-999,277.822168,12.78930618,0,0,2,404.5,8.1,16385,46,-327,79,2,27.1,1688,0,0,6.7,-132,5,1137,40,1,187,4995,186,5779,186
-1.2,-89.68333333,617,23693,201,268,268,268,194,24430,90,KCCAMS,-160.7376125,29.8146184,VM21-30,Stott et al. (2009),3,-999,-999,20510,80,-999,367.1867623,13.68372732,0,0,2,558.6,13.4,19465,69,-241,40,2,27.1,1689,0,0,11,-132,5,1137,40,2,187,4965,113,5749,113
-1.2,-89.68333333,617,24600,209.75,278,278,278,194,23180,70,KCCAMS,94.27227306,37.30660465,VM21-30,Stott et al. (2009),3,-999,-999,21330,80,-999,377.6643482,13.78859407,0,0,2,537.5,10.8,20449,57,14,46,2,27.1,1690,0,0,11,-132,5,1137,40,2,187,2731,90,3515,90
34,-63,2027,15638,102,-999,-999,-999,195,14280,35,KCCAMS,120.6962572,18.71116155,New England Seamounts,Thiagarajan et al. (2014),1,-999,-999,-999,-999,-999,-999,-999,0,0,2,306.7,5.8,13048,35,77,19,1,27.96,1691,0,0,-999,-61.7,5,512,40,1,188,1232,49,1619,49
34,-63,2372,15564,191,-999,-999,-999,195,14015,30,KCCAMS,147.961567,30.81326754,New England Seamounts,Thiagarajan et al. (2014),1,-999,-999,-999,-999,-999,-999,-999,0,0,2,305.9,7.2,12985,44,104,31,1,28,1692,0,0,-999,-61.7,5,512,40,1,188,1030,53,1417,53
34,-63,2372,12104,10,-999,-999,-999,195,11265,25,KCCAMS,63.74336619,4.59729079,New England Seamounts,Thiagarajan et al. (2014),1,-999,-999,-999,-999,-999,-999,-999,0,0,2,188.7,2.6,10378,18,20,5,1,28,1693,0,0,-999,-61.7,5,512,40,1,188,887,31,1274,31
34,-63,2265,15519,163,-999,-999,-999,195,14150,50,KCCAMS,122.7025992,29.12759965,New England Seamounts,Thiagarajan et al. (2014),1,-999,-999,-999,-999,-999,-999,-999,0,0,2,304.1,7.3,12948,45,79,29,1,27.99,1694,0,0,-999,-61.7,5,512,40,1,188,1202,67,1589,67
38,-60.5,1886,15748,275,-999,-999,-999,195,14315,30,KCCAMS,130.7702506,41.84734735,New England Seamounts,Thiagarajan et al. (2014),1,-999,-999,-999,-999,-999,-999,-999,0,0,2,310,6.9,13135,43,87,45,1,28,1695,0,0,-999,-61.7,5,512,40,1,188,1180,52,1567,52
38,-60.5,1778,11926,316,-999,-999,-999,195,11030,60,KCCAMS,71.99039281,48.99999146,New England Seamounts,Thiagarajan et al. (2014),1,-999,-999,-999,-999,-999,-999,-999,0,0,2,187,2.9,10215,20,28,52,1,28,1696,0,0,-999,-61.7,5,512,40,1,188,815,63,1202,63
38,-60.5,1381,15495,178,-999,-999,-999,195,13800,40,KCCAMS,169.3008166,31.00278937,New England Seamounts,Thiagarajan et al. (2014),1,-999,-999,-999,-999,-999,-999,-999,0,0,2,302.9,7.2,12936,44,125,35,1,27.86,1697,0,0,-999,-61.7,5,512,40,1,188,864,59,1251,59
39,-61,1176,11773,708,-999,-999,-999,195,10535,30,KCCAMS,119.2184134,100.1648345,New England Seamounts,Thiagarajan et al. (2014),1,-999,-999,-999,-999,-999,-999,-999,0,0,2,176.5,3.5,10141,24,75,101,1,27.74,1698,0,0,-999,-61.7,5,512,40,1,188,394,38,781,38
39,-61,1180,13628,529,-999,-999,-999,195,12090,30,KCCAMS,154.2378004,78.2293114,New England Seamounts,Thiagarajan et al. (2014),1,-999,-999,-999,-999,-999,-999,-999,0,0,2,193.1,4.3,11826,29,110,80,1,27.74,1699,0,0,-999,-61.7,5,512,40,1,188,264,42,651,42
38,-60.5,1713,15721,176,-999,-999,-999,195,13865,35,KCCAMS,192.0231181,30.57456208,New England Seamounts,Thiagarajan et al. (2014),1,-999,-999,-999,-999,-999,-999,-999,0,0,2,309.4,6.9,13119,42,148,35,1,27.9,1700,0,0,-999,-61.7,5,512,40,1,188,746,55,1133,55
40,-66,2086,12168,113,-999,-999,-999,195,11305,30,KCCAMS,66.68566106,18.56489272,New England Seamounts,Thiagarajan et al. (2014),1,-999,-999,-999,-999,-999,-999,-999,0,0,2,199.6,2.6,10364,18,23,19,1,27.9,1701,0,0,-999,-61.7,5,512,40,1,188,941,35,1328,35
35,-57,2529,12244,42,-999,-999,-999,196,11240,30,KCCAMS,85.28337497,9.566934944,Corner Rise Seamounts,Thiagarajan et al. (2014),1,-999,-999,-999,-999,-999,-999,-999,0,0,2,210.9,2.7,10366,18,28,10,1,28.01,1702,0,0,-999,-61.7,5,512,40,1,189,874,35,1385,35
39,-64,2593,15154,80,-999,-999,-999,196,14370,35,KCCAMS,45.19172723,14.66876117,Corner Rise Seamounts,Thiagarajan et al. (2014),1,-999,-999,-999,-999,-999,-999,-999,0,0,2,285.3,5.9,12715,37,-13,15,1,28.01,1703,0,0,-999,-61.7,5,512,40,1,189,1655,51,2166,51
39,-64,2459,17228,116,-999,-999,-999,196,14455,40,KCCAMS,329.091955,25.26909126,Corner Rise Seamounts,Thiagarajan et al. (2014),1,-999,-999,-999,-999,-999,-999,-999,0,0,2,381.1,8.5,14149,50,285,25,1,27.98,1704,0,0,-999,-61.7,5,512,40,1,189,306,64,693,64
63,-17.6,1237,10660,250,40,42,41,197,-999,-999,NOSAMS,-999,-999,RAPiD-10-1P,Thornalley et al. (2011),2,-999,-999,-999,-999,-999,-999,-999,0,0,2,122.7,3,9429,22,-999,-999,1,27.84,1705,0,1.1,8.4,-999,5,538,40,1,190,-999,-999,-999,-999
63,-17.6,1237,11728,200,49,54,51.5,197,-999,-999,NOSAMS,-999,-999,RAPiD-10-1P,Thornalley et al. (2011),2,-999,-999,-999,-999,-999,-999,-999,0,0,2,176.7,3.3,10091,23,-999,-999,1,27.84,1706,0,1.1,108.4,-999,5,538,40,1,190,-999,-999,-999,-999
63,-17.6,1237,12171,52,97,100,98.5,197,-999,-999,NOSAMS,-999,-999,RAPiD-10-1P,Thornalley et al. (2011),2,-999,-999,-999,-999,-999,-999,-999,0,0,2,198.8,2.6,10378,17,-999,-999,1,27.84,1707,0,1.1,56.8,-999,5,538,40,1,190,-999,-999,-999,-999
63,-17.6,1237,12435,101,112,114,113,197,-999,-999,NOSAMS,-999,-999,RAPiD-10-1P,Thornalley et al. (2011),2,-999,-999,-999,-999,-999,-999,-999,0,0,2,237.6,3.2,10375,21,-999,-999,1,27.84,1708,0,1.1,49.6,-999,5,538,40,1,190,-999,-999,-999,-999
63,-17.6,1237,12576,101,119,122,120.5,197,-999,-999,NOSAMS,-999,-999,RAPiD-10-1P,Thornalley et al. (2011),2,-999,-999,-999,-999,-999,-999,-999,0,0,2,243.6,2.7,10473,17,-999,-999,1,27.84,1709,0,1.1,800,-999,5,538,40,1,190,-999,-999,-999,-999
63,-17.6,1237,12586,101,127,130,128.5,197,-999,-999,NOSAMS,-999,-999,RAPiD-10-1P,Thornalley et al. (2011),2,-999,-999,-999,-999,-999,-999,-999,0,0,2,241.8,3.1,10494,20,-999,-999,1,27.84,1710,0,1.1,38,-999,5,538,40,1,190,-999,-999,-999,-999
63,-17.6,1237,12770,200,134,137,135.5,197,-999,-999,NOSAMS,-999,-999,RAPiD-10-1P,Thornalley et al. (2011),2,-999,-999,-999,-999,-999,-999,-999,0,0,2,205.3,3.1,10908,21,-999,-999,1,27.84,1711,0,1.1,17.5,-999,5,538,40,1,190,-999,-999,-999,-999
63,-17.6,1237,13055,201,139,142,140.5,197,-999,-999,NOSAMS,-999,-999,RAPiD-10-1P,Thornalley et al. (2011),2,-999,-999,-999,-999,-999,-999,-999,0,0,2,224.9,3.3,11061,22,-999,-999,1,27.84,1712,0,1.1,5.8,-999,5,538,40,1,190,-999,-999,-999,-999
63,-17.6,1237,13569,400,142,150,146,197,-999,-999,NOSAMS,-999,-999,RAPiD-10-1P,Thornalley et al. (2011),2,-999,-999,-999,-999,-999,-999,-999,0,0,2,208.7,4.1,11663,27,-999,-999,1,27.84,1713,0,1.1,10.8,-999,5,538,40,1,190,-999,-999,-999,-999
63,-17.6,1237,14310,350,150,161,155.5,197,-999,-999,NOSAMS,-999,-999,RAPiD-10-1P,Thornalley et al. (2011),2,-999,-999,-999,-999,-999,-999,-999,0,0,2,213.1,7.5,12353,49,-999,-999,1,27.84,1714,0,1.1,41.7,-999,5,538,40,1,190,-999,-999,-999,-999
63,-17.6,1237,14670,200,165,173,169,197,14100,75,NOSAMS,19.45244693,34.18768691,RAPiD-10-1P,Ezat et al. 2017,2,-999,-999,-999,-999,-999,-999,-999,0,0,2,247.8,5,12477,32,-22,38,1,27.84,1715,0,1.1,70.6,-999,5,538,40,3,190,1623,82,1984,82
63,-17.6,1237,14840,200,177,177,177,197,-999,-999,NOSAMS,-999,-999,RAPiD-10-1P,Ezat et al. 2017,2,-999,-999,-999,-999,-999,-999,-999,0,0,2,273.6,5.9,12477,37,-999,-999,1,27.84,1716,0,1.1,0,-999,5,538,40,3,190,-999,-999,-999,-999
63,-17.6,1237,14874,200,177,183,180,197,14050,75,NOSAMS,51.44605865,35.26060363,RAPiD-10-1P,Ezat et al. 2017,2,-999,-999,-999,-999,-999,-999,-999,0,0,2,275.6,4.6,12504,29,10,39,1,27.84,1717,0,1.1,59.3,-999,5,538,40,3,190,1546,80,1907,80
63,-17.6,1237,15009,200,185,189,187,197,-999,-999,NOSAMS,-999,-999,RAPiD-10-1P,Ezat et al. 2017,2,-999,-999,-999,-999,-999,-999,-999,0,0,2,279.8,5.9,12604,37,-999,-999,1,27.84,1718,0,1.1,67.6,-999,5,538,40,3,190,-999,-999,-999,-999
63,-17.6,1237,15120,202,192.5,192.5,192.5,197,15650,55,NOSAMS,-112.4186582,27.76918719,RAPiD-10-1P,Thornalley et al. (2011),2,-999,-999,-999,-999,-999,-999,-999,0,0,2,285.1,6.5,12677,41,-153,32,1,27.84,1719,0,1.1,61.5,-999,5,538,40,1,190,2973,69,3334,69
63,-17.6,1237,15502,200,216,218,217,197,-999,-999,NOSAMS,-999,-999,RAPiD-10-1P,Ezat et al. 2017,2,-999,-999,-999,-999,-999,-999,-999,0,0,2,303.5,7.3,12942,45,-999,-999,1,27.84,1720,0,1.1,50.4,-999,5,538,40,3,190,-999,-999,-999,-999
63,-17.6,1237,15621,200,222,226,224,197,-999,-999,NOSAMS,-999,-999,RAPiD-10-1P,Ezat et al. 2017,2,-999,-999,-999,-999,-999,-999,-999,0,0,2,306.6,5.8,13040,35,-999,-999,1,27.84,1721,0,1.1,71.9,-999,5,538,40,3,190,-999,-999,-999,-999
63,-17.6,1237,15774,200,233,234,233.5,197,-999,-999,NOSAMS,-999,-999,RAPiD-10-1P,Ezat et al. 2017,2,-999,-999,-999,-999,-999,-999,-999,0,0,2,310.5,6.6,13161,40,-999,-999,1,27.84,1722,0,1.1,59.1,-999,5,538,40,3,190,-999,-999,-999,-999
63,-17.6,1237,15960,200,244,244,244,197,-999,-999,NOSAMS,-999,-999,RAPiD-10-1P,Ezat et al. 2017,2,-999,-999,-999,-999,-999,-999,-999,0,0,2,320.5,6.1,13275,37,-999,-999,1,27.84,1723,0,1.1,44.1,-999,5,538,40,3,190,-999,-999,-999,-999
63,-17.6,1237,16028,200,247,249,248,197,-999,-999,NOSAMS,-999,-999,RAPiD-10-1P,Ezat et al. 2017,2,-999,-999,-999,-999,-999,-999,-999,0,0,2,321.9,6.1,13335,37,-999,-999,1,27.84,1724,0,1.1,68.6,-999,5,538,40,3,190,-999,-999,-999,-999
63,-17.6,1237,16130,200,254,254,254,197,-999,-999,NOSAMS,-999,-999,RAPiD-10-1P,Ezat et al. 2017,2,-999,-999,-999,-999,-999,-999,-999,0,0,2,328.3,5.5,13393,33,-999,-999,1,27.84,1725,0,1.1,58.8,-999,5,538,40,3,190,-999,-999,-999,-999
63,-17.6,1237,16164,200,256,257,256.5,197,-999,-999,NOSAMS,-999,-999,RAPiD-10-1P,Ezat et al. 2017,2,-999,-999,-999,-999,-999,-999,-999,0,0,2,330.8,5.5,13417,33,-999,-999,1,27.84,1726,0,1.1,58.8,-999,5,538,40,3,190,-999,-999,-999,-999
63,-17.6,1237,16266,200,262,263,262.5,197,-999,-999,NOSAMS,-999,-999,RAPiD-10-1P,Ezat et al. 2017,2,-999,-999,-999,-999,-999,-999,-999,0,0,2,334.8,5.7,13490,34,-999,-999,1,27.84,1727,0,1.1,43.8,-999,5,538,40,3,190,-999,-999,-999,-999
63,-17.6,1237,16403,200,268,271,269.5,197,-999,-999,NOSAMS,-999,-999,RAPiD-10-1P,Ezat et al. 2017,2,-999,-999,-999,-999,-999,-999,-999,0,0,2,337.8,6.1,13608,37,-999,-999,1,27.84,1728,0,1.1,58.5,-999,5,538,40,3,190,-999,-999,-999,-999
63,-17.6,1237,16574,200,278,283,280.5,197,-999,-999,NOSAMS,-999,-999,RAPiD-10-1P,Ezat et al. 2017,2,-999,-999,-999,-999,-999,-999,-999,0,0,2,348.4,6.8,13710,41,-999,-999,1,27.84,1729,0,1.1,58.4,-999,5,538,40,3,190,-999,-999,-999,-999
63,-17.6,1237,16711,200,286,289,287.5,197,-999,-999,NOSAMS,-999,-999,RAPiD-10-1P,Ezat et al. 2017,2,-999,-999,-999,-999,-999,-999,-999,0,0,2,356.1,6.7,13800,40,-999,-999,1,27.84,1730,0,1.1,51.1,-999,5,538,40,3,190,-999,-999,-999,-999
63,-17.6,1237,16848,200,293,300,296.5,197,16200,75,NOSAMS,21.52963829,34.25734623,RAPiD-10-1P,Ezat et al. 2017,2,-999,-999,-999,-999,-999,-999,-999,0,0,2,370,6.1,13844,36,-20,38,1,27.84,1731,0,1.1,64.9,-999,5,538,40,3,190,2356,83,2717,83
63,-17.6,1237,17156,200,313,316,314.5,197,-999,-999,NOSAMS,-999,-999,RAPiD-10-1P,Ezat et al. 2017,2,-999,-999,-999,-999,-999,-999,-999,0,0,2,367.7,6.8,14159,40,-999,-999,1,27.84,1732,0,1.1,69.8,-999,5,538,40,3,190,-999,-999,-999,-999
63,-17.6,1237,17242,200,319,319,319,197,-999,-999,NOSAMS,-999,-999,RAPiD-10-1P,Ezat et al. 2017,2,-999,-999,-999,-999,-999,-999,-999,0,0,2,384.5,7.2,14148,42,-999,-999,1,27.84,1733,0,1.1,35.3,-999,5,538,40,3,190,-999,-999,-999,-999
63,-17.6,1237,17327,200,322,326,324,197,-999,-999,NOSAMS,-999,-999,RAPiD-10-1P,Ezat et al. 2017,2,-999,-999,-999,-999,-999,-999,-999,0,0,2,386.8,11.9,14213,69,-999,-999,1,27.84,1734,0,1.1,60.4,-999,5,538,40,3,190,-999,-999,-999,-999
63,-17.6,1237,17807,200,351,353,352,197,15750,80,NOSAMS,213.2751739,41.44321275,RAPiD-10-1P,Ezat et al. 2017,2,-999,-999,-999,-999,-999,-999,-999,0,0,2,413.6,10.7,14525,61,172,45,1,27.84,1735,0,1.1,58.4,-999,5,538,40,3,190,1225,101,1586,101
63,-17.6,1237,17944,200,359,361,360,197,16850,110,NOSAMS,75.68775394,40.76334999,RAPiD-10-1P,Ezat et al. 2017,2,-999,-999,-999,-999,-999,-999,-999,0,0,2,414.4,7.2,14657,41,35,44,1,27.84,1736,0,1.1,65.7,-999,5,538,40,3,190,2193,117,2554,117
63,-17.6,1237,18081,200,368,369,368.5,197,15800,75,NOSAMS,246.3795122,41.79776375,RAPiD-10-1P,Ezat et al. 2017,2,-999,-999,-999,-999,-999,-999,-999,0,0,2,427.7,6.9,14718,39,205,45,1,27.84,1737,0,1.1,58.4,-999,5,538,40,3,190,1082,85,1443,85
63,-17.6,1237,18372,200,385,385,385,197,-999,-999,NOSAMS,-999,-999,RAPiD-10-1P,Ezat et al. 2017,2,-999,-999,-999,-999,-999,-999,-999,0,0,2,385.5,6.9,15240,40,-999,-999,1,27.84,1738,0,1.1,33.3,-999,5,538,40,3,190,-999,-999,-999,-999
63,-17.6,1237,18492,200,389,394,391.5,197,-999,-999,NOSAMS,-999,-999,RAPiD-10-1P,Ezat et al. 2017,2,-999,-999,-999,-999,-999,-999,-999,0,0,2,423,8.1,15143,46,-999,-999,1,27.84,1739,0,1.1,63.1,-999,5,538,40,3,190,-999,-999,-999,-999
63,-17.6,1237,18714,200,403,406,404.5,197,-999,-999,NOSAMS,-999,-999,RAPiD-10-1P,Ezat et al. 2017,2,-999,-999,-999,-999,-999,-999,-999,0,0,2,418.7,6.3,15381,36,-999,-999,1,27.84,1740,0,1.1,76.9,-999,5,538,40,3,190,-999,-999,-999,-999
63,-17.6,1237,18766,200,407,410,408.5,197,16700,70,NOSAMS,210.5377431,39.841904,RAPiD-10-1P,Ezat et al. 2017,2,-999,-999,-999,-999,-999,-999,-999,0,0,2,417.3,6.1,15437,34,169,43,1,27.84,1741,0,1.1,76.9,-999,5,538,40,3,190,1263,78,1624,78
62.3,-17.1,2133,11434,150,443.5,443.5,443.5,198,-999,-999,NOSAMS,-999,-999,RAPiD-15-4P,Thornalley et al. (2011),2,-999,-999,-999,-999,-999,-999,-999,0,0,2,146,3.1,10021,22,-999,-999,1,27.95,1742,0,1.1,33.5,-999,5,550,40,1,191,-999,-999,-999,-999
62.3,-17.1,2133,11747,150,454,454,454,198,-999,-999,NOSAMS,-999,-999,RAPiD-15-4P,Thornalley et al. (2011),2,-999,-999,-999,-999,-999,-999,-999,0,0,2,175.2,3.2,10121,22,-999,-999,1,27.95,1743,0,1.1,19.1,-999,5,550,40,1,191,-999,-999,-999,-999
62.3,-17.1,2133,12296,151,464.5,464.5,464.5,198,-999,-999,NOSAMS,-999,-999,RAPiD-15-4P,Thornalley et al. (2011),2,-999,-999,-999,-999,-999,-999,-999,0,0,2,214.2,3.1,10393,21,-999,-999,1,27.95,1744,0,1.1,10,-999,5,550,40,1,191,-999,-999,-999,-999
62.3,-17.1,2133,12597,151,467.5,467.5,467.5,198,-999,-999,NOSAMS,-999,-999,RAPiD-15-4P,Thornalley et al. (2011),2,-999,-999,-999,-999,-999,-999,-999,0,0,2,241.2,2.7,10508,17,-999,-999,1,27.95,1745,0,1.1,21.4,-999,5,550,40,1,191,-999,-999,-999,-999
62.3,-17.1,2133,12831,200,472.5,472.5,472.5,198,-999,-999,NOSAMS,-999,-999,RAPiD-15-4P,Thornalley et al. (2011),2,-999,-999,-999,-999,-999,-999,-999,0,0,2,207.2,3.4,10964,23,-999,-999,1,27.95,1746,0,1.1,14.4,-999,5,550,40,1,191,-999,-999,-999,-999
62.3,-17.1,2133,13388,201,480.5,480.5,480.5,198,-999,-999,NOSAMS,-999,-999,RAPiD-15-4P,Thornalley et al. (2011),2,-999,-999,-999,-999,-999,-999,-999,0,0,2,205.2,3.9,11511,26,-999,-999,1,27.95,1747,0,1.1,19.6,-999,5,550,40,1,191,-999,-999,-999,-999
62.3,-17.1,2133,13592,201,484.5,484.5,484.5,198,-999,-999,NOSAMS,-999,-999,RAPiD-15-4P,Thornalley et al. (2011),2,-999,-999,-999,-999,-999,-999,-999,0,0,2,196.8,4.3,11772,29,-999,-999,1,27.95,1748,0,1.1,42.1,-999,5,550,40,1,191,-999,-999,-999,-999
62.3,-17.1,2133,13687,151,488.5,488.5,488.5,198,-999,-999,NOSAMS,-999,-999,RAPiD-15-4P,Thornalley et al. (2011),2,-999,-999,-999,-999,-999,-999,-999,0,0,2,200.3,3.8,11836,25,-999,-999,1,27.95,1749,0,1.1,32.1,-999,5,550,40,1,191,-999,-999,-999,-999
62.3,-17.1,2133,13796,151,492,492,492,198,-999,-999,NOSAMS,-999,-999,RAPiD-15-4P,Thornalley et al. (2011),2,-999,-999,-999,-999,-999,-999,-999,0,0,2,195.6,3.4,11974,23,-999,-999,1,27.95,1750,0,1.1,48.6,-999,5,550,40,1,191,-999,-999,-999,-999
62.3,-17.1,2133,13971,151,500.5,500.5,500.5,198,-999,-999,NOSAMS,-999,-999,RAPiD-15-4P,Thornalley et al. (2011),2,-999,-999,-999,-999,-999,-999,-999,0,0,2,217,5.9,12007,39,-999,-999,1,27.95,1751,0,1.1,21,-999,5,550,40,1,191,-999,-999,-999,-999
62.3,-17.1,2133,14447,151,510.5,510.5,510.5,198,-999,-999,NOSAMS,-999,-999,RAPiD-15-4P,Thornalley et al. (2011),2,-999,-999,-999,-999,-999,-999,-999,0,0,2,226.1,4.1,12403,27,-999,-999,1,27.95,1752,0,1.1,13.4,-999,5,550,40,1,191,-999,-999,-999,-999
62.3,-17.1,2133,15045,201,518.5,518.5,518.5,198,-999,-999,NOSAMS,-999,-999,RAPiD-15-4P,Thornalley et al. (2011),2,-999,-999,-999,-999,-999,-999,-999,0,0,2,282.4,5.7,12626,36,-999,-999,1,27.95,1753,0,1.1,9.2,-999,5,550,40,1,191,-999,-999,-999,-999
62.3,-17.1,2133,15371,251,521.5,521.5,521.5,198,-999,-999,NOSAMS,-999,-999,RAPiD-15-4P,Thornalley et al. (2011),2,-999,-999,-999,-999,-999,-999,-999,0,0,2,290.5,6.4,12896,40,-999,-999,1,27.95,1754,0,1.1,9.2,-999,5,550,40,1,191,-999,-999,-999,-999
61.5,-19.5,2303,14286,251,973,973,973,199,-999,-999,NOSAMS,-999,-999,RAPiD-17-5P,Thornalley et al. (2011),2,-999,-999,-999,-999,-999,-999,-999,0,0,2,213,7.5,12335,50,-999,-999,1,28,1755,0,1.1,8.9,-999,5,549,40,1,192,-999,-999,-999,-999
61.5,-19.5,2303,14789,251,977.5,977.5,977.5,199,-999,-999,NOSAMS,-999,-999,RAPiD-17-5P,Thornalley et al. (2011),2,-999,-999,-999,-999,-999,-999,-999,0,0,2,278.6,7.2,12397,45,-999,-999,1,28,1756,0,1.1,7.2,-999,5,549,40,1,192,-999,-999,-999,-999
61.5,-19.5,2303,15555,301,983,983,983,199,-999,-999,NOSAMS,-999,-999,RAPiD-17-5P,Thornalley et al. (2011),2,-999,-999,-999,-999,-999,-999,-999,0,0,2,305.7,7.3,12977,45,-999,-999,1,28,1757,0,1.1,7.1,-999,5,549,40,1,192,-999,-999,-999,-999
61.5,-19.5,2303,16046,301,986.5,986.5,986.5,199,-999,-999,NOSAMS,-999,-999,RAPiD-17-5P,Thornalley et al. (2011),2,-999,-999,-999,-999,-999,-999,-999,0,0,2,322.6,6.2,13350,38,-999,-999,1,28,1758,0,1.1,5.1,-999,5,549,40,1,192,-999,-999,-999,-999
61.5,-19.5,2303,16728,351,990,993,991.5,199,-999,-999,NOSAMS,-999,-999,RAPiD-17-5P,Thornalley et al. (2011),2,-999,-999,-999,-999,-999,-999,-999,0,0,2,357.1,6.8,13804,40,-999,-999,1,28,1759,0,1.1,11.3,-999,5,549,40,1,192,-999,-999,-999,-999
61.5,-19.5,2303,18050,401,1005,1007,1006,199,-999,-999,NOSAMS,-999,-999,RAPiD-17-5P,Thornalley et al. (2011),2,-999,-999,-999,-999,-999,-999,-999,0,0,2,423.3,6.8,14704,38,-999,-999,1,28,1760,0,1.1,12.8,-999,5,549,40,2,192,-999,-999,-999,-999
61.5,-19.5,2303,20240,701,1033,1035,1034,199,-999,-999,NOSAMS,-999,-999,RAPiD-17-5P,Thornalley et al. (2011),2,-999,-999,-999,-999,-999,-999,-999,0,0,2,441.8,7.2,16728,40,-999,-999,1,28,1761,0,1.1,11.5,-999,5,549,40,2,192,-999,-999,-999,-999
61.5,-19.5,2303,21373,701,1046,1051,1048.5,199,-999,-999,NOSAMS,-999,-999,RAPiD-17-5P,Thornalley et al. (2011),2,-999,-999,-999,-999,-999,-999,-999,0,0,2,476.2,9.3,17647,51,-999,-999,1,28,1762,0,1.1,11.5,-999,5,549,40,2,192,-999,-999,-999,-999
69.37,6.55,2711,8520,200,28,28,28,200,8290,35,OS-95863,-1.38845926,28.51383333,PS1243,Thornalley et al. 2015,4,-999,-999,-999,-999,-999,-999,-999,0,0,2,71.2,2.7,7726,20,-936,999,0,28.2,1763,0,1.1,4.5,-63.9,5,530,40,3,193,564,40,-965,40
69.37,6.55,2711,8520,200,28,28,28,200,-999,-999,OS-105126,-999,-999,PS1243,Thornalley et al. 2015,4,-999,-999,-999,-999,-999,-999,-999,0,0,2,71.2,2.7,7726,20,-999,-999,0,28.2,1764,0,1.1,4.5,-63.9,5,530,40,3,193,-999,-999,-999,-999
69.37,6.55,2711,10290,200,36,36,36,200,9530,40,OS-95864,60.08765101,30.92929793,PS1243,Thornalley et al. 2015,4,-999,-999,-999,-999,-999,-999,-999,0,0,2,106.5,3,9186,22,-875,999,0,28.2,1765,0,1.1,5.2,-63.9,5,530,40,3,193,344,46,-1185,46
69.37,6.55,2711,12020,200,45,45,45,200,18000,100,OS-95865,-544.6929479,16.68674016,PS1243,Thornalley et al. 2015,4,-999,-999,-999,-999,-999,-999,-999,0,0,2,185,2.6,10316,18,-1480,999,0,28.2,1766,0,1.1,4,-63.9,5,530,40,3,193,7684,102,6155,102
69.37,6.55,2711,12520,200,47,47,47,200,-999,-999,OS-96587,-999,-999,PS1243,Thornalley et al. 2015,4,-999,-999,-999,-999,-999,-999,-999,0,0,2,221.7,2.8,10557,18,-999,-999,0,28.2,1767,0,1.1,4.1,-63.9,5,530,40,3,193,-999,-999,-999,-999
69.37,6.55,2711,13500,200,51,51,51,200,9240,40,*OS-95866,620.5141446,47.2803968,PS1243,Thornalley et al. 2015,4,-999,-999,-999,-999,-999,-999,-999,0,0,2,199.5,4.8,11656,32,-315,1000,0,28.2,1768,0,1.1,3.6,-63.9,5,530,40,3,193,-2416,51,-3945,51
69.37,6.55,2711,14050,200,53,53,53,200,14250,65,OS-95867,-71.70367691,29.97450574,PS1243,Thornalley et al. 2015,4,-999,-999,-999,-999,-999,-999,-999,0,0,2,208.7,4.2,12130,28,-1007,999,0,28.2,1769,0,1.1,4,-63.9,5,530,40,3,193,2120,71,591,71
69.37,6.55,2711,14300,200,54,54,54,200,-999,-999,OS-96596,-999,-999,PS1243,Thornalley et al. 2015,4,-999,-999,-999,-999,-999,-999,-999,0,0,2,213.3,7.9,12343,52,-999,-999,0,28.2,1770,0,1.1,2.4,-63.9,5,530,40,3,193,-999,-999,-999,-999
69.37,6.55,2711,15150,200,56,56,56,200,-999,-999,OS-96588,-999,-999,PS1243,Thornalley et al. 2015,4,-999,-999,-999,-999,-999,-999,-999,0,0,2,285.1,6,12707,38,-999,-999,0,28.2,1771,0,1.1,1.8,-63.9,5,530,40,3,193,-999,-999,-999,-999
69.37,6.55,2711,16000,200,57.5,57.5,57.5,200,19850,130,OS-95868,-414.7118916,23.63790678,PS1243,Thornalley et al. 2015,4,-999,-999,-999,-999,-999,-999,-999,0,0,2,321.4,5.9,13309,36,-1350,999,0,28.2,1772,0,1.1,2.5,-63.9,5,530,40,3,193,6541,135,5012,135
69.37,6.55,2711,16200,200,58,58,58,200,-999,-999,OS-95869,-999,-999,PS1243,Thornalley et al. 2015,4,-999,-999,-999,-999,-999,-999,-999,0,0,2,332.3,5.8,13437,35,-999,-999,0,28.2,1773,0,1.1,2.5,-63.9,5,530,40,3,193,-999,-999,-999,-999
69.37,6.55,2711,17000,200,60,60,60,200,17100,95,OS-95870,-69.79504852,33.51210163,PS1243,Thornalley et al. 2015,4,-999,-999,-999,-999,-999,-999,-999,0,0,2,377.3,6.2,13947,36,-1005,1000,0,28.2,1774,0,1.1,1.1,-63.9,5,530,40,3,193,3153,102,1624,102
69.37,6.55,2711,18800,200,62,62,62,200,-999,-999,OS-96589,-999,-999,PS1243,Thornalley et al. 2015,4,-999,-999,-999,-999,-999,-999,-999,0,0,2,414.4,6.3,15483,36,-999,-999,0,28.2,1775,0,1.1,1.5,-63.9,5,530,40,2,193,-999,-999,-999,-999
69.37,6.55,2711,20500,200,64.5,64.5,64.5,200,-999,-999,OS-95871,-999,-999,PS1243,Thornalley et al. 2015,4,-999,-999,-999,-999,-999,-999,-999,0,0,2,442.7,8.1,16976,45,-999,-999,0,28.2,1776,0,1.1,1.6,-63.9,5,530,40,2,193,-999,-999,-999,-999
69.37,6.55,2711,22050,200,67,67,67,200,-999,-999,OS-95872,-999,-999,PS1243,Thornalley et al. 2015,4,-999,-999,-999,-999,-999,-999,-999,0,0,2,514.3,8.7,18093,46,-999,-999,0,28.2,1777,0,1.1,1.5,-63.9,5,530,40,2,193,-999,-999,-999,-999
69.37,6.55,2711,23350,200,69,69,69,200,-999,-999,OS-95873,-999,-999,PS1243,Thornalley et al. 2015,4,-999,-999,-999,-999,-999,-999,-999,0,0,2,501.7,10.6,19423,57,-999,-999,0,28.2,1778,0,1.1,1.6,-63.9,5,530,40,3,193,-999,-999,-999,-999
69.37,6.55,2711,25840,200,73,73,73,200,-999,-999,OS-96595,-999,-999,PS1243,Thornalley et al. 2015,4,-999,-999,-999,-999,-999,-999,-999,0,0,2,568.7,13.4,21492,68,-999,-999,0,28.2,1779,0,1.1,1.6,-63.9,5,530,40,3,193,-999,-999,-999,-999
69.37,6.55,2711,28300,200,77,77,77,200,-999,-999,OS-95874,-999,-999,PS1243,Thornalley et al. 2015,4,-999,-999,-999,-999,-999,-999,-999,0,0,2,524.3,11.2,24113,59,-999,-999,0,28.2,1780,0,1.1,1.6,-63.9,5,530,40,3,193,-999,-999,-999,-999
0.4,-92.15,2730,1978,77.25,5,5,5,203,3905,25,143508,-218.7461971,9.731973736,TR163-23,Umling and Thunell 2017,4,-999,N. dutertrei,2440,25,UCI: 142516,-62.44747652,2.922360718,0,0,2,-10.7,1.7,2010,13,-219,10,2,28,1867,0,0,7.2,-212.5,5,1919,40,3,194,1895,28,1897,28
0.4,-92.15,2730,5459,467.5,30,30,30,203,6705,30,152087,-159.9935094,50.67024614,TR163-23,Umling and Thunell 2017,4,-999,-999,-999,-999,-999,-999,-999,0,0,2,79.1,2.1,4694,16,-160,51,2,28,1868,0,0,7.3,-212.5,5,1919,40,3,194,2011,34,2013,34
0.4,-92.15,2730,9656,59.25,60.5,60.5,60.5,203,10275,40,143509,-105.1340059,10.86976553,TR163-23,Umling and Thunell 2017,4,-999,N. dutertrei,9090,20,-999,37.10709245,2.585333556,0,0,2,88.9,3,8702,22,-105,11,2,28,1869,0,0,9.3,-212.5,5,1919,40,3,194,1573,46,1575,46
0.4,-92.15,2730,10726,68.75,70.5,70.5,70.5,203,11070,40,143510,-77.45377538,12.26621924,TR163-23,Umling and Thunell 2017,4,-999,N. dutertrei,9920,25,-999,64.53881825,3.318178286,0,0,2,123.1,4.8,9494,34,-78,12,2,28,1870,0,0,13.6,-212.5,5,1919,40,3,194,1576,52,1578,52
0.4,-92.15,2730,11058,111.25,75,75,75,203,11575,35,152088,-98.16509194,16.06626838,TR163-23,Umling and Thunell 2017,4,-999,-999,-999,-999,-999,-999,-999,0,0,2,161.1,3.1,9547,21,-98,16,2,28,1871,0,0,13.8,-212.5,5,1919,40,3,194,2028,41,2030,41
0.4,-92.15,2730,11421,108,80,80,80,203,11745,45,152089,-77.4161275,17.2218413,TR163-23,Umling and Thunell 2017,4,-999,-999,-999,-999,-999,-999,-999,0,0,2,143.6,3.3,10029,23,-78,17,2,28,1872,0,0,10.4,-212.5,5,1919,40,3,194,1716,51,1718,51
0.4,-92.15,2730,11904,180,85,85,85,203,12540,55,143511,-114.071195,25.35880843,TR163-23,Umling and Thunell 2017,4,-999,N. dutertrei,11250,25,-999,40.25813507,3.24249515,0,0,2,184.5,2.9,10213,20,-114,25,2,28,1873,0,0,10.2,-212.5,5,1919,40,3,194,2327,59,2329,59
0.4,-92.15,2730,12394,203.5,90,90,90,203,13055,40,144881,-118.3476199,26.09666641,TR163-23,Umling and Thunell 2017,4,-999,N. dutertrei,12270,35,-999,-27.84063322,4.244965865,0,0,2,234.8,3.1,10355,20,-119,26,2,28,1874,0,0,10.1,-212.5,5,1919,40,3,194,2700,45,2702,45
0.4,-92.15,2730,12642,196.75,92.5,92.5,92.5,203,13020,60,152090,-87.53140441,28.53629538,TR163-23,Umling and Thunell 2017,4,-999,N. dutertrei,11945,20,-999,43.12537016,2.60033611,0,0,2,236.7,2.7,10585,17,-88,29,2,28,1875,0,0,10.1,-212.5,5,1919,40,3,194,2435,62,2437,62
0.4,-92.15,2730,12890,183.5,95,95,95,203,13500,45,144882,-114.2817102,24.62488004,TR163-23,Umling and Thunell 2017,4,-999,N. dutertrei,12425,35,-999,12.54467646,4.421309649,0,0,2,211.8,3.2,10982,21,-115,25,2,28,1876,0,0,10,-212.5,5,1919,40,3,194,2518,50,2520,50
0.4,-92.15,2730,13140,148.25,97.5,97.5,97.5,203,13040,50,147285,-33.28527105,23.3552661,TR163-23,Umling and Thunell 2017,4,-999,N. dutertrei,11760,35,-999,133.7048273,4.950359434,0,0,2,209.5,3.4,11240,23,-34,23,2,28,1877,0,0,10,-212.5,5,1919,40,3,194,1800,55,1802,55
0.4,-92.15,2730,13389,90.5,100,100,100,203,13960,60,143512,-111.5346708,16.36319457,TR163-23,Umling and Thunell 2017,4,-999,N. dutertrei,12575,40,-999,55.64730633,5.269662397,0,0,2,205.2,3.9,11511,26,-112,16,2,28,1878,0,0,9.8,-212.5,5,1919,40,3,194,2449,65,2451,65
0.4,-92.15,2730,13897,145.25,105,105,105,203,13770,45,144883,-32.61438166,22.41802203,TR163-23,Umling and Thunell 2017,4,-999,N. dutertrei,12605,35,-999,118.3659867,4.883381882,0,0,2,196.3,4,12067,27,-33,22,2,28,1879,0,0,9.8,-212.5,5,1919,40,3,194,1703,52,1705,52
0.4,-92.15,2730,14152,138.25,107.5,107.5,107.5,203,13890,60,147286,-17.10298836,23.78086441,TR163-23,Umling and Thunell 2017,4,-999,N. dutertrei,12630,40,-999,149.8161358,5.73974169,0,0,2,203.8,3.3,12269,22,-17,24,2,28,1880,0,0,9.8,-212.5,5,1919,40,3,194,1621,64,1623,64
0.4,-92.15,2730,14661,164.25,112.5,112.5,112.5,203,13780,60,147287,59.72843136,28.97376502,TR163-23,Umling and Thunell 2017,4,-999,N. dutertrei,12600,45,-999,227.4105919,6.895116633,0,0,2,247.8,5,12477,32,59,29,2,28,1881,0,0,9.6,-212.5,5,1919,40,3,194,1303,68,1305,68
0.4,-92.15,2730,14921,220,115,115,115,203,14760,60,144884,-32.01021083,32.99646592,TR163-23,Umling and Thunell 2017,4,-999,N. dutertrei,13095,35,-999,190.9320919,5.200244169,0,0,2,279.8,5.4,12525,34,-32,33,2,28,1882,0,0,9.4,-212.5,5,1919,40,3,194,2235,69,2237,69
0.4,-92.15,2730,15186,259.5,117.5,117.5,117.5,203,15750,80,147288,-116.3729631,36.54731461,TR163-23,Umling and Thunell 2017,4,-999,N. dutertrei,14160,50,-999,77.03652889,6.724731773,0,0,2,286.4,5.6,12737,35,-117,37,2,28,1883,0,0,9.5,-212.5,5,1919,40,3,194,3013,87,3015,87
0.4,-92.15,2730,15448,292.25,120,120,120,203,15660,70,143513,-77.64413068,40.65718276,TR163-23,Umling and Thunell 2017,4,-999,N. dutertrei,14260,45,-999,97.96331964,6.167932066,0,0,2,298.4,6.8,12915,42,-78,41,2,28,1884,0,0,9.4,-212.5,5,1919,40,3,194,2745,82,2747,82
0.4,-92.15,2730,15714,319.75,122.5,122.5,122.5,203,15830,60,152091,-67.42969519,43.0506589,TR163-23,Umling and Thunell 2017,4,-999,N. dutertrei,14430,25,-999,110.1224828,3.46026303,0,0,2,309.1,6.7,13112,41,-68,43,2,28,1885,0,0,9.4,-212.5,5,1919,40,3,194,2718,73,2720,73
0.4,-92.15,2730,15981,340.25,125,125,125,203,16230,60,144885,-83.60542553,44.578903,TR163-23,Umling and Thunell 2017,4,-999,N. dutertrei,14970,45,-999,72.02001432,6.022192639,0,0,2,321.2,5.9,13300,36,-84,45,2,28,1886,0,0,9.4,-212.5,5,1919,40,3,194,2930,70,2932,70
0.4,-92.15,2730,16511,379,130,130,130,203,16690,50,152092,-77.30977434,48.06550066,TR163-23,Umling and Thunell 2017,4,-999,N. dutertrei,15085,30,-999,126.7519396,4.215829237,0,0,2,346.3,7,13664,42,-78,48,2,28,1887,0,0,9.4,-212.5,5,1919,40,3,194,3026,65,3028,65
0.4,-92.15,2730,17045,407.5,135,135,135,203,17070,80,147289,-61.21840074,55.65657008,TR163-23,Umling and Thunell 2017,4,-999,N. dutertrei,15505,50,-999,140.7077994,7.122278379,0,0,2,372.8,7,14022,41,-61,56,2,28,1888,0,0,9.5,-212.5,5,1919,40,3,194,3048,90,3050,90
0.4,-92.15,2730,17571,436.5,140,140,140,203,17890,50,152093,-96.63163424,53.35193623,TR163-23,Umling and Thunell 2017,4,-999,N. dutertrei,16625,35,-999,57.43962771,4.617344931,0,0,2,385.3,6.6,14464,38,-97,53,2,28,1889,0,0,9.6,-212.5,5,1919,40,3,194,3426,63,3428,63
0.4,-92.15,2730,18093,462.5,145,145,145,203,18310,90,143514,-86.76915236,61.36873227,TR163-23,Umling and Thunell 2017,4,-999,N. dutertrei,16990,60,-999,76.32836366,8.069399033,0,0,2,428.8,6.9,14721,39,-87,61,2,28,1890,0,0,9.5,-212.5,5,1919,40,3,194,3589,98,3591,98
0.4,-92.15,2730,20682,468.25,169.5,169.5,169.5,203,20180,90,152094,-10.32974942,67.19534865,TR163-23,Umling and Thunell 2017,4,-999,N. dutertrei,18960,70,-999,151.9890421,10.08236065,0,0,2,448.4,7.3,17129,41,-11,67,2,28,1891,0,0,9.5,-212.5,5,1919,40,3,194,3051,99,3053,99
32.8,-76.2,1903,10846,213,165,165,165,204,10200,35,NOSAMS,43.10411795,31.42525642,KNR140 GGC50,Zhao 2017 Thesis,3,-999,G. sacculifer,9970,40,-999,73.40183462,5.358290833,0,0,2,127.2,3,9581,21,13,35,1,27.95,1892,0,0,-999,-76.2,5,637,40,1,195,619,41,881,41
36,-74.7,1006,2190,122.5,72,72,72,205,2920,40,NOSAMS,-93.8875713,17.93985165,KNR178 JPC32,Zhao 2017 Thesis,3,-999,G. inflata,2630,30,-999,-60.57829842,3.514918712,0,0,2,-14.3,1.8,2244,14,-130,24,1,27.61,1893,0,0,25.6,-69.9,2.9,582,23,1,196,676,42,993,42
36,-74.7,1006,3285,133.5,100,100,100,205,3760,30,NOSAMS,-68.26440876,18.52704728,KNR178 JPC32,Zhao 2017 Thesis,3,-999,G. inflata,3580,45,-999,-47.15081063,5.352737167,0,0,2,15.5,2,3074,16,-104,25,1,27.61,1894,0,0,39.3,-69.9,2.9,582,23,1,196,686,34,1003,34
36,-74.7,1006,9393,133.25,340,340,340,205,9700,55,NOSAMS,-68.83128488,21.38622401,KNR178 JPC32,Zhao 2017 Thesis,3,-999,G. inflata,8910,45,-999,27.39814217,5.771524269,0,0,2,107.9,3.2,8311,23,-105,27,1,27.61,1895,0,0,66.5,-69.9,2.9,582,23,1,196,1389,60,1706,60
36,-74.7,1006,14655,209,690,690,690,205,13650,65,NOSAMS,76.23640558,35.92375513,KNR178 JPC32,Zhao 2017 Thesis,3,-999,N. pachyderma (d.+s.),12950,55,-999,174.227742,8.067237855,0,0,2,245.8,4.5,12480,29,40,39,1,27.61,1896,0,0,66.5,-69.9,2.9,582,23,1,196,1170,71,1487,71
43.4,-60.2,965,17449,149.875,1015,1016,1015.5,206,15850,65,NOSAMS,147.4821456,30.09149847,KNR197-10 CDH46,Zhao 2017 Thesis,3,-999,Mixed PF,15050,70,-999,267.6430347,11.0945797,0,0,2,374.6,8.3,14400,48,114,34,1,27.9,1897,0,0,292.5,-999,5,607,40,1,197,1450,81,1742,81
43.4,-60.2,965,18763.5,146.625,1399.5,1399.5,1399.5,206,17600,100,NOSAMS,81.90613534,32.66211137,KNR197-10 CDH46,Zhao 2017 Thesis,3,-999,Mixed PF,16300,75,-999,271.9572639,11.93122363,0,0,2,417.3,6.1,15437,34,49,36,1,27.9,1898,0,0,292.5,-999,5,607,40,1,197,2163,106,2455,106
43.1,-49,1520,8294.5,112.375,51.5,51.5,51.5,207,8590,30,NOSAMS,-63.88083535,16.2216943,KNR197-10 GGC36,Zhao 2017 Thesis,3,-999,N. pachyderma (s.),7970,30,-999,11.23173543,3.783601489,0,0,2,81.4,2.7,7436,20,-122,23,1,27.92,1899,0,0,46.5,-47.6,5,392,40,1,198,1154,36,1661,36
43.1,-49,1520,9327.5,104.875,99.5,99.5,99.5,207,9110,35,NOSAMS,-5.774100926,16.94541993,KNR197-10 GGC36,Zhao 2017 Thesis,3,-999,N. pachyderma (s.),8870,40,-999,24.37833164,5.113571495,0,0,2,93.6,3.2,8347,24,-64,23,1,27.92,1900,0,0,69.5,-47.6,5,392,40,1,198,763,42,1270,42
43.1,-49,1520,10069,93.25,151,151,151,207,9940,40,NOSAMS,-19.23329476,15.94723057,KNR197-10 GGC36,Zhao 2017 Thesis,3,-999,N. pachyderma (s.),9420,40,-999,46.35460171,5.223274351,0,0,2,120.9,2.9,8868,21,-77,23,1,27.92,1901,0,0,75.9,-47.6,5,392,40,1,198,1072,45,1579,45
43.1,-49,1520,10392,108.25,175.5,175.5,175.5,207,10100,35,NOSAMS,-0.267458852,17.4474754,KNR197-10 GGC36,Zhao 2017 Thesis,3,-999,N. pachyderma (s.),9600,40,-999,63.93654606,5.311041269,0,0,2,116.7,3.5,9219,25,-59,24,1,27.92,1902,0,0,41.4,-47.6,5,392,40,1,198,881,43,1388,43
43.1,-49,1520,11359,112.375,215.5,215.5,215.5,207,10650,35,NOSAMS,49.41831399,18.83831082,KNR197-10 GGC36,Zhao 2017 Thesis,3,-999,N. pachyderma (s.),10400,45,-999,82.59143873,6.081578801,0,0,2,139.8,4,9987,28,-9,25,1,27.92,1903,0,0,51.7,-47.6,5,392,40,1,198,663,45,1170,45
43.1,-49,1520,11823.5,110.75,239.5,239.5,239.5,207,10800,35,NOSAMS,89.5342382,19.34424148,KNR197-10 GGC36,Zhao 2017 Thesis,3,-999,N. pachyderma (s.),10650,35,-999,110.0702199,4.847158143,0,0,2,175.8,3.9,10195,26,31,25,1,27.92,1904,0,0,47.2,-47.6,5,392,40,1,198,605,44,1112,44
43.1,-49,1520,12162.5,111.125,255.5,255.5,255.5,207,10900,35,NOSAMS,121.0974395,19.95549562,KNR197-10 GGC36,Zhao 2017 Thesis,3,-999,N. pachyderma (s.),10900,35,-999,121.0974395,4.895308861,0,0,2,199.6,2.6,10364,18,63,26,1,27.92,1905,0,0,50.4,-47.6,5,392,40,1,198,536,39,1043,39
43.1,-49,1520,12718,87.5,283.5,283.5,283.5,207,11500,50,NOSAMS,112.7239715,18.70418537,KNR197-10 GGC36,Zhao 2017 Thesis,3,-999,N. pachyderma (s.),11450,45,-999,119.6715262,6.289880351,0,0,2,230.2,3.3,10696,21,54,25,1,27.92,1906,0,0,104.1,-47.6,5,392,40,1,198,804,54,1311,54
43.1,-49,1520,12948.5,64,307.5,307.5,307.5,207,12050,50,NOSAMS,68.46752949,14.92264703,KNR197-10 GGC36,Zhao 2017 Thesis,3,-999,N. pachyderma (s.),11650,40,-999,123.0183365,5.605970349,0,0,2,212.3,3.1,11037,21,10,22,1,27.92,1907,0,0,120.8,-47.6,5,392,40,1,198,1013,54,1520,54
43.1,-49,1520,13081,61.875,323.5,323.5,323.5,207,12050,40,NOSAMS,85.73044967,13.53293485,KNR197-10 GGC36,Zhao 2017 Thesis,3,-999,N. pachyderma (s.),11800,40,-999,120.051436,5.591159945,0,0,2,218.7,4.2,11131,27,27,21,1,27.92,1908,0,0,154.3,-47.6,5,392,40,1,198,919,48,1426,48
43.1,-49,1520,13236.5,59.375,347.5,347.5,347.5,207,12250,40,NOSAMS,79.14106308,13.12443764,KNR197-10 GGC36,Zhao 2017 Thesis,3,-999,N. pachyderma (s.),11900,35,-999,127.1988771,4.921950989,0,0,2,205,4,11367,27,21,21,1,27.92,1909,0,0,133.8,-47.6,5,392,40,1,198,883,48,1390,48
43.1,-49,1520,13386,64.75,367.5,367.5,367.5,207,12550,55,NOSAMS,58.55356296,15.53917439,KNR197-10 GGC36,Zhao 2017 Thesis,3,-999,N. pachyderma (s.),12050,40,-999,126.5351234,5.62352572,0,0,2,205.2,3.9,11511,26,0,23,1,27.92,1910,0,0,125.3,-47.6,5,392,40,1,198,1039,61,1546,61
43.1,-49,1520,13577.5,85.875,391.5,391.5,391.5,207,12400,55,NOSAMS,103.7801356,19.02397769,KNR197-10 GGC36,Zhao 2017 Thesis,3,-999,N. pachyderma (s.),12200,40,-999,131.6062393,5.648840111,0,0,2,204.6,3.9,11701,26,46,25,1,27.92,1911,0,0,125.3,-47.6,5,392,40,1,198,699,61,1206,61
37.1,-31.9,2127,13019,159.5,67.5,67.5,67.5,208,11800,45,NOSAMS,111.6828093,27.67872392,KNR197-10 GGC5,Keigwin and Boyle 2008,3,-999,G. inflata,11700,40,-999,125.6082554,5.618898908,0,0,2,218.2,3.1,11066,21,87,28,1,28,1912,0,0,-999,-999,5,684,40,1,199,734,50,948,50
40,-69,1828,16756,97.75,261,261,261,209,15300,90,NOSAMS,129.991838,26.02364385,KNR198 CDH36,Zhao 2017 Thesis,3,-999,Mixed PF,14450,75,-999,256.1153826,11.78262349,0,0,2,360.2,6.4,13815,38,96,31,1,27.93,1913,0,0,221,-999,5,595,40,1,200,1485,98,1788,98
40,-69,1828,16937,94,301,301,301,209,15500,90,NOSAMS,126.6035398,25.43443923,KNR198 CDH36,Zhao 2017 Thesis,3,-999,Mixed PF,14750,80,-999,236.8554848,12.37928398,0,0,2,376.7,6.4,13892,37,92,30,1,27.93,1914,0,0,236,-999,5,595,40,1,200,1608,97,1911,97
40,-69,1828,17231.5,93.75,370.5,370.5,370.5,209,15900,95,NOSAMS,110.7509919,25.73449838,KNR198 CDH36,Zhao 2017 Thesis,3,-999,N. pachyderma (s.),14900,80,-999,257.9996109,12.59090866,0,0,2,382.9,7.9,14148,46,76,30,1,27.93,1915,0,0,235.5,-999,5,595,40,1,200,1752,106,2055,106
40,-69,1828,17361,98.5,401,401,401,209,15850,90,NOSAMS,135.3322864,26.24966125,KNR198 CDH36,Zhao 2017 Thesis,3,-999,Mixed PF,15050,80,-999,254.2208786,12.55308856,0,0,2,381.9,11.5,14280,67,101,31,1,27.93,1916,0,0,235.5,-999,5,595,40,1,200,1570,112,1873,112
39.2,-68,3308,13790,91.5,219,219,219,210,12600,45,NOSAMS,104.6715882,18.41572196,KNR198 GGC15,Zhao 2017 Thesis,3,-999,G. inflata,12350,45,-999,139.5913222,6.401782038,0,0,2,202.6,3.6,11918,24,72,18,1,28.1,1917,0,0,76.7,-999,5,727,40,1,201,682,51,977,51
39.2,-68,3308,14103,86.75,243,243,243,210,13100,55,NOSAMS,78.06332685,18.69486284,KNR198 GGC15,Zhao 2017 Thesis,3,-999,G. inflata,12700,45,-999,133.104049,6.365339054,0,0,2,200.9,3.5,12240,23,45,19,1,28.1,1918,0,0,82,-999,5,727,40,1,201,860,60,1155,60
39.2,-68,3308,14225,90.5,253,253,253,210,13300,55,NOSAMS,67.18718317,18.99042022,KNR198 GGC15,Zhao 2017 Thesis,3,-999,G. inflata,12750,50,-999,142.8143608,7.135431192,0,0,2,207,3.4,12316,22,34,19,1,28.1,1919,0,0,82,-999,5,727,40,1,201,984,59,1279,59
33.7,-57.6,4583,12419,769.5,200,200,200,211,11800,190,NOSAMS,33.85774893,120.9599642,KNR31 GPC5,Zhao 2017 Thesis,3,-999,-999,11150,310,-999,120.9913342,44.10552737,0,0,2,239.9,3,10341,20,12,121,1,28.1,1920,0,0,-999,-999,5,827,40,1,202,1459,191,1654,191
43.1,-55.8,3525,12573,140,203,203,203,212,12050,40,NOSAMS,21.02175946,22.37672798,OCE326 GGC14,Zhao 2017 Thesis,3,-999,-999,11200,40,-999,134.9826564,5.665694773,0,0,2,243.6,2.7,10473,17,-9,22,1,28.1,1921,0,0,-999,-999,5,752,40,1,203,1577,43,1848,43
43.5,-54.9,3975,3881,152,127,127,127,213,4120,35,NOSAMS,-42.49800589,21.77871168,OCE326 GGC26,Zhao 2017 Thesis,3,-999,-999,3990,40,-999,-26.87645462,4.857713863,0,0,2,24.1,2.1,3589,16,-79,22,1,28.1,1922,0,0,28.3,-83.1,5,697,40,1,204,531,38,856,38
43.5,-54.9,3975,6288,140,195,195,195,213,6250,100,NOSAMS,-17.27513505,28.88000262,OCE326 GGC26,Zhao 2017 Thesis,3,-999,-999,6110,50,-999,0.002017807,6.243748621,0,0,2,81.5,2.2,5482,16,-54,29,1,28.1,1923,1,0,42.5,-83.1,5,697,40,1,204,768,101,1093,101
43.5,-54.9,3975,9962,148.5,351,351,351,213,9540,50,NOSAMS,17.58371474,24.61501269,OCE326 GGC26,Zhao 2017 Thesis,3,-999,-999,9330,60,-999,44.5363194,7.831049195,0,0,2,100,2.6,8922,19,-19,25,1,28.1,1924,1,0,42.5,-83.1,5,697,40,1,204,618,53,943,53
35.6,-121.6,799,1204,136.25,1,1,1,214,2220,70,LLNL,-122.5372075,22.11022895,F2-92-P3,van Geen et al. (1996),3,-999,-999,1770,60,-999,-71.97982326,6.95750978,0,0,2,-12.3,1.3,1275,10,-158,35,2,27.26,1925,0,0,0.9,-177,5,1565,40,1,205,945,71,1302,71
35.6,-121.6,799,2365,1180,2,2,2,214,3860,80,LLNL,-176.7049932,126.2021996,F2-92-P3,van Geen et al. (1996),3,-999,-999,2800,500,-999,-60.57285218,60.33112131,0,0,2,-14.3,1.6,2419,13,-212,129,2,27.26,1926,0,0,11.4,-177,5,1565,40,3,205,1441,81,1798,81
35.6,-121.6,799,10071,207,90,90,90,214,11280,190,LLNL,-169.7186304,40.44382696,F2-92-P3,van Geen et al. (1996),3,-999,-999,9500,90,-999,36.23641937,11.67504966,0,0,2,123.3,3.1,8861,22,-205,48,2,27.26,1927,0,0,30.6,-177,5,1565,40,1,205,2419,191,2776,191
35.6,-121.6,799,10398,238.5,100,100,100,214,11540,220,LLNL,-163.7287591,47.05390388,F2-92-P3,van Geen et al. (1996),3,-999,-999,-999,-999,-999,-999,-999,0,0,2,116.7,3.5,9219,25,-199,54,2,27.26,1928,0,0,37.7,-177,5,1565,40,1,205,2321,221,2678,221
35.6,-121.6,799,10451,239.5,102,102,102,214,11040,80,LLNL,-104.2984287,34.87804524,F2-92-P3,van Geen et al. (1996),3,-999,-999,-999,-999,-999,-999,-999,0,0,2,119.2,3.2,9260,23,-140,44,2,27.26,1929,0,0,37.7,-177,5,1565,40,3,205,1780,83,2137,83
35.6,-121.6,799,10451,239.5,102,102,102,214,10160,240,LLNL,-0.599695329,58.84602427,F2-92-P3,van Geen et al. (1996),3,-999,-999,-999,-999,-999,-999,-999,0,0,2,119.2,3.2,9260,23,-36,65,2,27.26,1930,0,0,37.7,-177,5,1565,40,3,205,900,241,1257,241
35.6,-121.6,799,10451,239.5,102,102,102,214,12610,250,LLNL,-263.3127141,44.29582937,F2-92-P3,van Geen et al. (1996),3,-999,-999,-999,-999,-999,-999,-999,0,0,2,119.2,3.2,9260,23,-299,52,2,27.26,1931,0,0,34.1,-177,5,1565,40,3,205,3350,251,3707,251
35.6,-121.6,799,10979,184.5,120,120,120,214,11710,230,LLNL,-121.6284062,44.77199475,F2-92-P3,van Geen et al. (1996),3,-999,-999,10020,100,-999,84.04197678,13.57920443,0,0,2,152.5,3.2,9529,22,-157,52,2,27.26,1932,0,0,23.5,-177,5,1565,40,1,205,2181,231,2538,231
35.6,-121.6,799,11829,229.25,140,140,140,214,11600,100,LLNL,-13.08720624,39.66422027,F2-92-P3,van Geen et al. (1996),3,-999,-999,10620,100,-999,114.9651681,13.96656244,0,0,2,175.8,3.9,10195,26,-49,48,2,27.26,1933,0,0,15.9,-177,5,1565,40,1,205,1405,103,1762,103
35.6,-121.6,799,13083,139.5,160,160,160,214,12590,110,LLNL,15.38942145,31.04308899,F2-92-P3,van Geen et al. (1996),3,-999,-999,11810,110,-999,118.9286557,15.42745245,0,0,2,218.7,4.2,11131,27,-20,41,2,27.26,1934,0,0,23.6,-177,5,1565,40,1,205,1459,113,1816,113
35.6,-121.6,799,13210,127.5,163,163,163,214,12590,90,LLNL,31.10855364,27.45810729,F2-92-P3,van Geen et al. (1996),3,-999,-999,11790,230,-999,139.0831492,33.08549734,0,0,2,204.6,3.7,11341,25,-5,38,2,27.26,1935,0,0,23.6,-177,5,1565,40,3,205,1249,93,1606,93
35.6,-121.6,799,13210,127.5,163,163,163,214,12690,110,LLNL,18.3522092,29.65481712,F2-92-P3,van Geen et al. (1996),3,-999,-999,-999,-999,-999,-999,-999,0,0,2,204.6,3.7,11341,25,-17,40,2,27.26,1936,0,0,23.6,-177,5,1565,40,3,205,1349,113,1706,113
35.6,-121.6,799,13210,127.5,163,163,163,214,12500,90,LLNL,42.72582876,27.76747179,F2-92-P3,van Geen et al. (1996),3,-999,-999,-999,-999,-999,-999,-999,0,0,2,204.6,3.7,11341,25,7,39,2,27.26,1937,0,0,29,-177,5,1565,40,3,205,1159,93,1516,93
35.6,-121.6,799,13451,168,170,170,170,214,13020,160,LLNL,6.276965483,40.50311126,F2-92-P3,van Geen et al. (1996),3,-999,-999,12150,140,-999,121.3805907,19.7148404,0,0,2,204.6,4,11584,27,-29,49,2,27.26,1938,0,0,26.5,-177,5,1565,40,1,205,1436,162,1793,162
35.6,-121.6,799,14582,207.25,200,200,200,214,13680,120,LLNL,62.79822151,42.53170403,F2-92-P3,van Geen et al. (1996),3,-999,-999,12930,200,-999,166.8060352,29.41497558,0,0,2,237.9,4.5,12463,29,27,50,2,27.26,1939,0,0,26.5,-177,5,1565,40,3,205,1217,123,1574,123
35.6,-121.6,799,14582,207.25,200,200,200,214,13680,120,LLNL,62.79822151,42.53170403,F2-92-P3,van Geen et al. (1996),3,-999,-999,13020,200,-999,153.8063507,29.08725581,0,0,2,237.9,4.5,12463,29,27,50,2,27.26,1940,0,0,31.3,-177,5,1565,40,3,205,1217,123,1574,123
35.6,-121.6,799,15030,212.75,214,214,214,214,13720,110,LLNL,116.4088669,44.02958076,F2-92-P3,van Geen et al. (1996),3,-999,-999,13140,110,-999,199.9973292,16.54520298,0,0,2,280.8,5.7,12616,36,81,51,2,27.26,1941,0,0,20.2,-177,5,1565,40,1,205,1104,116,1461,116
35.6,-121.6,799,19183,362.5,298,298,298,214,17590,180,LLNL,139.6408993,75.5639979,F2-92-P3,van Geen et al. (1996),3,-999,-999,16650,220,-999,281.1146455,35.57078913,0,0,2,401.5,6.2,15935,36,104,80,2,27.26,1942,0,0,20.2,-177,5,1565,40,2,205,1655,184,2012,184
37.2,-123.2,1605,9919,136.75,62,62,62,215,10320,90,LLNL,-81.36826265,25.4911268,F8-90-G21,van Geen et al. (1996),3,-999,-999,9200,60,-999,56.07046831,7.91752248,0,0,2,98.9,3.3,8881,24,-59,37,2,27.73,1943,0,0,12.2,-235,5,2152,40,1,206,1439,93,1208,93
37.2,-123.2,1605,10164,132.75,65,65,65,215,10650,65,LLNL,-91.82174083,21.93413031,F8-90-G21,van Geen et al. (1996),3,-999,-999,9570,70,-999,38.86712204,9.092302621,0,0,2,125,2.9,8936,21,-70,35,2,27.73,1944,0,0,20.6,-235,5,2152,40,1,206,1714,68,1483,68
37.2,-123.2,1605,10650,181,75,75,75,215,10850,90,LLNL,-60.5154879,31.10079509,F8-90-G21,van Geen et al. (1996),3,-999,-999,9800,140,-999,70.67241074,18.82334676,0,0,2,124.8,3,9404,21,-38,41,2,27.73,1945,0,0,19.6,-235,5,2152,40,1,206,1446,92,1215,92
37.2,-123.2,1605,11059,228.5,83,83,83,215,10740,80,LLNL,0.743656648,37.63576069,F8-90-G21,van Geen et al. (1996),3,-999,-999,10050,190,-999,90.50300317,26.10050342,0,0,2,161.1,3.1,9547,21,23,46,2,27.73,1946,0,0,13.5,-235,5,2152,40,1,206,1193,83,962,83
37.2,-123.2,1605,16376,247.5,155,155,155,215,15800,90,LLNL,14.09975153,41.73395795,F8-90-G21,van Geen et al. (1996),3,-999,-999,14280,90,-999,225.3429259,13.80567141,0,0,2,336.2,6.3,13588,38,36,50,2,27.73,1947,0,0,13.5,-235,5,2152,40,1,206,2212,98,1981,98
67.867,-21.76533333,777,15650,200,65,65,65,216,13650,90,-999,213.8877136,42.97617604,PS2644,"Voelker, A. H. L., Sarnthein, M., Grootes, P. M., Erlenkeuser, H., Laj, C., Mazaud, A., et al. (1998). Correlation of Marine 14C Ages from the Nordic Seas with the GISP2 Isotope Record: Implications for 14C Calibration Beyond 25 ka BP. Radiocarbon, 40(01), 517–534. https://doi.org/10.1017/S0033822200018397",4,-999,-999,-999,-999,-999,-999,-999,0,0,2,306.9,5.8,13057,36,171,46,1,27.73,1948,0,1.1,15,-999,5,525,40,3,207,593,97,967,97
67.867,-21.76533333,777,16050,200,71,71,71,216,14050,80,-999,212.1780029,41.40573544,PS2644,"Voelker, A. H. L., Sarnthein, M., Grootes, P. M., Erlenkeuser, H., Laj, C., Mazaud, A., et al. (1998). Correlation of Marine 14C Ages from the Nordic Seas with the GISP2 Isotope Record: Implications for 14C Calibration Beyond 25 ka BP. Radiocarbon, 40(01), 517–534. https://doi.org/10.1017/S0033822200018397",4,-999,-999,-999,-999,-999,-999,-999,0,0,2,322.6,6.2,13350,38,170,44,1,27.73,1949,0,1.1,7.7,-999,5,525,40,3,207,700,89,1074,89
67.867,-21.76533333,777,17220,200,80,80,80,216,13730,90,-999,453.2188216,51.44939454,PS2644,"Voelker, A. H. L., Sarnthein, M., Grootes, P. M., Erlenkeuser, H., Laj, C., Mazaud, A., et al. (1998). Correlation of Marine 14C Ages from the Nordic Seas with the GISP2 Isotope Record: Implications for 14C Calibration Beyond 25 ka BP. Radiocarbon, 40(01), 517–534. https://doi.org/10.1017/S0033822200018397",4,-999,-999,-999,-999,-999,-999,-999,0,0,2,379.2,9,14150,53,411,54,1,27.73,1950,0,1.1,7.7,-999,5,525,40,2,207,-420,104,-46,104
67.867,-21.76533333,777,17220,200,80,80,80,216,14090,90,-999,389.5303823,49.19458501,PS2644,"Voelker, A. H. L., Sarnthein, M., Grootes, P. M., Erlenkeuser, H., Laj, C., Mazaud, A., et al. (1998). Correlation of Marine 14C Ages from the Nordic Seas with the GISP2 Isotope Record: Implications for 14C Calibration Beyond 25 ka BP. Radiocarbon, 40(01), 517–534. https://doi.org/10.1017/S0033822200018397",4,-999,-999,-999,-999,-999,-999,-999,0,0,2,379.2,9,14150,53,347,52,1,27.73,1951,0,1.1,30,-999,5,525,40,2,207,-60,104,314,104
67.867,-21.76533333,777,17420,200,86,86,86,216,14320,90,-999,383.3754834,48.97667852,PS2644,"Voelker, A. H. L., Sarnthein, M., Grootes, P. M., Erlenkeuser, H., Laj, C., Mazaud, A., et al. (1998). Correlation of Marine 14C Ages from the Nordic Seas with the GISP2 Isotope Record: Implications for 14C Calibration Beyond 25 ka BP. Radiocarbon, 40(01), 517–534. https://doi.org/10.1017/S0033822200018397",4,-999,-999,-999,-999,-999,-999,-999,0,0,2,376.1,9.6,14363,56,341,52,1,27.73,1952,0,1.1,15.8,-999,5,525,40,2,207,-43,106,331,106
67.867,-21.76533333,777,17990,200,95,95,95,216,14750,90,-999,404.8719441,49.73773382,PS2644,"Voelker, A. H. L., Sarnthein, M., Grootes, P. M., Erlenkeuser, H., Laj, C., Mazaud, A., et al. (1998). Correlation of Marine 14C Ages from the Nordic Seas with the GISP2 Isotope Record: Implications for 14C Calibration Beyond 25 ka BP. Radiocarbon, 40(01), 517–534. https://doi.org/10.1017/S0033822200018397",4,-999,-999,-999,-999,-999,-999,-999,0,0,2,417.5,7.4,14678,42,362,52,1,27.73,1953,0,1.1,21.2,-999,5,525,40,2,207,72,99,446,99
67.867,-21.76533333,777,18840,200,113,113,113,216,15390,120,-999,437.7699031,56.27566444,PS2644,"Voelker, A. H. L., Sarnthein, M., Grootes, P. M., Erlenkeuser, H., Laj, C., Mazaud, A., et al. (1998). Correlation of Marine 14C Ages from the Nordic Seas with the GISP2 Isotope Record: Implications for 14C Calibration Beyond 25 ka BP. Radiocarbon, 40(01), 517–534. https://doi.org/10.1017/S0033822200018397",4,-999,-999,-999,-999,-999,-999,-999,0,0,2,408.8,6.3,15554,36,395,59,1,27.73,1954,0,1.1,5.7,-999,5,525,40,2,207,-164,125,210,125
67.867,-21.76533333,777,21640,200,129,129,129,216,17340,160,-999,582.5549426,69.82979003,PS2644,"Voelker, A. H. L., Sarnthein, M., Grootes, P. M., Erlenkeuser, H., Laj, C., Mazaud, A., et al. (1998). Correlation of Marine 14C Ages from the Nordic Seas with the GISP2 Isotope Record: Implications for 14C Calibration Beyond 25 ka BP. Radiocarbon, 40(01), 517–534. https://doi.org/10.1017/S0033822200018397",4,-999,-999,-999,-999,-999,-999,-999,0,0,2,495.9,8.6,17792,46,540,72,1,27.73,1955,0,1.1,2,-999,5,525,40,2,207,-452,166,-78,166
67.867,-21.76533333,777,23608,200,133,133,133,216,21030,200,-999,268.3798158,62.28961291,PS2644,"Voelker, A. H. L., Sarnthein, M., Grootes, P. M., Erlenkeuser, H., Laj, C., Mazaud, A., et al. (1998). Correlation of Marine 14C Ages from the Nordic Seas with the GISP2 Isotope Record: Implications for 14C Calibration Beyond 25 ka BP. Radiocarbon, 40(01), 517–534. https://doi.org/10.1017/S0033822200018397",4,-999,-999,-999,-999,-999,-999,-999,0,0,2,547.2,12.7,19436,66,226,64,1,27.73,1956,0,1.1,2,-999,5,525,40,2,207,1594,211,1968,211
67.867,-21.76533333,777,24100,200,134,134,134,216,21050,100,-999,342.8098881,49.21320586,PS2644,"Voelker, A. H. L., Sarnthein, M., Grootes, P. M., Erlenkeuser, H., Laj, C., Mazaud, A., et al. (1998). Correlation of Marine 14C Ages from the Nordic Seas with the GISP2 Isotope Record: Implications for 14C Calibration Beyond 25 ka BP. Radiocarbon, 40(01), 517–534. https://doi.org/10.1017/S0033822200018397",4,-999,-999,-999,-999,-999,-999,-999,0,0,2,519.6,9.5,20057,50,300,52,1,27.73,1957,0,1.1,1.9,-999,5,525,40,2,207,993,112,1367,112
67.867,-21.76533333,777,25700,200,137,137,137,216,21390,200,-999,562.0194842,76.71013668,PS2644,"Voelker, A. H. L., Sarnthein, M., Grootes, P. M., Erlenkeuser, H., Laj, C., Mazaud, A., et al. (1998). Correlation of Marine 14C Ages from the Nordic Seas with the GISP2 Isotope Record: Implications for 14C Calibration Beyond 25 ka BP. Radiocarbon, 40(01), 517–534. https://doi.org/10.1017/S0033822200018397",4,-999,-999,-999,-999,-999,-999,-999,0,0,2,580.3,10.3,21297,52,519,78,1,27.73,1958,0,1.1,7.9,-999,5,525,40,3,207,93,207,467,207
67.867,-21.76533333,777,28990,200,163,163,163,216,23380,220,-999,815.2427904,93.67102126,PS2644,"Voelker, A. H. L., Sarnthein, M., Grootes, P. M., Erlenkeuser, H., Laj, C., Mazaud, A., et al. (1998). Correlation of Marine 14C Ages from the Nordic Seas with the GISP2 Isotope Record: Implications for 14C Calibration Beyond 25 ka BP. Radiocarbon, 40(01), 517–534. https://doi.org/10.1017/S0033822200018397",4,-999,-999,-999,-999,-999,-999,-999,0,0,2,536.3,11.8,24711,62,773,95,1,27.73,1959,0,1.1,19.6,-999,5,525,40,3,207,-1331,229,-957,229
67.867,-21.76533333,777,33520,200,252,252,252,216,25200,420,-999,1503.31433,191.6323929,PS2644,"Voelker, A. H. L., Sarnthein, M., Grootes, P. M., Erlenkeuser, H., Laj, C., Mazaud, A., et al. (1998). Correlation of Marine 14C Ages from the Nordic Seas with the GISP2 Isotope Record: Implications for 14C Calibration Beyond 25 ka BP. Radiocarbon, 40(01), 517–534. https://doi.org/10.1017/S0033822200018397",4,-999,-999,-999,-999,-999,-999,-999,0,0,2,563.1,19.6,28983,101,1461,192,1,27.73,1960,0,1.1,21.4,-999,5,525,40,3,207,-3783,432,-3409,432
67.867,-21.76533333,777,41090,200,414,414,414,216,37340,1190,-999,379.9378219,238.9855735,PS2644,"Voelker, A. H. L., Sarnthein, M., Grootes, P. M., Erlenkeuser, H., Laj, C., Mazaud, A., et al. (1998). Correlation of Marine 14C Ages from the Nordic Seas with the GISP2 Isotope Record: Implications for 14C Calibration Beyond 25 ka BP. Radiocarbon, 40(01), 517–534. https://doi.org/10.1017/S0033822200018397",4,-999,-999,-999,-999,-999,-999,-999,0,0,2,636.5,26,35962,128,337,240,1,27.73,1961,0,1.1,21.4,-999,5,525,40,3,207,1378,1197,1752,1197
8.8,111.4,1657,2719,100.25,17,22,19.5,217,4370,30,BETA,-193.5456189,12.79180762,MD05-2896,Wan and Jian (2014),3,-999,G. ruber,3160,30,-999,-62.4444694,3.507936289,0,0,2,13.7,1.5,2534,12,-197,30,2,27.95,1962,0,1.1,7.9,-209.1,5,1884,40,3,208,1836,32,1873,32
8.8,111.4,1657,6527.5,153.375,47,52,49.5,217,7650,40,BETA,-150.1849792,19.99981098,MD05-2896,Wan and Jian (2014),3,-999,G. ruber,6315,50,-999,3.45886082,6.265332237,0,0,2,78,2.5,5742,19,-154,33,2,27.95,1963,0,1.1,7.9,-209.1,5,1884,40,3,208,1908,44,1945,44
8.8,111.4,1657,6886,215.5,19,84,51.5,217,13390,60,BETA,-565.6583575,14.5691103,MD05-2896,Wan and Jian (2014),3,-999,G. ruber,11680,40,-999,-462.621159,2.682529529,0,0,2,85,2.5,6039,18,-569,30,2,27.95,1964,0,1.1,10.3,-209.1,5,1884,40,3,208,7351,63,7388,63
8.8,111.4,1657,14833,268,101,106,103.5,217,14620,50,BETA,-25.42165009,37.66939268,MD05-2896,Wan and Jian (2014),3,-999,G. ruber,13110,90,-999,176.1239477,13.25113193,0,0,2,273.6,5.9,12477,37,-29,46,2,27.95,1965,0,1.1,12.3,-209.1,5,1884,40,3,208,2143,62,2180,62
8.8,111.4,1657,16948,207.5,127,132,129.5,217,16610,60,BETA,-17.48731703,32.00509728,MD05-2896,Wan and Jian (2014),3,-999,G. ruber,14700,100,-999,246.2352112,15.61091089,0,0,2,377.1,6.3,13900,37,-21,42,2,27.95,1966,0,1.1,16.2,-209.1,5,1884,40,3,208,2710,70,2747,70
8.8,111.4,1657,17690.5,188,139,144,141.5,217,17130,60,BETA,7.467668896,30.44043772,MD05-2896,Wan and Jian (2014),3,-999,G. ruber,15320,70,-999,262.0791457,11.04588381,0,0,2,406.1,7.3,14462,42,4,40,2,27.95,1967,0,1.1,10,-209.1,5,1884,40,3,208,2668,73,2705,73
8.8,111.4,1657,20482.5,176.125,167,172,169.5,217,19470,80,BETA,55.3472368,32.9992275,MD05-2896,Wan and Jian (2014),3,-999,G. ruber,17760,70,-999,305.7032057,11.42768736,0,0,2,443.7,8.1,16960,45,52,42,2,27.95,1968,0,1.1,20.1,-209.1,5,1884,40,3,208,2510,92,2547,92
8.8,111.4,1657,21081,164.75,179,184,181.5,217,20320,80,BETA,20.66319,30.50966525,MD05-2896,Wan and Jian (2014),3,-999,G. ruber,18300,70,-999,312.4758543,11.48696248,0,0,2,447.1,7.9,17524,44,17,41,2,27.95,1969,0,1.1,24.6,-209.1,5,1884,40,3,208,2796,91,2833,91
8.8,111.4,1657,21569.5,190.5,191,196,193.5,217,20920,80,BETA,4.86285109,33.16885085,MD05-2896,Wan and Jian (2014),3,-999,G. ruber,18440,70,-999,368.3115969,11.97564429,0,0,2,480.8,8.5,17806,46,1,43,2,27.95,1970,0,1.1,6,-209.1,5,1884,40,3,208,3114,92,3151,92
8.8,111.4,1657,24257.5,219.25,207,212,209.5,217,23320,90,BETA,31.72448696,38.93092794,MD05-2896,Wan and Jian (2014),3,-999,G. ruber,21180,90,-999,346.6671428,15.1726049,0,0,2,512.5,14.8,20250,78,28,47,2,27.95,1971,0,1.1,14.8,-209.1,5,1884,40,3,208,3070,119,3107,119
8.8,111.4,1657,26418.5,222.5,239,244,241.5,217,25170,110,BETA,64.31606346,43.23136137,MD05-2896,Wan and Jian (2014),3,-999,G. ruber,23120,110,-999,373.7300578,18.9405777,0,0,2,534.7,23.3,22232,122,61,51,2,27.95,1972,0,1.1,26.9,-209.1,5,1884,40,3,208,2938,164,2975,164
8.8,111.4,1657,27421.5,166.25,266,271,268.5,217,26250,120,BETA,50.4437976,36.82397056,MD05-2896,Wan and Jian (2014),3,-999,G. ruber,24150,130,-999,364.2903114,22.25826283,0,0,2,524.1,11.4,23259,60,47,45,2,27.95,1973,0,1.1,31.6,-209.1,5,1884,40,3,208,2991,134,3028,134
8.8,111.4,1657,28497,288.75,300,305,302.5,217,27650,130,BETA,5.039867036,51.39123383,MD05-2896,Wan and Jian (2014),3,-999,G. ruber,24990,110,-999,399.5647303,19.29677841,0,0,2,544.2,12.9,24203,67,1,58,2,27.95,1974,0,1.1,4.9,-209.1,5,1884,40,3,208,3447,146,3484,146
8.8,111.4,1657,34206,350.125,328,333,330.5,217,32420,240,BETA,107.1660358,80.0389158,MD05-2896,Wan and Jian (2014),3,-999,G. ruber,30690,170,-999,373.2294971,29.37093722,0,0,2,576.1,29.2,29579,149,104,84,2,27.95,1975,0,1.1,4.9,-209.1,5,1884,40,3,208,2841,282,2878,282
19.5,116.3,2066,630.5,94,3,8,5.5,218,3120,30,BETA,-268.1141888,11.05563174,MD05-2904,Wan and Jian (2014),3,-999,G. ruber,1260,30,-999,-77.42434487,3.45188793,0,0,2,-0.5,1.3,626,11,-256,11,2,28,1976,0,1.1,23,-225,5,2048,40,3,209,2494,32,2368,32
19.5,116.3,2066,3060.5,124.375,59,64,61.5,218,4750,40,BETA,-198.3666909,16.05315128,MD05-2904,Wan and Jian (2014),3,-999,G. ruber,3390,40,-999,-50.48349448,4.739870404,0,0,2,7.5,1.9,2923,15,-186,16,2,28,1977,0,1.1,29.1,-225,5,2048,40,3,209,1827,43,1701,43
19.5,116.3,2066,4642.5,139.625,105,110,107.5,218,6260,40,BETA,-195.6456311,17.59174712,MD05-2904,Wan and Jian (2014),3,-999,G. ruber,4630,40,-999,-14.69334916,4.918530437,0,0,2,46.3,2,4155,15,-183,18,2,28,1978,0,1.1,35.8,-225,5,2048,40,3,209,2105,43,1979,43
19.5,116.3,2066,8835,137,255,260,257.5,218,10470,50,BETA,-209.165591,18.02961016,MD05-2904,Wan and Jian (2014),3,-999,G. ruber,8450,40,-999,16.93788582,5.076429698,0,0,2,83,2.7,7949,20,-197,18,2,28,1979,0,1.1,36.8,-225,5,2048,40,3,209,2521,54,2395,54
19.5,116.3,2066,11008,143.5,335,344,339.5,218,10750,50,BETA,-6.648391741,23.4278814,MD05-2904,Wan and Jian (2014),3,-999,G. ruber,10090,50,-999,78.41297711,6.733325953,0,0,2,148.9,3.4,9583,24,6,23,2,28,1980,0,1.1,22.3,-225,5,2048,40,3,209,1167,55,1041,55
19.5,116.3,2066,13700,132.625,395,404,399.5,218,12750,60,BETA,72.49579792,25.21872605,MD05-2904,Wan and Jian (2014),3,-999,G. ruber,12370,50,-999,124.4492061,7.020764014,0,0,2,202.1,3.8,11834,25,85,25,2,28,1981,0,1.1,54.2,-225,5,2048,40,3,209,916,65,790,65
19.5,116.3,2066,15249.5,155.875,479,482,480.5,218,14140,80,BETA,88.04682654,31.35532609,MD05-2904,Wan and Jian (2014),3,-999,G. ruber,13433,43,-999,188.1484099,6.37711531,0,0,2,288.3,6.4,12783,40,100,31,2,28,1982,0,1.1,127.6,-225,5,2048,40,3,209,1357,89,1231,89
19.5,116.3,2066,15688.5,173.125,535,544,539.5,218,14260,60,BETA,130.3739474,32.11924537,MD05-2904,Wan and Jian (2014),3,-999,G. ruber,13620,60,-999,224.1171136,9.177393987,0,0,2,308,6,13089,37,143,32,2,28,1983,0,1.1,58,-225,5,2048,40,3,209,1171,70,1045,70
19.5,116.3,2066,17603.5,208.5,646,649,647.5,218,15350,60,BETA,244.2116452,40.68045702,MD05-2904,Wan and Jian (2014),3,-999,G. ruber,15211,80,-999,265.9283609,12.67026494,0,0,2,390.4,7.3,14464,42,256,41,2,28,1984,0,1.1,32,-225,5,2048,40,3,209,886,73,760,73
19.5,116.3,2066,21633,200.25,775,780,777.5,218,20260,80,BETA,99.32163381,37.58403644,MD05-2904,Wan and Jian (2014),3,-999,G. ruber,18620,70,-999,348.3089018,11.80057805,0,0,2,495.9,8.6,17792,46,112,38,2,28,1985,0,1.1,49.4,-225,5,2048,40,3,209,2468,92,2342,92
19.5,116.3,2066,22483,179.375,817,822,819.5,218,20770,120,BETA,143.4198226,41.89980649,MD05-2904,Wan and Jian (2014),3,-999,G. ruber,19440,80,-999,349.3063589,13.50476818,0,0,2,491.1,11.9,18644,64,156,42,2,28,1986,0,1.1,64.7,-225,5,2048,40,3,209,2126,136,2000,136
19.5,116.3,2066,25096,233.5,986,989,987.5,218,22150,100,BETA,320.8932606,53.76657739,MD05-2904,Wan and Jian (2014),3,-999,G. ruber,21708,101,-999,395.6095179,17.65796338,0,0,2,565.5,9.4,20789,48,333,54,2,28,1987,0,1.1,49.2,-225,5,2048,40,3,209,1361,111,1235,111
19.5,116.3,2066,29792.5,244,1217,1222,1219.5,218,26730,130,BETA,318.1934148,60.26001257,MD05-2904,Wan and Jian (2014),3,-999,G. ruber,26430,130,-999,368.3534038,22.32455178,0,0,2,565.4,11.9,25357,61,330,60,2,28,1988,0,1.1,49.2,-225,5,2048,40,3,209,1373,144,1247,144
5.02,-77.63,707,7326,649,161,161,161,219,-999,-999,-999,-999,-999,KRN176-GGC17,Zhao and Keigwin 2018,2,-999,N. dutertrei,7830,30,-999,-84.74750164,3.424487775,0,0,2,89.4,2.6,6435,19,-999,-999,2,27.3,1989,0,0,14.3,-147.9,5,1286,40,3,210,-999,-999,-999,-999
5.02,-77.63,707,10368,62,204.5,204.5,204.5,219,-999,-999,-999,-999,-999,KRN176-GGC17,Zhao and Keigwin 2018,2,-999,N. dutertrei,9810,40,-999,33.47868896,5.158999367,0,0,2,114.5,3.2,9206,23,-999,-999,2,27.3,1990,0,0,14.3,-147.9,5,1286,40,3,210,-999,-999,-999,-999
5.02,-77.63,707,11990,100,185,185,185,220,11550,50,-999,12.60452326,18.55257147,JPC30,Zhao and Keigwin 2018,2,-999,N. dutertrei,10650,45,-999,132.6540452,6.362811107,0,0,2,184.8,2.6,10289,18,-52,33,2,27.3,1991,0,0,15.2,-147.9,5,1286,40,3,211,1261,53,1897,53
5.02,-77.63,707,12450,100,192,192,192,220,11600,50,-999,63.90312675,19.49244581,JPC30,Zhao and Keigwin 2018,2,-999,N. dutertrei,11300,45,-999,104.3868438,6.204016933,0,0,2,238.3,3.2,10380,20,-1,33,2,27.3,1992,0,0,-999,-147.9,5,1286,40,3,211,1220,54,1856,54
5.02,-77.63,707,12594,44,226.5,226.5,226.5,221,11750,50,-999,62.56948676,12.26943384,KRN176-GGC17,Zhao and Keigwin 2018,2,-999,N. dutertrei,10400,40,-999,257.0237012,6.27490876,0,0,2,241.2,2.7,10508,17,-2,29,2,27.3,1993,0,0,-999,-147.9,5,1286,40,3,212,1242,53,1878,53
5.02,-77.63,707,13120,50,201,201,201,222,13250,65,-999,-60.50544349,13.28467517,JPC30,Zhao and Keigwin 2018,2,-999,N. dutertrei,12600,65,-999,18.67520698,8.276173453,0,0,2,206.6,3.6,11240,24,-125,30,2,27.3,1994,0,0,-999,-147.9,5,1286,40,3,213,2010,69,2646,69
5.02,-77.63,707,13965,75,238,238,238,223,12800,60,-999,100.5601618,18.20564093,KRN176-GGC17,Zhao and Keigwin 2018,2,-999,N. dutertrei,12250,45,-999,178.5523455,6.620649955,0,0,2,216.2,5.5,12002,37,36,32,2,27.3,1995,0,0,-999,-147.9,5,1286,40,3,214,798,70,1434,70
5.02,-77.63,707,14230,190,209,209,209,224,13500,65,-999,41.57490768,32.37169777,JPC30,Zhao and Keigwin 2018,2,-999,N. dutertrei,12400,45,-999,194.4299527,6.709844194,0,0,2,207,3.4,12316,22,-23,42,2,27.3,1996,0,0,-999,-147.9,5,1286,40,3,215,1184,69,1820,69
5.02,-77.63,707,14484,191,243.5,243.5,243.5,225,13250,45,-999,108.0260433,31.81114165,KRN176-GGC17,Zhao and Keigwin 2018,2,-999,N. dutertrei,13100,50,-999,128.9105661,7.048619568,0,0,2,229.9,4.2,12417,27,43,42,2,27.3,1998,0,0,38.8,-147.9,5,1286,40,3,216,833,52,1469,52
5.02,-77.63,707,14341,137,254,254,254,225,13550,55,-999,49.10398821,24.5708654,KRN176-GGC17,Zhao and Keigwin 2018,2,-999,N. dutertrei,12750,50,-999,158.9630117,7.236259105,0,0,2,213,3.8,12393,25,-16,36,2,27.3,1997,0,0,-999,-147.9,5,1286,40,3,216,1157,60,1793,60
5.02,-77.63,707,15192,80,271,271,271,225,14150,70,-999,79.16107511,19.84806046,KRN176-GGC17,Zhao and Keigwin 2018,2,-999,N. dutertrei,13150,50,-999,222.2219224,7.631231045,0,0,2,286.9,5.6,12744,35,14,33,2,27.3,1999,0,0,20.9,-147.9,5,1286,40,3,216,1406,78,2042,78
5.02,-77.63,707,15550,140,278.5,278.5,278.5,225,13600,45,-999,206.7806979,27.19914864,KRN176-GGC17,Zhao and Keigwin 2018,2,-999,N. dutertrei,13450,50,-999,229.5265882,7.67683945,0,0,2,305.4,7.3,12969,45,142,38,2,27.3,2000,0,0,72.4,-147.9,5,1286,40,3,216,631,64,1267,64
5.02,-77.63,707,15930,130,306,306,306,225,14200,50,-999,172.6078807,25.74021994,KRN176-GGC17,Zhao and Keigwin 2018,2,-999,N. dutertrei,13850,70,-999,224.8280893,10.71985763,0,0,2,318.8,6.2,13257,38,108,37,2,27.3,2001,0,0,-999,-147.9,5,1286,40,3,216,943,63,1579,63
5.02,-77.63,707,16620,170,306,306,306,226,14950,70,-999,161.0557642,33.99794711,JPC30,Zhao and Keigwin 2018,2,-999,N. dutertrei,14300,75,-999,258.9096049,11.80883388,0,0,2,349.7,7.1,13741,43,96,43,2,27.3,2002,0,0,45,-147.9,5,1286,40,3,217,1209,82,1845,82
5.02,-77.63,707,17220,160,333,333,333,226,15100,80,-999,225.3597538,35.92408733,JPC30,Zhao and Keigwin 2018,2,-999,N. dutertrei,14700,55,-999,287.9207222,8.848337025,0,0,2,379.2,9,14150,53,161,45,2,27.3,2003,0,0,113.2,-147.9,5,1286,40,3,217,950,96,1586,96
5.02,-77.63,707,17410,160,354.5,354.5,354.5,226,15750,80,-999,156.3878231,33.90202511,JPC30,Zhao and Keigwin 2018,2,-999,N. dutertrei,15250,65,-999,230.6524153,9.998371198,0,0,2,376.9,10.1,14348,59,92,43,2,27.3,2004,0,0,37.1,-147.9,5,1286,40,3,217,1402,99,2038,99
5.02,-77.63,707,18070,140,379,379,379,226,15950,85,-999,221.6951883,33.62059385,JPC30,Zhao and Keigwin 2018,2,-999,N. dutertrei,15400,85,-999,308.2717144,13.91678276,0,0,2,425.4,6.9,14711,39,157,43,2,27.3,2005,0,0,60.6,-147.9,5,1286,40,3,217,1239,94,1875,94
5.02,-77.63,707,18920,150,430.5,430.5,430.5,226,16900,90,-999,202.9725985,35.31016569,JPC30,Zhao and Keigwin 2018,2,-999,N. dutertrei,16550,100,-999,256.545051,15.74005665,0,0,2,400,6,15681,35,138,44,2,27.3,2006,0,0,35.9,-147.9,5,1286,40,3,217,1219,97,1855,97
5.02,-77.63,707,19910,180,466,466,466,226,17400,100,-999,274.1835853,43.61357774,JPC30,Zhao and Keigwin 2018,2,-999,N. dutertrei,17000,100,-999,339.2372635,16.77589704,0,0,2,424.9,7.5,16502,43,209,51,2,27.3,2007,0,0,68.2,-147.9,5,1286,40,3,217,898,109,1534,109
5.02,-77.63,707,21090,230,546.5,546.5,546.5,226,18550,120,-999,273.6443538,54.47742382,JPC30,Zhao and Keigwin 2018,2,-999,N. dutertrei,18000,90,-999,363.9023041,15.3667897,0,0,2,447.1,7.9,17524,44,209,61,2,27.3,2008,0,0,26.2,-147.9,5,1286,40,3,217,1026,128,1662,128
5.02,-77.63,707,22310,120,578.5,578.5,578.5,226,20000,120,-999,232.3853995,36.30383316,JPC30,Zhao and Keigwin 2018,2,-999,N. dutertrei,19250,120,-999,352.9893941,20.36318643,0,0,2,514.5,8.6,18344,46,168,45,2,27.3,2009,0,0,28.4,-147.9,5,1286,40,3,217,1656,129,2292,129
5.02,-77.63,707,23350,160,608,608,608,226,20650,130,-999,288.9614271,45.8158541,JPC30,Zhao and Keigwin 2018,2,-999,N. dutertrei,20100,130,-999,380.3048356,22.51953822,0,0,2,501.7,10.6,19423,57,224,53,2,27.3,2010,0,0,-999,-147.9,5,1286,40,3,217,1227,142,1863,142
0.57,-89.21,712,7705,85.375,30.5,30.5,30.5,232,8195,35,UCI-AMS,-84.37459247,13.44573893,VM21-29,Stott et al. (2019),3,-999,G.ruber,7470,30,-999,2.106982462,3.749460522,0,0,2,74.8,3.1,6912,23,-155,30,2,27.3,2083,0,0,12.6,-142.2,5,1232,40,3,218,1283,42,1972,42
0.57,-89.21,712,8580,408.75,41.5,41.5,41.5,232,8425,45,UCI-AMS,-10.87773367,54.47419291,VM21-29,Stott et al. (2019),3,-999,-999,-999,-999,-999,-999,-999,0,0,2,73.1,2.7,7771,20,-81,61,2,27.3,2084,0,0,11.8,-142.2,5,1232,40,3,218,654,49,1343,49
0.57,-89.21,712,10194,379,60.5,60.5,60.5,232,11060,45,UCI-AMS,-133.8742519,44.57907262,VM21-29,Stott et al. (2019),3,-999,G.ruber,-999,-999,-999,-999,-999,0,0,2,118.6,3,9011,21,-204,52,2,27.3,2085,0,0,13.1,-142.2,5,1232,40,3,218,2049,50,2738,50
0.57,-89.21,712,10958.5,140.625,70.5,70.5,70.5,232,11990,60,UCI-AMS,-153.8185852,20.71624502,VM21-29,Stott et al. (2019),3,-999,N.dutertrei,10095,35,-999,71.3080736,4.677901956,0,0,2,142.7,3,9578,21,-224,34,2,27.3,2086,0,0,18.5,-142.2,5,1232,40,3,218,2412,64,3101,64
0.57,-89.21,712,11552.5,267.75,81.5,81.5,81.5,232,10845,45,UCI-AMS,48.50723542,39.84205626,VM21-29,Stott et al. (2019),3,-999,N.dutertrei,-999,-999,-999,-999,-999,0,0,2,162.3,3.2,10025,22,-22,48,2,27.3,2087,0,0,18.5,-142.2,5,1232,40,3,218,820,50,1509,50
0.57,-89.21,712,11552.5,267.75,81.5,81.5,81.5,232,14885,45,UCI-AMS,-365.9059302,24.09483764,VM21-29,Stott et al. (2019),3,-999,-999,-999,-999,-999,-999,-999,0,0,2,162.3,3.2,10025,22,-436,36,2,27.3,2088,0,0,16.9,-142.2,5,1232,40,3,218,4860,50,5549,50
0.57,-89.21,712,12145.5,257.875,91.5,91.5,91.5,232,13825,50,UCI-AMS,-222.6552234,29.09318172,VM21-29,Stott et al. (2019),3,-999,N.dutertrei,-999,-999,-999,-999,-999,0,0,2,197.1,2.6,10361,18,-293,39,2,27.3,2089,0,0,17.6,-142.2,5,1232,40,3,218,3464,53,4153,53
0.57,-89.21,712,12712.5,150.5,101.5,101.5,101.5,232,16410,80,UCI-AMS,-396.5444772,16.997866,VM21-29,Stott et al. (2019),3,-999,N.dutertrei,11415,35,-999,123.8126922,4.907165101,0,0,2,230.2,3.3,10696,21,-467,32,2,27.3,2090,0,0,6,-142.2,5,1232,40,3,218,5714,83,6403,83
0.57,-89.21,712,14206.5,685.5,110.5,110.5,110.5,232,17050,60,UCI-AMS,-332.3797641,60.42788758,VM21-29,Stott et al. (2019),3,-999,N.dutertrei,-999,-999,-999,-999,-999,0,0,2,205.3,3.2,12308,22,-403,66,2,27.3,2091,0,0,4.3,-142.2,5,1232,40,3,218,4742,64,5431,64
0.57,-89.21,712,16548.5,798,120.5,120.5,120.5,232,17030,60,UCI-AMS,-111.526998,92.56566713,VM21-29,Stott et al. (2019),3,-999,N.dutertrei,-999,-999,-999,-999,-999,0,0,2,347.5,6.7,13686,40,-182,96,2,27.3,2092,0,0,5,-142.2,5,1232,40,3,218,3344,72,4033,72
0.57,-89.21,712,18553,198.625,130.5,130.5,130.5,232,18780,70,UCI-AMS,-89.38248287,29.81922053,VM21-29,Stott et al. (2019),3,-999,N.dutertrei,16200,60,-999,255.5112161,9.412760394,0,0,2,441,8,15100,45,-160,40,2,27.3,2093,0,0,11.3,-142.2,5,1232,40,3,218,3680,83,4369,83
0.57,-89.21,712,18817.5,172,133.5,133.5,133.5,232,18220,60,UCI-AMS,8.107483552,28.50783791,VM21-29,Stott et al. (2019),3,-999,-999,-999,-999,-999,-999,-999,0,0,2,411.7,6.5,15518,37,-62,39,2,27.3,2094,0,0,15.6,-142.2,5,1232,40,3,218,2702,70,3391,70
0.57,-89.21,712,19073.5,185.5,137.5,137.5,137.5,232,18160,70,UCI-AMS,47.60905518,32.6410939,VM21-29,Stott et al. (2019),3,-999,-999,-999,-999,-999,-999,-999,0,0,2,404,6.2,15814,36,-23,42,2,27.3,2095,0,0,15.5,-142.2,5,1232,40,3,218,2346,79,3035,79
0.57,-89.21,712,19266.5,180.625,140.5,140.5,140.5,232,19740,170,UCI-AMS,-119.1186592,37.89981783,VM21-29,Stott et al. (2019),3,-999,N.dutertrei,16730,70,-999,281.29591,11.21407148,0,0,2,407.6,6.4,15978,37,-190,46,2,27.3,2096,0,0,9.3,-142.2,5,1232,40,3,218,3762,174,4451,174
0.57,-89.21,712,23574.5,856,180.5,180.5,180.5,232,22530,190,UCI-AMS,48.0783606,133.6718184,VM21-29,Stott et al. (2019),3,-999,N.dutertrei,-999,-999,-999,-999,-999,0,0,2,532.9,13.3,19481,70,-22,136,2,27.3,2097,0,0,9.3,-142.2,5,1232,40,3,218,3049,202,3738,202
0.57,-89.21,712,27894.5,213,220.5,220.5,220.5,232,24050,550,UCI-AMS,462.7210868,138.0401842,VM21-29,Stott et al. (2019),3,-999,N.dutertrei,24680,70,-999,352.3880673,11.83627945,0,0,2,491.9,15.7,23897,84,392,141,2,27.3,2098,0,0,9.3,-142.2,5,1232,40,3,218,153,556,842,556
7.855866667,-83.60696667,1364,9776,130,129,129,129,233,10195,30,UCI-AMS,-82.96242903,17.84646392,ODP-1242A,Stott et al. (2019),3,-999,Mixed Planktonics,9200,25,-999,37.95997555,3.235331764,0,0,2,92,2.7,8796,20,-117,32,2,27.81,2099,0,0,17.8,-999,5,1583,40,3,219,1399,36,1738,36
7.855866667,-83.60696667,1364,11575,163,161,161,161,233,11215,35,UCI-AMS,4.037261899,24.17350192,ODP-1242A,Stott et al. (2019),3,-999,Mixed Planktonics,10460,60,-999,102.980914,8.269217296,0,0,2,165.9,3.4,10019,24,-30,36,2,27.81,2100,0,0,13.8,-999,5,1583,40,3,219,1196,42,1535,42
7.855866667,-83.60696667,1364,12302,127.75,171,171,171,233,11500,100,UCI-AMS,58.1165477,29.52703392,ODP-1242A,Stott et al. (2019),3,-999,Mixed Planktonics,11015,30,-999,123.9692968,4.205417765,0,0,2,219.9,3.1,10365,21,24,40,2,27.81,2101,0,0,20.9,-999,5,1583,40,3,219,1135,102,1474,102
7.855866667,-83.60696667,1364,12780,93.25,181,181,181,233,12480,35,UCI-AMS,-7.656566304,15.51772242,ODP-1242A,Stott et al. (2019),3,-999,Mixed Planktonics,11445,30,-999,128.802676,4.223502226,0,0,2,206.3,2.8,10912,19,-42,31,2,27.81,2102,0,0,20.7,-999,5,1583,40,3,219,1568,40,1907,40
7.855866667,-83.60696667,1364,13745,120.5,201,201,201,233,13110,35,UCI-AMS,31.09015468,19.52285026,ODP-1242A,Stott et al. (2019),3,-999,Mixed Planktonics,12350,30,-999,133.4050042,4.240722192,0,0,2,208.2,3.5,11841,23,-3,33,2,27.81,2103,0,0,13.1,-999,5,1583,40,3,219,1269,42,1608,42
7.855866667,-83.60696667,1364,14506,151.5,211,211,211,233,13625,50,UCI-AMS,60.30737334,26.03337153,ODP-1242A,Stott et al. (2019),3,-999,Mixed Planktonics,12875,35,-999,164.071427,5.082956191,0,0,2,231.6,4.3,12426,28,26,37,2,27.81,2104,0,0,11.9,-999,5,1583,40,3,219,1199,57,1538,57
7.855866667,-83.60696667,1364,15346,140.5,221,221,221,233,14210,80,UCI-AMS,91.27097438,29.41790003,ODP-1242A,Stott et al. (2019),3,-999,Mixed Planktonics,13450,30,-999,199.5575534,4.488237054,0,0,2,288.2,6.8,12881,42,57,40,2,27.81,2105,0,0,12.9,-999,5,1583,40,3,219,1329,90,1668,90
7.855866667,-83.60696667,1364,16123,143.25,231,231,231,233,14800,60,UCI-AMS,113.9187051,27.62480657,ODP-1242A,Stott et al. (2019),3,-999,Mixed Planktonics,14060,35,-999,221.4078491,5.333317565,0,0,2,328.3,5.5,13393,33,80,38,2,27.81,2106,0,0,16.8,-999,5,1583,40,3,219,1407,68,1746,68
7.855866667,-83.60696667,1364,17914,153.25,261,261,261,233,16190,45,UCI-AMS,163.5694909,28.09065685,ODP-1242A,Stott et al. (2019),3,-999,Mixed Planktonics,15465,40,-999,273.469589,6.357004623,0,0,2,413.1,7.8,14635,44,130,39,2,27.81,2107,0,0,20.5,-999,5,1583,40,3,219,1555,63,1894,63
7.855866667,-83.60696667,1364,18305,169.75,269,269,269,233,17050,70,UCI-AMS,96.06941736,32.0618617,ODP-1242A,Stott et al. (2019),3,-999,Mixed Planktonics,15800,150,-999,280.6127061,24.1375059,0,0,2,387.9,9.4,15159,54,62,42,2,27.81,2108,0,0,19,-999,5,1583,40,3,219,1891,88,2230,88
7.855866667,-83.60696667,1364,19460,149.5,291,291,291,233,18740,60,UCI-AMS,21.28379493,26.09984572,ODP-1242A,Stott et al. (2019),3,-999,Mixed Planktonics,16960,45,-999,274.6178603,7.160308757,0,0,2,420.6,6.5,16089,37,-13,37,2,27.81,2109,0,0,30.3,-999,5,1583,40,3,219,2651,70,2990,70
7.855866667,-83.60696667,1364,19790,151.75,301,301,301,233,19120,60,UCI-AMS,13.76724379,26.18375783,ODP-1242A,Stott et al. (2019),3,-999,Mixed Planktonics,17020,55,-999,316.6557143,9.045753597,0,0,2,430.8,7.3,16352,41,-20,37,2,27.81,2110,0,0,19.3,-999,5,1583,40,3,219,2768,73,3107,73
7.855866667,-83.60696667,1364,20307,252.75,311,311,311,233,18980,350,UCI-AMS,98.16350774,81.49645631,ODP-1242A,Stott et al. (2019),3,-999,-999,-999,-999,-999,-999,-999,0,0,2,443.5,7.3,16787,41,64,86,2,27.81,2111,0,0,16.2,-999,5,1583,40,3,219,2193,352,2532,352
7.855866667,-83.60696667,1364,21050,290,323,323,323,233,19970,80,UCI-AMS,62.12649524,47.8523863,ODP-1242A,Stott et al. (2019),3,-999,Mixed Planktonics,18030,80,-999,352.2593998,13.53432421,0,0,2,443.9,8.8,17503,49,28,55,2,27.81,2112,0,0,5.7,-999,5,1583,40,3,219,2467,94,2806,94
7.855866667,-83.60696667,1364,22459,189.25,331,331,331,233,20590,80,UCI-AMS,165.9405219,38.30936681,ODP-1242A,Stott et al. (2019),3,-999,Mixed Planktonics,19470,70,-999,340.3797223,11.73118083,0,0,2,494.3,14.7,18598,79,132,47,2,27.81,2113,0,0,12.2,-999,5,1583,40,3,219,1992,112,2331,112
7.855866667,-83.60696667,1364,23280,167,341,341,341,233,20720,90,UCI-AMS,267.0043616,39.79628406,ODP-1242A,Stott et al. (2019),3,-999,Mixed Planktonics,20170,70,-999,356.7917629,11.87482118,0,0,2,497.9,8.9,19375,48,233,48,2,27.81,2114,1,0,17.2,-999,5,1583,40,3,219,1345,102,1684,102
7.855866667,-83.60696667,1364,24442,218,361,361,361,233,22160,90,UCI-AMS,218.9058865,45.80956757,ODP-1242A,Stott et al. (2019),3,-999,Mixed Planktonics,21230,110,-999,368.5148226,18.8686716,0,0,2,528.3,12.3,20351,65,185,53,2,27.81,2115,0,0,-999,-999,5,1583,40,3,219,1809,111,2148,111
43.05,-30.03333333,3080,2084,200,3,3,3,234,3460,31,UBA-36778,-163.5902523,23.46575422,SU90-08,Missiaen et al. (2020) in Radiocarbon,6,-999,Combined methods for age model include matching various SST proxies and Th-normalized sedimentation rates,3407,61,ETH-76333.1.1,-158.0535564,6.417805101,0,0,2,-9.1,1.8,2105,15,-167,23,1,28.1,2116,0,0,-999,-115.6,2.6,987,21,3,220,1355,34,1390,34
43.05,-30.03333333,3080,2084,200,3,3,3,234,2783,56,ETH-76334.1.1,-90.0442447,28.36228449,SU90-08,Missiaen et al. (2020) in Radiocarbon,6,-999,Combined methods for age model include matching various SST proxies and Th-normalized sedimentation rates,3097,55,ETH-76333.3.1,-124.927081,6.011969507,0,0,2,-9.1,1.8,2105,15,-94,28,1,28.1,2117,0,0,-999,-115.6,2.6,987,21,3,220,678,58,713,58
43.05,-30.03333333,3080,2084,200,3,3,3,234,3302,58,ETH-76334.3.1,-146.9761666,26.80026519,SU90-08,Missiaen et al. (2020) in Radiocarbon,6,-999,Combined methods for age model include matching various SST proxies and Th-normalized sedimentation rates,-999,-999,-999,-999,-999,0,0,2,-9.1,1.8,2105,15,-151,27,1,28.1,2118,0,0,4.9,-115.6,2.6,987,21,3,220,1197,60,1232,60
43.05,-30.03333333,3080,2494,200,5,5,5,234,3289,22,UBA-36781,-102.1521817,24.18311022,SU90-08,Missiaen et al. (2020) in Radiocarbon,6,-999,Combined methods for age model include matching various SST proxies and Th-normalized sedimentation rates,-999,-999,-999,-999,-999,0,0,2,-6.6,1.7,2482,14,-106,24,1,28.1,2119,0,0,4.9,-115.6,2.6,987,21,3,220,807,26,842,26
43.05,-30.03333333,3080,3312,200,9,9,9,234,3059,34,UBA-36780,-999,28.99816415,SU90-08,Missiaen et al. (2020) in Radiocarbon,6,-999,Combined methods for age model include matching various SST proxies and Th-normalized sedimentation rates,3564,60,ETH-76335.1.1,-42.12774453,7.181315399,0,0,2,22.1,2.2,3051,18,-999,-999,1,28.1,2120,0,1.2,4.9,-115.6,2.6,987,21,3,220,-999,-999,-999,-999
43.05,-30.03333333,3080,3312,200,9,9,9,234,2763,69,ETH-76336.1.1,-999,34.69986561,SU90-08,Missiaen et al. (2020) in Radiocarbon,6,-999,Combined methods for age model include matching various SST proxies and Th-normalized sedimentation rates,3319,56,ETH-76335.3.1,-12.46334518,6.908410734,0,0,2,22.1,2.2,3051,18,-999,-999,1,28.1,2121,0,1.2,4.9,-115.6,2.6,987,21,3,220,-999,-999,-999,-999
43.05,-30.03333333,3080,4540,200,15,15,15,234,4215,35,UBA-36782,24.76245599,29.26053293,SU90-08,Missiaen et al. (2020) in Radiocarbon,6,-999,Combined methods for age model include matching various SST proxies and Th-normalized sedimentation rates,-999,-999,-999,-999,-999,0,0,2,40.9,2,4090,15,21,29,1,28.1,2122,0,1.2,4.8,-115.6,2.6,987,21,3,220,125,38,160,38
43.05,-30.03333333,3080,4959,200,17,17,17,234,4391,24,UBA-36787,54.67709908,28.66991562,SU90-08,Missiaen et al. (2020) in Radiocarbon,6,-999,Combined methods for age model include matching various SST proxies and Th-normalized sedimentation rates,4558,61,ETH-76337.1.1,32.9774998,7.873954832,0,0,2,55.8,2,4384,15,51,29,1,28.1,2123,0,1.2,4.8,-115.6,2.6,987,21,3,220,7,28,42,28
43.05,-30.03333333,3080,4959,200,17,17,17,234,4342,64,ETH-76338.1.1,-999,34.13151797,SU90-08,Missiaen et al. (2020) in Radiocarbon,6,-999,Combined methods for age model include matching various SST proxies and Th-normalized sedimentation rates,4760,62,ETH-76337.3.1,7.325840488,7.804785163,0,0,2,55.8,2,4384,15,-999,-999,1,28.1,2124,0,1.2,4.8,-115.6,2.6,987,21,3,220,-999,-999,-999,-999
43.05,-30.03333333,3080,4959,200,17,17,17,234,4842,64,ETH-76338.3.1,-2.904529256,32.07182733,SU90-08,Missiaen et al. (2020) in Radiocarbon,6,-999,Combined methods for age model include matching various SST proxies and Th-normalized sedimentation rates,-999,-999,-999,-999,-999,0,0,2,55.8,2,4384,15,-7,32,1,28.1,2125,0,0,3.6,-115.6,2.6,987,21,3,220,458,66,493,66
43.05,-30.03333333,3080,6637,200,23,23,23,234,5954,29,UBA-36791,63.57720733,29.57410774,SU90-08,Missiaen et al. (2020) in Radiocarbon,6,-999,Combined methods for age model include matching various SST proxies and Th-normalized sedimentation rates,5845,69,ETH-76339.1.1,78.10727248,9.300361625,0,0,2,82.6,2.2,5814,16,60,30,1,28.1,2126,0,0,3.6,-115.6,2.6,987,21,3,220,140,33,175,33
43.05,-30.03333333,3080,6637,200,23,23,23,234,5373,64,ETH-76340.1.1,-999,36.77621667,SU90-08,Missiaen et al. (2020) in Radiocarbon,6,-999,Combined methods for age model include matching various SST proxies and Th-normalized sedimentation rates,6520,70,ETH-76339.3.1,-8.782610305,8.675265854,0,0,2,82.6,2.2,5814,16,-999,-999,1,28.1,2127,0,1.2,3.6,-115.6,2.6,987,21,3,220,-999,-999,-999,-999
43.05,-30.03333333,3080,6637,200,23,23,23,234,6651,69,ETH-76340.3.1,-24.81602683,31.97434468,SU90-08,Missiaen et al. (2020) in Radiocarbon,6,-999,Combined methods for age model include matching various SST proxies and Th-normalized sedimentation rates,-999,-999,-999,-999,-999,0,0,2,82.6,2.2,5814,16,-29,32,1,28.1,2128,0,0,3.4,-115.6,2.6,987,21,3,220,837,71,872,71
43.05,-30.03333333,3080,7228,200,25,25,25,234,6245,28,UBA-36792,-999,30.49839377,SU90-08,Missiaen et al. (2020) in Radiocarbon,6,-999,Combined methods for age model include matching various SST proxies and Th-normalized sedimentation rates,-999,-999,-999,-999,-999,0,0,2,100.6,2.5,6256,18,-999,-999,1,28.1,2129,0,1.2,3.4,-115.6,2.6,987,21,3,220,-999,-999,-999,-999
43.05,-30.03333333,3080,10189,200,35,35,35,234,8668,32,UBA-36796,-999,32.85321333,SU90-08,Missiaen et al. (2020) in Radiocarbon,6,-999,Combined methods for age model include matching various SST proxies and Th-normalized sedimentation rates,9372,89,ETH-76341.1.1,68.01652254,11.89866593,0,0,2,120.8,3.2,8986,23,-999,-999,1,28.1,2130,0,1.2,3.4,-115.6,2.6,987,21,3,220,-999,-999,-999,-999
43.05,-30.03333333,3080,10189,200,35,35,35,234,8703,86,ETH-76342.1.1,-999,40.51729648,SU90-08,Missiaen et al. (2020) in Radiocarbon,6,-999,Combined methods for age model include matching various SST proxies and Th-normalized sedimentation rates,9320,82,ETH-76341.3.1,74.95253661,11.02919653,0,0,2,120.8,3.2,8986,23,-999,-999,1,28.1,2131,0,1.2,3.4,-115.6,2.6,987,21,3,220,-999,-999,-999,-999
43.05,-30.03333333,3080,10189,200,35,35,35,234,9067,88,ETH-76342.3.1,-999,38.99867504,SU90-08,Missiaen et al. (2020) in Radiocarbon,6,-999,Combined methods for age model include matching various SST proxies and Th-normalized sedimentation rates,-999,-999,-999,-999,-999,0,0,2,120.8,3.2,8986,23,-999,-999,1,28.1,2132,0,1.2,4,-115.6,2.6,987,21,3,220,-999,-999,-999,-999
43.05,-30.03333333,3080,11180,200,39,39,39,234,10226,85,ETH-76344.1.1,82.60042113,37.65385323,SU90-08,Missiaen et al. (2020) in Radiocarbon,6,-999,Combined methods for age model include matching various SST proxies and Th-normalized sedimentation rates,10340,40,ETH-76515,67.34524297,5.328057068,0,0,2,154.8,3.2,9708,22,79,38,1,28.1,2133,0,0,4,-115.6,2.6,987,21,3,220,518,88,553,88
43.05,-30.03333333,3080,11180,200,39,39,39,234,9636,83,ETH-76344.3.1,-999,40.23325664,SU90-08,Missiaen et al. (2020) in Radiocarbon,6,-999,Combined methods for age model include matching various SST proxies and Th-normalized sedimentation rates,-999,-999,-999,-999,-999,0,0,2,154.8,3.2,9708,22,-999,-999,1,28.1,2134,0,1.2,4.2,-115.6,2.6,987,21,3,220,-999,-999,-999,-999
43.05,-30.03333333,3080,11658,200,41,41,41,234,10412,86,ETH-76346.1.1,120.7876598,39.12164864,SU90-08,Missiaen et al. (2020) in Radiocarbon,6,-999,Combined methods for age model include matching various SST proxies and Th-normalized sedimentation rates,11501,94,ETH-76345.3.1,-21.30388224,11.51970688,0,0,2,165.8,3.3,10097,23,117,39,1,28.1,2135,0,0,4.2,-115.6,2.6,987,21,3,220,315,89,350,89
43.05,-30.03333333,3080,11658,200,41,41,41,234,10841,84,ETH-76346.3.1,62.50252707,36.82248281,SU90-08,Missiaen et al. (2020) in Radiocarbon,6,-999,Combined methods for age model include matching various SST proxies and Th-normalized sedimentation rates,-999,-999,-999,-999,-999,0,0,2,165.8,3.3,10097,23,59,37,1,28.1,2136,0,0,4.2,-115.6,2.6,987,21,3,220,744,87,779,87
43.05,-30.03333333,3080,11658,200,41,41,41,234,10669,37,ETH-76516,85.49779289,31.26510881,SU90-08,Missiaen et al. (2020) in Radiocarbon,6,-999,Combined methods for age model include matching various SST proxies and Th-normalized sedimentation rates,-999,-999,-999,-999,-999,0,0,2,165.8,3.3,10097,23,82,31,1,28.1,2137,0,0,5.9,-115.6,2.6,987,21,3,220,572,44,607,44
43.05,-30.03333333,3080,12338,200,45,45,45,234,11285,96,ETH-76348.1.1,91.56205139,39.46121904,SU90-08,Missiaen et al. (2020) in Radiocarbon,6,-999,Combined methods for age model include matching various SST proxies and Th-normalized sedimentation rates,11749,97,ETH-76347.1.1,30.29792932,12.51646032,0,0,2,215.4,2.9,10424,19,88,39,1,28.1,2138,0,0,5.9,-115.6,2.6,987,21,3,220,861,98,896,98
43.05,-30.03333333,3080,12338,200,45,45,45,234,11293,92,ETH-76348.3.1,90.47551466,38.87859176,SU90-08,Missiaen et al. (2020) in Radiocarbon,6,-999,Combined methods for age model include matching various SST proxies and Th-normalized sedimentation rates,11482,94,ETH-76347.3.1,65.11833522,12.53693643,0,0,2,215.4,2.9,10424,19,87,39,1,28.1,2139,0,0,5.9,-115.6,2.6,987,21,3,220,869,94,904,94
43.05,-30.03333333,3080,12338,200,45,45,45,234,11575,45,ETH-76517,52.85830612,31.37399138,SU90-08,Missiaen et al. (2020) in Radiocarbon,6,-999,Combined methods for age model include matching various SST proxies and Th-normalized sedimentation rates,-999,-999,-999,-999,-999,0,0,2,215.4,2.9,10424,19,49,31,1,28.1,2140,0,0,6.3,-115.6,2.6,987,21,3,220,1151,49,1186,49
43.05,-30.03333333,3080,13128,200,50,50,50,234,11899,93,ETH-76350.1.1,112.640146,39.80742166,SU90-08,Missiaen et al. (2020) in Radiocarbon,6,-999,Combined methods for age model include matching various SST proxies and Th-normalized sedimentation rates,11913,95,ETH-76349.1.1,110.7027134,13.21338935,0,0,2,205.5,3.2,11257,21,109,40,1,28.1,2141,0,0,6.3,-115.6,2.6,987,21,3,220,642,95,677,95
43.05,-30.03333333,3080,13128,200,50,50,50,234,11807,98,ETH-76350.3.1,125.4561931,40.9669236,SU90-08,Missiaen et al. (2020) in Radiocarbon,6,-999,Combined methods for age model include matching various SST proxies and Th-normalized sedimentation rates,11811,96,ETH-76349.3.1,124.8959162,13.52394677,0,0,2,205.5,3.2,11257,21,122,41,1,28.1,2142,0,0,6.3,-115.6,2.6,987,21,3,220,550,100,585,100
43.05,-30.03333333,3080,13128,200,50,50,50,234,11938,44,ETH-76518,107.2513996,32.85694552,SU90-08,Missiaen et al. (2020) in Radiocarbon,6,-999,Combined methods for age model include matching various SST proxies and Th-normalized sedimentation rates,-999,-999,-999,-999,-999,0,0,2,205.5,3.2,11257,21,103,33,1,28.1,2143,0,0,7.2,-115.6,2.6,987,21,3,220,681,49,716,49
43.05,-30.03333333,3080,13407,200,52,52,52,234,11559,96,ETH-76352.1.1,200.5859724,43.40255872,SU90-08,Missiaen et al. (2020) in Radiocarbon,6,-999,Combined methods for age model include matching various SST proxies and Th-normalized sedimentation rates,12460,109,ETH-76351.1.1,73.2027667,14.66156477,0,0,2,206.2,4.5,11525,30,197,43,1,28.1,2144,0,0,7.2,-115.6,2.6,987,21,3,220,34,101,69,101
43.05,-30.03333333,3080,13407,200,52,52,52,234,12261,97,ETH-76352.3.1,100.1210616,39.90767705,SU90-08,Missiaen et al. (2020) in Radiocarbon,6,-999,Combined methods for age model include matching various SST proxies and Th-normalized sedimentation rates,12675,96,ETH-76351.3.1,44.85991261,12.56172206,0,0,2,206.2,4.5,11525,30,96,40,1,28.1,2145,0,0,7.8,-115.6,2.6,987,21,3,220,736,102,771,102
43.05,-30.03333333,3080,13790,200,55,55,55,234,11632,91,ETH-76354.1.1,-999,44.27326354,SU90-08,Missiaen et al. (2020) in Radiocarbon,6,-999,Combined methods for age model include matching various SST proxies and Th-normalized sedimentation rates,12563,105,ETH-76353.1.1,109.7714418,14.60113169,0,0,2,202.6,3.6,11918,24,-999,-999,1,28.1,2146,0,1.2,7.8,-115.6,2.6,987,21,3,220,-999,-999,-999,-999
43.05,-30.03333333,3080,13790,200,55,55,55,234,11898,98,ETH-76354.3.1,-999,43.88243583,SU90-08,Missiaen et al. (2020) in Radiocarbon,6,-999,Combined methods for age model include matching various SST proxies and Th-normalized sedimentation rates,12154,45,ETH-76519,167.7386042,6.559902551,0,0,2,202.6,3.6,11918,24,-999,-999,1,28.1,2147,0,1.2,9.3,-115.6,2.6,987,21,3,220,-999,-999,-999,-999
43.05,-30.03333333,3080,14434,200,61,61,61,234,13110,104,ETH-76356.1.1,120.7073615,41.63170819,SU90-08,Missiaen et al. (2020) in Radiocarbon,6,-999,Combined methods for age model include matching various SST proxies and Th-normalized sedimentation rates,13548,113,ETH-76355.1.1,61.23675147,15.03388221,0,0,2,225.1,4,12401,26,117,42,1,28.1,2148,0,0,9.3,-115.6,2.6,987,21,3,220,709,107,744,107
43.05,-30.03333333,3080,14434,200,61,61,61,234,13163,107,ETH-76356.3.1,113.3375153,41.77401144,SU90-08,Missiaen et al. (2020) in Radiocarbon,6,-999,Combined methods for age model include matching various SST proxies and Th-normalized sedimentation rates,13782,105,ETH-76355.3.1,30.76900995,13.56170603,0,0,2,225.1,4,12401,26,109,42,1,28.1,2149,0,0,13.2,-115.6,2.6,987,21,3,220,762,110,797,110
43.05,-30.03333333,3080,15497,200,75,75,75,234,16805,158,ETH-76358.1.1,-195.4193016,35.30138348,SU90-08,Missiaen et al. (2020) in Radiocarbon,6,-999,Combined methods for age model include matching various SST proxies and Th-normalized sedimentation rates,-999,-999,-999,-999,-999,0,0,2,302.9,7.2,12936,44,-199,35,1,28.1,2150,1,0,13.2,-115.6,2.6,987,21,3,220,3869,164,3904,164
43.05,-30.03333333,3080,15497,200,75,75,75,234,16627,155,ETH-76358.3.1,-177.3919302,35.78483966,SU90-08,Missiaen et al. (2020) in Radiocarbon,6,-999,Combined methods for age model include matching various SST proxies and Th-normalized sedimentation rates,-999,-999,-999,-999,-999,0,0,2,302.9,7.2,12936,44,-181,36,1,28.1,2151,1,0,5.6,-115.6,2.6,987,21,3,220,3691,161,3726,161
43.05,-30.03333333,3080,16209,200,79,79,79,234,16467,143,ETH-76360.1.1,-85.36665943,38.420532,SU90-08,Missiaen et al. (2020) in Radiocarbon,6,-999,Combined methods for age model include matching various SST proxies and Th-normalized sedimentation rates,-999,-999,-999,-999,-999,0,0,2,332.7,5.9,13444,36,-89,38,1,28.1,2152,0,0,4.7,-115.6,2.6,987,21,3,220,3023,147,3058,147
43.05,-30.03333333,3080,16634,200,81,81,81,234,17915,159,ETH-76362.1.1,-195.9382743,35.37880469,SU90-08,Missiaen et al. (2020) in Radiocarbon,6,-999,Combined methods for age model include matching various SST proxies and Th-normalized sedimentation rates,16677,56,ETH-76520,-61.96213306,6.562137048,0,0,2,350.6,6.9,13755,41,-200,35,1,28.1,2153,0,0,4.7,-115.6,2.6,987,21,3,220,4160,164,4195,164
43.05,-30.03333333,3080,16634,200,81,81,81,234,17302,159,ETH-76362.3.1,-132.1783165,38.18424987,SU90-08,Missiaen et al. (2020) in Radiocarbon,6,-999,Combined methods for age model include matching various SST proxies and Th-normalized sedimentation rates,-999,-999,-999,-999,-999,0,0,2,350.6,6.9,13755,41,-136,38,1,28.1,2154,0,0,4.4,-115.6,2.6,987,21,3,220,3547,164,3582,164
43.05,-30.03333333,3080,17550,200,85,85,85,234,18515,168,ETH-76364.3.1,-166.372944,37.61458714,SU90-08,Missiaen et al. (2020) in Radiocarbon,6,-999,Combined methods for age model include matching various SST proxies and Th-normalized sedimentation rates,17400,156,ETH-76363.1.1,-42.24829168,18.78120994,0,0,2,380.9,6.1,14461,35,-170,38,1,28.1,2155,0,0,4.3,-115.6,2.6,987,21,3,220,4054,172,4089,172
43.05,-30.03333333,3080,18945,200,91,91,91,234,19470,182,ETH-76366.1.1,-123.7558851,41.06627947,SU90-08,Missiaen et al. (2020) in Radiocarbon,6,-999,Combined methods for age model include matching various SST proxies and Th-normalized sedimentation rates,18515,168,ETH-76365.1.1,-13.13887718,20.85627904,0,0,2,398.9,6.1,15717,35,-128,41,1,28.1,2156,0,0,4.3,-115.6,2.6,987,21,3,220,3753,185,3788,185
43.05,-30.03333333,3080,18945,200,91,91,91,234,19143,183,ETH-76366.3.1,-87.3505933,42.88619669,SU90-08,Missiaen et al. (2020) in Radiocarbon,6,-999,Combined methods for age model include matching various SST proxies and Th-normalized sedimentation rates,18432,164,ETH-76365.3.1,-2.889394519,20.56601699,0,0,2,398.9,6.1,15717,35,-91,43,1,28.1,2157,0,0,4.8,-115.6,2.6,987,21,3,220,3426,186,3461,186
43.05,-30.03333333,3080,19982,200,96,96,96,234,19856,187,ETH-76368.1.1,-53.25344676,44.9604059,SU90-08,Missiaen et al. (2020) in Radiocarbon,6,-999,Combined methods for age model include matching various SST proxies and Th-normalized sedimentation rates,18972,172,ETH-76367.1.1,56.88109449,22.87360367,0,0,2,428.1,7.8,16562,44,-57,45,1,28.1,2158,0,0,4.8,-115.6,2.6,987,21,3,220,3294,192,3329,192
43.05,-30.03333333,3080,19982,200,96,96,96,234,19692,187,ETH-76368.3.1,-33.7262192,45.88774181,SU90-08,Missiaen et al. (2020) in Radiocarbon,6,-999,Combined methods for age model include matching various SST proxies and Th-normalized sedimentation rates,18884,167,ETH-76367.3.1,68.5226768,22.44629134,0,0,2,428.1,7.8,16562,44,-38,46,1,28.1,2159,0,0,5.1,-115.6,2.6,987,21,3,220,3130,192,3165,192
43.05,-30.03333333,3080,21565,200,104,104,104,234,20663,202,ETH-76369.1.1,36.96664257,51.18349622,SU90-08,Missiaen et al. (2020) in Radiocarbon,6,-999,Combined methods for age model include matching various SST proxies and Th-normalized sedimentation rates,19467,198,ETH-76370.1.1,203.4417871,30.03141672,0,0,2,480.8,8.5,17806,46,33,51,1,28.1,2160,0,0,6.5,-115.6,2.6,987,21,3,220,2857,207,2892,207
43.05,-30.03333333,3080,22949,200,113,113,113,234,21117,214,ETH-76372.1.1,158.5804409,58.9191181,SU90-08,Missiaen et al. (2020) in Radiocarbon,6,-999,Combined methods for age model include matching various SST proxies and Th-normalized sedimentation rates,20322,73,ETH-76522,279.1071046,11.67688027,0,0,2,511.8,17,18981,90,155,59,1,28.1,2161,0,0,10.6,-115.6,2.6,987,21,3,220,2136,232,2171,232
43.05,-30.03333333,3080,23327,200,117,117,117,234,21268,216,ETH-76374.1.1,190.2007617,60.82386878,SU90-08,Missiaen et al. (2020) in Radiocarbon,6,-999,Combined methods for age model include matching various SST proxies and Th-normalized sedimentation rates,20823,213,ETH-76373.1.1,257.9941269,33.80266699,0,0,2,501.8,10,19403,53,186,61,1,28.1,2162,0,0,10.9,-115.6,2.6,987,21,3,220,1865,222,1900,222
43.05,-30.03333333,3080,23511,200,119,119,119,234,21595,224,ETH-76377.1.1,168.442989,60.87715359,SU90-08,Missiaen et al. (2020) in Radiocarbon,6,-999,Combined methods for age model include matching various SST proxies and Th-normalized sedimentation rates,20954,218,ETH-76375.1.1,265.500791,34.81347922,0,0,2,508.5,10.9,19552,58,165,61,1,28.1,2163,0,0,15.8,-115.6,2.6,987,21,3,220,2043,231,2078,231
43.05,-30.03333333,3080,24016,200,127,127,127,234,22738,247,ETH-76378.1.1,77.31331313,59.21816812,SU90-08,Missiaen et al. (2020) in Radiocarbon,6,-999,Combined methods for age model include matching various SST proxies and Th-normalized sedimentation rates,21429,85,ETH-76523,267.9774708,13.48815144,0,0,2,510.4,9.4,20028,50,73,59,1,28.1,2164,0,0,7.2,-115.6,2.6,987,21,3,220,2710,252,2745,252
43.05,-30.03333333,3080,24569,200,131,131,131,234,23207,258,ETH-76381.1.1,86.51852139,61.21429171,SU90-08,Missiaen et al. (2020) in Radiocarbon,6,-999,Combined methods for age model include matching various SST proxies and Th-normalized sedimentation rates,22454,249,ETH-76380.1.1,193.2932202,37.56791413,0,0,2,538.2,10.9,20416,57,83,61,1,28.1,2165,0,0,7.2,-115.6,2.6,987,21,3,220,2791,264,2826,264
43.05,-30.03333333,3080,24569,200,131,131,131,234,23072,257,ETH-76381.3.1,104.9324965,62.11396551,SU90-08,Missiaen et al. (2020) in Radiocarbon,6,-999,Combined methods for age model include matching various SST proxies and Th-normalized sedimentation rates,21793,224,ETH-76380.3.1,295.6370035,36.63724512,0,0,2,538.2,10.9,20416,57,101,62,1,28.1,2166,0,0,5.9,-115.6,2.6,987,21,3,220,2656,263,2691,263
43.05,-30.03333333,3080,25248,200,135,135,135,234,21097,220,ETH-76383.1.1,533.8468379,79.15029357,SU90-08,Missiaen et al. (2020) in Radiocarbon,6,-999,Combined methods for age model include matching various SST proxies and Th-normalized sedimentation rates,23044,260,ETH-76382.1.1,203.7042182,39.5970301,0,0,2,558.2,13.4,20963,69,530,79,1,28.1,2167,0,0,5.9,-115.6,2.6,987,21,3,220,134,231,169,231
43.05,-30.03333333,3080,25248,200,135,135,135,234,24185,292,ETH-76383.3.1,44.31854429,63.2644219,SU90-08,Missiaen et al. (2020) in Radiocarbon,6,-999,Combined methods for age model include matching various SST proxies and Th-normalized sedimentation rates,22757,245,ETH-76382.3.1,247.4871828,38.63350021,0,0,2,558.2,13.4,20963,69,40,63,1,28.1,2168,0,0,5.7,-115.6,2.6,987,21,3,220,3222,300,3257,300
43.05,-30.03333333,3080,2084,200,3,3,3,234,-999,-999,-999,-999,-999,SU90-08,Missiaen et al. (2020) in Radiocarbon,6,-999,G.ruber,3279,21,ETH-76382.1.1,-144.530298,2.239308632,0,0,2,-9.1,1.8,2105,15,-999,-999,1,28.1,2169,0,0,4.9,-115.6,2.6,987,21,3,220,-999,-999,-999,-999
43.05,-30.03333333,3080,2494,200,5,5,5,234,-999,-999,-999,-999,-999,SU90-08,Missiaen et al. (2020) in Radiocarbon,6,-999,G.ruber,3619,21,ETH-76382.3.1,-138.2889171,2.255646298,0,0,2,-6.6,1.7,2482,14,-999,-999,1,28.1,2170,0,0,4.9,-115.6,2.6,987,21,3,220,-999,-999,-999,-999
43.05,-30.03333333,3080,3312,200,9,9,9,234,-999,-999,-999,-999,-999,SU90-08,Missiaen et al. (2020) in Radiocarbon,6,-999,G.ruber,3527,21,UBA-36784,-37.70560832,2.518936828,0,0,2,22.1,2.2,3051,18,-999,-999,1,28.1,2171,0,0,4.9,-115.6,2.6,987,21,3,220,-999,-999,-999,-999
43.05,-30.03333333,3080,4540,200,15,15,15,234,-999,-999,-999,-999,-999,SU90-08,Missiaen et al. (2020) in Radiocarbon,6,-999,G.ruber,4201,23,UBA-36785,26.54998038,2.943418737,0,0,2,40.9,2,4090,15,-999,-999,1,28.1,2172,0,0,4.8,-115.6,2.6,987,21,3,220,-999,-999,-999,-999
43.05,-30.03333333,3080,4959,200,17,17,17,234,-999,-999,-999,-999,-999,SU90-08,Missiaen et al. (2020) in Radiocarbon,6,-999,G.ruber,4447,29,UBA-36788,47.35025635,3.787881073,0,0,2,55.8,2,4384,15,-999,-999,1,28.1,2173,0,0,3.6,-115.6,2.6,987,21,3,220,-999,-999,-999,-999
43.05,-30.03333333,3080,6637,200,23,23,23,234,-999,-999,-999,-999,-999,SU90-08,Missiaen et al. (2020) in Radiocarbon,6,-999,G.ruber,5601,26,UBA-36789,111.3568793,3.602899451,0,0,2,82.6,2.2,5814,16,-999,-999,1,28.1,2174,0,0,3.4,-115.6,2.6,987,21,3,220,-999,-999,-999,-999
43.05,-30.03333333,3080,7228,200,25,25,25,234,-999,-999,-999,-999,-999,SU90-08,Missiaen et al. (2020) in Radiocarbon,6,-999,G.ruber,6176,28,UBA-36793,111.2561052,3.880177003,0,0,2,100.6,2.5,6256,18,-999,-999,1,28.1,2175,0,0,3.4,-115.6,2.6,987,21,3,220,-999,-999,-999,-999
43.05,-30.03333333,3080,10189,200,35,35,35,234,-999,-999,-999,-999,-999,SU90-08,Missiaen et al. (2020) in Radiocarbon,6,-999,G.ruber,8471,33,UBA-36794,194.7841499,4.91833361,0,0,2,120.8,3.2,8986,23,-999,-999,1,28.1,2176,0,0,6.7,-115.6,2.6,987,21,3,220,-999,-999,-999,-999
43.05,-30.03333333,3080,14660,200,65,65,65,234,-999,-999,-999,-999,-999,SU90-08,Missiaen et al. (2020) in Radiocarbon,6,-999,N.Pachyderma s,13918,50,ETH-76524,41.55269896,6.503180106,0,0,2,245.8,4.5,12480,29,-999,-999,1,28.1,2177,0,0,33.9,-115.6,2.6,987,21,3,220,-999,-999,-999,-999
43.05,-30.03333333,3080,14719,200,67,67,67,234,-999,-999,-999,-999,-999,SU90-08,Missiaen et al. (2020) in Radiocarbon,6,-999,N.Pachyderma s,14956,54,ETH-76525,-78.14523674,6.217832766,0,0,2,266.2,8,12408,51,-999,-999,1,28.1,2178,0,0,34.5,-115.6,2.6,987,21,3,220,-999,-999,-999,-999
43.05,-30.03333333,3080,14777,200,69,69,69,234,-999,-999,-999,-999,-999,SU90-08,Missiaen et al. (2020) in Radiocarbon,6,-999,N.Pachyderma s,14333,50,ETH-76526,3.208476167,6.263768901,0,0,2,279.5,6.7,12382,42,-999,-999,1,28.1,2179,0,0,8.3,-115.6,2.6,987,21,3,220,-999,-999,-999,-999
43.05,-30.03333333,3080,15497,200,75,75,75,234,-999,-999,-999,-999,-999,SU90-08,Missiaen et al. (2020) in Radiocarbon,6,-999,N.Pachyderma s,15163,123,ETH-76357.1.1,-12.94270048,15.22996394,0,0,2,302.9,7.2,12936,44,-999,-999,1,28.1,2180,0,0,8.3,-115.6,2.6,987,21,3,220,-999,-999,-999,-999
43.05,-30.03333333,3080,15497,200,75,75,75,234,-999,-999,-999,-999,-999,SU90-08,Missiaen et al. (2020) in Radiocarbon,6,-999,N.Pachyderma s,15471,126,ETH-76357.3.1,-50.07194318,15.01737288,0,0,2,302.9,7.2,12936,44,-999,-999,1,28.1,2181,0,0,5.6,-115.6,2.6,987,21,3,220,-999,-999,-999,-999
43.05,-30.03333333,3080,16209,200,79,79,79,234,-999,-999,-999,-999,-999,SU90-08,Missiaen et al. (2020) in Radiocarbon,6,-999,N.Pachyderma s,15757,132,ETH-76359.1.1,-0.846246258,16.55394795,0,0,2,332.7,5.9,13444,36,-999,-999,1,28.1,2182,0,0,5.6,-115.6,2.6,987,21,3,220,-999,-999,-999,-999
43.05,-30.03333333,3080,16209,200,79,79,79,234,-999,-999,-999,-999,-999,SU90-08,Missiaen et al. (2020) in Radiocarbon,6,-999,N.Pachyderma s,15634,127,ETH-76359.3.1,14.57036193,16.16760535,0,0,2,332.7,5.9,13444,36,-999,-999,1,28.1,2183,0,0,5.6,-115.6,2.6,987,21,3,220,-999,-999,-999,-999
-36.221,-73.675,1001,9354,131,202,202,202,235,9340,20,UCIAMS-96737,-30.73498678,17.7733084,22SL,Fontaine et al. (2019) PP,3,-999,Planktics exist but not same depths—need to insert,-999,-999,-999,-999,-999,0,0,2,101.3,3.2,8320,23,-95,32,2,27.4,2184,0,0,78.4,-148.4,5,1290,40,3,221,1020,30,1651,30
-36.221,-73.675,1001,9558,137,218,218,218,235,9775,20,UCIAMS-96738,-58.88733094,17.94023942,22SL,Fontaine et al. (2019) PP,3,-999,Planktics exist but not same depths—need to insert,-999,-999,-999,-999,-999,0,0,2,76.7,2.8,8696,21,-123,32,2,27.4,2185,0,0,58.8,-148.4,5,1290,40,3,221,1079,29,1710,29
-36.221,-73.675,1001,9830,156,234,234,234,235,9990,20,UCIAMS-96739,-53.09367674,20.22739717,22SL,Fontaine et al. (2019) PP,3,-999,Planktics exist but not same depths—need to insert,-999,-999,-999,-999,-999,0,0,2,96.3,3,8813,22,-117,33,2,27.4,2186,0,0,56.1,-148.4,5,1290,40,3,221,1177,30,1808,30
-36.221,-73.675,1001,10115,153,250,250,250,235,10360,20,UCIAMS-96740,-64.00083659,19.65466361,22SL,Fontaine et al. (2019) PP,3,-999,Planktics exist but not same depths—need to insert,-999,-999,-999,-999,-999,0,0,2,125.1,3.1,8887,22,-128,33,2,27.4,2187,0,0,47.7,-148.4,5,1290,40,3,221,1473,30,2104,30
-36.221,-73.675,1001,10492,170,268,268,268,235,10600,20,UCIAMS-96741,-49.16473541,21.92194333,22SL,Fontaine et al. (2019) PP,3,-999,Planktics exist but not same depths—need to insert,-999,-999,-999,-999,-999,0,0,2,120.9,3.2,9286,23,-113,35,2,27.4,2188,0,0,49.4,-148.4,5,1290,40,3,221,1314,30,1945,30
-36.221,-73.675,1001,10978,165,292,292,292,235,10845,30,UCIAMS-97369,-21.88271569,23.1771584,22SL,Fontaine et al. (2019) PP,3,-999,Planktics exist but not same depths—need to insert,-999,-999,-999,-999,-999,0,0,2,152.5,3.2,9529,22,-86,35,2,27.4,2189,0,0,50.4,-148.4,5,1290,40,3,221,1316,37,1947,37
-36.221,-73.675,1001,11335,172,310,310,310,235,11480,20,UCIAMS-96742,-56.3414409,21.98483768,22SL,Fontaine et al. (2019) PP,3,-999,Planktics exist but not same depths—need to insert,-999,-999,-999,-999,-999,0,0,2,140.8,3.4,9961,24,-121,35,2,27.4,2190,0,0,49.8,-148.4,5,1290,40,3,221,1519,31,2150,31
-36.221,-73.675,1001,11556,172,321,321,321,235,11300,55,OS-69322,-8.811461828,27.41220516,22SL,Fontaine et al. (2019) PP,3,-999,Planktics exist but not same depths—need to insert,-999,-999,-999,-999,-999,0,0,2,162.3,3.2,10025,22,-73,38,2,27.4,2191,0,0,51.5,-148.4,5,1290,40,3,221,1275,59,1906,59
-36.221,-73.675,1001,12119,192,350,350,350,235,12240,210,UCIAMS-64333,-56.12895146,46.61504261,22SL,Fontaine et al. (2019) PP,3,-999,Planktics exist but not same depths—need to insert,-999,-999,-999,-999,-999,0,0,2,192.8,2.6,10360,18,-120,54,2,27.4,2192,0,0,55,-148.4,5,1290,40,3,221,1880,211,2511,211
-36.221,-73.675,1001,12228,200,356,356,356,235,12185,45,UCIAMS-97361,-37.03095683,28.69539262,22SL,Fontaine et al. (2019) PP,3,-999,Planktics exist but not same depths—need to insert,-999,-999,-999,-999,-999,0,0,2,205.3,2.7,10384,18,-101,39,2,27.4,2193,0,0,55.2,-148.4,5,1290,40,3,221,1801,48,2432,48
-36.221,-73.675,1001,12373,205,364,364,364,235,12245,25,UCIAMS-96743,-27.28445524,27.15157728,22SL,Fontaine et al. (2019) PP,3,-999,Planktics exist but not same depths—need to insert,-999,-999,-999,-999,-999,0,0,2,228.7,2.6,10375,17,-92,38,2,27.4,2194,0,0,54.3,-148.4,5,1290,40,3,221,1870,30,2501,30
-36.221,-73.675,1001,12557,211,374,374,374,235,12400,45,UCIAMS-97362,-24.39923411,30.37053216,22SL,Fontaine et al. (2019) PP,3,-999,Planktics exist but not same depths—need to insert,-999,-999,-999,-999,-999,0,0,2,240.7,2.6,10472,17,-89,40,2,27.4,2195,0,0,53.9,-148.4,5,1290,40,3,221,1928,48,2559,48
-36.221,-73.675,1001,13503,190,425,425,425,235,13400,60,OS-66829,-34.16034879,29.41642429,22SL,Fontaine et al. (2019) PP,3,-999,Planktics exist but not same depths—need to insert,-999,-999,-999,-999,-999,0,0,2,196.2,5.1,11689,34,-98,40,2,27.4,2196,0,0,75.4,-148.4,5,1290,40,3,221,1711,69,2342,69
-36.221,-73.675,1001,14378,192,491,491,491,235,13700,60,OS-66827,34.31472636,31.75230304,22SL,Fontaine et al. (2019) PP,3,-999,Planktics exist but not same depths—need to insert,-999,-999,-999,-999,-999,0,0,2,216.7,3.4,12397,23,-30,41,2,27.4,2197,0,0,69.4,-148.4,5,1290,40,3,221,1303,64,1934,64
-36.221,-73.675,1001,15084,147,540,540,540,235,14450,90,OS-71081,26.1090418,29.74626934,22SL,Fontaine et al. (2019) PP,3,-999,Planktics exist but not same depths—need to insert,-999,-999,-999,-999,-999,0,0,2,284.8,6.4,12650,40,-38,40,2,27.4,2198,0,0,71.4,-148.4,5,1290,40,3,221,1800,98,2431,98
-36.221,-73.675,1001,15434,135,565,565,565,235,14650,90,OS-71082,44.16103281,28.75332355,22SL,Fontaine et al. (2019) PP,3,-999,Planktics exist but not same depths—need to insert,-999,-999,-999,-999,-999,0,0,2,297.3,6.8,12912,42,-20,39,2,27.4,2199,0,0,65.7,-148.4,5,1290,40,3,221,1738,99,2369,99
-36.221,-73.675,1001,15784,126,588,588,588,235,15150,85,OS-69274,23.58122139,26.43454058,22SL,Fontaine et al. (2019) PP,3,-999,Planktics exist but not same depths—need to insert,-999,-999,-999,-999,-999,0,0,2,310.7,6.6,13170,40,-41,38,2,27.4,2200,0,0,78.9,-148.4,5,1290,40,3,221,1980,94,2611,94
-36.221,-73.675,1001,16177,118,619,619,619,235,15050,75,OS-66865,86.86187975,25.66330722,22SL,Fontaine et al. (2019) PP,3,-999,Planktics exist but not same depths—need to insert,-999,-999,-999,-999,-999,0,0,2,331.3,5.6,13423,34,23,37,2,27.4,2201,0,0,79.4,-148.4,5,1290,40,3,221,1627,82,2258,82
-36.221,-73.675,1001,16756,127,665,665,665,235,15550,100,OS-66864,95.36625456,30.46708472,22SL,Fontaine et al. (2019) PP,3,-999,Planktics exist but not same depths—need to insert,-999,-999,-999,-999,-999,0,0,2,360.2,6.4,13815,38,31,41,2,27.4,2202,0,0,72.7,-148.4,5,1290,40,3,221,1735,107,2366,107
-36.221,-73.675,1001,17031,123,685,685,685,235,15850,75,OS-69277,90.90499908,26.41875818,22SL,Fontaine et al. (2019) PP,3,-999,Planktics exist but not same depths—need to insert,-999,-999,-999,-999,-999,0,0,2,374.1,6.8,14005,40,27,38,2,27.4,2203,0,0,69.1,-148.4,5,1290,40,3,221,1845,85,2476,85
-36.221,-73.675,1001,17610,121,725,725,725,235,16250,85,OS-69279,113.2131099,28.07582624,22SL,Fontaine et al. (2019) PP,3,-999,Planktics exist but not same depths—need to insert,-999,-999,-999,-999,-999,0,0,2,390.4,7.3,14464,42,49,39,2,27.4,2204,0,0,80.6,-148.4,5,1290,40,3,221,1786,95,2417,95
-36.221,-73.675,1001,18044,126,760,760,760,235,16550,75,OS-69323,130.208877,27.7808534,22SL,Fontaine et al. (2019) PP,3,-999,Planktics exist but not same depths—need to insert,-999,-999,-999,-999,-999,0,0,2,423.3,6.8,14704,38,66,39,2,27.4,2205,0,0,64.6,-148.4,5,1290,40,3,221,1846,84,2477,84
-36.221,-73.675,1001,18431,125,785,785,785,235,16900,70,OS-69324,133.8793637,27.02790739,22SL,Fontaine et al. (2019) PP,3,-999,Planktics exist but not same depths—need to insert,-999,-999,-999,-999,-999,0,0,2,398.2,7.1,15226,40,70,38,2,27.4,2206,0,0,58.1,-148.4,5,1290,40,3,221,1674,81,2305,81
-36.221,-73.675,1001,18827,113,808,808,808,235,17100,90,OS-72174,160.2654488,28.86178021,22SL,Fontaine et al. (2019) PP,3,-999,Planktics exist but not same depths—need to insert,-999,-999,-999,-999,-999,0,0,2,410.3,6.4,15536,37,96,39,2,27.4,2207,0,0,60.2,-148.4,5,1290,40,3,221,1564,97,2195,97
-36.221,-73.675,1001,18993,109,818,818,818,235,17550,75,OS-72025,119.3069819,25.21053522,22SL,Fontaine et al. (2019) PP,3,-999,Planktics exist but not same depths—need to insert,-999,-999,-999,-999,-999,0,0,2,399.9,6.3,15760,36,55,37,2,27.4,2208,0,0,72.5,-148.4,5,1290,40,3,221,1790,83,2421,83
-36.221,-73.675,1001,19200,115,833,833,833,235,17550,90,OS-72136,147.6874911,28.82664345,22SL,Fontaine et al. (2019) PP,3,-999,Planktics exist but not same depths—need to insert,-999,-999,-999,-999,-999,0,0,2,401.6,6.2,15944,36,83,39,2,27.4,2209,0,0,76.9,-148.4,5,1290,40,3,221,1606,97,2237,97
-36.221,-73.675,1001,19330,117,843,843,843,235,17750,85,OS-72137,137.2088855,28.13060065,22SL,Fontaine et al. (2019) PP,3,-999,Planktics exist but not same depths—need to insert,-999,-999,-999,-999,-999,0,0,2,415.1,6.5,15994,37,73,39,2,27.4,2210,0,0,80.1,-148.4,5,1290,40,3,221,1756,93,2387,93
-36.221,-73.675,1001,19642,129,868,868,868,235,17250,330,OS-  72556,256.7896523,71.27896759,22SL,Fontaine et al. (2019) PP,3,-999,Planktics exist but not same depths—need to insert,-999,-999,-999,-999,-999,0,0,2,402.3,8.3,16378,47,192,76,2,27.4,2211,0,0,92.6,-148.4,5,1290,40,3,221,872,333,1503,333
-36.221,-73.675,1001,19804,135,883,883,883,235,18000,100,OS-72028,167.4147501,33.60124187,22SL,Fontaine et al. (2019) PP,3,-999,Planktics exist but not same depths—need to insert,-999,-999,-999,-999,-999,0,0,2,431.8,7.4,16366,41,103,43,2,27.4,2212,0,0,92.6,-148.4,5,1290,40,3,221,1634,108,2265,108
-31.48566667,-72,3086,1151,134,8,8,8,236,2945,35,UCIAMS-114574,-203.3855474,16.38436847,GeoB 7149-2,Fontaine et al. (2019) PP,3,-999,Planktics exist but not same depths—need to insert,-999,-999,-999,-999,-999,0,0,2,-11.1,1.3,1217,10,-206,16,2,28.1,2213,0,0,24.8,-206.5,3.8,1858,30,3,222,1728,36,1757,36
-31.48566667,-72,3086,1353,150,13,13,13,236,3530,80,UCIAMS-123856,-241.0159874,21.33280052,GeoB 7149-2,Fontaine et al. (2019) PP,3,-999,Planktics exist but not same depths—need to insert,-999,-999,-999,-999,-999,0,0,2,-20.7,1.7,1490,14,-244,21,2,28.1,2214,0,0,16.9,-206.5,3.8,1858,30,3,222,2040,81,2069,81
-31.48566667,-72,3086,3132,152,43,43,43,236,4750,60,UCIAMS-123862,-191.4034201,20.90903471,GeoB 7149-2,Fontaine et al. (2019) PP,3,-999,Planktics exist but not same depths—need to insert,-999,-999,-999,-999,-999,0,0,2,13.4,2.2,2945,17,-194,21,2,28.1,2215,0,0,18.1,-206.5,3.8,1858,30,3,222,1805,62,1834,62
-31.48566667,-72,3086,3686,136,53,53,53,236,5435,30,UCIAMS-114576,-206.0342641,16.02771896,GeoB 7149-2,Fontaine et al. (2019) PP,3,-999,Planktics exist but not same depths—need to insert,-999,-999,-999,-999,-999,0,0,2,19.4,2.2,3431,18,-209,16,2,28.1,2216,0,0,27.8,-206.5,3.8,1858,30,3,222,2004,35,2033,35
-31.48566667,-72,3086,3866,117,58,58,58,236,5180,90,UCIAMS-123863,-162.3857453,21.24119119,GeoB 7149-2,Fontaine et al. (2019) PP,3,-999,Planktics exist but not same depths—need to insert,-999,-999,-999,-999,-999,0,0,2,24.1,2.3,3569,18,-165,21,2,28.1,2217,0,0,17.7,-206.5,3.8,1858,30,3,222,1611,92,1640,92
-31.48566667,-72,3086,4995,188,78,78,78,236,6330,190,UCIAMS-123868,-167.8894666,38.61833017,GeoB 7149-2,Fontaine et al. (2019) PP,3,-999,Planktics exist but not same depths—need to insert,-999,-999,-999,-999,-999,0,0,2,53.7,2,4439,15,-171,39,2,28.1,2218,0,0,21.7,-206.5,3.8,1858,30,3,222,1891,191,1920,191
-31.48566667,-72,3086,5917,267,98,98,98,236,7810,70,UCIAMS-114578,-226.2467412,31.74139866,GeoB 7149-2,Fontaine et al. (2019) PP,3,-999,Planktics exist but not same depths—need to insert,-999,-999,-999,-999,-999,0,0,2,75.9,2.1,5165,16,-229,32,2,28.1,2219,0,0,21.7,-206.5,3.8,1858,30,3,222,2645,72,2674,72
-31.48566667,-72,3086,5917,267,98,98,98,236,7190,25,UCIAMS-114579,-164.1621279,29.60257489,GeoB 7149-2,Fontaine et al. (2019) PP,3,-999,Planktics exist but not same depths—need to insert,-999,-999,-999,-999,-999,0,0,2,75.9,2.1,5165,16,-167,30,2,28.1,2220,0,0,22.1,-206.5,3.8,1858,30,3,222,2025,30,2054,30
-31.48566667,-72,3086,6370,223,108,108,108,236,8590,100,UCIAMS-123870,-258.2963658,29.24803023,GeoB 7149-2,Fontaine et al. (2019) PP,3,-999,Planktics exist but not same depths—need to insert,-999,-999,-999,-999,-999,0,0,2,78.7,2.7,5581,20,-261,29,2,28.1,2221,0,0,15.1,-206.5,3.8,1858,30,3,222,3009,102,3038,102
-31.48566667,-72,3086,8025,203,133,133,133,236,8975,50,UCIAMS-114580,-136.3082026,26.58844664,GeoB 7149-2,Fontaine et al. (2019) PP,3,-999,Planktics exist but not same depths—need to insert,-999,-999,-999,-999,-999,0,0,2,68.5,3.5,7270,26,-139,27,2,28.1,2222,0,0,29.5,-206.5,3.8,1858,30,3,222,1705,56,1734,56
-31.48566667,-72,3086,9212,178,168,168,168,236,9940,190,UCIAMS-123872,-115.8122356,39.96457918,GeoB 7149-2,Fontaine et al. (2019) PP,3,-999,Planktics exist but not same depths—need to insert,-999,-999,-999,-999,-999,0,0,2,94.5,3.6,8234,26,-119,40,2,28.1,2223,1,0,17.3,-206.5,3.8,1858,30,3,222,1706,192,1735,192
-31.48566667,-72,3086,9501,15,173,173,173,236,10940,130,UCIAMS-123876,-191.5319037,14.55134136,GeoB 7149-2,Fontaine et al. (2019) PP,3,-999,Planktics exist but not same depths—need to insert,-999,-999,-999,-999,-999,0,0,2,98.4,3.1,8487,23,-194,15,2,28.1,2224,0,0,13.1,-206.5,3.8,1858,30,3,222,2453,132,2482,132
-31.48566667,-72,3086,9883,160,178,178,178,236,10790,70,UCIAMS-114583,-137.3388206,24.21645072,GeoB 7149-2,Fontaine et al. (2019) PP,3,-999,Planktics exist but not same depths—need to insert,-999,-999,-999,-999,-999,0,0,2,105.4,2.9,8805,21,-140,24,2,28.1,2225,0,0,13.1,-206.5,3.8,1858,30,3,222,1985,73,2014,73
-31.48566667,-72,3086,9883,160,178,178,178,236,11420,630,UCIAMS-123882,-202.4093345,78.1131883,GeoB 7149-2,Fontaine et al. (2019) PP,3,-999,Planktics exist but not same depths—need to insert,-999,-999,-999,-999,-999,0,0,2,105.4,2.9,8805,21,-205,78,2,28.1,2226,0,0,37.9,-206.5,3.8,1858,30,3,222,2615,630,2644,630
-31.48566667,-72,3086,10938,159,218,218,218,236,11290,90,UCIAMS-114586,-79.06028195,28.03485966,GeoB 7149-2,Fontaine et al. (2019) PP,3,-999,Planktics exist but not same depths—need to insert,-999,-999,-999,-999,-999,0,0,2,135.6,2.7,9609,19,-82,28,2,28.1,2227,0,0,35.7,-206.5,3.8,1858,30,3,222,1681,92,1710,92
-31.48566667,-72,3086,13319,158,303,303,303,236,13580,170,UCIAMS-114589,-76.35011078,37.20990576,GeoB 7149-2,Fontaine et al. (2019) PP,3,-999,Planktics exist but not same depths—need to insert,-999,-999,-999,-999,-999,0,0,2,202.1,4.8,11464,32,-79,37,2,28.1,2228,0,0,34,-206.5,3.8,1858,30,3,222,2116,173,2145,173
-31.48566667,-72,3086,14055,219,328,328,328,236,15520,160,UCIAMS-114593,-206.9724493,36.81659504,GeoB 7149-2,Fontaine et al. (2019) PP,3,-999,Planktics exist but not same depths—need to insert,-999,-999,-999,-999,-999,0,0,2,206.7,3.9,12152,26,-210,37,2,28.1,2229,1,0,37.9,-206.5,3.8,1858,30,3,222,3368,162,3397,162
-31.48566667,-72,3086,15242,243,373,373,373,236,15700,370,UCIAMS-114611,-104.8123915,67.60957764,GeoB 7149-2,Fontaine et al. (2019) PP,3,-999,Planktics exist but not same depths—need to insert,-999,-999,-999,-999,-999,0,0,2,288.3,6.4,12783,40,-108,68,2,28.1,2230,0,0,40.2,-206.5,3.8,1858,30,3,222,2917,372,2946,372
-31.48566667,-72,3086,15989,302,403,403,403,236,15580,180,UCIAMS-114615,-5.409640307,58.65346249,GeoB 7149-2,Fontaine et al. (2019) PP,3,-999,Planktics exist but not same depths—need to insert,-999,-999,-999,-999,-999,0,0,2,321.2,5.9,13300,36,-8,59,2,28.1,2231,0,0,40.2,-206.5,3.8,1858,30,3,222,2280,184,2309,184
-36.42566667,-73.5955,537,16938,170,273,273,273,237,15600,260,UCIAMS-113879,112.8003799,58.92822565,GeoB 7163-7,Fontaine et al. (2019) PP,3,-999,Planktics exist but not same depths—need to insert,-999,-999,-999,-999,-999,0,0,2,376.7,6.4,13892,37,-50,65,2,27.03,2232,0,0,26.6,-49.9,5,411,40,3,223,1708,263,3218,263
-36.42566667,-73.5955,537,17501,160,288,288,288,237,15570,170,UCIAMS-113882,195.6815894,48.45840231,GeoB 7163-7,Fontaine et al. (2019) PP,3,-999,Planktics exist but not same depths—need to insert,-999,-999,-999,-999,-999,0,0,2,376.6,6.6,14447,38,33,55,2,27.03,2233,0,0,701.8,-49.9,5,411,40,3,223,1123,174,2633,174
-36.42566667,-73.5955,537,17558,145,328,328,328,237,16040,320,UCIAMS-114494,135.5335425,65.18732146,GeoB 7163-7,Fontaine et al. (2019) PP,3,-999,Planktics exist but not same depths—need to insert,-999,-999,-999,-999,-999,0,0,2,382.3,6.1,14463,36,-27,70,2,27.03,2234,0,0,101.2,-49.9,5,411,40,3,223,1577,322,3087,322
-36.42566667,-73.5955,537,17805,136,353,353,353,237,16170,80,UCIAMS-114496,151.1911689,30.40634234,GeoB 7163-7,Fontaine et al. (2019) PP,3,-999,Planktics exist but not same depths—need to insert,-999,-999,-999,-999,-999,0,0,2,413.6,10.7,14525,61,-12,40,2,27.03,2235,0,0,107.5,-49.9,5,411,40,3,223,1645,101,3155,101
-36.42566667,-73.5955,537,18084,156,383,383,383,237,16220,70,UCIAMS-114499,183.3170094,32.6450652,GeoB 7163-7,Fontaine et al. (2019) PP,3,-999,Planktics exist but not same depths—need to insert,-999,-999,-999,-999,-999,0,0,2,427.7,6.9,14718,39,20,42,2,27.03,2236,0,0,100.8,-49.9,5,411,40,3,223,1502,80,3012,80
-36.42566667,-73.5955,537,18332,169,408,408,408,237,16460,140,UCIAMS-114502,183.4614208,44.82938391,GeoB 7163-7,Fontaine et al. (2019) PP,3,-999,Planktics exist but not same depths—need to insert,-999,-999,-999,-999,-999,0,0,2,383.9,8,15211,46,21,52,2,27.03,2237,0,0,83.3,-49.9,5,411,40,3,223,1249,147,2759,147
-36.42566667,-73.5955,537,18632,169,433,433,433,237,16590,60,UCIAMS-114505,207.4964506,33.70791313,GeoB 7163-7,Fontaine et al. (2019) PP,3,-999,Planktics exist but not same depths—need to insert,-999,-999,-999,-999,-999,0,0,2,431,9.9,15234,56,45,43,2,27.03,2238,0,0,100.7,-49.9,5,411,40,3,223,1356,82,2866,82
-36.42566667,-73.5955,537,18930,184,463,463,463,237,16790,80,UCIAMS-114509,221.0349295,39.34377175,GeoB 7163-7,Fontaine et al. (2019) PP,3,-999,Planktics exist but not same depths—need to insert,-999,-999,-999,-999,-999,0,0,2,399.5,6.1,15694,35,58,48,2,27.03,2239,0,0,98.9,-49.9,5,411,40,3,223,1096,87,2606,87
-36.42566667,-73.5955,537,19284,196,498,498,498,237,16930,90,UCIAMS-114511,252.4373678,43.73461018,GeoB 7163-7,Fontaine et al. (2019) PP,3,-999,Planktics exist but not same depths—need to insert,-999,-999,-999,-999,-999,0,0,2,410.2,6.4,15983,36,90,51,2,27.03,2240,0,0,96.5,-49.9,5,411,40,3,223,947,97,2457,97
-36.42566667,-73.5955,537,19543,241,523,523,523,237,17290,70,UCIAMS-114513,235.6606808,46.80083919,GeoB 7163-7,Fontaine et al. (2019) PP,3,-999,Planktics exist but not same depths—need to insert,-999,-999,-999,-999,-999,0,0,2,414.1,8.5,16213,48,73,54,2,27.03,2241,0,0,87.3,-49.9,5,411,40,3,223,1077,85,2587,85
-36.42566667,-73.5955,537,19772,241,543,543,543,237,17680,70,UCIAMS-114571,210.1648075,45.83517905,GeoB 7163-7,Fontaine et al. (2019) PP,3,-999,Planktics exist but not same depths—need to insert,-999,-999,-999,-999,-999,0,0,2,429.7,7.3,16348,41,47,53,2,27.03,2242,0,0,87.3,-49.9,5,411,40,3,223,1332,81,2842,81
-36.45316667,-73.925,2062,9064,231,163,163,163,238,9980,110,UCIAMS-123885,-135.8144699,35.99157013,GeoB 7167-6,Fontaine et al. (2019) PP,3,-999,Planktics exist but not same depths—need to insert,-999,-999,-999,-999,-999,0,0,2,87,2.9,8143,22,-125,36,2,27.92,2243,0,0,43.7,-223.2,5,2029,40,3,224,1837,112,1729,112
-36.45316667,-73.925,2062,9064,231,163,163,163,238,10005,20,UCIAMS-178122,-138.4997749,26.2213523,GeoB 7167-6,Fontaine et al. (2019) PP,3,-999,Planktics exist but not same depths—need to insert,-999,-999,-999,-999,-999,0,0,2,87,2.9,8143,22,-128,26,2,27.92,2244,0,0,43.7,-223.2,5,2029,40,3,224,1862,30,1754,30
-36.45316667,-73.925,2062,10208,191,213,213,213,238,11015,35,UCIAMS-178124,-127.5324373,23.96178582,GeoB 7167-6,Fontaine et al. (2019) PP,3,-999,Planktics exist but not same depths—need to insert,-999,-999,-999,-999,-999,0,0,2,117.9,2.9,9026,21,-117,24,2,27.92,2245,0,0,43.7,-223.2,5,2029,40,3,224,1989,41,1881,41
-36.45316667,-73.925,2062,10208,191,213,213,213,238,11100,90,UCIAMS-178125,-136.7156525,29.62310342,GeoB 7167-6,Fontaine et al. (2019) PP,3,-999,Planktics exist but not same depths—need to insert,-999,-999,-999,-999,-999,0,0,2,117.9,2.9,9026,21,-126,30,2,27.92,2246,0,0,42.2,-223.2,5,2029,40,3,224,2074,92,1966,92
-36.45316667,-73.925,2062,10445,168,223,223,223,238,11425,35,UCIAMS-178127,-146.8339344,21.05724218,GeoB 7167-6,Fontaine et al. (2019) PP,3,-999,Planktics exist but not same depths—need to insert,-999,-999,-999,-999,-999,0,0,2,114.6,3,9283,22,-136,21,2,27.92,2247,0,0,32.9,-223.2,5,2029,40,3,224,2142,41,2034,41
-36.45316667,-73.925,2062,10597,149,228,228,228,238,11800,45,UCIAMS-178129,-170.6368368,19.59582527,GeoB 7167-6,Fontaine et al. (2019) PP,3,-999,Planktics exist but not same depths—need to insert,-999,-999,-999,-999,-999,0,0,2,116.1,3.2,9418,23,-160,20,2,27.92,2248,0,0,38.2,-223.2,5,2029,40,3,224,2382,51,2274,51
-36.45316667,-73.925,2062,10728,141,233,233,233,238,11570,45,UCIAMS-178131,-132.9157365,19.64777802,GeoB 7167-6,Fontaine et al. (2019) PP,3,-999,Planktics exist but not same depths—need to insert,-999,-999,-999,-999,-999,0,0,2,123.1,4.8,9494,34,-122,20,2,27.92,2249,0,0,43.1,-223.2,5,2029,40,3,224,2076,56,1968,56
-36.45316667,-73.925,2062,11076,127,248,248,248,238,12070,25,UCIAMS-178133,-150.2110777,15.70027271,GeoB 7167-6,Fontaine et al. (2019) PP,3,-999,Planktics exist but not same depths—need to insert,-999,-999,-999,-999,-999,0,0,2,153,3.1,9623,21,-140,16,2,27.92,2250,0,0,33.9,-223.2,5,2029,40,3,224,2447,33,2339,33
-36.45316667,-73.925,2062,11371,145,258,258,258,238,12250,30,UCIAMS-178135,-138.8536488,18.32159039,GeoB 7167-6,Fontaine et al. (2019) PP,3,-999,Planktics exist but not same depths—need to insert,-999,-999,-999,-999,-999,0,0,2,147.7,3.3,9951,23,-128,18,2,27.92,2251,0,0,33.7,-223.2,5,2029,40,3,224,2299,38,2191,38
-36.45316667,-73.925,2062,11668,167,268,268,268,238,12460,100,UCIAMS-178137,-130.3870085,28.39742845,GeoB 7167-6,Fontaine et al. (2019) PP,3,-999,Planktics exist but not same depths—need to insert,-999,-999,-999,-999,-999,0,0,2,172,3.2,10065,22,-120,28,2,27.92,2252,0,0,33.7,-223.2,5,2029,40,3,224,2395,102,2287,102
-36.45316667,-73.925,2062,11668,167,268,268,268,238,12575,30,UCIAMS-178139,-142.7476535,20.5206312,GeoB 7167-6,Fontaine et al. (2019) PP,3,-999,Planktics exist but not same depths—need to insert,-999,-999,-999,-999,-999,0,0,2,172,3.2,10065,22,-132,21,2,27.92,2253,0,0,23.1,-223.2,5,2029,40,3,224,2510,37,2402,37
-36.45316667,-73.925,2062,12101,190,278,278,278,238,13160,25,UCIAMS-178142,-160.0984771,21.91980728,GeoB 7167-6,Fontaine et al. (2019) PP,3,-999,Planktics exist but not same depths—need to insert,-999,-999,-999,-999,-999,0,0,2,188.7,2.6,10378,18,-150,22,2,27.92,2254,0,0,21.9,-223.2,5,2029,40,3,224,2782,31,2674,31
-36.45316667,-73.925,2062,12558,139,288,288,288,238,13195,30,UCIAMS-178144,-116.2204514,18.16156282,GeoB 7167-6,Fontaine et al. (2019) PP,3,-999,Planktics exist but not same depths—need to insert,-999,-999,-999,-999,-999,0,0,2,240.7,2.6,10472,17,-106,18,2,27.92,2255,0,0,16.8,-223.2,5,2029,40,3,224,2723,34,2615,34
-36.45316667,-73.925,2062,13152,143,298,298,298,238,13690,30,UCIAMS-178146,-107.1319769,18.78043874,GeoB 7167-6,Fontaine et al. (2019) PP,3,-999,Planktics exist but not same depths—need to insert,-999,-999,-999,-999,-999,0,0,2,210.8,3.6,11251,24,-97,19,2,27.92,2256,0,0,32.7,-223.2,5,2029,40,3,224,2439,38,2331,38
-36.45316667,-73.925,2062,13458,115,308,308,308,238,13875,25,UCIAMS-178148,-94.55782574,15.41398852,GeoB 7167-6,Fontaine et al. (2019) PP,3,-999,Planktics exist but not same depths—need to insert,-999,-999,-999,-999,-999,0,0,2,204.6,4,11584,27,-84,15,2,27.92,2257,0,0,40.5,-223.2,5,2029,40,3,224,2291,37,2183,37
-36.45316667,-73.925,2062,13705,120,318,318,318,238,14210,30,UCIAMS-178150,-105.2017561,16.33109843,GeoB 7167-6,Fontaine et al. (2019) PP,3,-999,Planktics exist but not same depths—need to insert,-999,-999,-999,-999,-999,0,0,2,205.9,3.8,11818,25,-95,16,2,27.92,2258,0,0,31,-223.2,5,2029,40,3,224,2392,39,2284,39
-36.45316667,-73.925,2062,14028,163,328,328,328,238,14700,120,UCIAMS-123757,-124.6087839,30.34304082,GeoB 7167-6,Fontaine et al. (2019) PP,3,-999,Planktics exist but not same depths—need to insert,-999,-999,-999,-999,-999,0,0,2,212.4,5,12086,33,-114,30,2,27.92,2259,0,0,27.7,-223.2,5,2029,40,3,224,2614,124,2506,124
-36.45316667,-73.925,2062,16551,206,398,398,398,238,16460,90,UCIAMS-178152,-45.904311,34.47146807,GeoB 7167-6,Fontaine et al. (2019) PP,3,-999,Planktics exist but not same depths—need to insert,-999,-999,-999,-999,-999,0,0,2,347.8,6.7,13694,40,-35,34,2,27.92,2260,0,0,30.9,-223.2,5,2029,40,3,224,2766,98,2658,98
-36.45316667,-73.925,2062,17844,187,438,438,438,238,17490,100,UCIAMS-178154,-18.63165813,34.42237135,GeoB 7167-6,Fontaine et al. (2019) PP,3,-999,Planktics exist but not same depths—need to insert,-999,-999,-999,-999,-999,0,0,2,413,10.8,14568,61,-8,34,2,27.92,2261,0,0,38.7,-223.2,5,2029,40,3,224,2922,117,2814,117
-36.45316667,-73.925,2062,20426,584,538,538,538,238,19640,70,UCIAMS-178156,26.21034617,81.52182541,GeoB 7167-6,Fontaine et al. (2019) PP,3,-999,Planktics exist but not same depths—need to insert,-999,-999,-999,-999,-999,0,0,2,447.3,7.4,16882,41,37,82,2,27.92,2262,0,0,38.7,-223.2,5,2029,40,3,224,2758,81,2650,81
-36.542,-73.675,798,14684,201,252,252,252,239,13750,95,OS-  72177,66.65695792,38.55711041,GeoB 7162-6,Fontaine et al. (2019) PP,3,-999,Planktics exist but not same depths—need to insert,-999,-999,-999,-999,-999,0,0,2,253.5,6.7,12459,43,-53,47,2,27.25,2263,0,0,91.3,-92.8,5,782,40,3,225,1291,104,2430,104
-36.542,-73.675,798,15385,125,316,316,316,239,16550,80,OS-  72172,-180.6449675,20.55098641,GeoB 7162-6,Fontaine et al. (2019) PP,3,-999,Planktics exist but not same depths—need to insert,-999,-999,-999,-999,-999,0,0,2,291.5,6.3,12900,39,-301,34,2,27.25,2264,0,0,102.6,-92.8,5,782,40,3,225,3650,89,4789,89
-36.542,-73.675,798,15658,113,344,344,344,239,15100,100,OS-  72178,14.39308032,26.49637565,GeoB 7162-6,Fontaine et al. (2019) PP,3,-999,Planktics exist but not same depths—need to insert,-999,-999,-999,-999,-999,0,0,2,307.1,5.9,13065,36,-106,38,2,27.25,2265,0,0,100,-92.8,5,782,40,3,225,2035,106,3174,106
-36.542,-73.675,798,15778,113,356,356,356,239,15300,110,OS-  72179,3.916377357,27.47290694,GeoB 7162-6,Fontaine et al. (2019) PP,3,-999,Planktics exist but not same depths—need to insert,-999,-999,-999,-999,-999,0,0,2,310.5,6.6,13161,40,-116,38,2,27.25,2266,0,0,77.3,-92.8,5,782,40,3,225,2139,117,3278,117
-36.542,-73.675,798,16321,133,398,398,398,239,15550,75,OS-  72138,39.21948935,26.42453237,GeoB 7162-6,Fontaine et al. (2019) PP,3,-999,Planktics exist but not same depths—need to insert,-999,-999,-999,-999,-999,0,0,2,335.4,5.9,13544,36,-81,38,2,27.25,2267,0,0,82.6,-92.8,5,782,40,3,225,2006,83,3145,83
-36.542,-73.675,798,16539,155,416,416,416,239,15520,75,OS-  72754,70.98034535,30.08322048,GeoB 7162-6,Fontaine et al. (2019) PP,3,-999,Planktics exist but not same depths—need to insert,-999,-999,-999,-999,-999,0,0,2,347.2,6.8,13678,41,-49,40,2,27.25,2268,0,0,82.6,-92.8,5,782,40,3,225,1842,85,2981,85
-45.15,146.2833333,3310,2040.150496,153.7237187,0,0,0,240,-999,-999,-999,-999,-999,MD97-2106,Dai et al. 2021,3,Marine20,"Globorotalia inflata, >250 ¬µm",2497,65,NZA16634,-62.0515846,7.620312856,0,0,2,-13.1,1.7,2098,14,-999,-999,4,28.2,2269,0,0,10,-171.1,5,1507,40,3,226,-999,-999,-999,-999
-45.15,146.2833333,3310,8435.687141,299.7329875,64,65,64.5,240,8935,20,221416,-87.78715835,35.35370823,MD97-2106,Dai et al. 2021,3,Mg/Ca to dD icecore,-999,-999,-999,-999,-999,-999,0,0,2,66.2,2.9,7687,21,-70,35,4,28.2,2270,0,0,9.3,-171.1,5,1507,40,3,226,1248,29,1077,29
-45.15,146.2833333,3310,8758.985542,245.0542552,67,69,68,240,-999,-999,-999,-999,-999,MD97-2106,Dai et al. 2021,3,Mg/Ca to dD icecore,"Globorotalia inflata, >250 ¬µm",8486,45,NZA16635,3.124470034,5.635164194,0,0,2,74.6,2.8,7934,21,-999,-999,4,28.2,2271,0,0,8.4,-171.1,5,1507,40,3,226,-999,-999,-999,-999
-45.15,146.2833333,3310,10780.83444,396.6673393,84,85,84.5,240,10815,25,221417,-41.36109669,49.00218307,MD97-2106,Dai et al. 2021,3,Mg/Ca to dD icecore,-999,-999,-999,-999,-999,-999,0,0,2,121.3,3.1,9565,22,-24,49,4,28.2,2272,0,0,7.9,-171.1,5,1507,40,3,226,1250,33,1079,33
-45.15,146.2833333,3310,11032.62668,371.658945,86,87,86.5,240,11210,30,221418,-59.13485834,45.83026346,MD97-2106,Dai et al. 2021,3,Mg/Ca to dD icecore,-999,-999,-999,-999,-999,-999,0,0,2,157.8,3,9550,21,-41,46,4,28.2,2273,0,0,8,-171.1,5,1507,40,3,226,1660,37,1489,37
-45.15,146.2833333,3310,11535.51643,386.0666242,90,91,90.5,240,11620,30,221419,-49.87710704,47.93911868,MD97-2106,Dai et al. 2021,3,Mg/Ca to dD icecore,-999,-999,-999,-999,-999,-999,0,0,2,158.2,3.1,10033,21,-32,48,4,28.2,2274,0,0,14.4,-171.1,5,1507,40,3,226,1587,37,1416,37
-45.15,146.2833333,3310,11813.71114,343.1789935,94,95,94.5,240,11935,35,219908,-55.14703599,43.35460416,MD97-2106,Dai et al. 2021,3,Mg/Ca to dD icecore,G.bulloides,12195,40,UCI 219903,-85.23899585,4.566375187,0,0,2,178.4,3.1,10167,21,-37,43,4,28.2,2275,0,0,17.2,-171.1,5,1507,40,3,226,1768,41,1597,41
-45.15,146.2833333,3310,11929.87746,320.6852201,96,97,96.5,240,11837,41,59826,-30.01480555,42.59112478,MD97-2106,Dai et al. 2021,3,Mg/Ca to dD icecore,G.bulloides,12696,41,59825,-128.3857865,4.460044303,0,0,2,187,2.9,10215,20,-12,43,4,28.2,2276,0,0,18.2,-171.1,5,1507,40,3,226,1622,46,1451,46
-45.15,146.2833333,3310,12535.62741,232.9957287,107,107.75,107.375,240,12700,39,59829,-62.58863052,30.97658524,MD97-2106,Dai et al. 2021,3,Mg/Ca to dD icecore,G.bulloides,13703,43,59827,-172.621506,4.440765158,0,0,2,231.5,3.4,10513,22,-45,31,4,28.2,2277,0,0,15.1,-171.1,5,1507,40,3,226,2187,45,2016,45
-45.15,146.2833333,3310,12866.64842,231.3811569,112,114,113,240,12650,45,219909,-18.19983668,32.9852817,MD97-2106,Dai et al. 2021,3,Mg/Ca to dD icecore,G.bulloides,12525,35,UCI 219904,-2.802744316,4.354294631,0,0,2,211.8,3.1,10963,21,0,33,4,28.2,2278,0,0,12.7,-171.1,5,1507,40,3,226,1687,50,1516,50
-45.15,146.2833333,3310,13260.00801,249.547066,117,119,118,240,13015,30,221420,-16.0922717,33.38106497,MD97-2106,Dai et al. 2021,3,Mg/Ca to dD icecore,-999,-999,-999,-999,-999,-999,0,0,2,206.6,3.5,11386,24,2,33,4,28.2,2279,0,0,13.1,-171.1,5,1507,40,3,226,1629,38,1458,38
-45.15,146.2833333,3310,13796.27633,298.8941137,124,125,124.5,240,13215,45,219910,24.03232652,42.77292533,MD97-2106,Dai et al. 2021,3,Mg/Ca to dD icecore,G.bulloides,12615,40,UCI 219905,103.4481855,5.508278546,0,0,2,195.6,3.4,11974,23,42,43,4,28.2,2280,0,0,12.5,-171.1,5,1507,40,3,226,1241,51,1070,51
-45.15,146.2833333,3310,13956.37324,301.2738926,126,126.75,126.375,240,13149,43,59831,52.67020133,44.01008011,MD97-2106,Dai et al. 2021,3,Mg/Ca to dD icecore,G.bulloides,12970,42,59830,76.39023429,5.642571965,0,0,2,214.7,5,12002,33,70,44,4,28.2,2281,0,0,13.8,-171.1,5,1507,40,3,226,1147,54,976,54
-45.15,146.2833333,3310,14535.08663,326.7129322,134,134.75,134.375,240,13686,42,59833,55.99512245,47.27003837,MD97-2106,Dai et al. 2021,3,Mg/Ca to dD icecore,G.bulloides,13551,41,59832,73.8917966,5.49509739,0,0,2,234,4.5,12440,30,74,47,4,28.2,2282,0,0,20,-171.1,5,1507,40,3,226,1246,52,1075,52
-45.15,146.2833333,3310,14685.28065,312.0754738,137,139,138,240,-999,-999,-999,-999,-999,MD97-2106,Dai et al. 2021,3,Mg/Ca to dD icecore,"Globorotalia inflata, >250 ¬µm",13009,60,NZA16636,169.9123392,8.771012469,0,0,2,253.5,6.7,12459,43,-999,-999,4,28.2,2283,0,0,16,-171.1,5,1507,40,3,226,-999,-999,-999,-999
-45.15,146.285333,3310,15124.14202,311.5127635,144,145,144.5,240,14450,60,219911,31.10362898,46.57083464,MD97-2106,Dai et al. 2021,3,Mg/Ca to dD icecore,G.bulloides,14270,45,UCI 219906,54.46895693,5.923597606,0,0,2,285,6.4,12687,40,49,47,4,28.2,2284,0,0,15,-171.1,5,1507,40,3,226,1763,72,1592,72
-45.15,146.285333,3310,16057.16033,504.8417642,158,159.5,158.75,240,15410,90,219912,24.27315824,74.08958972,MD97-2106,Dai et al. 2021,3,Mg/Ca to dD icecore,G.bulloides,14585,40,UCI 219907,135.0589683,5.666075713,0,0,2,323.1,6.1,13356,37,42,74,4,28.2,2285,0,0,12.3,-171.1,5,1507,40,3,226,2054,97,1883,97
-45.15,146.285333,3310,16746.75462,563.3045926,166.5,167.5,167,240,15309,50,59836,127.4649247,83.91926351,MD97-2106,Dai et al. 2021,3,Mg/Ca to dD icecore,G.bulloides,15055,46,59835,163.6844858,6.682813939,0,0,2,359.1,6.6,13811,39,145,84,4,28.2,2286,0,0,12.2,-171.1,5,1507,40,3,226,1498,63,1327,63
-45.15,146.285333,3310,17606.52164,644.3580402,177,179,178,240,16690,70,221421,53.43443657,91.4022383,MD97-2106,Dai et al. 2021,3,Mg/Ca to dD icecore,-999,-999,-999,-999,-999,-999,0,0,2,390.4,7.3,14464,42,71,91,4,28.2,2287,0,0,22.3,-171.1,5,1507,40,3,226,2226,82,2055,82
-45.15,146.285333,3310,18054.5,288.9375,187,188.5,187.75,240,16660,45,221422,116.254694,45.27943797,MD97-2106,Dai et al. 2021,3,Mg/Ca to dD icecore,-999,-999,-999,-999,-999,-999,0,0,2,424.3,6.8,14708,38,134,45,4,28.2,2288,0,0,25.4,-171.1,5,1507,40,3,226,1952,59,1781,59
-45.15,146.285333,3310,18645,268.25,202,204,203,240,17670,70,221423,57.25536478,43.53139825,MD97-2106,Dai et al. 2021,3,Mg/Ca to dD icecore,"Globorotalia inflata, >300 ¬µm",16079,70,NZA16672,288.8292941,11.28000465,100,166.6666667,2,428.4,9.3,15258,52,75,44,4,28.2,2289,0,0,17.9,-171.1,5,1507,40,3,226,2412,87,2241,87
-45.15,146.285333,3310,18979.5,325.25,208,209,208.5,240,17375,50,221424,142.0922248,52.06029518,MD97-2106,Dai et al. 2021,3,Mg/Ca to dD icecore,-999,-999,-999,-999,-999,-999,256,218.6666667,2,399.1,6.3,15745,36,160,52,4,28.2,2290,0,0,10.5,-171.1,5,1507,40,3,226,1630,62,1459,62
-45.15,146.285333,3310,19839,340.5,217,218,217.5,240,17889,62,57621,188.679931,58.15677874,MD97-2106,Dai et al. 2021,3,Mg/Ca to dD icecore,G.bulloides,17428,61,57624,258.8916149,9.59600351,256,218.6666667,2,431,7.6,16400,43,206,58,4,28.2,2291,0,0,4.5,-171.1,5,1507,40,3,226,1489,75,1318,75
-45.15,146.285333,3310,21385.5,277,224,225,224.5,240,19420,50,221427,184.5034277,47.07393334,MD97-2106,Dai et al. 2021,3,Mg/Ca to dD icecore,-999,-999,-999,-999,-999,-999,256,218.6666667,2,474.8,9.7,17664,53,202,47,4,28.2,2292,0,0,3.1,-171.1,5,1507,40,3,226,1756,73,1585,73
-45.15,146.285333,3310,22033.25,319.6875,226,227.5,226.75,240,20160,70,236395,168.3089119,55.38030064,MD97-2106,Dai et al. 2021,3,Mg/Ca to dD icecore,G.bulloides,18970,50,UCI 236394,354.8574634,8.45937235,256,218.6666667,2,514.7,8.8,18081,47,186,55,4,28.2,2293,0,0,3.7,-171.1,5,1507,40,3,226,2079,84,1908,84
-45.15,146.285333,3310,24219,236.125,234,235,234.5,240,22330,90,244770,161.6207398,46.20534936,MD97-2106,Dai et al. 2021,3,Mg/Ca to dD icecore,G.bulloides,21665,50,UCI 236394,261.8762964,7.878822488,256,218.6666667,2,516.6,17.2,20189,91,179,46,4,28.2,2294,0,0,4.8,-171.1,5,1507,40,3,226,2141,128,1970,128
-45.15,146.285333,3310,24632,188.25,236,236,236,240,21860,70,236397,294.7045653,40.77091488,MD97-2106,Rafter et al. This Study,3,Mg/Ca to dD icecore,-999,-999,-999,-999,-999,-999,256,218.6666667,2,536.6,10.7,20492,56,312,41,4,28.2,2295,0,0,0,-171.1,5,1507,40,3,226,1368,90,1197,90
-45.15,146.285333,3310,24772,180.75,236,237,236.5,240,22340,60,221428,240.4371012,36.3912417,MD97-2106,Dai et al. 2021,3,Mg/Ca to dD icecore,G.bulloides,21650,70,UCI 236396,351.695187,11.83021527,256,218.6666667,2,547.2,9.4,20573,49,258,36,4,28.2,2296,0,0,2.4,-171.1,5,1507,40,3,226,1767,77,1596,77
-45.15,146.285333,3310,25190,181.25,237,239,238,240,22120,70,236399,340.9969426,41.09266205,MD97-2106,Rafter et al. This Study,3,Mg/Ca to dD icecore,G.bulloides,22040,70,UCI 236398,354.4185445,11.85405046,256,218.6666667,2,563.4,10.9,20878,56,359,41,4,28.2,2297,0,0,8.7,-171.1,5,1507,40,3,226,1242,90,1071,90
-45.15,146.285333,3310,25999,192.625,244,245,244.5,240,23220,110,234794,289.6065077,47.71856761,MD97-2106,Rafter et al. This Study,3,Mg/Ca to dD icecore,G.bulloides,23020,100,UCI 234793,322.1172617,16.56144408,256,218.6666667,2,528.9,20.6,21854,108,307,48,4,28.2,2298,0,0,15,-171.1,5,1507,40,3,226,1366,154,1195,154
-45.15,146.285333,3310,26199,239.75,247,249,248,240,23830,130,234796,224.5739053,55.35008792,MD97-2106,Rafter et al. This Study,3,Mg/Ca to dD icecore,G.bulloides,23080,100,UCI 234795,344.4134496,16.84073631,256,218.6666667,2,544.6,14.4,21966,75,242,55,4,28.2,2299,0,0,5.5,-171.1,5,1507,40,3,226,1864,150,1693,150
-45.15,146.285333,3310,27464.5,245.375,254,255,254.5,240,25380,100,236403,176.7040961,49.58910672,MD97-2106,Rafter et al. This Study,3,Mg/Ca to dD icecore,"Globorotalia inflata, >355 ¬µm",23530,140,NZA16673,481.4441721,26.0450695,256,218.6666667,2,527.3,12.7,23281,67,194,50,4,28.2,2300,0,0,3.4,-171.1,5,1507,40,3,226,2099,120,1928,120
-45.15,146.285333,3310,28343,340.25,257,259,258,240,26030,180,234798,206.914433,76.76941113,MD97-2106,Rafter et al. This Study,3,Mg/Ca to dD icecore,G.bulloides,25880,130,UCI 234797,229.6628441,20.06182888,256,218.6666667,2,526.2,11.7,24142,62,225,77,4,28.2,2301,0,0,7.5,-171.1,5,1507,40,3,226,1888,190,1717,190
-45.15,146.285333,3310,29272.5,261.5,264,265,264.5,240,27050,150,234800,189.4913832,59.86232232,MD97-2106,Rafter et al. This Study,3,Mg/Ca to dD icecore,G.bulloides,26190,140,UCI 234799,323.9029985,23.27535945,256,218.6666667,2,496.9,12.5,25211,67,207,60,4,28.2,2302,0,0,9.3,-171.1,5,1507,40,3,226,1839,164,1668,164
-45.15,146.285333,3310,29810.75,270.75,269,270.5,269.75,240,28130,180,234802,109.8098072,61.24622793,MD97-2106,Rafter et al. This Study,3,Mg/Ca to dD icecore,G.bulloides,27020,160,UCI 234801,274.2638805,25.63503244,256,218.6666667,2,566.5,12.3,25371,63,128,61,4,28.2,2303,0,0,24.8,-171.1,5,1507,40,3,226,2759,191,2588,191
-45.15,146.285333,3310,30133,284,277,279,278,240,28600,130,236405,88.3472782,55.02489219,MD97-2106,Rafter et al. This Study,3,Mg/Ca to dD icecore,G.bulloides,26800,110,UCI 236406,361.7027992,18.77474947,256,218.6666667,2,511.8,14.1,25967,75,106,55,4,28.2,2304,0,0,24.8,-171.1,5,1507,40,3,226,2633,150,2462,150
38.5,-55.5,1222,11081,304,-999,-999,-999,241,10280,30,UCI,62.54646239,43.05266575,ALV-see notes,Hines et al. 2019,1,U/Th,-999,-999,-999,-999,-999,-999,0,0,2,153.7,3.1,9628,22,-1,46,1,27.77,2305,0,0,-999,-42.6,5,350,40,3,227,652,37,1201,37
38.5,-55.5,1222,12310,581,-999,-999,-999,241,11055,25,UCI,119.4692379,82.23339973,ALV-see notes,Hines et al. 2019,1,U/Th,-999,-999,-999,-999,-999,-999,0,0,2,219.9,3.1,10365,21,56,84,1,27.77,2306,0,0,-999,-42.6,5,350,40,3,227,690,33,1239,33
38.5,-55.5,1222,13332,173,-999,-999,-999,241,12210,30,UCI,97.12906387,27.05922932,ALV-see notes,Hines et al. 2019,1,U/Th,-999,-999,-999,-999,-999,-999,0,0,2,201.6,3.9,11487,26,34,32,1,27.77,2307,0,0,-999,-42.6,5,350,40,3,227,723,40,1272,40
38.5,-55.5,1176,14350,291,-999,-999,-999,241,12620,30,UCI,179.1543863,45.92172665,ALV-see notes,Hines et al. 2019,1,U/Th,-999,-999,-999,-999,-999,-999,0,0,2,213,3.8,12393,25,116,49,1,27.74,2308,0,0,-999,-42.6,5,350,40,3,227,227,39,776,39
38.5,-55.5,1713,15674,379,-999,-999,-999,241,14150,35,UCI,143.9509974,57.45269936,ALV-see notes,Hines et al. 2019,1,U/Th,-999,-999,-999,-999,-999,-999,0,0,2,307.7,5.9,13081,36,81,60,1,27.91,2309,0,0,-999,-42.6,5,350,40,3,227,1069,50,1618,50
38.5,-55.5,1713,16000,251,-999,-999,-999,241,14875,40,UCI,87.26921333,38.43333141,ALV-see notes,Hines et al. 2019,1,U/Th,-999,-999,-999,-999,-999,-999,0,0,2,321.4,5.9,13309,36,24,42,1,27.91,2310,0,0,-999,-42.6,5,350,40,3,227,1566,54,2115,54
38.5,-55.5,1713,16342,144,-999,-999,-999,241,14780,40,UCI,146.6730623,25.68545941,ALV-see notes,Hines et al. 2019,1,U/Th,-999,-999,-999,-999,-999,-999,0,0,2,335.6,6,13563,36,83,30,1,27.91,2311,0,0,-999,-42.6,5,350,40,3,227,1217,54,1766,54
38.5,-55.5,1713,29959,249,-999,-999,-999,241,27300,160,UCI,252.8803616,62.71728041,ALV-see notes,Hines et al. 2019,1,U/Th,-999,-999,-999,-999,-999,-999,0,0,2,553.2,16.8,25575,87,190,65,1,27.91,2312,0,0,-999,-42.6,5,350,40,3,227,1725,182,2274,182
35.5,-50.5,1610,16648,404,-999,-999,-999,242,14755,40,UCI,193.6210179,64.3057169,RBDASS05-see Notes,Hines et al. 2019,1,U/Th,-999,-999,-999,-999,-999,-999,0,0,2,351.1,6.7,13762,40,130,66,1,27.93,2313,0,0,-999,-42.6,5,350,40,3,228,993,57,1542,57
35.5,-50.5,1610,16743,225,-999,-999,-999,242,15030,40,UCI,166.7816658,37.5723145,RBDASS05-see Notes,Hines et al. 2019,1,U/Th,-999,-999,-999,-999,-999,-999,0,0,2,359.1,6.6,13811,39,104,41,1,27.93,2314,0,0,-999,-42.6,5,350,40,3,228,1219,56,1768,56
35.5,-50.5,1494,17000,143,-999,-999,-999,242,15400,40,UCI,149.4421058,25.60841144,RBDASS05-see Notes,Hines et al. 2019,1,U/Th,-999,-999,-999,-999,-999,-999,0,0,2,377.3,6.2,13947,36,86,30,1,27.9,2315,0,0,-999,-42.6,5,350,40,3,228,1453,54,2002,54
35.5,-50.5,1751,17081,228,-999,-999,-999,242,15130,45,UCI,200.4374649,39.83953571,RBDASS05-see Notes,Hines et al. 2019,1,U/Th,-999,-999,-999,-999,-999,-999,0,0,2,366.4,8,14099,47,137,43,1,27.93,2316,0,0,-999,-42.6,5,350,40,3,228,1031,65,1580,65
35.5,-50.5,1610,17216,285,-999,-999,-999,242,15060,40,UCI,230.8808923,48.57562211,RBDASS05-see Notes,Hines et al. 2019,1,U/Th,-999,-999,-999,-999,-999,-999,0,0,2,379.2,9,14150,53,168,51,1,27.93,2317,0,0,-999,-42.6,5,350,40,3,228,910,66,1459,66
35.5,-50.5,1751,17357,318,-999,-999,-999,242,15435,45,UCI,194.94889,52.67615257,RBDASS05-see Notes,Hines et al. 2019,1,U/Th,-999,-999,-999,-999,-999,-999,0,0,2,383.3,11.7,14262,68,132,55,1,27.93,2318,0,0,-999,-42.6,5,350,40,3,228,1173,82,1722,82
35.5,-50.5,1427,17375,136,-999,-999,-999,242,15055,40,UCI,255.5649286,26.90932994,RBDASS05-see Notes,Hines et al. 2019,1,U/Th,-999,-999,-999,-999,-999,-999,0,0,2,380.5,11.1,14298,65,192,31,1,27.87,2319,0,0,-999,-42.6,5,350,40,3,228,757,76,1306,76
35.5,-50.5,1494,17421,155,-999,-999,-999,242,15290,40,UCI,226.1701094,29.09815767,RBDASS05-see Notes,Hines et al. 2019,1,U/Th,-999,-999,-999,-999,-999,-999,0,0,2,375.4,9.2,14377,54,163,33,1,27.9,2320,0,0,-999,-42.6,5,350,40,3,228,913,67,1462,67
35.5,-50.5,1610,17594,177,-999,-999,-999,242,15315,40,UCI,248.2093355,32.9439265,RBDASS05-see Notes,Hines et al. 2019,1,U/Th,-999,-999,-999,-999,-999,-999,0,0,2,388.6,7.1,14465,41,185,37,1,27.93,2321,0,0,-999,-42.6,5,350,40,3,228,850,57,1399,57
35.5,-50.5,1610,23193,91,-999,-999,-999,242,20850,80,UCI,233.6143181,25.86651913,RBDASS05-see Notes,Hines et al. 2019,1,U/Th,-999,-999,-999,-999,-999,-999,0,0,2,492.5,8.4,19326,45,170,31,1,27.93,2322,0,0,-999,-42.6,5,350,40,3,228,1524,92,2073,92
35.5,-50.5,1610,23193,276,-999,-999,-999,242,20860,80,UCI,232.0795903,53.42080711,RBDASS05-see Notes,Hines et al. 2019,1,U/Th,-999,-999,-999,-999,-999,-999,0,0,2,492.5,8.4,19326,45,169,56,1,27.93,2323,0,0,-999,-42.6,5,350,40,3,228,1534,92,2083,92
35.5,-50.5,1640,23286,208,-999,-999,-999,242,19900,70,UCI,404.1891875,47.57506565,RBDASS05-see Notes,Hines et al. 2019,1,U/Th,-999,-999,-999,-999,-999,-999,0,0,2,498.9,8.9,19380,48,341,50,1,27.93,2324,0,0,-999,-42.6,5,350,40,3,228,520,85,1069,85
35.5,-50.5,1494,23520,107,-999,-999,-999,242,19960,80,UCI,433.753981,32.83862664,RBDASS05-see Notes,Hines et al. 2019,1,U/Th,-999,-999,-999,-999,-999,-999,0,0,2,508.5,10.9,19552,58,370,37,1,27.9,2325,0,0,-999,-42.6,5,350,40,3,228,408,99,957,99
35.5,-50.5,1640,23745,148,-999,-999,-999,242,20840,80,UCI,320.4395804,36.79408607,RBDASS05-see Notes,Hines et al. 2019,1,U/Th,-999,-999,-999,-999,-999,-999,0,0,2,541.7,15.1,19601,79,257,40,1,27.93,2326,0,0,-999,-42.6,5,350,40,3,228,1239,112,1788,112
35.5,-50.5,1494,24634,310,-999,-999,-999,242,22130,90,UCI,252.2139026,61.00977415,RBDASS05-see Notes,Hines et al. 2019,1,U/Th,-999,-999,-999,-999,-999,-999,0,0,2,536.6,10.7,20492,56,189,63,1,27.9,2327,0,0,-999,-42.6,5,350,40,3,228,1638,106,2187,106
35.5,-50.5,1610,24974,54,-999,-999,-999,242,21680,80,UCI,379.9667472,22.75794461,RBDASS05-see Notes,Hines et al. 2019,1,U/Th,-999,-999,-999,-999,-999,-999,0,0,2,562.8,8.8,20686,45,317,28,1,27.93,2328,0,0,-999,-42.6,5,350,40,3,228,994,92,1543,92
35.5,-50.5,1640,24993,82,-999,-999,-999,242,21790,80,UCI,364.3309784,27.12178577,RBDASS05-see Notes,Hines et al. 2019,1,U/Th,-999,-999,-999,-999,-999,-999,0,0,2,562.8,9.1,20706,47,301,32,1,27.93,2329,0,0,-999,-42.6,5,350,40,3,228,1084,93,1633,93
35.5,-50.5,1640,25175,105,-999,-999,-999,242,21660,90,UCI,417.4545154,33.88731463,RBDASS05-see Notes,Hines et al. 2019,1,U/Th,-999,-999,-999,-999,-999,-999,0,0,2,563.4,10.9,20878,56,354,38,1,27.93,2330,0,0,-999,-42.6,5,350,40,3,228,782,106,1331,106
35.5,-50.5,1640,25197,169,-999,-999,-999,242,22290,100,UCI,314.0281731,43.22798463,RBDASS05-see Notes,Hines et al. 2019,1,U/Th,-999,-999,-999,-999,-999,-999,0,0,2,561.8,11.6,20906,60,251,46,1,27.93,2331,0,0,-999,-42.6,5,350,40,3,228,1384,117,1933,117
35.5,-50.5,1494,25240,212,-999,-999,-999,242,22490,90,UCI,288.4004208,47.48560891,RBDASS05-see Notes,Hines et al. 2019,1,U/Th,-999,-999,-999,-999,-999,-999,0,0,2,558.2,13.4,20963,69,225,50,1,27.9,2332,0,0,-999,-42.6,5,350,40,3,228,1527,113,2076,113
35.5,-50.5,1640,25342,124,-999,-999,-999,242,21490,80,UCI,477.3148811,36.87511771,RBDASS05-see Notes,Hines et al. 2019,1,U/Th,-999,-999,-999,-999,-999,-999,0,0,2,551.7,11.5,21093,59,414,40,1,27.93,2333,0,0,-999,-42.6,5,350,40,3,228,397,99,946,99
35.5,-50.5,1494,25388,93,-999,-999,-999,242,21740,80,UCI,440.0370449,30.54326609,RBDASS05-see Notes,Hines et al. 2019,1,U/Th,-999,-999,-999,-999,-999,-999,0,0,2,554.4,10.8,21119,56,377,35,1,27.9,2334,0,0,-999,-42.6,5,350,40,3,228,621,98,1170,98
35.5,-50.5,1583,25484,122,-999,-999,-999,242,21770,90,UCI,451.4262288,37.68507764,RBDASS05-see Notes,Hines et al. 2019,1,U/Th,-999,-999,-999,-999,-999,-999,0,0,2,576.5,10.5,21102,54,388,41,1,27.92,2335,0,0,-999,-42.6,5,350,40,3,228,668,105,1217,105
35.5,-50.5,1640,25526,148,-999,-999,-999,242,22340,90,UCI,358.8922126,39.5578934,RBDASS05-see Notes,Hines et al. 2019,1,U/Th,-999,-999,-999,-999,-999,-999,0,0,2,584.3,10.2,21102,52,296,43,1,27.93,2336,0,0,-999,-42.6,5,350,40,3,228,1238,104,1787,104
35.5,-50.5,1610,25577,230,-999,-999,-999,242,22030,90,UCI,421.0978934,55.47276896,RBDASS05-see Notes,Hines et al. 2019,1,U/Th,-999,-999,-999,-999,-999,-999,0,0,2,589.3,10,21134,51,358,58,1,27.93,2337,0,0,-999,-42.6,5,350,40,3,228,896,103,1445,103
35.5,-50.5,1583,26806,142,-999,-999,-999,242,24310,120,UCI,241.4299405,39.87550769,RBDASS05-see Notes,Hines et al. 2019,1,U/Th,-999,-999,-999,-999,-999,-999,0,0,2,581.8,12.1,22358,61,178,43,1,27.92,2338,1,0,-999,-42.6,5,350,40,3,228,1952,135,2501,135
35.5,-50.5,1640,27876,199,-999,-999,-999,242,24660,120,UCI,352.7287996,52.78332092,RBDASS05-see Notes,Hines et al. 2019,1,U/Th,-999,-999,-999,-999,-999,-999,0,0,2,493.3,17.3,23870,93,289,55,1,27.93,2339,0,0,-999,-42.6,5,350,40,3,228,790,152,1339,152
35.5,-50.5,1634,28271,190,-999,-999,-999,242,23880,110,UCI,563.6200557,57.36090401,RBDASS05-see Notes,Hines et al. 2019,1,U/Th,-999,-999,-999,-999,-999,-999,0,0,2,523.4,11.1,24099,59,500,60,1,27.93,2340,0,1.2,-999,-42.6,5,350,40,3,228,-219,125,330,125
35.5,-50.5,1634,28612,238,-999,-999,-999,242,25350,130,UCI,356.9735284,61.04693747,RBDASS05-see Notes,Hines et al. 2019,1,U/Th,-999,-999,-999,-999,-999,-999,0,0,2,546,13.6,24310,71,294,63,1,27.93,2341,0,0,-999,-42.6,5,350,40,3,228,1040,148,1589,148
35.5,-50.5,1634,30848,204,-999,-999,-999,242,27220,160,UCI,409.0843492,62.85790729,RBDASS05-see Notes,Hines et al. 2019,1,U/Th,-999,-999,-999,-999,-999,-999,0,0,2,545.9,14.4,26468,75,346,65,1,27.93,2342,0,0,-999,-42.6,5,350,40,3,228,752,177,1301,177
78.88333333,-0.75,2637,3899.75,1136.6875,1.25,1.25,1.25,251,2884,30,-999,119.3026797,158.6069229,HH12-946MC ,Ezat et al. 2019 EPSL,3,-999,N.pachyderma,-999,-999,-999,-999,-999,0,0,2,23.1,2,3606,16,-810,1012,0,-999,2408,0,1.1,1.4,-999,5,578,40,3,229,-722,34,-2299,34
78.88333333,-0.75,2637,5637.25,8.9375,3.75,3.75,3.75,251,5835,30,-999,-43.50601681,4.606206258,HH12-946MC ,Ezat et al. 2019 EPSL,3,-999,N.pachyderma,5620,30,-999,-17.56017558,3.675874334,0,0,2,72.4,1.9,4919,14,-973,999,0,-999,2409,0,1.1,1.3,-999,5,578,40,3,229,916,33,-661,33
78.88333333,-0.75,2637,21025,385.25,24,24,24.25,251,18335,80,-999,297.94776,73.45089462,HH12-946MC ,Ezat et al. 2019 EPSL,3,-999,N.pachyderma,17968,80,-999,358.6219499,13.5980049,0,0,2,443,8.8,17489,49,-632,1002,0,-999,2410,0,1.1,5.3,-999,5,578,40,3,229,846,94,-731,94
78.88333333,-0.75,2637,21261.5,365.9375,25.25,25.25,25.25,251,18580,88,-999,295.4950467,71.57315615,HH12-946MC ,Ezat et al. 2019 EPSL,3,-999,N.pachyderma,18280,75,-999,344.7913158,12.61442219,0,0,2,469.1,7.5,17578,41,-634,1002,0,-999,2411,0,1.1,5.3,-999,5,578,40,3,229,1002,97,-575,97
78.88333333,-0.75,2637,21261.5,365.9375,25.25,25.25,25.25,251,-999,-999,-999,-999,-999,HH12-946MC ,Ezat et al. 2019 EPSL,3,-999,N.pachyderma,18075,90,-999,379.5516797,15.5431078,0,0,2,469.1,7.5,17578,41,-999,-999,0,-999,2412,0,1.1,4,-999,5,578,40,3,229,-999,-999,-999,-999
78.88333333,-0.75,2637,21386.5,369.3125,25.75,25.75,25.75,251,18511,82,-999,326.5781716,72.84047591,HH12-946MC ,Ezat et al. 2019 EPSL,3,-999,N.pachyderma,18399,75,-999,345.2035109,12.61828866,0,0,2,474.8,9.7,17664,53,-603,1002,0,-999,2413,0,1.1,2.8,-999,5,578,40,3,229,847,98,-730,98
78.88333333,-0.75,2637,21927.75,376.5,27.25,27.25,27.25,251,18787,95,-999,368.500619,78.55222138,HH12-946MC ,Ezat et al. 2019 EPSL,3,-999,N.pachyderma,18765,73,-999,372.2536725,12.52720885,0,0,2,515.5,9.1,17970,48,-561,1002,0,-999,2414,0,1.1,1.5,-999,5,578,40,3,229,817,106,-760,106
78.88333333,-0.75,2637,22573,413.25,28.25,28.25,28.25,251,19232,148,-999,399.8575768,95.84164185,HH12-946MC ,Ezat et al. 2019 EPSL,3,-999,N.pachyderma,19335,77,-999,382.0230332,13.31102068,0,0,2,489.4,10.6,18741,57,-530,1004,0,-999,2415,0,1.1,0.9,-999,5,578,40,3,229,491,159,-1086,159
78.88333333,-0.75,2637,25317.75,596.125,30.75,30.75,30.75,251,-999,-999,32400,-999,-999,HH12-946MC ,Ezat et al. 2019 EPSL,3,-999,N.pachyderma,22372,108,-999,319.8204887,17.86419993,0,0,2,552,12.4,21072,64,-999,-999,0,-999,2416,0,1.1,2.2,-999,5,578,40,3,229,-999,-999,-999,-999
78.88333333,-0.75,2637,26243,506.0625,32.75,32.75,32.75,251,25327,161,-999,21.79311195,83.11933842,HH12-946MC ,Ezat et al. 2019 EPSL,3,-999,N.pachyderma,23016,140,-999,362.399281,23.95215738,0,0,2,551.7,12.9,21968,67,-908,1002,0,-999,2417,0,1.1,2.2,-999,5,578,40,3,229,3359,174,1782,174
78.88333333,-0.75,2637,26243,506.0625,33.75,33.75,32.75,251,26118,170,-999,-74.02660823,76.36565029,HH12-946MC ,Ezat et al. 2019 EPSL,3,-999,N.pachyderma,23076,131,-999,352.2611713,22.23310391,0,0,2,551.7,12.9,21968,67,-1004,1002,0,-999,2418,0,1.1,1.4,-999,5,578,40,3,229,4150,183,2573,183
78.88333333,-0.75,2637,26978.25,575.8125,34.75,34.75,33.75,251,-999,-999,38639,-999,-999,HH12-946MC ,Ezat et al. 2019 EPSL,3,-999,N.pachyderma,24741,134,-999,201.3501723,20.20802898,0,0,2,579.4,12.4,22545,63,-999,-999,0,-999,2419,0,1.1,0.3,-999,5,578,40,3,229,-999,-999,-999,-999
78.88333333,-0.75,2637,30849.75,729.8125,35.75,35.75,35.75,251,29715,340,-999,33.09379034,135.3117764,HH12-946MC ,Ezat et al. 2019 EPSL,3,-999,N.pachyderma,28333,225,-999,227.0320841,34.85435445,0,0,2,545.9,14.4,26468,75,-896,1008,0,-999,2420,0,1.1,0.8,-999,5,578,40,3,229,3247,348,1670,348
78.88333333,-0.75,2637,32831.25,571.25,37.25,37.25,37.25,251,-999,-999,40749,-999,-999,HH12-946MC ,Ezat et al. 2019 EPSL,3,-999,N.pachyderma,29497,274,-999,349.0274851,46.80814034,0,0,2,541,21.2,28437,110,-999,-999,0,-999,2421,0,1.1,0.8,-999,5,578,40,3,229,-999,-999,-999,-999
62.81666667,-3.866666667,1179,10842,148.25,101,103,102,252,10197,117,UBA- 30345,42.98897398,33.90067194,JM-FI-19PC,Ezat et al. 2017,3,-999,Neogloboquadrina pachyderma,9998,57,-999,69.1494402,7.613375162,0,0,2,127.2,3,9581,21,2,38,1,-999,2422,0,1.1,21.5,-999,5,541,40,3,230,616,119,974,119
62.81666667,-3.866666667,1179,11749,349,120.5,121.5,121,252,10594,85,UBA- 30205,107.8074423,58.51652094,JM-FI-19PC,Ezat et al. 2017,3,-999,-999,-999,-999,-999,-999,-999,0,0,2,175.2,3.2,10121,22,67,61,1,-999,2423,0,1.1,22,-999,5,541,40,3,230,473,88,831,88
62.81666667,-3.866666667,1179,12999,369,148,146,147,252,12275,67,UBA- 30206,45.32157999,55.40274878,JM-FI-19PC,Ezat et al. 2017,3,-999,-999,-999,-999,-999,-999,-999,0,0,2,216.6,3,11057,20,5,58,1,-999,2424,0,1.1,20.1,-999,5,541,40,3,230,1218,70,1576,70
62.81666667,-3.866666667,1179,14145,182.625,171,172,171.5,252,12717,68,UBA- 24709,136.4677448,34.73122674,JM-FI-19PC,Ezat et al. 2017,3,-999,Neogloboquadrina pachyderma,12676,58,-999,142.2830429,8.277377265,0,0,2,203.6,3.3,12261,22,96,38,1,-999,2425,0,1.1,18.4,-999,5,541,40,3,230,456,71,814,71
62.81666667,-3.866666667,1179,14335,169,174.5,176.5,175.5,252,12612,118,UBA- 30208,178.1895832,41.40082532,JM-FI-19PC,Ezat et al. 2017,3,-999,-999,-999,-999,-999,-999,-999,0,0,2,212.5,4.5,12386,30,137,44,1,-999,2426,0,1.1,20.8,-999,5,541,40,3,230,226,122,584,122
62.81666667,-3.866666667,1179,14768,137.625,183.5,185.5,184.5,252,13046,200,UBA- 24689,176.2469171,48.88101642,JM-FI-19PC,Ezat et al. 2017,3,-999,Neogloboquadrina pachyderma,12921,-999,-999,194.6934229,-139.7073183,0,0,2,279.8,6.1,12370,38,136,52,1,-999,2427,0,1.1,21.5,-999,5,541,40,3,230,676,204,1034,204
62.81666667,-3.866666667,1179,14861,140,185.5,186.5,186,252,13341,99,UBA- 24713,146.6616662,33.55491941,JM-FI-19PC,Ezat et al. 2017,3,-999,Neogloboquadrina pachyderma,13174,66,-999,170.7494113,9.658628086,0,0,2,274.7,4.7,12500,30,106,37,1,-999,2428,0,1.1,15.6,-999,5,541,40,3,230,841,103,1199,103
62.81666667,-3.866666667,1179,15278.5,183.125,192,193,192.5,252,13496,77,UBA- 30209,183.0092586,37.55121293,JM-FI-19PC,Ezat et al. 2017,3,-999,Neogloboquadrina pachyderma,13474,108,-999,186.25361,16.05632875,0,0,2,288.1,7,12814,44,142,41,1,-999,2429,0,1.1,14.5,-999,5,541,40,3,230,682,89,1040,89
62.81666667,-3.866666667,1179,15588,221.875,196.5,198.5,197.5,252,13793,61,UBA- 24705,183.5600989,40.76076326,JM-FI-19PC,Ezat et al. 2017,3,-999,-999,-999,-999,-999,-999,-999,0,0,2,306.2,6.6,13003,41,143,44,1,-999,2430,0,1.1,11.3,-999,5,541,40,3,230,790,73,1148,73
62.81666667,-3.866666667,1179,15898,236.25,200,205,202.5,252,15125,67,UBA- 24706,41.02875149,38.44150503,JM-FI-19PC,Ezat et al. 2017,3,-999,-999,-999,-999,-999,-999,-999,0,0,2,316.2,6.4,13243,39,0,42,1,-999,2431,0,1.1,11.3,-999,5,541,40,3,230,1882,78,2240,78
62.81666667,-3.866666667,1179,15898,236.25,200,205,202.5,252,14792,68,UBA- 24716,85.09051839,40.20372153,JM-FI-19PC,Ezat et al. 2017,3,-999,-999,-999,-999,-999,-999,-999,0,0,2,316.2,6.4,13243,39,44,43,1,-999,2432,0,1.1,18.6,-999,5,541,40,3,230,1549,78,1907,78
62.81666667,-3.866666667,1179,16434.5,142.75,210,213,211.5,252,15089,64,UBA- 24699,115.8176994,28.16018442,JM-FI-19PC,Ezat et al. 2017,3,-999,Neogloboquadrina pachyderma,14293,56,-999,232.049136,8.618922077,0,0,2,340.2,6,13623,36,75,33,1,-999,2433,0,1.1,18.6,-999,5,541,40,3,230,1466,73,1824,73
62.81666667,-3.866666667,1179,16434.5,142.75,210,213,211.5,252,14714,63,UBA- 24703,169.1417514,29.36034905,JM-FI-19PC,Ezat et al. 2017,3,-999,Neogloboquadrina pachyderma,14293,56,-999,232.049136,8.618922077,0,0,2,340.2,6,13623,36,128,34,1,-999,2434,0,1.1,13.2,-999,5,541,40,3,230,1091,73,1449,73
62.81666667,-3.866666667,1179,16738,127.375,214,217,215.5,252,15410,90,UBA- 24702,112.1994752,29.60071106,JM-FI-19PC,Ezat et al. 2017,3,-999,Neogloboquadrina pachyderma,14561,57,-999,236.1832352,8.80281688,0,0,2,358.1,6.7,13808,40,71,34,1,-999,2435,0,1.1,13.2,-999,5,541,40,3,230,1602,98,1960,98
62.81666667,-3.866666667,1179,16738,127.375,214,217,215.5,252,15202,70,UBA- 24697,141.3739482,27.53454927,JM-FI-19PC,Ezat et al. 2017,3,-999,Neogloboquadrina pachyderma,14561,57,-999,236.1832352,8.80281688,0,0,2,358.1,6.7,13808,40,101,32,1,-999,2436,0,1.1,10.3,-999,5,541,40,3,230,1394,81,1752,81
62.81666667,-3.866666667,1179,17420.5,187,221,222,221.5,252,15525,66,UBA- 29400,190.7469177,36.72388676,JM-FI-19PC,Ezat et al. 2017,3,-999,Neogloboquadrina pachyderma,15225,64,-999,236.0573036,9.887170018,0,0,2,375.4,9.2,14377,54,150,40,1,-999,2437,0,1.1,13.8,-999,5,541,40,3,230,1148,85,1506,85
62.81666667,-3.866666667,1179,17783,150.75,226,227,226.5,252,16161,68,UBA- 24734,149.4187741,30.69339608,JM-FI-19PC,Ezat et al. 2017,3,-999,Neogloboquadrina pachyderma,15384,60,-999,266.1520333,9.492536235,0,0,2,413.6,10.1,14506,57,109,35,1,-999,2438,0,1.1,13.8,-999,5,541,40,3,230,1655,89,2013,89
62.81666667,-3.866666667,1179,17783,150.75,226,227,226.5,252,16449,147,UBA- 30211,108.9396525,40.52375382,JM-FI-19PC,Ezat et al. 2017,3,-999,Neogloboquadrina pachyderma,15384,60,-999,266.1520333,9.492536235,0,0,2,413.6,10.1,14506,57,68,44,1,-999,2439,0,1.1,10.6,-999,5,541,40,3,230,1943,158,2301,158
62.81666667,-3.866666667,1179,18253,181.25,231,232,231.5,252,16155,77,UBA- 24736,217.568535,38.37190819,JM-FI-19PC,Ezat et al. 2017,3,-999,Neogloboquadrina pachyderma,15878,65,-999,260.2859311,10.23912715,0,0,2,404.6,11.8,15014,67,177,42,1,-999,2440,0,1.1,10.9,-999,5,541,40,3,230,1141,102,1499,102
62.81666667,-3.866666667,1179,18713,240.125,236,237,236.5,252,16959,78,UBA- 24738,164.6395536,45.14825065,JM-FI-19PC,Ezat et al. 2017,3,-999,Neogloboquadrina pachyderma,16323,82,-999,260.5965392,12.93393569,0,0,2,418.7,6.3,15381,36,124,48,1,-999,2441,0,1.1,5.5,-999,5,541,40,3,230,1578,86,1936,86
62.81666667,-3.866666667,1179,19625,328.875,241,242,241.5,252,17412,61,UBA- 29399,229.1678479,58.2540278,JM-FI-19PC,Ezat et al. 2017,3,-999,Neogloboquadrina pachyderma,17200,77,-999,262.0388278,12.15538709,0,0,2,402.2,8.7,16359,50,188,60,1,-999,2442,0,1.1,5.7,-999,5,541,40,3,230,1053,79,1411,79
62.81666667,-3.866666667,1179,20495.5,377.25,246,247,246.5,252,18554,86,UBA- 24742,184.6791663,66.77904721,JM-FI-19PC,Ezat et al. 2017,3,-999,Neogloboquadrina pachyderma,17904,87,-999,284.5239886,13.98741958,0,0,2,442.7,8.1,16976,45,144,69,1,-999,2443,0,1.1,3.8,-999,5,541,40,3,230,1578,97,1936,97
62.81666667,-3.866666667,1179,21795,228.75,251,252,251.5,252,19856,106,UBA- 24744,178.9000236,48.19013073,JM-FI-19PC,Ezat et al. 2017,3,-999,Neogloboquadrina pachyderma,18931,88,-999,322.7750316,14.57041335,0,0,2,509.2,8.1,17877,43,138,51,1,-999,2444,0,1.1,3.8,-999,5,541,40,3,230,1979,114,2337,114
62.81666667,-3.866666667,1179,21795,228.75,251,252,251.5,252,19607,171,UBA- 30212,216.0148032,59.55676314,JM-FI-19PC,Ezat et al. 2017,3,-999,Neogloboquadrina pachyderma,18931,88,-999,322.7750316,14.57041335,0,0,2,509.2,8.1,17877,43,175,62,1,-999,2445,0,1.1,9.4,-999,5,541,40,3,230,1730,176,2088,176
62.81666667,-3.866666667,1179,26813.5,223.375,298,299,298.5,252,23681,134,UBA- 30214,343.7619673,58.74279813,JM-FI-19PC,Ezat et al. 2017,3,-999,Neogloboquadrina pachyderma,23610,143,-999,355.6915048,24.34952205,0,0,2,584.2,11.5,22365,58,303,61,1,-999,2446,0,1.1,15,-999,5,541,40,3,230,1316,146,1674,146
62.81666667,-3.866666667,1179,26980,174.75,300.5,301.5,301,252,24098,195,UBA- 30215,301.7409593,59.13644896,JM-FI-19PC,Ezat et al. 2017,3,-999,Neogloboquadrina pachyderma,23484,108,-999,405.1404678,19.01903361,0,0,2,579.4,12.4,22545,63,261,61,1,-999,2447,0,1.1,14.3,-999,5,541,40,3,230,1553,205,1911,205
62.81666667,-3.866666667,1179,27260,175,304.5,305.5,305,252,24526,135,UBA- 30216,276.7170148,48.49393205,JM-FI-19PC,Ezat et al. 2017,3,-999,Neogloboquadrina pachyderma****,23962,170,-999,369.577548,29.29282852,0,0,2,553.2,15.3,22952,79,236,51,1,-999,2448,0,1.1,14.3,-999,5,541,40,3,230,1574,156,1932,156
-13.08333333,121.7216667,1783,1115,250,0.5,0.5,0.5,253,-999,-999,KIA19597,-999,-999,MD01-2378,Sarnthein et al. 2011,5,-999,G.ruber,1515,30,-999,-52.30583868,3.545870758,0,0,2,-13.4,1.8,1196,15,-999,-999,2,27.88,2449,0,0,22.8,-999,5,1745,40,1,231,-999,-999,-999,-999
-13.08333333,121.7216667,1783,1730,250,14.5,14.5,14.5,253,-999,-999,KIA19598,-999,-999,MD01-2378,Sarnthein et al. 2011,5,-999,G.ruber,2130,40,-999,-54.35729839,4.720532848,0,0,2,-19.2,1.8,1837,15,-999,-999,2,27.88,2450,0,0,22.8,-999,5,1745,40,1,231,-999,-999,-999,-999
-13.08333333,121.7216667,1783,996,250,34.5,34.5,34.5,253,-999,-999,KIA19599,-999,-999,MD01-2378,Sarnthein et al. 2011,5,-999,G.ruber,2780,40,-999,-201.9575107,3.983730619,0,0,2,-19.1,1.6,1126,13,-999,-999,2,27.88,2451,0,0,18.5,-999,5,1745,40,3,231,-999,-999,-999,-999
-13.08333333,121.7216667,1783,1971,250,52.5,52.5,52.5,253,-999,-999,KIA19600,-999,-999,MD01-2378,Sarnthein et al. 2011,5,-999,G.ruber,3465,35,-999,-175.458573,3.600387274,0,0,2,-10.7,1.7,2010,13,-999,-999,2,27.88,2452,0,0,18.5,-999,5,1745,40,3,231,-999,-999,-999,-999
-13.08333333,121.7216667,1783,3054,250,72.5,72.5,72.5,253,-999,-999,KIA19601,-999,-999,MD01-2378,Sarnthein et al. 2011,5,-999,G.ruber,4295,30,-999,-152.3173108,3.171670125,0,0,2,8.5,1.9,2906,15,-999,-999,2,27.88,2453,0,0,18.5,-999,5,1745,40,3,231,-999,-999,-999,-999
-13.08333333,121.7216667,1783,4788,250,104.5,104.5,104.5,253,-999,-999,KIA19602,-999,-999,MD01-2378,Sarnthein et al. 2011,5,-999,G.ruber,5405,35,-999,-89.42526424,3.976054547,0,0,2,67.8,1.9,4127,14,-999,-999,2,27.88,2454,0,0,18.5,-999,5,1745,40,3,231,-999,-999,-999,-999
-13.08333333,121.7216667,1783,5654,250,120.5,120.5,120.5,253,-999,-999,KIA19603,-999,-999,MD01-2378,Sarnthein et al. 2011,5,-999,G.ruber,6190,35,-999,-82.99958823,4.004112473,0,0,2,68.3,2,4969,15,-999,-999,2,27.88,2455,0,0,18.5,-999,5,1745,40,3,231,-999,-999,-999,-999
-13.08333333,121.7216667,1783,7225,250,149.5,149.5,149.5,253,-999,-999,KIA19604,-999,-999,MD01-2378,Sarnthein et al. 2011,5,-999,G.ruber,7485,45,-999,-56.18462229,5.301988717,0,0,2,100.6,2.5,6256,18,-999,-999,2,27.88,2456,0,0,18.5,-999,5,1745,40,3,231,-999,-999,-999,-999
-13.08333333,121.7216667,1783,8200,250,167.5,167.5,167.5,253,-999,-999,KIA19605,-999,-999,MD01-2378,Sarnthein et al. 2011,5,-999,G.ruber,8575,40,-999,-72.79091736,4.628514474,0,0,2,69.6,2.8,7427,21,-999,-999,2,27.88,2457,0,0,18.5,-999,5,1745,40,3,231,-999,-999,-999,-999
-13.08333333,121.7216667,1783,10042,250,201.5,201.5,201.5,253,-999,-999,KIA19606,-999,-999,MD01-2378,Sarnthein et al. 2011,5,-999,G.ruber,9660,45,-999,12.24391024,5.686393672,0,0,2,111.5,2.6,8917,19,-999,-999,2,27.88,2458,0,0,18.5,-999,5,1745,40,3,231,-999,-999,-999,-999
-13.08333333,121.7216667,1783,11450,250,227.5,227.5,227.5,253,-999,-999,KIA19607,-999,-999,MD01-2378,Sarnthein et al. 2011,5,-999,G.ruber,10370,50,-999,98.66945658,6.859802063,0,0,2,148.9,3,10011,21,-999,-999,2,27.88,2459,0,0,18.5,-999,5,1745,40,3,231,-999,-999,-999,-999
-13.08333333,121.7216667,1783,12425,250,245.5,245.5,245.5,253,-999,-999,KIA39647,-999,-999,MD01-2378,Sarnthein et al. 2011,5,-999,G.ruber,9690,45,-999,345.3974495,7.557921036,0,0,2,238.1,3.5,10363,23,-999,-999,2,27.88,2460,0,0,18.4,-999,5,1745,40,3,231,-999,-999,-999,-999
-13.08333333,121.7216667,1783,12588,250,248.5,248.5,248.5,253,-999,-999,KIA39648,-999,-999,MD01-2378,Sarnthein et al. 2011,5,-999,G.ruber,10905,55,-999,179.5763264,8.103983966,0,0,2,241.8,3.1,10494,20,-999,-999,2,27.88,2461,0,0,18.5,-999,5,1745,40,3,231,-999,-999,-999,-999
-13.08333333,121.7216667,1783,12750,250,251.5,251.5,251.5,253,-999,-999,KIA19608,-999,-999,MD01-2378,Sarnthein et al. 2011,5,-999,G.ruber,11415,50,-999,128.9220067,7.048691,0,0,2,215.3,3.7,10823,24,-999,-999,2,27.88,2462,0,0,18.4,-999,5,1745,40,3,231,-999,-999,-999,-999
-13.08333333,121.7216667,1783,12913,250,254.5,254.5,254.5,253,-999,-999,KIA39649,-999,-999,MD01-2378,Sarnthein et al. 2011,5,-999,G.ruber,10995,55,-999,213.2036132,8.335011825,0,0,2,209.4,3.1,11027,20,-999,-999,2,27.88,2463,0,0,18.5,-999,5,1745,40,3,231,-999,-999,-999,-999
-13.08333333,121.7216667,1783,13075,250,257.5,257.5,257.5,253,-999,-999,KIA39650,-999,-999,MD01-2378,Sarnthein et al. 2011,5,-999,G.ruber,11375,50,-999,180.0485618,7.367911714,0,0,2,221.8,3.4,11100,22,-999,-999,2,27.88,2464,0,0,18.4,-999,5,1745,40,3,231,-999,-999,-999,-999
-13.08333333,121.7216667,1783,13292,250,261.5,261.5,261.5,253,-999,-999,KIA34608,-999,-999,MD01-2378,Sarnthein et al. 2011,5,-999,G.ruber,11670,50,-999,167.752566,7.291138762,0,0,2,209,4,11399,26,-999,-999,2,27.88,2465,0,0,18.5,-999,5,1745,40,3,231,-999,-999,-999,-999
-13.08333333,121.7216667,1783,13400,250,263.5,263.5,263.5,253,-999,-999,KIA40210,-999,-999,MD01-2378,Sarnthein et al. 2011,5,-999,G.ruber,12260,80,-999,99.32678207,11.00280396,0,0,2,206.4,4,11514,27,-999,-999,2,27.88,2466,0,0,18.4,-999,5,1745,40,3,231,-999,-999,-999,-999
-13.08333333,121.7216667,1783,13563,250,266.5,266.5,266.5,253,-999,-999,KIA40211,-999,-999,MD01-2378,Sarnthein et al. 2011,5,-999,G.ruber,12260,70,-999,121.2172473,9.813041822,0,0,2,208.7,4.1,11663,27,-999,-999,2,27.88,2467,0,0,18.5,-999,5,1745,40,3,231,-999,-999,-999,-999
-13.08333333,121.7216667,1783,13671,250,268.5,268.5,268.5,253,-999,-999,KIA32928,-999,-999,MD01-2378,Sarnthein et al. 2011,5,-999,G.ruber,12150,55,-999,151.6232014,7.911939016,0,0,2,198.2,3.6,11840,24,-999,-999,2,27.88,2468,0,0,81.6,-999,5,1745,40,3,231,-999,-999,-999,-999
-13.08333333,121.7216667,1783,13720,250,272.5,272.5,272.5,253,-999,-999,KIA39651,-999,-999,MD01-2378,Sarnthein et al. 2011,5,-999,G.ruber,12080,55,-999,168.6084261,8.028631752,0,0,2,209.7,3.8,11802,25,-999,-999,2,27.88,2469,0,0,9.1,-999,5,1745,40,3,231,-999,-999,-999,-999
-13.08333333,121.7216667,1783,14050,250,275.5,275.5,275.5,253,-999,-999,KIA19609,-999,-999,MD01-2378,Sarnthein et al. 2011,5,-999,G.ruber,12705,55,-999,125.1623637,7.730146452,0,0,2,208.7,4.2,12130,28,-999,-999,2,27.88,2470,0,0,25.9,-999,5,1745,40,3,231,-999,-999,-999,-999
-13.08333333,121.7216667,1783,14166,250,278.5,278.5,278.5,253,13600,70,KIA37022,20.75610222,39.77337722,MD01-2378,Sarnthein et al. 2011,5,-999,G.ruber,-999,-999,-999,-999,-999,0,0,2,203.9,3.3,12278,22,47,42,2,27.88,2471,0,0,25.6,-999,5,1745,40,1,231,1322,73,1062,73
-13.08333333,121.7216667,1783,14205,250,279.5,279.5,279.5,253,-999,-999,KIA34609,-999,-999,MD01-2378,Sarnthein et al. 2011,5,-999,G.ruber,12430,60,-999,186.3844183,8.894506176,0,0,2,205.3,3.2,12308,22,-999,-999,2,27.88,2472,0,0,25.9,-999,5,1745,40,3,231,-999,-999,-999,-999
-13.08333333,121.7216667,1783,14398,250,284.5,284.5,284.5,253,-999,-999,KIA32929,-999,-999,MD01-2378,Sarnthein et al. 2011,5,-999,G.ruber,12660,58,-999,180.1296644,8.551626949,0,0,2,219.9,3.6,12396,23,-999,-999,2,27.88,2473,0,0,25.9,-999,5,1745,40,3,231,-999,-999,-999,-999
-13.08333333,121.7216667,1783,14514,250,287.5,287.5,287.5,253,-999,-999,KIA34610,-999,-999,MD01-2378,Sarnthein et al. 2011,5,-999,G.ruber,12610,55,-999,204.2781412,8.273691603,0,0,2,232.5,4.4,12430,29,-999,-999,2,27.88,2474,0,0,26,-999,5,1745,40,3,231,-999,-999,-999,-999
-13.08333333,121.7216667,1783,14668,250,291.5,291.5,291.5,253,-999,-999,KIA19610,-999,-999,MD01-2378,Sarnthein et al. 2011,5,-999,G.ruber,13020,55,-999,165.8718233,8.009830607,0,0,2,247.8,5,12477,32,-999,-999,2,27.88,2475,0,0,26,-999,5,1745,40,3,231,-999,-999,-999,-999
-13.08333333,121.7216667,1783,14745,250,293.5,293.5,293.5,253,14170,70,KIA37023,19.81763972,39.73681039,MD01-2378,Sarnthein et al. 2011,5,-999,G.ruber,-999,-999,-999,-999,-999,0,0,2,277.4,6,12366,38,46,42,2,27.88,2476,0,0,25.6,-999,5,1745,40,1,231,1804,80,1544,80
-13.08333333,121.7216667,1783,14823,250,295.5,295.5,295.5,253,-999,-999,KIA34611,-999,-999,MD01-2378,Sarnthein et al. 2011,5,-999,G.ruber,12580,60,-999,254.8203995,9.407581236,0,0,2,274.1,6.5,12464,41,-999,-999,2,27.88,2477,0,0,26,-999,5,1745,40,3,231,-999,-999,-999,-999
-13.08333333,121.7216667,1783,14900,250,297.5,297.5,297.5,253,-999,-999,KIA40212,-999,-999,MD01-2378,Sarnthein et al. 2011,5,-999,G.ruber,13270,60,-999,162.3117555,8.714029726,0,0,2,277.6,4.6,12510,29,-999,-999,2,27.88,2478,0,0,12.8,-999,5,1745,40,3,231,-999,-999,-999,-999
-13.08333333,121.7216667,1783,15134,250,300.5,300.5,300.5,253,-999,-999,KIA34612,-999,-999,MD01-2378,Sarnthein et al. 2011,5,-999,G.ruber,13470,60,-999,166.279685,8.743777903,0,0,2,285,6.2,12697,39,-999,-999,2,27.88,2479,0,0,12.9,-999,5,1745,40,3,231,-999,-999,-999,-999
-13.08333333,121.7216667,1783,15445,250,304.5,304.5,304.5,253,-999,-999,KIA32930,-999,-999,MD01-2378,Sarnthein et al. 2011,5,-999,G.ruber,13580,65,-999,194.5205157,9.704819469,0,0,2,298.4,6.8,12915,42,-999,-999,2,27.88,2480,0,0,12.8,-999,5,1745,40,3,231,-999,-999,-999,-999
-13.08333333,121.7216667,1783,15601,250,306.5,306.5,306.5,253,-999,-999,KIA34625,-999,-999,MD01-2378,Sarnthein et al. 2011,5,-999,G.ruber,13640,70,-999,208.2171944,10.57447688,0,0,2,306.4,6,13021,37,-999,-999,2,27.88,2481,0,0,12.8,-999,5,1745,40,3,231,-999,-999,-999,-999
-13.08333333,121.7216667,1783,15913,250,310.5,310.5,310.5,253,-999,-999,KIA32931,-999,-999,MD01-2378,Sarnthein et al. 2011,5,-999,G.ruber,13725,65,-999,241.4809007,10.08634666,0,0,2,317.9,6.2,13252,38,-999,-999,2,27.88,2482,0,0,12.8,-999,5,1745,40,3,231,-999,-999,-999,-999
-13.08333333,121.7216667,1783,16225,250,314.5,314.5,314.5,253,-999,-999,KIA34613,-999,-999,MD01-2378,Sarnthein et al. 2011,5,-999,G.ruber,13940,60,-999,255.1822228,9.410293881,0,0,2,333.5,5.8,13459,35,-999,-999,2,27.88,2483,0,0,12.8,-999,5,1745,40,3,231,-999,-999,-999,-999
-13.08333333,121.7216667,1783,16381,250,316.5,316.5,316.5,253,-999,-999,KIA19611,-999,-999,MD01-2378,Sarnthein et al. 2011,5,-999,G.ruber,14260,70,-999,229.1406768,10.75760197,0,0,2,336.6,6.3,13595,38,-999,-999,2,27.88,2484,0,0,12.9,-999,5,1745,40,3,231,-999,-999,-999,-999
-13.08333333,121.7216667,1783,16692,250,320.5,320.5,320.5,253,-999,-999,KIA34614,-999,-999,MD01-2378,Sarnthein et al. 2011,5,-999,G.ruber,14500,70,-999,238.6944734,10.84121806,0,0,2,354.4,6.6,13790,39,-999,-999,2,27.88,2485,0,0,12.8,-999,5,1745,40,3,231,-999,-999,-999,-999
-13.08333333,121.7216667,1783,17082,250,325.5,325.5,325.5,253,15770,70,KIA36547,108.641788,43.19780988,MD01-2378,Sarnthein et al. 2011,5,-999,G.ruber,-999,-999,-999,-999,-999,0,0,2,366.4,8,14099,47,135,46,2,27.88,2486,0,0,12.9,-999,5,1745,40,1,231,1671,84,1411,84
-13.08333333,121.7216667,1783,17471,250,330.5,330.5,330.5,253,-999,-999,KIA32932,-999,-999,MD01-2378,Sarnthein et al. 2011,5,-999,G.ruber,14930,85,-999,290.1504768,13.72401751,0,0,2,374.8,7.2,14428,42,-999,-999,2,27.88,2487,0,0,12.8,-999,5,1745,40,3,231,-999,-999,-999,-999
-13.08333333,121.7216667,1783,17783,250,334.5,334.5,334.5,253,-999,-999,KIA34615,-999,-999,MD01-2378,Sarnthein et al. 2011,5,-999,G.ruber,15160,70,-999,301.9555201,11.39488712,0,0,2,413.6,10.1,14506,57,-999,-999,2,27.88,2488,0,0,19.6,-999,5,1745,40,3,231,-999,-999,-999,-999
-13.08333333,121.7216667,1783,17987,250,338.5,338.5,338.5,253,-999,-999,KIA32933,-999,-999,MD01-2378,Sarnthein et al. 2011,5,-999,G.ruber,15230,75,-999,322.9045691,12.40911995,0,0,2,417.5,7.4,14678,42,-999,-999,2,27.88,2489,0,0,19.6,-999,5,1745,40,3,231,-999,-999,-999,-999
-13.08333333,121.7216667,1783,17987,250,338.5,338.5,338.5,253,-999,-999,KIA19612,-999,-999,MD01-2378,Sarnthein et al. 2011,5,-999,G.ruber,15410,70,-999,293.5911418,11.32168097,0,0,2,417.5,7.4,14678,42,-999,-999,2,27.88,2490,0,0,28.7,-999,5,1745,40,3,231,-999,-999,-999,-999
-13.08333333,121.7216667,1783,18196,250,344.5,344.5,344.5,253,-999,-999,KIA34616,-999,-999,MD01-2378,Sarnthein et al. 2011,5,-999,G.ruber,15310,70,-999,343.3306228,11.7570075,0,0,2,426.1,10.3,14834,58,-999,-999,2,27.88,2491,0,0,28.8,-999,5,1745,40,3,231,-999,-999,-999,-999
-13.08333333,121.7216667,1783,18404,250,350.5,350.5,350.5,253,-999,-999,KIA32934,-999,-999,MD01-2378,Sarnthein et al. 2011,5,-999,G.ruber,15390,80,-999,363.907069,13.65090194,0,0,2,390.3,6.4,15242,37,-999,-999,2,27.88,2492,0,0,28.7,-999,5,1745,40,3,231,-999,-999,-999,-999
-13.08333333,121.7216667,1783,18578,250,355.5,355.5,355.5,253,-999,-999,KIA38754,-999,-999,MD01-2378,Sarnthein et al. 2011,5,-999,G.ruber,15625,80,-999,352.7595786,13.53933034,0,0,2,441.5,9,15117,50,-999,-999,2,27.88,2493,0,0,28.6,-999,5,1745,40,3,231,-999,-999,-999,-999
-13.08333333,121.7216667,1783,18683,250,358.5,358.5,358.5,253,-999,-999,KIA32935,-999,-999,MD01-2378,Sarnthein et al. 2011,5,-999,G.ruber,15480,80,-999,395.0053922,13.96215493,0,0,2,420.5,7.3,15341,41,-999,-999,2,27.88,2494,0,0,41.1,-999,5,1745,40,3,231,-999,-999,-999,-999
-13.08333333,121.7216667,1783,18756,250,361.5,361.5,361.5,253,-999,-999,KIA36181,-999,-999,MD01-2378,Sarnthein et al. 2011,5,-999,G.ruber,16210,80,-999,285.1217098,12.86236492,0,0,2,417.9,6,15424,34,-999,-999,2,27.88,2495,0,0,41.1,-999,5,1745,40,3,231,-999,-999,-999,-999
-13.08333333,121.7216667,1783,18756,250,361.5,361.5,361.5,253,17210,80,KIA36548,134.6984541,45.62675089,MD01-2378,Sarnthein et al. 2011,5,-999,G.ruber,-999,-999,-999,-999,-999,0,0,2,417.9,6,15424,34,161,48,2,27.88,2496,0,0,45.5,-999,5,1745,40,1,231,1786,87,1526,87
-13.08333333,121.7216667,1783,18800,250,363.5,363.5,363.5,253,-999,-999,KIA38755,-999,-999,MD01-2378,Sarnthein et al. 2011,5,-999,G.ruber,16310,80,-999,275.9961228,12.77102989,0,0,2,414.4,6.3,15483,36,-999,-999,2,27.88,2497,0,0,45.5,-999,5,1745,40,3,231,-999,-999,-999,-999
-13.08333333,121.7216667,1783,18822,250,364.5,364.5,364.5,253,-999,-999,KIA19613,-999,-999,MD01-2378,Sarnthein et al. 2011,5,-999,G.ruber,16340,80,-999,274.6271884,12.75732867,0,0,2,410.3,6.4,15536,37,-999,-999,2,27.88,2498,0,0,44.4,-999,5,1745,40,3,231,-999,-999,-999,-999
-13.08333333,121.7216667,1783,18867,250,366.5,366.5,366.5,253,-999,-999,KIA38756,-999,-999,MD01-2378,Sarnthein et al. 2011,5,-999,G.ruber,16530,90,-999,251.6274066,14.10181292,0,0,2,404.7,6,15606,35,-999,-999,2,27.88,2499,0,0,45.5,-999,5,1745,40,3,231,-999,-999,-999,-999
-13.08333333,121.7216667,1783,18911,250,368.5,368.5,368.5,253,-999,-999,KIA34617,-999,-999,MD01-2378,Sarnthein et al. 2011,5,-999,G.ruber,16500,80,-999,263.0148369,12.64110443,0,0,2,400,6,15681,35,-999,-999,2,27.88,2500,0,0,44.9,-999,5,1745,40,3,231,-999,-999,-999,-999
-13.08333333,121.7216667,1783,19000,250,372.5,372.5,372.5,253,-999,-999,KIA34618,-999,-999,MD01-2378,Sarnthein et al. 2011,5,-999,G.ruber,16790,80,-999,231.4178173,12.32486014,0,0,2,399.9,6.3,15760,36,-999,-999,2,27.88,2501,0,0,25.8,-999,5,1745,40,3,231,-999,-999,-999,-999
-13.08333333,121.7216667,1783,19233,250,378.5,378.5,378.5,253,-999,-999,KIA32936,-999,-999,MD01-2378,Sarnthein et al. 2011,5,-999,G.ruber,16950,90,-999,241.6395339,13.98928174,0,0,2,404.2,6.1,15968,35,-999,-999,2,27.88,2502,0,0,28,-999,5,1745,40,3,231,-999,-999,-999,-999
-13.08333333,121.7216667,1783,19376,250,382.5,382.5,382.5,253,-999,-999,KIA34619,-999,-999,MD01-2378,Sarnthein et al. 2011,5,-999,G.ruber,17470,90,-999,184.1170888,13.3411889,0,0,2,419.5,6.4,16018,36,-999,-999,2,27.88,2503,0,0,28,-999,5,1745,40,3,231,-999,-999,-999,-999
-13.08333333,121.7216667,1783,19376,250,382.5,382.5,382.5,253,18250,90,KIA34601,74.54569123,44.54675947,MD01-2378,Sarnthein et al. 2011,5,-999,G.ruber,-999,-999,-999,-999,-999,0,0,2,419.5,6.4,16018,36,101,47,2,27.88,2504,0,0,38.5,-999,5,1745,40,1,231,2232,97,1972,97
-13.08333333,121.7216667,1783,19480,250,386.5,386.5,386.5,253,-999,-999,KIA34620,-999,-999,MD01-2378,Sarnthein et al. 2011,5,-999,G.ruber,17370,80,-999,214.1281065,12.15181305,0,0,2,420.1,6.6,16111,37,-999,-999,2,27.88,2505,0,0,37.7,-999,5,1745,40,3,231,-999,-999,-999,-999
-13.08333333,121.7216667,1783,19533,250,388.5,388.5,388.5,253,-999,-999,KIA32937,-999,-999,MD01-2378,Sarnthein et al. 2011,5,-999,G.ruber,17410,95,-999,215.8674631,14.46447371,0,0,2,415.5,8.2,16196,46,-999,-999,2,27.88,2506,0,0,38.5,-999,5,1745,40,3,231,-999,-999,-999,-999
-13.08333333,121.7216667,1783,19585,250,390.5,390.5,390.5,253,-999,-999,KIA19614,-999,-999,MD01-2378,Sarnthein et al. 2011,5,-999,G.ruber,17440,90,-999,218.9785545,13.73396543,0,0,2,407.1,8.9,16292,51,-999,-999,2,27.88,2507,0,0,38.5,-999,5,1745,40,3,231,-999,-999,-999,-999
-13.08333333,121.7216667,1783,19689,250,394.5,394.5,394.5,253,-999,-999,KIA34621,-999,-999,MD01-2378,Sarnthein et al. 2011,5,-999,G.ruber,17740,90,-999,189.1603235,13.39800993,0,0,2,408.9,8,16379,45,-999,-999,2,27.88,2508,0,0,46.2,-999,5,1745,40,3,231,-999,-999,-999,-999
-13.08333333,121.7216667,1783,19754,250,397.5,397.5,397.5,253,-999,-999,KIA36182,-999,-999,MD01-2378,Sarnthein et al. 2011,5,-999,G.ruber,17830,90,-999,185.1937334,13.35331922,0,0,2,426.7,7.5,16346,42,-999,-999,2,27.88,2509,0,0,46.2,-999,5,1745,40,3,231,-999,-999,-999,-999
-13.08333333,121.7216667,1783,19767,250,397.5,397.5,397.5,253,18730,90,KIA36549,61.24306373,43.99528088,MD01-2378,Sarnthein et al. 2011,5,-999,G.ruber,-999,-999,-999,-999,-999,0,0,2,428.4,7.4,16346,41,88,46,2,27.88,2510,0,0,38,-999,5,1745,40,1,231,2384,99,2124,99
-13.08333333,121.7216667,1783,19846,250,400.5,400.5,400.5,253,-999,-999,KIA34624,-999,-999,MD01-2378,Sarnthein et al. 2011,5,-999,G.ruber,16880,80,-999,348.9101922,13.50080308,0,0,2,430.3,7.7,16413,43,-999,-999,2,27.88,2511,0,0,38.5,-999,5,1745,40,3,231,-999,-999,-999,-999
-13.08333333,121.7216667,1783,19898,250,402.5,402.5,402.5,253,-999,-999,KIA36183,-999,-999,MD01-2378,Sarnthein et al. 2011,5,-999,G.ruber,17890,90,-999,197.0446317,13.48684071,0,0,2,425.6,7.6,16488,43,-999,-999,2,27.88,2512,0,0,38.5,-999,5,1745,40,3,231,-999,-999,-999,-999
-13.08333333,121.7216667,1783,19950,250,404.5,404.5,404.5,253,-999,-999,KIA32938,-999,-999,MD01-2378,Sarnthein et al. 2011,5,-999,G.ruber,17725,100,-999,229.5964825,15.40248659,0,0,2,424.9,7.4,16541,42,-999,-999,2,27.88,2513,0,0,24.4,-999,5,1745,40,3,231,-999,-999,-999,-999
-13.08333333,121.7216667,1783,19991,250,405.5,405.5,405.5,253,-999,-999,KIA38207,-999,-999,MD01-2378,Sarnthein et al. 2011,5,-999,G.ruber,18340,140,-999,144.6356041,20.12368365,0,0,2,429.1,7.9,16566,45,-999,-999,2,27.88,2514,0,0,25,-999,5,1745,40,3,231,-999,-999,-999,-999
-13.08333333,121.7216667,1783,20031,250,406.5,406.5,406.5,253,-999,-999,KIA38208,-999,-999,MD01-2378,Sarnthein et al. 2011,5,-999,G.ruber,18410,110,-999,140.2081081,15.72084715,0,0,2,433,8,16583,45,-999,-999,2,27.88,2515,0,0,24.4,-999,5,1745,40,3,231,-999,-999,-999,-999
-13.08333333,121.7216667,1783,20113,250,408.5,408.5,408.5,253,-999,-999,KIA34622,-999,-999,MD01-2378,Sarnthein et al. 2011,5,-999,G.ruber,18440,90,-999,147.281415,12.9261694,0,0,2,436.7,7.9,16640,44,-999,-999,2,27.88,2516,0,0,24.7,-999,5,1745,40,3,231,-999,-999,-999,-999
-13.08333333,121.7216667,1783,20275,250,412.5,412.5,412.5,253,-999,-999,KIA34623,-999,-999,MD01-2378,Sarnthein et al. 2011,5,-999,G.ruber,18490,100,-999,162.7254977,14.56483012,0,0,2,442.8,7.4,16761,41,-999,-999,2,27.88,2517,0,0,24.7,-999,5,1745,40,3,231,-999,-999,-999,-999
-13.08333333,121.7216667,1783,20356,250,414.5,414.5,414.5,253,-999,-999,KIA38209,-999,-999,MD01-2378,Sarnthein et al. 2011,5,-999,G.ruber,17820,100,-999,276.307009,15.98760395,0,0,2,445.3,7.3,16825,41,-999,-999,2,27.88,2518,0,0,24.6,-999,5,1745,40,3,231,-999,-999,-999,-999
-13.08333333,121.7216667,1783,20478,250,417.5,417.5,417.5,253,19810,110,KIA36550,11.06083022,44.43447089,MD01-2378,Sarnthein et al. 2011,5,-999,G.ruber,-999,-999,-999,-999,-999,0,0,2,444.7,8.1,16945,45,37,47,2,27.88,2519,0,0,24.6,-999,5,1745,40,1,231,2865,119,2605,119
-13.08333333,121.7216667,1783,20478,250,417.5,417.5,417.5,253,-999,-999,KIA36184,-999,-999,MD01-2378,Sarnthein et al. 2011,5,-999,G.ruber,18670,110,-999,165.2255913,16.0657807,0,0,2,444.7,8.1,16945,45,-999,-999,2,27.88,2520,0,0,24.6,-999,5,1745,40,3,231,-999,-999,-999,-999
-13.08333333,121.7216667,1783,20600,250,420.5,420.5,420.5,253,-999,-999,KIA38228,-999,-999,MD01-2378,Sarnthein et al. 2011,5,-999,G.ruber,18890,120,-999,150.601846,17.31714971,0,0,2,436.6,7.9,17107,44,-999,-999,2,27.88,2521,0,0,25.6,-999,5,1745,40,3,231,-999,-999,-999,-999
-13.08333333,121.7216667,1783,20756,250,424.5,424.5,424.5,253,-999,-999,KIA19615,-999,-999,MD01-2378,Sarnthein et al. 2011,5,-999,G.ruber,18990,100,-999,158.0142761,14.50581521,0,0,2,455.9,7.9,17155,43,-999,-999,2,27.88,2522,0,0,25.8,-999,5,1745,40,3,231,-999,-999,-999,-999
-13.08333333,121.7216667,1783,20950,250,429.5,429.5,429.5,253,-999,-999,KIA36185,-999,-999,MD01-2378,Sarnthein et al. 2011,5,-999,G.ruber,19050,100,-999,176.6887072,14.73973965,0,0,2,444.3,8.8,17404,49,-999,-999,2,27.88,2523,0,0,25.6,-999,5,1745,40,3,231,-999,-999,-999,-999
-13.08333333,121.7216667,1783,21067,250,432.5,432.5,432.5,253,-999,-999,KIA39652,-999,-999,MD01-2378,Sarnthein et al. 2011,5,-999,G.ruber,18790,110,-999,232.7204275,16.99637924,0,0,2,445.3,8.3,17515,46,-999,-999,2,27.88,2524,0,0,26,-999,5,1745,40,3,231,-999,-999,-999,-999
-13.08333333,121.7216667,1783,21144,250,434.5,434.5,434.5,253,-999,-999,KIA38229,-999,-999,MD01-2378,Sarnthein et al. 2011,5,-999,G.ruber,18220,110,-999,335.7526269,18.41695628,0,0,2,453.7,7.3,17546,40,-999,-999,2,27.88,2525,0,0,25.6,-999,5,1745,40,3,231,-999,-999,-999,-999
-13.08333333,121.7216667,1783,21222,250,436.5,436.5,436.5,253,-999,-999,KIA39653,-999,-999,MD01-2378,Sarnthein et al. 2011,5,-999,G.ruber,19260,110,-999,184.6697562,16.33387101,0,0,2,463.3,7.1,17571,39,-999,-999,2,27.88,2526,0,0,25.6,-999,5,1745,40,3,231,-999,-999,-999,-999
-13.08333333,121.7216667,1783,21300,250,438.5,438.5,438.5,253,-999,-999,KIA39654,-999,-999,MD01-2378,Sarnthein et al. 2011,5,-999,G.ruber,19060,100,-999,226.0485672,15.35804378,0,0,2,474,7.4,17581,40,-999,-999,2,27.88,2527,0,0,34.5,-999,5,1745,40,3,231,-999,-999,-999,-999
-13.08333333,121.7216667,1783,21358,250,440.5,440.5,440.5,253,-999,-999,KIA19616,-999,-999,MD01-2378,Sarnthein et al. 2011,5,-999,G.ruber,19960,110,-999,103.8173091,15.21910174,0,0,2,478,8.4,17617,46,-999,-999,2,27.88,2528,0,0,23.4,-999,5,1745,40,3,231,-999,-999,-999,-999
-13.08333333,121.7216667,1783,21572,250,445.5,445.5,445.5,253,-999,-999,KIA39655,-999,-999,MD01-2378,Sarnthein et al. 2011,5,-999,G.ruber,20280,120,-999,88.52637113,16.38288188,0,0,2,483.1,8.5,17803,46,-999,-999,2,27.88,2529,0,0,18.4,-999,5,1745,40,3,231,-999,-999,-999,-999
-13.08333333,121.7216667,1783,29520,250,591.5,591.5,591.5,253,-999,-999,KIA19617,-999,-999,MD01-2378,Sarnthein et al. 2011,5,-999,G.ruber,29920,330,-999,-142.5668995,35.95733385,0,0,2,530.9,11,25264,58,-999,-999,2,27.88,2530,0,0,18.4,-999,5,1745,40,3,231,-999,-999,-999,-999
42.15,-9.7,3350,18666,352,-999,-999,290,254,-999,-999,-999,-999,-999,MD03-2697,Naughton et al. 2016,3,-999,G.bulloides,16170,130,-999,277.5526194,20.84314588,0,0,2,423.7,8.2,15304,46,-999,-999,1,28.1,2531,0,0,18.4,-999,5,930,40,3,232,-999,-999,-999,-999
22.51483333,-106.65,955,2900,100,1,1,1,255,4357,35,-999,-174.3590987,13.58514168,MD02-2519,Arellano-Torres 2010 PhD Thesis,4,-999,organic  matter,2865,35,-999,-5.844351246,4.341013354,0,0,2,0.4,2,2815,16,-211,30,2,27.38,2532,0,0,34.5,-176.3,5,1558,40,3,233,1542,38,1905,38
22.51483333,-106.65,955,5014,25,74,74,74,255,5933,35,-999,-123.7208392,6.467961855,MD02-2519,Arellano-Torres 2010 PhD Thesis,4,-999,organic  matter,4090,37,-999,102.2549597,5.088696892,0,0,2,60.1,2,4409,15,-160,27,2,27.38,2533,0,0,25.6,-176.3,5,1558,40,3,233,1524,38,1887,38
22.51483333,-106.65,955,7591,25,140,140,140,255,-999,-999,-999,-999,-999,MD02-2519,Arellano-Torres 2010 PhD Thesis,4,-999,organic  matter,6050,38,-999,179.4943382,5.592800234,0,0,2,81.9,2.7,6752,20,-999,-999,2,27.38,2534,0,0,25.6,-176.3,5,1558,40,3,233,-999,-999,-999,-999
22.51483333,-106.65,955,9700,25,194,194,194,255,9286,35,-999,17.50973788,7.510408174,MD02-2519,Arellano-Torres 2010 PhD Thesis,4,-999,organic  matter,8689,42,-999,96.01036449,5.745423137,0,0,2,87.2,3.2,8754,24,-19,28,2,27.38,2535,0,0,22.4,-176.3,5,1558,40,3,233,532,42,895,42
22.51483333,-106.65,955,10684,25,216,216,216,255,10477,39,-999,-11.8074842,7.786093707,MD02-2519,Arellano-Torres 2010 PhD Thesis,4,-999,mixed PF,9555,38,-999,108.3792361,5.25559424,0,0,2,124.7,3.1,9443,22,-48,28,2,27.38,2536,0,0,22.3,-176.3,5,1558,40,3,233,1034,45,1397,45
22.51483333,-106.65,955,11311,25,230,230,230,255,11284,40,-999,-35.83672876,7.716793341,MD02-2519,Arellano-Torres 2010 PhD Thesis,4,-999,mixed PF,10272,39,-999,93.61169557,5.322365027,0,0,2,140.3,3.2,9945,23,-72,28,2,27.38,2537,0,0,14.9,-176.3,5,1558,40,3,233,1339,46,1702,46
22.51483333,-106.65,955,11982,100,240,240,240,255,12456,41,-999,-96.27188199,15.54510036,MD02-2519,Arellano-Torres 2010 PhD Thesis,4,-999,mixed PF,11441,38,-999,25.44541803,4.862347523,0,0,2,184.8,2.6,10289,18,-133,31,2,27.38,2538,0,0,13.8,-176.3,5,1558,40,3,233,2167,45,2530,45
22.51483333,-106.65,955,12418,100,246,246,246,255,12632,41,-999,-67.97583095,16.03182302,MD02-2519,Arellano-Torres 2010 PhD Thesis,4,-999,mixed PF,11477,41,-999,76.14516838,5.506627878,0,0,2,239.9,3,10341,20,-104,31,2,27.38,2539,0,0,13.7,-176.3,5,1558,40,3,233,2291,46,2654,46
22.51483333,-106.65,955,12709,100,250,250,250,255,12987,43,-999,-76.31949757,16.11830895,MD02-2519,Arellano-Torres 2010 PhD Thesis,4,-999,organic  matter,12429,52,-999,-9.876484503,6.43015392,0,0,2,231.6,3,10677,20,-113,31,2,27.38,2540,0,0,13.7,-176.3,5,1558,40,3,233,2310,47,2673,47
22.51483333,-106.65,955,13000,100,254,254,254,255,12929,42,-999,-36.2936371,16.6967773,MD02-2519,Arellano-Torres 2010 PhD Thesis,4,-999,mixed PF,12287,42,-999,43.88746872,5.472188411,0,0,2,216.6,3,11057,20,-73,31,2,27.38,2541,0,0,20.1,-176.3,5,1558,40,3,233,1872,47,2235,47
22.51483333,-106.65,955,13298,100,260,260,260,255,12544,41,-999,48.12787848,18.02893231,MD02-2519,Arellano-Torres 2010 PhD Thesis,4,-999,-999,-999,-999,-999,-999,-999,0,0,2,209,4,11399,26,12,32,2,27.38,2542,0,0,20.2,-176.3,5,1558,40,3,233,1145,49,1508,49
22.51483333,-106.65,955,13496,100,264,264,264,255,12423,41,-999,89.82715768,18.74620498,MD02-2519,Arellano-Torres 2010 PhD Thesis,4,-999,mixed PF,11372,40,-999,242.1632513,6.200727209,0,0,2,199.5,4.8,11656,32,53,33,2,27.38,2543,0,0,20.2,-176.3,5,1558,40,3,233,767,52,1130,52
22.51483333,-106.65,955,13893,100,272,272,272,255,12302,41,-999,160.7939789,19.966911,MD02-2519,Arellano-Torres 2010 PhD Thesis,4,-999,mixed PF,11359,38,-999,305.3810607,6.189716444,0,0,2,196.3,4,12067,27,124,33,2,27.38,2544,0,0,24.4,-176.3,5,1558,40,3,233,235,49,598,49
22.51483333,-106.65,955,14139,150,278,278,278,255,12737,41,-999,132.8192937,26.33858121,MD02-2519,Arellano-Torres 2010 PhD Thesis,4,-999,-999,-999,-999,-999,-999,-999,0,0,2,203,3.3,12255,22,96,38,2,27.38,2545,0,0,27.3,-176.3,5,1558,40,3,233,482,47,845,47
22.51483333,-106.65,955,14359,150,284,284,284,255,13540,36,-999,52.70037846,23.82037148,MD02-2519,Arellano-Torres 2010 PhD Thesis,4,-999,organic matter,12664,53,-999,173.9907236,7.771346018,0,0,2,213.9,3.5,12397,23,16,36,2,27.38,2546,0,0,27.1,-176.3,5,1558,40,3,233,1143,43,1506,43
22.51483333,-106.65,955,14580,150,290,290,290,255,13737,44,-999,55.02831524,24.92402291,MD02-2519,Arellano-Torres 2010 PhD Thesis,4,-999,mixed PF,12831,42,-999,180.9891718,6.190892652,0,0,2,237.1,4.5,12458,29,19,37,2,27.38,2547,0,0,27.4,-176.3,5,1558,40,3,233,1279,53,1642,53
22.51483333,-106.65,955,14653,150,292,292,292,255,13882,43,-999,45.34539595,24.56510581,MD02-2519,Arellano-Torres 2010 PhD Thesis,4,-999,-999,-999,-999,-999,-999,-999,0,0,2,245.8,4.5,12480,29,9,36,2,27.38,2548,0,0,25.6,-176.3,5,1558,40,3,233,1402,52,1765,52
22.51483333,-106.65,955,14887,150,298,298,298,255,14009,43,-999,58.48948627,24.87398551,MD02-2519,Arellano-Torres 2010 PhD Thesis,4,-999,-999,-999,-999,-999,-999,-999,0,0,2,276.6,4.6,12507,29,22,36,2,27.38,2549,0,0,23.1,-176.3,5,1558,40,3,233,1502,52,1865,52
22.51483333,-106.65,955,15147,150,304,304,304,255,14169,46,-999,70.76718267,25.56250569,MD02-2519,Arellano-Torres 2010 PhD Thesis,4,-999,organic  matter,13994,59,-999,94.34993577,8.067264933,0,0,2,285.1,6,12707,38,34,37,2,27.38,2550,0,0,23.1,-176.3,5,1558,40,3,233,1462,60,1825,60
22.51483333,-106.65,955,15320,150,308,308,308,255,14308,43,-999,74.65355766,25.25383329,MD02-2519,Arellano-Torres 2010 PhD Thesis,4,-999,-999,-999,-999,-999,-999,-999,0,0,2,287.5,6.9,12856,43,38,37,2,27.38,2551,0,0,23.1,-176.3,5,1558,40,3,233,1452,61,1815,61
22.51483333,-106.65,955,15493,150,312,312,312,255,14308,46,-999,97.37933351,26.19781958,MD02-2519,Arellano-Torres 2010 PhD Thesis,4,-999,mixed PF,13540,43,-999,207.4739587,6.480840781,0,0,2,302.9,7.2,12936,44,61,37,2,27.38,2552,0,0,23,-176.3,5,1558,40,3,233,1372,64,1735,64
22.51483333,-106.65,955,15580,150,314,314,314,255,14536,43,-999,77.95503701,25.33141644,MD02-2519,Arellano-Torres 2010 PhD Thesis,4,-999,-999,-999,-999,-999,-999,-999,0,0,2,306.1,6.9,12994,43,42,37,2,27.38,2553,0,0,16,-176.3,5,1558,40,3,233,1542,61,1905,61
22.51483333,-106.65,955,15954,150,320,320,320,255,17991,60,-999,-266.402643,18.79213802,MD02-2519,Arellano-Torres 2010 PhD Thesis,4,-999,mixed PF,16822,52,-999,-151.4873198,5.510491419,0,0,2,320.5,6.1,13275,37,-303,33,2,27.38,2554,0,0,16,-176.3,5,1558,40,3,233,4716,70,5079,70
22.51483333,-106.65,955,16328,200,326,326,326,255,14750,44,-999,149.0159438,34.09628046,MD02-2519,Arellano-Torres 2010 PhD Thesis,4,-999,-999,-999,-999,-999,-999,-999,0,0,2,335.4,5.9,13544,36,113,43,2,27.38,2555,0,0,16.1,-176.3,5,1558,40,3,233,1206,57,1569,57
22.51483333,-106.65,955,16452,200,328,328,328,255,14742,45,-999,167.542558,34.79145289,MD02-2519,Arellano-Torres 2010 PhD Thesis,4,-999,-999,-999,-999,-999,-999,-999,0,0,2,341.9,6.2,13632,37,131,44,2,27.38,2556,0,0,16,-176.3,5,1558,40,3,233,1110,58,1473,58
22.51483333,-106.65,955,16702,200,332,332,332,255,14954,48,-999,172.0457681,35.36355182,MD02-2519,Arellano-Torres 2010 PhD Thesis,4,-999,mixed PF,14173,44,-999,291.7200378,7.094687202,0,0,2,355.3,6.7,13795,40,136,44,2,27.38,2557,0,0,16.1,-176.3,5,1558,40,3,233,1159,62,1522,62
22.51483333,-106.65,955,17200,200,340,340,340,255,15554,48,-999,155.2287222,34.85613949,MD02-2519,Arellano-Torres 2010 PhD Thesis,4,-999,-999,-999,-999,-999,-999,-999,0,0,2,375.1,8.8,14154,52,119,44,2,27.38,2558,0,0,23.1,-176.3,5,1558,40,3,233,1400,71,1763,71
22.51483333,-106.65,955,18500,200,370,370,370,255,16863,57,-999,148.6613907,35.94552982,MD02-2519,Arellano-Torres 2010 PhD Thesis,4,-999,organic  matter,15717,69,-999,324.7963871,11.42844112,0,0,2,423,8.1,15143,46,112,45,2,27.38,2559,0,0,22.4,-176.3,5,1558,40,3,233,1720,73,2083,73
22.51483333,-106.65,955,19126,200,384,384,384,255,-999,-999,-999,-999,-999,MD02-2519,Arellano-Torres 2010 PhD Thesis,4,-999,organic  matter,16705,78,-999,263.6304347,12.32954663,0,0,2,403.4,6.9,15866,39,-999,-999,2,27.38,2560,0,0,21.1,-176.3,5,1558,40,3,233,-999,-999,-999,-999
22.51483333,-106.65,955,21021,200,424,424,424,255,-999,-999,-999,-999,-999,MD02-2519,Arellano-Torres 2010 PhD Thesis,4,-999,organic  matter,18667,98,-999,244.7951817,15.27910891,0,0,2,443,8.8,17489,49,-999,-999,2,27.38,2561,0,0,26.2,-176.3,5,1558,40,3,233,-999,-999,-999,-999
22.51483333,-106.65,955,21631,200,440,440,440,255,20472,73,-999,70.42977932,35.6305724,MD02-2519,Arellano-Torres 2010 PhD Thesis,4,-999,organic  matter,19520,108,-999,205.1106305,16.31156466,0,0,2,495.9,8.6,17792,46,34,45,2,27.38,2562,0,0,19.3,-176.3,5,1558,40,3,233,2680,86,3043,86
22.51483333,-106.65,955,22981,300,466,466,466,255,21222,76,-999,147.9700719,52.53776171,MD02-2519,Arellano-Torres 2010 PhD Thesis,4,-999,organic matter,20091,116,-999,321.5290687,19.22190455,0,0,2,500.2,14.7,19082,79,112,59,2,27.38,2563,0,0,18.5,-176.3,5,1558,40,3,233,2140,110,2503,110
22.51483333,-106.65,955,23956,300,484,484,484,255,21800,82,-999,201.9927776,55.90890008,MD02-2519,Arellano-Torres 2010 PhD Thesis,4,-999,-999,-999,-999,-999,-999,-999,0,0,2,503.6,8.7,20005,47,166,62,2,27.38,2564,0,0,17.5,-176.3,5,1558,40,3,233,1795,95,2158,95
22.51483333,-106.65,955,24070,300,486,486,486,255,-999,-999,-999,-999,-999,MD02-2519,Arellano-Torres 2010 PhD Thesis,4,-999,organic  matter,21399,139,-999,281.0623284,22.35991486,0,0,2,516.5,9.5,20044,51,-999,-999,2,27.38,2565,0,0,17.6,-176.3,5,1558,40,3,233,-999,-999,-999,-999
22.51483333,-106.65,955,24867,300,500,500,500,255,22766,90,-999,189.965178,56.53583988,MD02-2519,Arellano-Torres 2010 PhD Thesis,4,-999,organic  matter,21920,145,-999,322.1241103,24.08174657,0,0,2,559.5,8.5,20597,44,154,63,2,27.38,2566,0,0,17.5,-176.3,5,1558,40,3,233,2169,100,2532,100
22.51483333,-106.65,955,25551,300,512,512,512,255,23263,94,-999,215.0592689,58.3337962,MD02-2519,Arellano-Torres 2010 PhD Thesis,4,-999,organic  matter,22422,155,-999,349.165155,26.2854689,0,0,2,588.5,9.7,21119,49,179,64,2,27.38,2567,0,0,17.5,-176.3,5,1558,40,3,233,2144,106,2507,106
22.51483333,-106.65,955,26349,300,526,526,526,255,23774,100,-999,255.7193861,61.22486608,MD02-2519,Arellano-Torres 2010 PhD Thesis,4,-999,organic  matter,23109,168,-999,364.0962785,28.82875003,0,0,2,553.5,14.4,22056,74,219,67,2,27.38,2568,0,0,17.5,-176.3,5,1558,40,3,233,1718,124,2081,124
22.51483333,-106.65,955,27147,300,540,540,540,255,24724,118,-999,228.7222664,62.66526396,MD02-2519,Arellano-Torres 2010 PhD Thesis,4,-999,-999,-999,-999,-999,-999,-999,0,0,2,578.1,11.5,22707,59,192,68,2,27.38,2569,0,0,17.6,-176.3,5,1558,40,3,233,2017,132,2380,132
22.51483333,-106.65,955,27488,300,546,546,546,255,25230,119,-999,202.2959168,61.46737552,MD02-2519,Arellano-Torres 2010 PhD Thesis,4,-999,organic  matter,23553,180,-999,481.4137109,33.56958138,0,0,2,530,13.6,23286,71,166,67,2,27.38,2570,0,0,17.5,-176.3,5,1558,40,3,233,1944,139,2307,139
22.51483333,-106.65,955,28172,300,558,558,558,255,25721,124,-999,228.5673371,63.57621294,MD02-2519,Arellano-Torres 2010 PhD Thesis,4,-999,organic  matter,24641,203,-999,405.3608978,35.96707894,0,0,2,513.9,11.5,24051,61,192,69,2,27.38,2571,0,0,13.9,-176.3,5,1558,40,3,233,1670,138,2033,138
22.51483333,-106.65,955,29465,300,576,576,576,255,26801,141,-999,255.8445505,67.64917136,MD02-2519,Arellano-Torres 2010 PhD Thesis,4,-999,organic  matter,25184,218,-999,535.8791518,42.25149231,0,0,2,522.1,11.3,25252,60,219,73,2,27.38,2572,0,0,14.8,-176.3,5,1558,40,3,233,1549,153,1912,153
22.51483333,-106.65,955,30548,400,592,592,592,255,27229,147,-999,357.3453694,90.58121342,MD02-2519,Arellano-Torres 2010 PhD Thesis,4,-999,organic matter,26819,269,-999,428.4219739,48.64328631,0,0,2,517,12.6,26328,67,321,94,2,27.38,2573,0,0,18.6,-176.3,5,1558,40,3,233,901,162,1264,162
22.51483333,-106.65,955,31300,400,606,606,606,255,28340,171,-999,294.5853334,90.2697749,MD02-2519,Arellano-Torres 2010 PhD Thesis,4,-999,organic  matter,26733,265,-999,581.2888346,53.03498584,0,0,2,448.9,14.5,27436,80,258,94,2,27.38,2574,0,0,18.7,-176.3,5,1558,40,3,233,904,189,1267,189
22.51483333,-106.65,955,32904,400,636,636,636,255,-999,-999,-999,-999,-999,MD02-2519,Arellano-Torres 2010 PhD Thesis,4,-999,organic  matter,28481,330,-999,544.4413774,64.76772846,0,0,2,542.8,20.4,28486,106,-999,-999,2,27.38,2575,0,0,18.7,-176.3,5,1558,40,3,233,-999,-999,-999,-999
22.51483333,-106.65,955,34187,400,660,660,660,255,30948,240,-999,326.7727016,103.9417882,MD02-2519,Arellano-Torres 2010 PhD Thesis,4,-999,-999,-999,-999,-999,-999,-999,0,0,2,577.9,28.7,29550,146,290,107,2,27.38,2576,0,0,18.3,-176.3,5,1558,40,3,233,1398,281,1761,281
22.51483333,-106.65,955,35063,400,676,676,676,255,-999,-999,-999,-999,-999,MD02-2519,Arellano-Torres 2010 PhD Thesis,4,-999,organic  matter,30346,416,-999,589.8724476,84.50290609,0,0,2,537.9,23.4,30611,122,-999,-999,2,27.38,2577,0,0,18.3,-176.3,5,1558,40,3,233,-999,-999,-999,-999
22.51483333,-106.65,955,37693,400,724,724,724,255,-999,-999,-999,-999,-999,MD02-2519,Arellano-Torres 2010 PhD Thesis,4,-999,organic  matter,31601,487,-999,869.284198,116.830859,0,0,2,515.6,18.7,33293,99,-999,-999,2,27.38,2578,0,0,18.3,-176.3,5,1558,40,3,233,-999,-999,-999,-999
22.51483333,-106.65,955,39555,400,758,758,758,255,-999,-999,-999,-999,-999,MD02-2519,Arellano-Torres 2010 PhD Thesis,4,-999,organic  matter,35012,749,-999,531.3734323,149.6543547,0,0,2,645.8,24.8,34439,121,-999,-999,2,27.38,2579,0,0,18.3,-176.3,5,1558,40,3,233,-999,-999,-999,-999
22.51483333,-106.65,955,41911,400,801,801,801,255,36399,461,-999,713.4189208,181.5723086,MD02-2519,Arellano-Torres 2010 PhD Thesis,4,-999,-999,-999,-999,-999,-999,-999,0,0,2,579.3,32.2,37064,164,677,184,2,27.38,2580,0,1.2,18.3,-176.3,5,1558,40,3,233,-665,489,-302,489
7.855833333,-83.60833333,1368,2756,130.25,13,13,13,256,-999,-999,OS-42066,-999,-999,ME0005A-43JC,Benway PhD Thesis 2004,3,-999,N.dutertrei,3100,35,-999,-51.17838983,4.143060783,0,0,2,1.3,1.4,2672,11,-999,-999,2,27.81,2581,0,0,5.7,-225,5,2048,40,3,234,-999,-999,-999,-999
7.855833333,-83.60833333,1368,5038,143.25,26,26,26,256,-999,-999,OS-42050,-999,-999,ME0005A-43JC,Benway PhD Thesis 2004,3,-999,N.dutertrei,4940,35,-999,-5.536979741,4.342355502,0,0,2,59.1,2.1,4436,16,-999,-999,2,27.81,2582,0,0,10,-225,5,2048,40,3,234,-999,-999,-999,-999
7.855833333,-83.60833333,1368,11523,188.5,91,91,91,256,-999,-999,OS-42051,-999,-999,ME0005A-43JC,Benway PhD Thesis 2004,3,-999,N.dutertrei,10450,60,-999,97.43016437,8.227602473,0,0,2,156.5,3.2,10036,22,-999,-999,2,27.81,2583,0,0,9.6,-225,5,2048,40,3,234,-999,-999,-999,-999
7.855833333,-83.60833333,1368,15698,217.75,131,131,131,256,-999,-999,OS-42052,-999,-999,ME0005A-43JC,Benway PhD Thesis 2004,3,-999,N.dutertrei,13700,80,-999,213.3802846,12.14432835,0,0,2,308.4,6.2,13096,38,-999,-999,2,27.81,2584,0,0,11,-225,5,2048,40,3,234,-999,-999,-999,-999
7.855833333,-83.60833333,1368,20705,221.5,186,186,186,256,-999,-999,OS-42053,-999,-999,ME0005A-43JC,Benway PhD Thesis 2004,3,-999,N.dutertrei,17900,95,-999,318.1482079,15.68124871,0,0,2,451.3,7.6,17132,42,-999,-999,2,27.81,2585,0,0,14.1,-225,5,2048,40,3,234,-999,-999,-999,-999
7.855833333,-83.60833333,1368,22260,229,208,208,208,256,-999,-999,OS-42054,-999,-999,ME0005A-43JC,Benway PhD Thesis 2004,3,-999,N.dutertrei,19150,110,-999,361.6769838,18.77439353,0,0,2,515.4,7.9,18291,42,-999,-999,2,27.81,2586,0,0,14.1,-225,5,2048,40,3,234,-999,-999,-999,-999
-53.23166,40.80166,2545,1767,200,6,8,7,257,2626,105,1487.2.1,-106.9923663,33.28442984,PS2606-6,Ronge et al. 2020,5,-999,Neogloboquadrina pachyderma sinistral,2400,105,-999,-81.51178244,12.08444092,0,0,2,-19.2,1.7,1876,14,-118,33,4,28.1,2587,0,0,52.6,-142.7,5,1237,40,3,235,750,106,850,106
-53.23166,40.80166,2545,1824,200,9,10,9.5,257,2791,116,1489.2.1,-119.0950414,34.04047278,PS2606-6,Ronge et al. 2020,5,-999,Neogloboquadrina pachyderma sinistral,2450,114,-999,-80.89567571,13.13642452,0,0,2,-17.9,1.7,1923,14,-130,34,4,28.1,2588,0,0,13.3,-142.7,5,1237,40,3,235,868,117,968,117
-53.23166,40.80166,2545,2502,200,18,20,19,257,3240,30,OS-131579,-95.78412859,25.25547086,PS2606-6,Ronge et al. 2020,5,-999,Neogloboquadrina pachyderma sinistral,3030,20,-999,-71.83428293,2.31376103,0,0,2,-5.1,1.7,2480,14,-106,25,4,28.1,2589,0,0,13.1,-142.7,5,1237,40,3,235,760,33,860,33
-53.23166,40.80166,2545,3339.846154,200,29,30,29.5,257,4449,111,1491.2.1,-139.1569256,32.7290189,PS2606-6,Ronge et al. 2020,5,-999,Neogloboquadrina pachyderma sinistral,3919,112,-999,-80.44480494,12.91068093,0,0,2,19.5,2.2,3090,18,-150,33,4,28.1,2590,0,0,85.1,-142.7,5,1237,40,3,235,1359,112,1459,112
-53.23166,40.80166,2545,3669,200,57,60,58.5,257,5290,30,OS-131572,-193.2333417,22.53363657,PS2606-6,Ronge et al. 2020,5,-999,Neogloboquadrina pachyderma sinistral,5220,25,-999,-186.1724131,2.536708837,0,0,2,21.1,2.5,3398,20,-204,23,4,28.1,2591,0,0,6.4,-142.7,5,1237,40,3,235,1892,36,1992,36
-53.23166,40.80166,2545,5390,200,68,70,69,257,5850,65,OS-131584,-73.42116348,29.91904844,PS2606-6,Ronge et al. 2020,5,-999,Neogloboquadrina pachyderma sinistral,5350,25,-999,-13.9151759,3.073636391,0,0,2,73.1,2,4670,15,-84,30,4,28.1,2592,0,0,175.4,-142.7,5,1237,40,3,235,1180,67,1280,67
-53.23166,40.80166,2545,5561,200,98,100,99,257,6712,112,1493.2.1,-150.3058804,32.41099079,PS2606-6,Ronge et al. 2020,5,-999,Neogloboquadrina pachyderma sinistral,6242,113,-999,-99.10827598,12.76237376,0,0,2,84.5,1.9,4761,14,-161,32,4,28.1,2593,1,0,36.9,-142.7,5,1237,40,3,235,1951,113,2051,113
-53.23166,40.80166,2545,6646,200,138,140,139,257,7371,146,1495.2.1,-107.4482151,37.82659197,PS2606-6,Ronge et al. 2020,5,-999,Neogloboquadrina pachyderma sinistral,8305,122,-999,-205.4196214,12.15967495,0,0,2,83.1,2.4,5820,18,-118,38,4,28.1,2594,0,1.2,18.3,-142.7,5,1237,40,3,235,1551,147,1651,147
-53.23166,40.80166,2545,7736,200,158,160,159,257,8696,119,1497.2.1,-136.5038379,33.69047517,PS2606-6,Ronge et al. 2020,5,-999,Neogloboquadrina pachyderma sinistral,8940,30,-999,-162.3379407,3.134177166,0,0,2,77.1,3.1,6924,23,-147,34,4,28.1,2595,0,0,18.3,-142.7,5,1237,40,3,235,1772,121,1872,121
-53.23166,40.80166,2545,8826,200,178,180,179,257,9240,70,OS-131582,-79.31466426,30.30211736,PS2606-6,Ronge et al. 2020,5,-999,Mixed Planktic foraminifera,10050,30,-999,-167.6239987,3.114398972,0,0,2,78.1,3,7976,22,-90,30,4,28.1,2596,0,0,34.7,-142.7,5,1237,40,3,235,1264,73,1364,73
-53.23166,40.80166,2545,9402,200,198,199,198.5,257,10103,207,1501.2.1,-113.4291094,44.31264347,PS2606-6,Ronge et al. 2020,5,-999,Mixed Planktic foraminifera,10495,120,-999,-155.6539826,12.70784193,0,0,2,105.4,2.9,8339,21,-124,44,4,28.1,2597,0,1.2,16.7,-142.7,5,1237,40,3,235,1764,208,1864,208
-53.23166,40.80166,2545,10002,200,208,210,209,257,10250,70,OS-131580,-63.97770723,30.80689598,PS2606-6,Ronge et al. 2020,5,-999,Mixed Planktic foraminifera,10900,40,-999,-136.7338257,4.309319287,0,0,2,110.2,3,8887,22,-75,31,4,28.1,2598,0,0,16.7,-142.7,5,1237,40,3,235,1363,73,1463,73
-53.23166,40.80166,2545,10602,200,218,220,219,257,10668,131,1499.2.1,-44.55074138,38.70656449,PS2606-6,Ronge et al. 2020,5,-999,Mixed Planktic foraminifera,12600,90,-999,-248.7986291,8.463621958,0,0,2,115.9,2.9,9429,21,-55,39,4,28.1,2599,0,0,19.9,-142.7,5,1237,40,3,235,1239,133,1339,133
-53.23166,40.80166,2545,11105,200,228,230,229,257,12310,132,1738.2.1,-172.3261659,33.63332517,PS2606-6,Ronge et al. 2020,5,-999,Mixed Planktic foraminifera,13900,60,-999,-320.9561998,5.09089565,0,0,2,152.8,3,9653,21,-183,34,4,28.1,2600,0,1.2,41.4,-142.7,5,1237,40,3,235,2657,134,2757,134
-53.23166,40.80166,2545,11346.57895,200,238,240,239,257,11150,90,OS-131581,-15.39005261,34.85888353,PS2606-6,Ronge et al. 2020,5,-999,Mixed Planktic foraminifera,13900,60,-999,-300.8203537,5.24185718,0,0,2,140.2,3.8,9975,27,-26,35,4,28.1,2601,0,0,33.5,-142.7,5,1237,40,3,235,1175,94,1275,94
-53.23166,40.80166,2545,11615,200,247,249,248,257,12234,134,1739.2.1,-111.2898063,36.33504511,PS2606-6,Ronge et al. 2020,5,-999,Mixed Planktic foraminifera,13900,60,-999,-277.7461331,5.414848156,0,0,2,165.5,3.3,10061,23,-122,36,4,28.1,2602,0,1.2,5.3,-142.7,5,1237,40,3,235,2173,136,2273,136
-53.23166,40.80166,2545,13895.5082,200,259,260,259.5,257,11889,149,1737.2.1,222.4053988,52.26281182,PS2606-6,Ronge et al. 2020,5,-999,Mixed Planktic foraminifera,13900,60,-999,-48.3155716,7.134924309,0,0,2,196.3,4,12067,27,212,52,4,28.1,2603,0,1.2,87.7,-142.7,5,1237,40,3,235,-178,151,-78,151
-53.23166,40.80166,2545,14454,200,308,309,308.5,257,13300,45,OS-131485,97.16203995,32.69419274,PS2606-6,Ronge et al. 2020,5,-999,Mixed Planktic foraminifera,13900,60,-999,18.19859882,7.633591259,0,0,2,227.1,4.1,12407,27,87,33,4,28.1,2604,0,0,104.2,-142.7,5,1237,40,3,235,893,52,993,52
-53.23166,40.80166,2545,15510,200,418,420,419,257,14000,150,OS-131585,142.6191439,48.99399529,PS2606-6,Ronge et al. 2020,5,-999,Mixed Planktic foraminifera,13900,60,-999,156.9321126,8.673697717,0,0,2,303.5,7.3,12942,45,132,49,4,28.1,2605,0,0,104.2,-142.7,5,1237,40,3,235,1058,157,1158,157
-55.00416,73.334,2253,1934,80,5.5,5,5.25,258,3390,45,OS-124731,-171.4408348,12.65998287,PS69/907-2,Ronge et al. 2020,5,-999,Neogloboquadrina pachyderma sinistral,2680,25,-999,-94.87445583,2.821285495,0,0,2,-14.7,1.7,2004,14,-188,13,4,28.1,2606,0,0,4,-136.7,5,1181,40,3,236,1386,47,1542,47
-55.00416,73.334,2253,7126,273,26.5,26,26.25,258,7006,126,1628.2.1,-10.11945005,48.23432759,PS69/907-2,Ronge et al. 2020,5,-999,Neogloboquadrina pachyderma sinistral,6823,121,-999,12.68987017,15.36947506,0,0,2,100.7,2.7,6158,20,-27,48,4,28.1,2607,0,0,40.6,-136.7,5,1181,40,3,236,848,128,1004,128
-55.00416,73.334,2253,7323,215,34.5,34,34.25,258,6844,117,1804.2.1,34.40408378,41.9792905,PS69/907-2,Ronge et al. 2020,5,-999,Planktic foraminifera,8907,121,-999,-199.8772608,12.14336871,0,0,2,89.4,2.6,6435,19,18,42,4,28.1,2608,0,1.2,4.1,-136.7,5,1181,40,3,236,409,119,565,119
-55.00416,73.334,2253,9282,128,42.5,42,42.25,258,8310,70,1805.2.1,92.30981313,26.43352885,PS69/907-2,Ronge et al. 2020,5,-999,Planktic foraminifera,10325,131,-999,-150.0227844,13.9748387,0,0,2,96.1,3.2,8290,23,76,26,4,28.1,2609,0,1.2,169.2,-136.7,5,1181,40,3,236,20,74,176,74
-55.00416,73.334,2253,9347,264,53.5,53,53.25,258,9037,119,1629.2.1,5.671476637,47.03034511,PS69/907-2,Ronge et al. 2020,5,-999,Planktic foraminifera,10494,133,-999,-161.1483168,14.00423072,0,0,2,97.8,3.4,8336,25,-11,47,4,28.1,2610,0,0,5.7,-136.7,5,1181,40,3,236,701,122,857,122
-55.00416,73.334,2253,11103,331,63.5,63,63.25,258,10517,126,1806.2.1,34.40484702,57.6710177,PS69/907-2,Ronge et al. 2020,5,-999,Planktic foraminifera,11033,133,-999,-29.95109983,16.19450599,0,0,2,152.8,3,9653,21,18,58,4,28.1,2611,0,0,5.7,-136.7,5,1181,40,3,236,864,128,1020,128
-55.00416,73.334,2253,11149,90,47.5,47,47.25,258,9410,95,1807.2.1,193.86635,27.11846824,PS69/907-2,Ronge et al. 2020,5,-999,Planktic foraminifera,12606,141,-999,-198.0120998,14.20123894,0,0,2,157.1,3,9662,21,177,27,4,28.1,2612,0,1.2,86,-136.7,5,1181,40,3,236,-252,97,-96,97
-55.00416,73.334,2253,11370,439,66.5,66,66.25,258,10736,144,2405.2.1,39.62573384,73.90542555,PS69/907-2,Ronge et al. 2020,5,-999,Planktic foraminifera,13206,112,-999,-235.566973,10.73274444,0,0,2,142.2,3.7,9980,26,23,74,4,28.1,2613,0,0,41.7,-136.7,5,1181,40,3,236,756,146,912,146
-55.00416,73.334,2253,11850,678,86.5,86,86.25,258,11515,135,1808.2.1,-0.052024876,98.97425648,PS69/907-2,Ronge et al. 2020,5,-999,Planktic foraminifera,14993,172,-999,-351.4499173,14.03627866,0,0,2,177.2,3.5,10204,24,-17,99,4,28.1,2614,0,0,11,-136.7,5,1181,40,3,236,1311,137,1467,137
-55.00416,73.334,2253,14481,745,115.5,115,115.25,258,13103,142,1735.2.1,128.0796009,121.8363113,PS69/907-2,Ronge et al. 2020,5,-999,Neogloboquadrina pachyderma sinistral,16334,160,-999,-245.4993511,15.17868387,0,0,2,229.9,4.2,12417,27,111,122,4,28.1,2615,0,0,25.5,-136.7,5,1181,40,3,236,686,145,842,145
-55.00416,73.334,2253,14951,772,127.5,127,127.25,258,14126,120,2406.2.1,51.29168309,114.1005432,PS69/907-2,Ronge et al. 2020,5,-999,Planktic foraminifera,16613,135,-999,-228.6232133,13.07305186,0,0,2,280.1,6.1,12553,38,35,114,4,28.1,2616,0,0,8.5,-136.7,5,1181,40,3,236,1573,126,1729,126
-55.00416,73.334,2253,16844,717,143.5,143,143.25,258,15150,146,2407.2.1,163.6110171,122.2931025,PS69/907-2,Ronge et al. 2020,5,-999,Planktic foraminifera,19979,171,-999,-362.1276921,13.72406437,0,0,2,370,6.1,13844,36,147,122,4,28.1,2617,0,0,5.4,-136.7,5,1181,40,3,236,1306,150,1462,150
-55.00416,73.334,2253,18319,623,151.5,151,151.25,258,16871,162,1922.2.1,122.666979,107.4078271,PS69/907-2,Ronge et al. 2020,5,-999,Planktic foraminifera,20396,233,-999,-276.1041877,21.3043297,0,0,2,386,8.9,15180,52,106,107,4,28.1,2618,0,0,16.9,-136.7,5,1181,40,3,236,1691,170,1847,170
-55.00416,73.334,2253,18614,607,156.5,156,156.25,258,17059,137,OS-124733,136.5389893,102.9733983,PS69/907-2,Ronge et al. 2020,5,-999,Neogloboquadrina pachyderma sinistral,27600,290,-999,-694.0166085,11.24814533,0,0,2,435.9,10.5,15187,59,120,103,4,28.1,2619,0,0,4.9,-136.7,5,1181,40,3,236,1872,149,2028,149
-55.00416,73.334,2253,22517,635,175.5,175,175.25,258,20767,201,OS-124733,148.5609525,117.1638954,PS69/907-2,Ronge et al. 2020,5,-999,Neogloboquadrina pachyderma sinistral,27600,290,-999,-509.3903095,18.03512626,0,0,2,489.3,9.5,18683,51,132,117,4,28.1,2620,0,0,16.7,-136.7,5,1181,40,3,236,2084,207,2240,207
-55.00416,73.334,2253,22997,647,183.5,183,183.25,258,21090,262,OS-124733,169.2503895,129.9104585,PS69/907-2,Ronge et al. 2020,5,-999,Neogloboquadrina pachyderma sinistral,27600,290,-999,-480.0612278,19.11328208,0,0,2,497.6,13.7,19105,73,153,130,4,28.1,2621,0,0,4,-136.7,5,1181,40,3,236,1985,272,2141,272
-55.00416,73.334,2253,30327,554,212.5,212,212.25,258,28600,1100,OS-124733,114.1893306,228.815923,PS69/907-2,Ronge et al. 2020,5,-999,Neogloboquadrina pachyderma sinistral,27600,290,-999,261.893759,46.38802232,0,0,2,510.8,14.2,26147,76,98,229,4,28.1,2622,0,0,4,-136.7,5,1181,40,3,236,2453,1103,2609,1103
-55.00416,73.334,2253,30114,771,306.5,306,306.25,258,42200,4100,OS-124733,-800.2431326,128.0427705,PS69/907-2,Ronge et al. 2020,5,-999,Neogloboquadrina pachyderma sinistral,27600,290,-999,229.7962261,45.20809647,0,0,2,514,15.1,25936,80,-817,128,4,28.1,2623,0,1.2,4,-136.7,5,1181,40,3,236,16264,4101,16420,4101
-50.3105,71.56766,567,5350,200,199,200,199.5,259,5200,25,OS-121881,-0.178424258,27.30325574,PS69/912-3,Ronge et al. 2020,5,-999,-999,-999,-999,-999,-999,-999,0,0,2,65.2,2.1,4691,16,-72,38,4,27.7,2624,0,0,100.8,-79.3,3,664,24,3,237,509,30,1160,30
-50.3105,71.56766,567,5350,200,199,200,199.5,259,5540,20,OS-121882,-41.61322223,25.57500057,PS69/912-3,Ronge et al. 2020,5,-999,-999,-999,-999,-999,-999,-999,0,0,2,65.2,2.1,4691,16,-113,37,4,27.7,2625,0,0,100.8,-79.3,3,664,24,3,237,849,26,1500,26
-50.3105,71.56766,567,7483,200,414,416,415,259,7320,45,OS-129586,-6.057594371,29.61836392,PS69/912-3,Ronge et al. 2020,5,-999,-999,-999,-999,-999,-999,-999,0,0,2,87.4,3,6605,22,-78,40,4,27.7,2626,1,0,149.8,-79.3,3,664,24,3,237,715,50,1366,50
-50.3105,71.56766,567,11182,200,968,969,968.5,259,10681,124,1809.2.1,23.23227675,40.56018191,PS69/912-3,Ronge et al. 2020,5,-999,-999,-999,-999,-999,-999,-999,0,0,2,153.3,2.9,9728,20,-48,49,4,27.7,2627,0,0,149.8,-79.3,3,664,24,3,237,953,126,1604,126
-50.3105,71.56766,567,11182,200,968,969,968.5,259,10384,122,1809.1.1,61.77178093,41.82330098,PS69/912-3,Ronge et al. 2020,5,-999,-999,-999,-999,-999,-999,-999,0,0,2,153.3,2.9,9728,20,-10,50,4,27.7,2628,0,0,45.7,-79.3,3,664,24,3,237,656,124,1307,124
-50.3105,71.56766,567,12014,200,1006,1007,1006.5,259,10997,123,1810.2.1,87.92247034,42.98891637,PS69/912-3,Ronge et al. 2020,5,-999,-999,-999,-999,-999,-999,-999,0,0,2,185,2.6,10316,18,16,51,4,27.7,2629,0,0,45.7,-79.3,3,664,24,3,237,681,124,1332,124
-50.3105,71.56766,567,12014,200,1006,1007,1006.5,259,10871,135,1810.1.1,105.1213911,45.32073627,PS69/912-3,Ronge et al. 2020,5,-999,-999,-999,-999,-999,-999,-999,0,0,2,185,2.6,10316,18,33,53,4,27.7,2630,0,0,66.7,-79.3,3,664,24,3,237,555,136,1206,136
-50.3105,71.56766,567,12194,200,1018,1019,1018.5,259,10970,134,NA,115.6133439,45.61201331,PS69/912-3,Ronge et al. 2020,5,-999,-999,-999,-999,-999,-999,-999,0,0,2,197.8,2.6,10405,18,44,53,4,27.7,2631,0,0,66.7,-79.3,3,664,24,3,237,565,135,1216,135
-50.3105,71.56766,567,12194,200,1018,1019,1018.5,259,11771,133,NA,9.737763318,41.15747144,PS69/912-3,Ronge et al. 2020,5,-999,-999,-999,-999,-999,-999,-999,0,0,2,197.8,2.6,10405,18,-62,49,4,27.7,2632,0,0,76.5,-79.3,3,664,24,3,237,1366,134,2017,134
-50.3105,71.56766,567,14637,200,1205,1206,1205.5,259,15272,159,1814.2.1,-122.4525738,38.61218362,PS69/912-3,Ronge et al. 2020,5,-999,-999,-999,-999,-999,-999,-999,0,0,2,243,4.2,12478,27,-194,47,4,27.7,2633,1,0,76.5,-79.3,3,664,24,3,237,2794,161,3445,161
-50.3105,71.56766,567,14637,200,1205,1206,1205.5,259,13536,147,1814.1.1,89.24443182,46.29819914,PS69/912-3,Ronge et al. 2020,5,-999,-999,-999,-999,-999,-999,-999,0,0,2,243,4.2,12478,27,18,54,4,27.7,2634,0,0,14.2,-79.3,3,664,24,3,237,1058,149,1709,149
-50.3105,71.56766,567,17453,200,1245,1247,1246,259,15552,146,1815.2.1,191.4260248,50.49296507,PS69/912-3,Ronge et al. 2020,5,-999,-999,-999,-999,-999,-999,-999,0,0,2,374.5,7.8,14411,46,120,57,4,27.7,2635,0,0,14.2,-79.3,3,664,24,3,237,1141,153,1792,153
-50.3105,71.56766,567,17453,200,1245,1247,1246,259,15398,153,1815.1.1,214.4871026,52.52958028,PS69/912-3,Ronge et al. 2020,5,-999,-999,-999,-999,-999,-999,-999,0,0,2,374.5,7.8,14411,46,143,59,4,27.7,2636,0,0,176.2,-79.3,3,664,24,3,237,987,160,1638,160
-50.3105,71.56766,567,17822,200,1310,1312,1311,259,16487,139,2408.2.1,108.9253084,46.0293886,PS69/912-3,Ronge et al. 2020,5,-999,-999,-999,-999,-999,-999,-999,0,0,2,413.4,11.1,14546,63,37,53,4,27.7,2637,0,0,176.2,-79.3,3,664,24,3,237,1941,153,2592,153
-50.3105,71.56766,567,17822,200,1310,1312,1311,259,16017,160,2408.1.1,175.74267,51.87931336,PS69/912-3,Ronge et al. 2020,5,-999,-999,-999,-999,-999,-999,-999,0,0,2,413.4,11.1,14546,63,104,59,4,27.7,2638,0,0,53.7,-79.3,3,664,24,3,237,1471,172,2122,172
-50.3105,71.56766,567,18157,200,1328,1329,1328.5,259,16300,220,OS-121965,181.9822353,60.9932091,PS69/912-3,Ronge et al. 2020,5,-999,-999,-999,-999,-999,-999,-999,0,0,2,432,8,14762,45,110,67,4,27.7,2639,0,1.2,53.7,-79.3,3,664,24,3,237,1538,225,2189,225
-50.3105,71.56766,567,18157,200,1328,1329,1328.5,259,15500,60,OS-121883,305.7558703,41.34943998,PS69/912-3,Ronge et al. 2020,5,-999,-999,-999,-999,-999,-999,-999,0,0,2,432,8,14762,45,234,49,4,27.7,2640,0,1.2,77.7,-79.3,3,664,24,3,237,738,75,1389,75
-50.3105,71.56766,567,18891,200,1385,1388,1386.5,259,19750,110,OS-127249,-159.2818144,31.85914269,PS69/912-3,Ronge et al. 2020,5,-999,-999,-999,-999,-999,-999,-999,0,0,2,401.6,6.1,15653,35,-231,42,4,27.7,2641,1,0,77.7,-79.3,3,664,24,3,237,4097,115,4748,115
-50.3105,71.56766,567,19465,200,1380,1382,1381,259,18177,152,2743.2.1,96.09204579,47.27212448,PS69/912-3,Ronge et al. 2020,5,-999,-999,-999,-999,-999,-999,-999,0,0,2,420.4,6.5,16100,37,24,54,4,27.7,2642,0,1.2,77.7,-79.3,3,664,24,3,237,2077,156,2728,156
-50.3105,71.56766,567,19717,200,1375,1377,1376,259,17580,154,2409.2.1,217.1989138,52.79853974,PS69/912-3,Ronge et al. 2020,5,-999,-999,-999,-999,-999,-999,-999,0,0,2,417.4,8.1,16360,46,146,59,4,27.7,2643,0,1.2,77.7,-79.3,3,664,24,3,237,1220,161,1871,161
-50.3105,71.56766,567,19717,200,1375,1377,1376,259,17703,170,2409.1.1,198.7033225,54.38616274,PS69/912-3,Ronge et al. 2020,5,-999,-999,-999,-999,-999,-999,-999,0,0,2,417.4,8.1,16360,46,127,61,4,27.7,2644,0,1.2,14.3,-79.3,3,664,24,3,237,1343,176,1994,176
-50.3105,71.56766,567,21960,200,1407,1409,1408,259,27887,330,2410.2.1,-557.453765,28.90688806,PS69/912-3,Ronge et al. 2020,5,-999,-999,-999,-999,-999,-999,-999,0,0,2,516.5,9.1,17994,48,-629,40,4,27.7,2645,0,1.2,14.3,-79.3,3,664,24,3,237,9893,333,10544,333
-50.3105,71.56766,567,21960,200,1407,1409,1408,259,19335,176,2410.1.1,283.2528661,59.18173382,PS69/912-3,Ronge et al. 2020,5,-999,-999,-999,-999,-999,-999,-999,0,0,2,516.5,9.1,17994,48,212,65,4,27.7,2646,0,1.2,2.6,-79.3,3,664,24,3,237,1341,182,1992,182
-50.3105,71.56766,567,30186,200,1428,1430,1429,259,29114,338,2411.2.1,27.45540123,68.13829672,PS69/912-3,Ronge et al. 2020,5,-999,-999,-999,-999,-999,-999,-999,0,0,2,510.4,13.1,26013,70,-44,73,4,27.7,2647,0,0,2.6,-79.3,3,664,24,3,237,3101,345,3752,345
-50.3105,71.56766,567,30186,200,1428,1430,1429,259,27672,302,2411.1.1,229.4842648,76.01509696,PS69/912-3,Ronge et al. 2020,5,-999,-999,-999,-999,-999,-999,-999,0,0,2,510.4,13.1,26013,70,158,81,4,27.7,2648,0,0,83.4,-79.3,3,664,24,3,237,1659,310,2310,310
-50.3105,71.56766,567,30929,200,1490,1493,1491.5,259,29300,320,OS-127250,98.34684571,70.37328813,PS69/912-3,Ronge et al. 2020,5,-999,-999,-999,-999,-999,-999,-999,0,0,2,541.8,13.7,26567,71,27,75,4,27.7,2649,0,1.2,83.4,-79.3,3,664,24,3,237,2733,328,3384,328
-50.3105,71.56766,567,30945,200,1450,1452,1451,259,29100,250,OS-129616,128.217424,62.43826855,PS69/912-3,Ronge et al. 2020,5,-999,-999,-999,-999,-999,-999,-999,0,0,2,541.5,13.6,26588,71,57,68,4,27.7,2650,0,0,189.7,-79.3,3,664,24,3,237,2512,260,3163,260
-50.3105,71.56766,567,36017,200,2412,2413,2412.5,259,41800,2900,OS-123107,-571.2219798,169.2817836,PS69/912-3,Ronge et al. 2020,5,-999,-999,-999,-999,-999,-999,-999,0,0,2,537.1,22.7,31548,119,-643,171,4,27.7,2651,0,1.2,189.7,-79.3,3,664,24,3,237,10252,2902,10903,2902
-50.3105,71.56766,567,41513,200,2073,2074,2073.5,259,42500,1200,OS-123302,-235.9672099,133.2849742,PS69/912-3,Ronge et al. 2020,5,-999,-999,-999,-999,-999,-999,-999,0,0,2,590.5,24.8,36618,125,-308,136,4,27.7,2652,0,1.2,48.2,-79.3,3,664,24,3,237,5882,1206,6533,1206
-50.31033,71.5655,567,12853,176,693,694,693.5,259,12250,65,OS-123162,30.2238969,30.27345226,PS69/912-4,Ronge et al. 2020,5,-999,-999,-999,-999,-999,-999,-999,0,0,2,207.4,3.1,10982,21,-41,41,4,27.7,2653,0,0,34.1,-79.3,3,664,24,3,237,1268,68,1919,68
-50.31033,71.5655,567,15671,574,789,792,790.5,259,14300,55,OS-127255,122.3808579,85.69763442,PS69/912-4,Ronge et al. 2020,5,-999,-999,-999,-999,-999,-999,-999,0,0,2,307.7,5.9,13081,36,51,90,4,27.7,2654,0,0,20.6,-79.3,3,664,24,3,237,1219,66,1870,66
-50.31033,71.5655,567,21628,827,912,913,912.5,259,19506,269,1127.1.1,206.7747375,161.6115876,PS69/912-4,Ronge et al. 2020,5,-999,-999,-999,-999,-999,-999,-999,0,0,2,494.1,8.6,17792,46,135,164,4,27.7,2655,0,0,20.6,-79.3,3,664,24,3,237,1714,273,2365,273
-50.31033,71.5655,567,23092,739,910,911,910.5,259,18709,196,1627.2.1,590.8312258,181.4130419,PS69/912-4,Ronge et al. 2020,5,-999,-999,-999,-999,-999,-999,-999,0,0,2,488.5,8.9,19251,48,519,183,4,27.7,2656,0,1.2,3.5,-79.3,3,664,24,3,237,-542,202,109,202
-50.31033,71.5655,567,30594,1850,936,937,936.5,259,29600,840,OS-123410,16.06535644,339.6523028,PS69/912-4,Ronge et al. 2020,5,-999,-999,-999,-999,-999,-999,-999,0,0,2,531.8,12.8,26309,67,-56,341,4,27.7,2657,0,0,66.6,-79.3,3,664,24,3,237,3291,843,3942,843
-50.31033,71.5655,567,42587,10055,1735,1736,1735.5,259,43300,960,OS-124494,-212.4430945,1393.992741,PS69/912-4,Ronge et al. 2020,5,-999,-999,-999,-999,-999,-999,-999,0,0,2,358,26.9,38918,159,-284,1394,4,27.7,2658,0,1.2,66.6,-79.3,3,664,24,3,237,4382,973,5033,973
2.501833333,9.394666667,1295,9705.5,131.875,497.5,497.5,497.5,260,-999,-999,-999,-999,-999,MD03-2707,Weldeab et al. (2016),3,-999,G.ruber,9170,45,KIA 31020,32.99664019,5.802974459,0,0,2,87.4,2.8,8762,21,-999,-999,1,27.78,2659,0,0,44.3,-85.8,5,721,40,3,238,-999,-999,-999,-999
2.501833333,9.394666667,1295,10609,106.625,537.5,537.5,537.5,260,10330,45,KIA 36783,-2.646937158,18.45164287,MD03-2707,Weldeab et al. (2016),3,-999,G.ruber,9780,45,KIA 36787,68.03138283,5.999786054,0,0,2,115.9,2.9,9429,21,-23,25,1,27.78,2660,0,0,40.4,-85.8,5,721,40,3,238,901,50,1079,50
2.501833333,9.394666667,1295,10708,93.625,541.5,541.5,541.5,260,-999,-999,KIA 36784,-999,-999,MD03-2707,Weldeab et al. (2016),3,-999,G.ruber,9950,50,KIA 31021,58.26390982,6.607520495,0,0,2,122.7,3.2,9477,23,-999,-999,1,27.78,2661,0,0,45.2,-85.8,5,721,40,3,238,-999,-999,-999,-999
2.501833333,9.394666667,1295,11084,118.25,558.5,558.5,558.5,260,-999,-999,KIA 35258,-999,-999,MD03-2707,Weldeab et al. (2016),3,-999,G.ruber,10125,45,KIA 31022,83.640976,6.087474694,0,0,2,153.7,3.1,9628,22,-999,-999,1,27.78,2662,0,0,25.4,-85.8,5,721,40,3,238,-999,-999,-999,-999
2.501833333,9.394666667,1295,12029,157.625,582.5,582.5,582.5,260,11365,50,KIA 35259,41.09526715,26.3332476,MD03-2707,Weldeab et al. (2016),3,-999,G.ruber,10830,55,KIA 36788,112.7935599,7.645169681,0,0,2,187.1,2.7,10312,18,21,31,1,27.78,2663,0,0,30.1,-85.8,5,721,40,3,238,1053,53,1231,53
2.501833333,9.394666667,1295,12959,97.375,610.5,610.5,610.5,260,12160,80,KIA 35260,55.27563928,22.94104906,MD03-2707,Weldeab et al. (2016),3,-999,G.ruber,11640,35,CAMS 126572,125.8462541,4.916044716,0,0,2,213.5,3.1,11038,20,35,28,1,27.78,2664,0,0,30.3,-85.8,5,721,40,3,238,1122,82,1300,82
2.501833333,9.394666667,1295,13289.5,106.875,620.5,620.5,620.5,260,12450,80,KIA 35261,59.37503637,24.24784843,MD03-2707,Weldeab et al. (2016),3,-999,G.ruber,12010,70,KIA 35267,119.0198888,9.79381025,0,0,2,211.2,3.7,11375,24,39,29,1,27.78,2665,0,0,30.5,-85.8,5,721,40,3,238,1075,84,1253,84
2.501833333,9.394666667,1295,14109,128.25,645.5,645.5,645.5,260,13340,80,KIA 35262,47.09036256,26.6747961,MD03-2707,Weldeab et al. (2016),3,-999,G.ruber,12650,35,CAMS 126573,141.0066678,4.982243161,0,0,2,200.9,3.5,12240,23,27,31,1,27.78,2666,0,0,32.7,-85.8,5,721,40,3,238,1100,83,1278,83
2.501833333,9.394666667,1295,14414.5,138.75,655.5,655.5,655.5,260,13580,80,KIA 35263,54.52732255,28.20407621,MD03-2707,Weldeab et al. (2016),3,-999,G.ruber,12845,60,KIA 36789,155.5659264,8.663455209,0,0,2,222.7,3.7,12397,25,34,33,1,27.78,2667,0,0,28.9,-85.8,5,721,40,3,238,1183,84,1361,84
2.501833333,9.394666667,1295,14934,184.875,670.5,670.5,670.5,260,14240,90,KIA 35264,34.34849343,34.72628308,MD03-2707,Weldeab et al. (2016),3,-999,G.ruber,13100,80,KIA 35268,192.0641161,11.93098175,0,0,2,280.1,5.7,12534,36,14,38,1,27.78,2668,0,0,18,-85.8,5,721,40,3,238,1706,97,1884,97
2.501833333,9.394666667,1295,16597.5,158.75,700.5,700.5,700.5,260,15320,100,KIA 35265,105.7767905,35.0053427,MD03-2707,Weldeab et al. (2016),3,-999,G.ruber,14450,45,CAMS 129838,232.261766,6.922368647,0,0,2,349,7.1,13726,42,86,39,1,27.78,2669,0,0,28.3,-85.8,5,721,40,3,238,1594,108,1772,108
2.501833333,9.394666667,1295,17479.5,170,725.5,725.5,725.5,260,15530,100,KIA37419,198.5292123,39.57343642,MD03-2707,Weldeab et al. (2016),3,-999,G.ruber,15140,100,KIA 35269,258.1531365,15.76020026,0,0,2,374.8,7.2,14428,42,178,43,1,27.78,2670,0,0,34,-85.8,5,721,40,3,238,1102,108,1280,108
2.501833333,9.394666667,1295,18215.5,140.125,750.5,750.5,750.5,260,16800,120,KIA 35266,118.5419093,35.67444588,MD03-2707,Weldeab et al. (2016),3,-999,G.ruber,15775,45,CAMS 129839,270.772046,7.138704464,0,0,2,420.2,11.3,14887,64,98,39,1,27.78,2671,0,0,36.2,-85.8,5,721,40,3,238,1913,136,2091,136
2.501833333,9.394666667,1295,18547,134.75,762.5,762.5,762.5,260,16910,130,KIA37420,148.471176,37.31233868,MD03-2707,Weldeab et al. (2016),3,-999,G.ruber,16040,180,KIA37415,279.8397757,29.0018144,0,0,2,439.8,7.8,15097,43,128,41,1,27.78,2672,0,0,35.6,-85.8,5,721,40,3,238,1813,137,1991,137
2.501833333,9.394666667,1295,18912,132.5,775.5,775.5,775.5,260,17140,120,-999,166.4339609,36.12551864,MD03-2707,Weldeab et al. (2016),3,-999,G.ruber,16420,50,CAMS 126574,275.8102576,7.965822464,0,0,2,400,6,15681,35,146,40,1,27.78,2673,0,0,32.9,-85.8,5,721,40,3,238,1459,125,1637,125
2.501833333,9.394666667,1295,19731.5,229.75,802.5,802.5,802.5,260,18190,170,-999,130.1715635,55.34843128,MD03-2707,Weldeab et al. (2016),3,-999,G.ruber,17210,150,KIA37416,276.811827,24.0658654,0,0,2,422.6,7.9,16350,45,110,58,1,27.78,2674,0,0,32.9,-85.8,5,721,40,3,238,1840,176,2018,176
14.5,93.11666667,1375,2651,146,65,65,65,261,4180,60,-999,-181.0080204,20.58324452,MD77-176,Ma et al. (2020),3,-999,G.ruber,3060,60,-999,-58.47663623,7.058745247,0,0,2,17.4,1.4,2446,11,-179,25,2,27.78,2675,0,0,58.6,-170.5,5,1502,40,3,239,1734,61,1718,61
14.5,93.11666667,1375,2651,146,65,65,65,261,4270,55,-999,-190.1326195,19.84967831,MD77-176,Ma et al. (2020),3,-999,-999,-999,-999,-999,-999,-999,0,0,2,17.4,1.4,2446,11,-188,25,2,27.78,2676,0,0,58.6,-170.5,5,1502,40,3,239,1824,56,1808,56
14.5,93.11666667,1375,5294,157.5,220,220,220,261,5870,60,-999,-86.3962277,24.23238057,MD77-176,Ma et al. (2020),3,-999,G.ruber,5120,70,-999,3.011083105,8.77848582,0,0,2,77.7,2.1,4549,16,-85,28,2,27.78,2677,0,0,58.6,-170.5,5,1502,40,3,239,1321,62,1305,62
14.5,93.11666667,1375,5294,157.5,220,220,220,261,6110,70,-999,-113.2880266,24.62334721,MD77-176,Ma et al. (2020),3,-999,-999,-999,-999,-999,-999,-999,0,0,2,77.7,2.1,4549,16,-112,29,2,27.78,2678,0,0,42.9,-170.5,5,1502,40,3,239,1561,72,1545,72
14.5,93.11666667,1375,7276,149,305,305,305,261,7890,90,-999,-97.03603307,26.3949122,MD77-176,Ma et al. (2020),3,-999,G.ruber,6960,80,-999,13.79408099,10.14673499,0,0,2,90.6,2.5,6377,19,-95,30,2,27.78,2679,0,0,34.7,-170.5,5,1502,40,3,239,1513,92,1497,92
14.5,93.11666667,1375,10016,144,400,400,400,261,9730,100,-999,0.310519051,29.88101829,MD77-176,Ma et al. (2020),3,-999,G.ruber,9350,45,-999,48.76715714,5.891567106,0,0,2,109.8,2.7,8900,20,2,33,2,27.78,2680,0,0,34.7,-170.5,5,1502,40,3,239,830,102,814,102
14.5,93.11666667,1375,10016,144,400,400,400,261,9700,90,-999,4.053257967,28.74237511,MD77-176,Ma et al. (2020),3,-999,-999,-999,-999,-999,-999,-999,0,0,2,109.8,2.7,8900,20,6,32,2,27.78,2681,0,0,21.5,-170.5,5,1502,40,3,239,800,92,784,92
14.5,93.11666667,1375,12107,221.25,445,445,445,261,11080,100,-999,88.92073514,42.70935746,MD77-176,Ma et al. (2020),3,-999,G.ruber,10950,90,-999,106.6863703,12.46879389,0,0,2,188.7,2.6,10378,18,91,45,2,27.78,2682,0,0,67.6,-170.5,5,1502,40,3,239,702,102,686,102
14.5,93.11666667,1375,12861,148,496,496,496,261,11650,90,-999,111.1947114,32.34732051,MD77-176,Ma et al. (2020),3,-999,G.ruber,11450,90,-999,139.2077353,12.83520501,0,0,2,211.8,3.1,10963,21,113,35,2,27.78,2683,0,0,22.4,-170.5,5,1502,40,3,239,687,92,671,92
14.5,93.11666667,1375,14605,271.25,535,535,535,261,13680,110,-999,65.75919823,49.58066916,MD77-176,Ma et al. (2020),3,-999,G.ruber,12910,110,-999,172.9735345,16.17260701,0,0,2,239.8,4.5,12470,29,67,52,2,27.78,2684,0,0,11.4,-170.5,5,1502,40,3,239,1210,114,1194,114
14.5,93.11666667,1375,17227,232.75,565,565,565,261,15260,80,-999,202.2122228,45.83103972,MD77-176,Ma et al. (2020),3,-999,G.ruber,14880,70,-999,260.4493016,11.0316192,0,0,2,381.1,8.5,14149,50,204,48,2,27.78,2685,0,0,12.9,-170.5,5,1502,40,3,239,1111,94,1095,94
14.5,93.11666667,1375,18773,199.5,585,585,585,261,17250,280,-999,131.3864702,66.77728621,MD77-176,Ma et al. (2020),3,-999,G.ruber,16420,70,-999,254.538323,10.97988553,0,0,2,416.5,6.1,15451,34,133,68,2,27.78,2686,0,0,46.9,-170.5,5,1502,40,3,239,1799,282,1783,282
14.5,93.11666667,1375,19456,253,617,617,617,261,17950,130,-999,126.2808671,52.71435978,MD77-176,Ma et al. (2020),3,-999,G.ruber,16660,120,-999,322.4796708,19.90399939,0,0,2,420.6,6.5,16089,37,128,55,2,27.78,2687,0,0,16.9,-170.5,5,1502,40,3,239,1861,135,1845,135
14.5,93.11666667,1375,26722,283.75,740,740,740,261,23550,360,-999,350.8212587,107.0133864,MD77-176,Ma et al. (2020),3,-999,G.ruber,23420,140,-999,372.8597753,24.13606191,0,0,2,563.4,22.3,22375,115,353,108,2,27.78,2688,0,0,16.9,-170.5,5,1502,40,3,239,1175,378,1159,378
-1.4,-90.3,2580,19829,182,102,102,102,262,18441,126,901.7,108.3996484,41.79716431,CD38-17,Skinner et al. (2017),3,-999,N.dutertrei,17124,98,651.7,305.8653551,16.0287084,0,0,2,431.5,7.4,16387,42,119,42,2,28,2689,0,0,10.1,-223.2,5,2029,40,2,240,2054,133,1946,133
-1.4,-90.3,2580,20920,211.75,113,113,113,262,19609,214,901.7,93.61363878,57.17169221,CD38-17,Skinner et al. (2017),3,-999,N.dutertrei,18148,115,651.7,311.7501585,18.91400832,0,0,2,446.7,9.8,17361,55,104,57,2,28,2690,0,0,10.1,-223.2,5,2029,40,2,240,2248,221,2140,221
-40.03283333,-179.9965,3003,23586,192,283,283,283,263,23090,130,1160,-21.13643582,38.58515232,CHAT-10K,Skinner et al. (2017),2,-999,G.bulloides,20440,140,560,361.4171761,23.93489113,760,386.6666667,2,537.7,13.3,19466,70,5,39,4,28.1,2691,1,0,-999,-179,5,1584,40,2,241,3624,148,3377,148
-42.53333333,-178.4986667,1408,18622.2,552.2,39,39,39,264,17190,55,1160,119.2645693,82.49990794,CHAT-16K,Skinner et al. (2017),3,-999,mixed species,16550,50,553.9,212.0864224,7.567947658,760,386.6666667,2,433.5,10.3,15210,58,112,87,4,27.6,2692,0,0,-999,-143.5,5,1244,40,2,242,1980,80,2051,80
-42.65983333,-167.4961667,4802,19416.75,560.75,105,105,105,265,17767,113,1160,146.7755933,94.0223868,CHAT-3K,Skinner et al. (2017),3,-999,G.inflata,17235,77,555.5,225.2942102,11.80147956,760,386.6666667,2,420.9,6.5,16048,37,176,94,4,28.3,2693,0,0,10.8,-182.3,5,1617,40,2,243,1719,119,1439,119
-42.65983333,-167.4961667,4802,21265.05,624.95,125,125,125,265,19310,70,1160,183.4657094,99.89600103,CHAT-3K,Skinner et al. (2017),3,-999,G.inflata,18765,65,555.5,266.5444853,10.28997444,760,386.6666667,2,469.1,7.5,17578,41,212,100,4,28.3,2694,0,0,10.8,-182.3,5,1617,40,2,243,1732,81,1452,81
-40.78333333,-171.549,4240,19948.55,590.55,29,29,29,266,19008,86,1160,47.90662705,86.17235565,CHAT-5K,Skinner et al. (2017),3,-999,G.bulloides,17688,107,523.8,235.0564242,16.56107155,760,386.6666667,2,424.9,7.4,16541,42,73,86,4,28.2,2695,0,0,8.3,-178.8,5,1583,40,2,244,2467,96,2221,96
-40.78333333,-171.549,4240,20310.95,595.95,32,32,32,266,19200,65,1160,69.00682977,85.8042368,CHAT-5K,Skinner et al. (2017),3,-999,G.bulloides,18005,65,523.8,240.4712905,10.07814414,760,386.6666667,2,443.8,7.4,16795,41,95,86,4,28.2,2696,0,0,8.3,-178.8,5,1583,40,2,244,2405,77,2159,77
-27.285,-46.373333,1503,19473,165.5,133,133,133,267,17464,80,834,198.9878481,35.94896963,GeoB-2104,Skinner et al. (2017),3,-999,G.ruber,16911,76,584,284.4347929,12.20967013,0,0,2,420.1,6.6,16111,37,209,39,1,27.79,2697,0,0,19.8,-116.3,5,993,40,2,245,1353,88,1259,88
-27.285,-46.373333,1503,19978,189.75,143,143,143,267,17960,112,834,198.1979106,44.21777083,GeoB-2104,Skinner et al. (2017),3,-999,G.ruber,17046,77,584,342.5883317,12.93120348,0,0,2,427.1,7.7,16558,43,209,47,1,27.79,2698,0,0,11,-116.3,5,993,40,2,245,1402,120,1308,120
-27.285,-46.373333,1503,20890,198.25,153,153,153,267,18547,109,834,243.6657241,46.71051815,GeoB-2104,Skinner et al. (2017),3,-999,G.ruber,18249,107,584,290.6683986,17.30678152,0,0,2,449.9,9.7,17314,54,254,49,1,27.79,2699,0,0,15.8,-116.3,5,993,40,2,245,1233,122,1139,122
-27.285,-46.373333,1503,22153,195.25,173,173,173,267,20083,129,834,196.772191,47.49649885,GeoB-2104,Skinner et al. (2017),3,-999,G.ruber,19148,117,584,344.5010302,19.72585357,0,0,2,513.1,7.9,18206,42,207,50,1,27.79,2700,0,1.1,15.8,-116.3,5,993,40,2,245,1877,136,1783,136
-23.42983333,-12,2975,18919,156.25,62,62,62,268,17627,69,792.5,98.74983043,30.2084544,MD08-3169,Skinner et al. (2017),3,-999,G.truncatulinoides,16371,78,542.5,284.7036269,12.53516284,0,0,2,400,6,15681,35,95,30,1,28.07,2701,0,0,10.2,-116.1,5,991,40,2,246,1946,77,1977,77
-23.42983333,-12,2975,19895,161.75,72,72,72,268,18261,74,792.5,142.6022479,32.88605348,MD08-3169,Skinner et al. (2017),3,-999,G.truncatulinoides,17148,89,542.5,312.4056164,14.62138053,0,0,2,425.6,7.6,16488,43,139,33,1,28.07,2702,0,0,12.6,-116.1,5,991,40,2,246,1773,86,1804,86
-23.42983333,-12,2975,19736,167.75,70,70,70,268,17967,73,792.5,162.6178948,34.16150505,MD08-3169,Skinner et al. (2017),3,-999,G.truncatulinoides,17171,85,542.5,283.7243696,13.65565958,0,0,2,422.6,7.9,16350,45,159,34,1,28.07,2703,0,0,9.1,-116.1,5,991,40,2,246,1617,86,1648,86
-23.42983333,-12,2975,21928,217.5,90,90,90,268,20496,117,792.5,106.2750107,45.23085609,MD08-3169,Skinner et al. (2017),3,-999,N.pachyderma (d),18920,70,542.5,346.0700042,11.78098293,0,0,2,515.5,9.1,17970,48,103,45,1,28.07,2704,0,0,9.1,-116.1,5,991,40,2,246,2526,126,2557,126
-40.38225,177.9946667,2314,18870.58413,400,714,714,714,269,17988,81,1252.00952,44.33139716,61.09534022,MD97-2121,Skinner et al. (2017),3,-999,G.inflata,16501,85,560,256.6988025,13.36817424,852.00952,417.3365067,2,403.6,6,15622,35,76,61,4,27.94,2705,0,0,41.9,-182.6,5,1619,40,2,247,2366,88,2061,88
-40.38225,177.9946667,2314,20468.5873,400,781,781,781,269,19229,74,1199.04762,85.66008144,62.56550191,MD97-2121,Skinner et al. (2017),3,-999,G.inflata,18197,72,560,234.4903749,11.1145066,799.04762,399.68254,2,445.5,8.1,16931,45,117,63,4,27.94,2706,0,0,41.9,-182.6,5,1619,40,2,247,2298,87,1993,87
-40.38225,177.9946667,2314,21160.26032,400,810,810,810,269,19854,81,1176.12381,92.04366575,63.88659718,MD97-2121,Skinner et al. (2017),3,-999,G.inflata,18691,71,560,262.1651952,11.20514447,776.12381,392.04127,2,456,7.1,17553,39,124,64,4,27.94,2707,0,0,41.9,-182.6,5,1619,40,2,247,2301,90,1996,90
-40.38225,177.9946667,2314,22352.8,400,860,860,860,269,21103,99,1136.6,79.84795525,65.59709976,MD97-2121,Skinner et al. (2017),3,-999,G.inflata,19650,75,560,293.9494413,12.13751483,736.6,378.8666667,2,510,11.3,18417,60,111,66,4,27.94,2708,1,0,41.9,-182.6,5,1619,40,2,247,2686,116,2381,116
-9.649333333,118.3385,2100,19410,142.25,734,734,734,270,17739,111,844.2,149.8405664,35.67949025,MD98-2165,Skinner et al. (2017),3,-999,G.ruber,16675,90,594.2,312.6879742,14.78976902,0,0,2,420.7,6.5,16040,37,176,36,2,27.93,2709,0,0,14.3,-195.3,5,1745,40,2,248,1699,117,1439,117
-9.649333333,118.3385,2100,19340,139.5,733,733,733,270,17984,86,844.2,105.8969261,30.50467892,MD98-2165,Skinner et al. (2017),3,-999,G.ruber,16864,77,594.2,271.3528579,12.24509562,0,0,2,416.2,6.6,15997,37,132,31,2,27.93,2710,0,0,11.4,-195.3,5,1745,40,2,248,1987,94,1727,94
-9.649333333,118.3385,2100,20481,174.25,746,746,746,270,19373,91,844.2,67.97421045,34.61488341,MD98-2165,Skinner et al. (2017),3,-999,G.ruber,17747,82,594.2,307.5806932,13.41600113,0,0,2,443.7,8.1,16960,45,94,35,2,27.93,2711,0,0,11.4,-195.3,5,1745,40,2,248,2413,102,2153,102
-9.649333333,118.3385,2100,22146,189.5,765,765,765,270,20370,95,844.2,153.7917912,40.1008103,MD98-2165,Skinner et al. (2017),3,-999,G.ruber,19126,86,594.2,347.047184,14.4987416,0,0,2,512.9,7.9,18198,42,180,40,2,27.93,2712,0,0,-999,-195.3,5,1745,40,2,248,2172,104,1912,104
0.021833333,-86.46266667,2921,20286,299.5,304,304,304,271,19668,99,1112.4,5.467209609,48.83717007,ODP-1240,Skinner et al. (2017),3,-999,N.dutertrei,17546,88,688.2,309.4571438,14.42371635,0,0,2,443,7.4,16770,41,20,49,2,28,2713,0,0,-999,-227.6,5,2075,40,2,249,2898,107,2745,107
3,76,3800,21771,320,51,53,52,272,21520,118,751,-44.4486862,51.04832398,SK129-CR02,Skinner et al. (2017),3,-999,G.ruber,18723,83,500.8,353.5380045,14.05776759,0,0,2,508.6,8.2,17861,44,2,51,3,28.1,2714,0,0,-999,-216.4,5,1958,40,2,250,3659,126,3197,126
0.5,-92,2830,19834,181,177,177,177,273,18651,94,890.9,80.45242728,36.30571804,TR163-22,Skinner et al. (2017),3,-999,N.dutertrei,17167,77,640.9,299.6796662,12.51792662,0,0,2,431,7.6,16400,43,92,36,2,28,2715,0,0,7.9,-223.8,5,2035,40,2,251,2251,103,2137,103
0.5,-92,2830,21607,228,191,191,191,273,20256,135,890.9,96.41548027,48.68061115,TR163-22,Skinner et al. (2017),3,-999,N.dutertrei,18468,108,640.9,369.7497438,18.54000865,0,0,2,490,8.6,17795,47,107,49,2,28,2716,0,0,6.1,-223.8,5,2035,40,2,251,2461,143,2347,143
0.5,-92,2830,22584,225.75,197,197,197,273,20960,103,890.9,130.4190807,45.37530099,TR163-22,Skinner et al. (2017),3,-999,N.dutertrei,19665,85,640.9,328.1651995,14.12840035,0,0,2,489.9,10.9,18748,59,141,45,2,28,2717,0,0,6.1,-223.8,5,2035,40,2,251,2212,119,2098,119
-3,-84,3210,19160,450,131,131,131,274,18250,70,2082,46.83359137,66.14870223,TRI 163-31B,Skinner et al. (2017),4,-999,N.dutertrei,17240,60,688.6,187.0857321,8.899764033,0,0,2,402.1,6.8,15903,39,56,66,2,28.1,2718,0,0,11,-218.3,5,1979,40,2,252,2347,80,2255,80
-3,-84,3210,20437,450,145,145,145,274,20370,80,2082,-61.68710331,60.46180212,TRI 163-31B,Skinner et al. (2017),4,-999,N.dutertrei,19460,90,688.6,50.86212824,11.83983433,0,0,2,447.1,7.5,16893,42,-53,60,2,28.1,2719,0,0,11,-218.3,5,1979,40,2,252,3477,90,3385,90
-47.73133,86.69517,3615,947,165,14.5,14.5,14.5,276,2581,62,BE6581.1.1,-186.7752858,22.5105227,MD12-3396,Gottschalk et al. 2020 NC,4,-999,-999,-999,-999,-999,-999,-999,0,0,2,-13,1.2,1028,10,-167,23,4,28.31,2827,0,0,36.4,-172.9,1.9,1525,15,3,253,1553,63,1365,63
-47.73133,86.69517,3615,947,165,14.5,14.5,14.5,276,2600,62,BE6583.1.1,-188.6964872,22.45734275,MD12-3396,Gottschalk et al. 2020 NC,4,-999,-999,-999,-999,-999,-999,-999,0,0,2,-13,1.2,1028,10,-169,22,4,28.31,2828,0,0,36.4,-172.9,1.9,1525,15,3,253,1572,63,1384,63
-47.73133,86.69517,3615,1825,230,46.5,46.5,46.5,276,3022,71,BE6585.1.1,-143.9623798,31.3893689,MD12-3396,Gottschalk et al. 2020 NC,4,-999,-999,-999,-999,-999,-999,-999,0,0,2,-17.9,1.7,1923,14,-124,31,4,28.31,2829,0,0,33.3,-172.9,1.9,1525,15,3,253,1099,72,911,72
-47.73133,86.69517,3615,2306,301,62.5,62.5,62.5,276,3527,64,BE6587.1.1,-147.9614411,37.8232906,MD12-3396,Gottschalk et al. 2020 NC,4,-999,-999,-999,-999,-999,-999,-999,0,0,2,0.1,1.7,2244,13,-128,38,4,28.31,2830,1,0,24.5,-172.9,1.9,1525,15,3,253,1283,65,1095,65
-47.73133,86.69517,3615,2958,217,78.5,78.5,78.5,276,4024,70,BE6589.1.1,-133.3546983,30.30668996,MD12-3396,Gottschalk et al. 2020 NC,4,-999,-999,-999,-999,-999,-999,-999,0,0,2,3,1.9,2852,15,-114,30,4,28.31,2831,0,0,20,-172.9,1.9,1525,15,3,253,1172,72,984,72
-47.73133,86.69517,3615,4159,281,102.5,102.5,102.5,276,4918,70,BE6591.1.1,-103.3951344,38.30080851,MD12-3396,Gottschalk et al. 2020 NC,4,-999,-999,-999,-999,-999,-999,-999,0,0,2,27.8,2.1,3822,16,-84,38,4,28.31,2832,0,0,21.7,-172.9,1.9,1525,15,3,253,1096,72,908,72
-47.73133,86.69517,3615,5267,270,126.5,126.5,126.5,276,6001,122,BE6593.1.1,-104.1049808,42.88253859,MD12-3396,Gottschalk et al. 2020 NC,4,-999,-999,-999,-999,-999,-999,-999,0,0,2,82.2,2.1,4487,15,-85,43,4,28.31,2833,0,0,21,-172.9,1.9,1525,15,3,253,1514,123,1326,123
-47.73133,86.69517,3615,6028,271,142.5,142.5,142.5,276,6649,83,BE6595.1.1,-93.8464869,39.07938592,MD12-3396,Gottschalk et al. 2020 NC,4,-999,-999,-999,-999,-999,-999,-999,0,0,2,68.6,2.8,5326,21,-74,39,4,28.31,2834,0,0,19.2,-172.9,1.9,1525,15,3,253,1323,86,1135,86
-47.73133,86.69517,3615,7275,331,166.5,166.5,166.5,276,7349,86,BE6597.1.1,-34.24625548,49.02777067,MD12-3396,Gottschalk et al. 2020 NC,4,-999,-999,-999,-999,-999,-999,-999,0,0,2,90.6,2.5,6377,19,-15,49,4,28.31,2835,0,0,13.8,-172.9,1.9,1525,15,3,253,972,88,784,88
-47.73133,86.69517,3615,7637,204,171.5,171.5,171.5,276,7593,83,BE6064.1.1,-21.20450261,34.27345903,MD12-3396,Gottschalk et al. 2020 NC,4,-999,-999,-999,-999,-999,-999,-999,0,0,2,82,3.1,6791,23,-2,34,4,28.31,2836,0,0,37.2,-172.9,1.9,1525,15,3,253,802,86,614,86
-47.73133,86.69517,3615,7933,205,182.5,182.5,182.5,276,8111,87,BE6599.1.1,-48.87667274,33.89351739,MD12-3396,Gottschalk et al. 2020 NC,4,-999,-999,-999,-999,-999,-999,-999,0,0,2,77.6,2.9,7115,22,-29,34,4,28.31,2837,0,0,29.7,-172.9,1.9,1525,15,3,253,996,90,808,90
-47.73133,86.69517,3615,8270,255,192.5,192.5,192.5,276,8447,98,BE6066.1.1,-49.88715725,40.91043478,MD12-3396,Gottschalk et al. 2020 NC,4,-999,-999,-999,-999,-999,-999,-999,0,0,2,80.1,2.7,7417,20,-30,41,4,28.31,2838,0,0,21.3,-172.9,1.9,1525,15,3,253,1030,100,842,100
-47.73133,86.69517,3615,8975,292,207.5,207.5,207.5,276,9278,97,BE6068.1.1,-66.99430674,44.23761921,MD12-3396,Gottschalk et al. 2020 NC,4,-999,-999,-999,-999,-999,-999,-999,0,0,2,96.9,2.9,7983,21,-47,44,4,28.31,2839,0,0,18.6,-172.9,1.9,1525,15,3,253,1295,99,1107,99
-47.73133,86.69517,3615,9405,340,215.5,215.5,215.5,276,9503,93,BE6070.1.1,-44.32693376,50.39170559,MD12-3396,Gottschalk et al. 2020 NC,4,-999,-999,-999,-999,-999,-999,-999,0,0,2,105.4,2.9,8339,21,-25,50,4,28.31,2840,0,0,15.3,-172.9,1.9,1525,15,3,253,1164,95,976,95
-47.73133,86.69517,3615,10254,422,228.5,228.5,228.5,276,10204,108,BE5770.1.1,-29.46417705,62.6340952,MD12-3396,Gottschalk et al. 2020 NC,4,-999,-999,-999,-999,-999,-999,-999,0,0,2,104.3,2.8,9173,20,-10,63,4,28.31,2841,0,0,14,-172.9,1.9,1525,15,3,253,1031,110,843,110
-47.73133,86.69517,3615,11114,291,240.5,240.5,240.5,276,11068,107,BE6074.1.1,-32.88245249,46.94319756,MD12-3396,Gottschalk et al. 2020 NC,4,-999,-999,-999,-999,-999,-999,-999,0,0,2,153.5,3.2,9658,22,-13,47,4,28.31,2842,0,0,21.7,-172.9,1.9,1525,15,3,253,1410,109,1222,109
-47.73133,86.69517,3615,11483,253,248.5,248.5,248.5,276,11396,115,BE6076.1.1,-29.19679601,43.62271105,MD12-3396,Gottschalk et al. 2020 NC,4,-999,-999,-999,-999,-999,-999,-999,0,0,2,153.5,3.3,10018,23,-10,44,4,28.31,2843,0,0,26.2,-172.9,1.9,1525,15,3,253,1378,117,1190,117
-47.73133,86.69517,3615,11750,254,255.5,255.5,255.5,276,11877,115,BE6078.1.1,-55.60656303,42.55034929,MD12-3396,Gottschalk et al. 2020 NC,4,-999,-999,-999,-999,-999,-999,-999,0,0,2,175.2,3.2,10121,22,-36,43,4,28.31,2844,0,0,33.3,-172.9,1.9,1525,15,3,253,1756,117,1568,117
-47.73133,86.69517,3615,11780,257,256.5,256.5,256.5,276,11838,139,BE6083.1.1,-47.56037903,46.10757074,MD12-3396,Gottschalk et al. 2020 NC,4,-999,-999,-999,-999,-999,-999,-999,0,0,2,176.5,3.5,10141,24,-28,46,4,28.31,2845,0,0,26.3,-172.9,1.9,1525,15,3,253,1697,141,1509,141
-47.73133,86.69517,3615,12084,330,264.5,264.5,264.5,276,12160,119,BE6085.1.1,-50.70958407,51.98216283,MD12-3396,Gottschalk et al. 2020 NC,4,-999,-999,-999,-999,-999,-999,-999,0,0,2,193.4,2.6,10328,18,-31,52,4,28.31,2846,0,0,8.7,-172.9,1.9,1525,15,3,253,1832,120,1644,120
-47.73133,86.69517,3615,13005,337,272.5,272.5,272.5,276,12308,124,BE6087.1.1,41.79198516,58.58038053,MD12-3396,Gottschalk et al. 2020 NC,4,-999,-999,-999,-999,-999,-999,-999,0,0,2,216.5,3.2,11067,21,61,59,4,28.31,2847,0,0,17.1,-172.9,1.9,1525,15,3,253,1241,126,1053,126
-47.73133,86.69517,3615,13706,294,284.5,284.5,284.5,276,12748,130,BE5771.1.1,73.54172306,55.57663526,MD12-3396,Gottschalk et al. 2020 NC,4,-999,-999,-999,-999,-999,-999,-999,0,0,2,205.9,3.8,11818,25,93,56,4,28.31,2848,0,0,20,-172.9,1.9,1525,15,3,253,930,132,742,132
-47.73133,86.69517,3615,14206,303,294.5,294.5,294.5,276,13235,127,BE6090.1.1,73.38769162,56.33739711,MD12-3396,Gottschalk et al. 2020 NC,4,-999,-999,-999,-999,-999,-999,-999,0,0,2,205.3,3.2,12308,22,93,56,4,28.31,2849,0,0,21.5,-172.9,1.9,1525,15,3,253,927,129,739,129
-47.73133,86.69517,3615,14299,281,296.5,296.5,296.5,276,13566,138,BE6091.1.1,41.71066404,53.32728754,MD12-3396,Gottschalk et al. 2020 NC,4,-999,-999,-999,-999,-999,-999,-999,0,0,2,213.3,7.9,12343,52,61,53,4,28.31,2850,0,0,21.5,-172.9,1.9,1525,15,3,253,1223,147,1035,147
-47.73133,86.69517,3615,14299,281,296.5,296.5,296.5,276,12957,148,BE5772.1.1,123.755842,58.92814807,MD12-3396,Gottschalk et al. 2020 NC,4,-999,-999,-999,-999,-999,-999,-999,0,0,2,213.3,7.9,12343,52,143,59,4,28.31,2851,0,0,26.3,-172.9,1.9,1525,15,3,253,614,157,426,157
-47.73133,86.69517,3615,14603,277,304.5,304.5,304.5,276,14225,143,BE6092.1.1,-4.389992835,51.10545495,MD12-3396,Gottschalk et al. 2020 NC,4,-999,-999,-999,-999,-999,-999,-999,0,0,2,239.8,4.5,12470,29,15,51,4,28.31,2852,0,0,26.3,-172.9,1.9,1525,15,3,253,1755,146,1567,146
-47.73133,86.69517,3615,14603,277,304.5,304.5,304.5,276,14150,143,BE5773.1.1,4.949036066,51.58483475,MD12-3396,Gottschalk et al. 2020 NC,4,-999,-999,-999,-999,-999,-999,-999,0,0,2,239.8,4.5,12470,29,25,52,4,28.31,2853,0,0,26.4,-172.9,1.9,1525,15,3,253,1680,146,1492,146
-47.73133,86.69517,3615,14906,307,312.5,312.5,312.5,276,15003,154,BE6094.1.1,-62.55613565,52.81209687,MD12-3396,Gottschalk et al. 2020 NC,4,-999,-999,-999,-999,-999,-999,-999,0,0,2,278.6,4.8,12514,30,-43,53,4,28.31,2854,0,0,8.9,-172.9,1.9,1525,15,3,253,2489,157,2301,157
-47.73133,86.69517,3615,15805,488,320.5,320.5,320.5,276,15525,163,BE6096.1.1,-20.61919175,77.7671277,MD12-3396,Gottschalk et al. 2020 NC,4,-999,-999,-999,-999,-999,-999,-999,0,0,2,311.1,6.6,13187,41,-1,78,4,28.31,2855,0,0,8.7,-172.9,1.9,1525,15,3,253,2338,168,2150,168
-47.73133,86.69517,3615,17652,458,336.5,336.5,336.5,276,15938,181,BE6098.1.1,163.1952608,90.74314173,MD12-3396,Gottschalk et al. 2020 NC,4,-999,-999,-999,-999,-999,-999,-999,0,0,2,399.5,7.8,14460,45,183,91,4,28.31,2856,0,0,10.5,-172.9,1.9,1525,15,3,253,1478,187,1290,187
-47.73133,86.69517,3615,18034,353,340.5,340.5,340.5,276,17409,195,BE6100.1.1,14.36107975,67.98738813,MD12-3396,Gottschalk et al. 2020 NC,4,-999,-999,-999,-999,-999,-999,-999,0,0,2,422.2,6.9,14700,39,34,68,4,28.31,2857,0,0,19,-172.9,1.9,1525,15,3,253,2709,199,2521,199
-47.73133,86.69517,3615,18455,308,348.5,348.5,348.5,276,17504,212,BE5774.1.1,54.80728845,67.18139412,MD12-3396,Gottschalk et al. 2020 NC,4,-999,-999,-999,-999,-999,-999,-999,0,0,2,405.5,7.7,15203,44,74,67,4,28.31,2858,0,0,21.4,-172.9,1.9,1525,15,3,253,2301,217,2113,217
-47.73133,86.69517,3615,18642,330,352.5,352.5,352.5,276,17613,210,BE6104.1.1,64.39771477,70.36516784,MD12-3396,Gottschalk et al. 2020 NC,4,-999,-999,-999,-999,-999,-999,-999,0,0,2,428.4,9.3,15258,52,84,70,4,28.31,2859,0,0,7.4,-172.9,1.9,1525,15,3,253,2355,216,2167,216
-47.73133,86.69517,3615,19594,713,359.5,359.5,359.5,276,18678,223,BE6106.1.1,46.01493609,119.5115374,MD12-3396,Gottschalk et al. 2020 NC,4,-999,-999,-999,-999,-999,-999,-999,0,0,2,405.4,9,16311,51,66,120,4,28.31,2860,0,0,7.4,-172.9,1.9,1525,15,3,253,2367,229,2179,229
-47.73133,86.69517,3615,19594,713,359.5,359.5,359.5,276,18650,229,BE6107.1.1,49.66731027,120.7179869,MD12-3396,Gottschalk et al. 2020 NC,4,-999,-999,-999,-999,-999,-999,-999,0,0,2,405.4,9,16311,51,69,121,4,28.31,2861,0,0,7.3,-172.9,1.9,1525,15,3,253,2339,235,2151,235
-47.73133,86.69517,3615,21381,919,372.5,372.5,372.5,276,19795,262,BE5775.1.1,129.863547,163.0124596,MD12-3396,Gottschalk et al. 2020 NC,4,-999,-999,-999,-999,-999,-999,-999,0,0,2,474.8,9.7,17664,53,149,163,4,28.31,2862,0,0,8,-172.9,1.9,1525,15,3,253,2131,267,1943,267
-47.73133,86.69517,3615,22381,1041,380.5,380.5,380.5,276,21023,310,BE5776.1.1,94.38254817,180.8535444,MD12-3396,Gottschalk et al. 2020 NC,4,-999,-999,-999,-999,-999,-999,-999,0,0,2,505.5,13.3,18470,71,114,181,4,28.31,2863,0,0,6.2,-172.9,1.9,1525,15,3,253,2553,318,2365,318
-47.73133,86.69517,3615,25465,959,399.5,399.5,399.5,276,23969,419,BE6109.1.1,101.3124292,186.0743634,MD12-3396,Gottschalk et al. 2020 NC,4,-999,-999,-999,-999,-999,-999,-999,0,0,2,571.6,10.3,21108,53,121,186,4,28.31,2864,0,0,9.1,-172.9,1.9,1525,15,3,253,2861,422,2673,422
-47.73133,86.69517,3615,25906,842,403.5,403.5,403.5,276,24212,424,BE6111.1.1,127.0425522,174.9733448,MD12-3396,Gottschalk et al. 2020 NC,4,-999,-999,-999,-999,-999,-999,-999,0,0,2,557.5,17.9,21608,92,147,175,4,28.31,2865,0,0,10.3,-172.9,1.9,1525,15,3,253,2604,434,2416,434
-47.73133,86.69517,3615,26003,887,404.5,404.5,404.5,276,22679,378,BE6113.1.1,380.1168692,213.867817,MD12-3396,Gottschalk et al. 2020 NC,4,-999,-999,-999,-999,-999,-999,-999,0,0,2,528.9,20.6,21854,108,400,214,4,28.31,2866,0,0,11.3,-172.9,1.9,1525,15,3,253,825,393,637,393
-47.73133,86.69517,3615,27065,799,416.5,416.5,416.5,276,25143,477,BE6115.1.1,154.7640369,180.9090878,MD12-3396,Gottschalk et al. 2020 NC,4,-999,-999,-999,-999,-999,-999,-999,0,0,2,579.4,11,22623,56,174,181,4,28.31,2867,0,0,11.6,-172.9,1.9,1525,15,3,253,2520,480,2332,480
-47.73133,86.69517,3615,27323,852,419.5,419.5,419.5,276,26324,528,BE6117.1.1,28.48402392,174.4224912,MD12-3396,Gottschalk et al. 2020 NC,4,-999,-999,-999,-999,-999,-999,-999,0,0,2,534.5,14.5,23108,76,48,174,4,28.31,2868,0,0,14.5,-172.9,1.9,1525,15,3,253,3216,533,3028,533
-47.73133,86.69517,3615,27392,798,420.5,420.5,420.5,276,26904,659,BE6119.1.1,-35.13765145,173.207666,MD12-3396,Gottschalk et al. 2020 NC,4,-999,-999,-999,-999,-999,-999,-999,0,0,2,523.8,11.5,23241,61,-16,173,4,28.31,2869,0,0,14.5,-172.9,1.9,1525,15,3,253,3663,662,3475,662
-0.371,-90.815,419,2517,10.5,-999,-999,-999,284,3343,26.5,-999,-105.6828539,4.086151177,Galapagos-Shallow,Chen et al. 2020,1,-999,-999,-999,-999,-999,-999,-999,0,0,2,-5.4,1.7,2492,14,-205,27,2,26.92,2906,0,0,-999,-113.8,5,970,40,3,254,851,30,1802,30
-0.371,-90.815,421,2942,27.5,-999,-999,-999,284,3673,26.5,-999,-96.39787484,5.98674297,Galapagos-Shallow,Chen et al. 2020,1,-999,-999,-999,-999,-999,-999,-999,0,0,2,4.7,2.1,2829,17,-195,27,2,26.93,2907,0,0,-999,-113.8,5,970,40,3,254,844,31,1795,31
-0.371,-90.815,419,3101,20.5,-999,-999,-999,284,3787,26.5,-999,-91.83073931,5.24800406,Galapagos-Shallow,Chen et al. 2020,1,-999,-999,-999,-999,-999,-999,-999,0,0,2,8.8,2,2951,16,-191,27,2,26.92,2908,0,0,-999,-113.8,5,970,40,3,254,836,31,1787,31
0.459,-90.712,627,145,8.5,-999,-999,-999,284,975,25,-999,-98.62573174,3.73201262,Galapagos-Shallow,Chen et al. 2020,1,-999,-999,-999,-999,-999,-999,-999,0,0,2,-2.7,1.2,167,10,-198,27,2,27.22,2909,0,0,-999,-113.8,5,970,40,3,254,808,27,1759,27
0.459,-90.712,627,11231,31.5,-999,-999,-999,284,10740,34.5,-999,21.78284927,8.281757401,Galapagos-Shallow,Chen et al. 2020,1,-999,-999,-999,-999,-999,-999,-999,0,0,2,144.6,3.1,9837,21,-77,28,2,27.22,2910,0,0,-999,-113.8,5,970,40,3,254,903,40,1854,40
0.787,-91.304,589,11843,34,-999,-999,-999,284,10920,34.5,-999,75.91417676,9.045878041,Galapagos-Shallow,Chen et al. 2020,1,-999,-999,-999,-999,-999,-999,-999,0,0,2,177.2,3.5,10204,24,-23,28,2,27.18,2911,0,0,-999,-113.8,5,970,40,3,254,716,42,1667,42
0.459,-90.712,627,12178,35,-999,-999,-999,284,11275,35.5,-999,71.97265258,9.275863774,Galapagos-Shallow,Chen et al. 2020,1,-999,-999,-999,-999,-999,-999,-999,0,0,2,198.8,2.6,10378,17,-27,28,2,27.22,2912,0,0,-999,-113.8,5,970,40,3,254,897,39,1848,39
0.459,-90.712,627,13604,87,-999,-999,-999,284,12788,38,-999,55.11053301,16.09555032,Galapagos-Shallow,Chen et al. 2020,1,-999,-999,-999,-999,-999,-999,-999,0,0,2,191.1,4.5,11820,31,-44,31,2,27.22,2913,0,0,-999,-113.8,5,970,40,3,254,968,49,1919,49
0.459,-90.712,627,13654,100,-999,-999,-999,284,12943,39,-999,41.22537925,17.65092707,Galapagos-Shallow,Chen et al. 2020,1,-999,-999,-999,-999,-999,-999,-999,0,0,2,196.4,4.2,11833,28,-58,32,2,27.22,2914,0,0,-999,-113.8,5,970,40,3,254,1110,48,2061,48
0.459,-90.712,627,13873,37,-999,-999,-999,284,13079,38.5,-999,51.22796683,9.743294498,Galapagos-Shallow,Chen et al. 2020,1,-999,-999,-999,-999,-999,-999,-999,0,0,2,195.2,4,12055,27,-48,28,2,27.22,2915,0,0,-999,-113.8,5,970,40,3,254,1024,47,1975,47
0.459,-90.712,627,14458,46,-999,-999,-999,284,13379,39.5,-999,86.95075201,11.39309188,Galapagos-Shallow,Chen et al. 2020,1,-999,-999,-999,-999,-999,-999,-999,0,0,2,227.1,4.1,12407,27,-12,29,2,27.22,2916,0,0,-999,-113.8,5,970,40,3,254,972,48,1923,48
0.459,-90.712,627,14467,57,-999,-999,-999,284,13400,39.5,-999,85.29381785,12.81989695,Galapagos-Shallow,Chen et al. 2020,1,-999,-999,-999,-999,-999,-999,-999,0,0,2,228.1,4.2,12410,27,-14,30,2,27.22,2917,0,0,-999,-113.8,5,970,40,3,254,990,48,1941,48
0.459,-90.712,627,15086,59,-999,-999,-999,284,13852,40,-999,105.6781624,13.39702153,Galapagos-Shallow,Chen et al. 2020,1,-999,-999,-999,-999,-999,-999,-999,0,0,2,284.8,6.4,12650,40,7,30,2,27.22,2918,0,0,-999,-113.8,5,970,40,3,254,1202,57,2153,57
0.459,-90.712,627,16153,64.5,-999,-999,-999,284,14559,42.5,-999,152.016971,15.08353651,Galapagos-Shallow,Chen et al. 2020,1,-999,-999,-999,-999,-999,-999,-999,0,0,2,330.3,5.5,13410,33,53,31,2,27.22,2919,0,0,-999,-113.8,5,970,40,3,254,1149,54,2100,54
0.459,-90.712,627,16285,75,-999,-999,-999,284,14650,43,-999,157.3733928,16.69584533,Galapagos-Shallow,Chen et al. 2020,1,-999,-999,-999,-999,-999,-999,-999,0,0,2,335.2,5.9,13507,36,58,31,2,27.22,2920,0,0,-999,-113.8,5,970,40,3,254,1143,56,2094,56
0.459,-90.712,627,16383,53,-999,-999,-999,284,14919,44,-999,132.6053691,13.46522534,Galapagos-Shallow,Chen et al. 2020,1,-999,-999,-999,-999,-999,-999,-999,0,0,2,336.6,6.3,13595,38,34,30,2,27.22,2921,0,0,-999,-113.8,5,970,40,3,254,1324,58,2275,58
0.459,-90.712,627,16535,46.5,-999,-999,-999,284,15021,44,-999,139.06682,12.6463834,Galapagos-Shallow,Chen et al. 2020,1,-999,-999,-999,-999,-999,-999,-999,0,0,2,347.2,6.8,13678,41,40,30,2,27.22,2922,0,0,-999,-113.8,5,970,40,3,254,1343,60,2294,60
0.459,-90.712,627,16581,46,-999,-999,-999,284,15059,44,-999,140.0169757,12.58797833,Galapagos-Shallow,Chen et al. 2020,1,-999,-999,-999,-999,-999,-999,-999,0,0,2,348.7,7,13718,41,41,30,2,27.22,2923,0,0,-999,-113.8,5,970,40,3,254,1341,60,2292,60
0.459,-90.712,627,16593,45.5,-999,-999,-999,284,15082,44.5,-999,138.4088232,12.57222703,Galapagos-Shallow,Chen et al. 2020,1,-999,-999,-999,-999,-999,-999,-999,0,0,2,349,7.1,13726,42,39,30,2,27.22,2924,0,0,-999,-113.8,5,970,40,3,254,1356,61,2307,61
0.459,-90.712,627,16622,46,-999,-999,-999,284,15009,44.5,-999,152.8382617,12.80131076,Galapagos-Shallow,Chen et al. 2020,1,-999,-999,-999,-999,-999,-999,-999,0,0,2,350.1,7,13748,42,54,30,2,27.22,2925,0,0,-999,-113.8,5,970,40,3,254,1261,61,2212,61
0.459,-90.712,627,16672,54.5,-999,-999,-999,284,15140,44.5,-999,141.0710832,13.84395669,Galapagos-Shallow,Chen et al. 2020,1,-999,-999,-999,-999,-999,-999,-999,0,0,2,352.9,6.5,13780,39,42,30,2,27.22,2926,0,0,-999,-113.8,5,970,40,3,254,1360,59,2311,59
0.459,-90.712,627,16710,55.5,-999,-999,-999,284,15158,45,-999,143.7624239,14.08616909,Galapagos-Shallow,Chen et al. 2020,1,-999,-999,-999,-999,-999,-999,-999,0,0,2,355.3,6.7,13795,40,45,30,2,27.22,2927,0,0,-999,-113.8,5,970,40,3,254,1363,60,2314,60
0.459,-90.712,627,17259,63.5,-999,-999,-999,284,15507,45.5,-999,170.3303114,15.61884617,Galapagos-Shallow,Chen et al. 2020,1,-999,-999,-999,-999,-999,-999,-999,0,0,2,385.9,7.1,14150,41,71,31,2,27.22,2928,0,0,-999,-113.8,5,970,40,3,254,1357,61,2308,61
59.53166667,-144.1333333,690,7392,1404.875,268,265,266.5,285,4920,50,42430,325.3597699,234.6875309,U1419,Walczak et al. 2020,3,-999,planktic forams,4145,35,42420,459.597889,6.373382212,800,600,2,100.2,2.1,6423,15,288,236,2,27.38,2929,0,0,113,-175.3,2,1548,16,3,255,2000,52,-1130,52
59.53166667,-144.1333333,690,8701.5,1194.625,416,413,414.5,285,7690,30,42621,99.94175869,163.6530564,U1419,Walczak et al. 2020,3,-999,planktic forams,6660,35,42426,250.4185306,5.459993661,800,600,2,70.4,2.7,7917,20,63,166,2,27.38,2930,0,0,66.6,-175.3,2,1548,16,3,255,2000,36,146,36
59.53166667,-144.1333333,690,10473,698,534,532,533,285,10630,35,40910,-54.88375079,84.02632963,U1419,Walczak et al. 2020,3,-999,planktic forams,9925,35,40911,31.81112686,4.505437238,800,600,2,125.8,3.2,9231,23,-92,88,2,27.38,2931,0,0,57.5,-175.3,2,1548,16,3,255,2000,42,1772,42
59.53166667,-144.1333333,690,10995,607,564,562,563,285,11015,40,40912,-40.39355211,75.31401175,U1419,Walczak et al. 2020,3,-999,planktic forams,10160,60,40913,67.37666486,8.002286772,800,600,2,151.4,3.2,9556,22,-78,80,2,27.38,2932,0,0,30.5,-175.3,2,1548,16,3,255,2000,46,1832,46
59.53166667,-144.1333333,690,11586,462.25,582,580,581,285,12195,30,40914,-110.0918624,53.11421903,U1419,Walczak et al. 2020,3,-999,planktic forams,11010,35,40916,31.36117266,4.503472499,800,600,2,168.7,3.5,10010,24,-148,59,2,27.38,2933,0,0,25.5,-175.3,2,1548,16,3,255,2000,38,2558,38
59.53166667,-144.1333333,690,11821,434.25,588,586,587,285,12725,30,40917,-142.8896505,48.24880427,U1419,Walczak et al. 2020,3,-999,planktic forams,11390,35,40918,12.07316163,4.419250764,800,600,2,175.8,3.9,10195,26,-180,55,2,27.38,2934,0,0,25.3,-175.3,2,1548,16,3,255,2000,40,2903,40
59.53166667,-144.1333333,690,12058,426.75,594,592,593,285,13385,35,42332,-187.5342283,45.50390776,U1419,Walczak et al. 2020,3,-999,planktic forams,12300,35,42331,-70.03994708,4.060701173,800,600,2,187.3,2.6,10339,18,-225,53,2,27.38,2935,0,0,34.4,-175.3,2,1548,16,3,255,2000,39,3419,39
59.53166667,-144.1333333,690,13190.5,509.625,633,630,631.5,285,13770,40,40919,-111.8533016,59.21670238,U1419,Walczak et al. 2020,3,-999,planktic forams,-999,-999,-999,-999,-999,800,600,2,200.9,3.8,11356,26,-149,65,2,27.38,2936,0,0,53.5,-175.3,2,1548,16,3,255,2000,48,2787,48
59.53166667,-144.1333333,690,13564.5,432.125,653,650,651.5,285,14855,35,42330,-188.1551939,45.99780762,U1419,Walczak et al. 2020,3,-999,planktic forams,14450,40,42329,-146.1750244,4.262189976,800,600,2,208.7,4.1,11663,27,-226,53,2,27.38,2937,0,0,78.4,-175.3,2,1548,16,3,255,2000,44,3565,44
59.53166667,-144.1333333,690,13960,432.5,684,704,682,285,15300,45,39906,-194.2661155,46.6928571,U1419,Walczak et al. 2020,3,-999,planktic forams,14715,40,39907,-133.3994722,4.325963972,800,600,2,214.7,5,12002,33,-232,54,2,27.38,2938,0,0,145.2,-175.3,2,1548,16,3,255,2000,56,3671,56
59.53166667,-144.1333333,690,14022,429.25,693,690,691.5,285,14715,35,40920,-126.8757981,49.16566975,U1419,Walczak et al. 2020,3,-999,planktic forams,14465,40,40921,-99.27550022,4.496306672,800,600,2,212.4,5,12086,33,-164,56,2,27.38,2939,0,0,159,-175.3,2,1548,16,3,255,2000,48,3002,48
59.53166667,-144.1333333,690,14217,435.75,724,744,722,285,14965,40,52801,-133.429081,50.01936742,U1419,Walczak et al. 2020,3,-999,planktic forams,14810,40,50521,-116.5458826,4.410095033,800,600,2,206.1,3.3,12312,22,-171,57,2,27.38,2940,0,0,220.8,-175.3,2,1548,16,3,255,2000,46,3026,46
59.53166667,-144.1333333,690,15576,403,1024,1044,1022,285,16450,200,42432,-150.9907839,62.58210107,U1419,Walczak et al. 2020,3,-999,planktic forams,14995,45,42316,17.5956208,5.716457506,800,600,2,306.1,6.9,12994,43,-188,68,2,27.38,2941,0,0,251,-175.3,2,1548,16,3,255,2000,205,3829,205
59.53166667,-144.1333333,690,16054,380.75,1144,1164,1142,285,16865,45,42318,-145.7461516,44.14910478,U1419,Walczak et al. 2020,3,-999,planktic forams,15440,40,42319,20.06501947,5.092039968,800,600,2,323.1,6.1,13356,37,-183,52,2,27.38,2942,0,0,285.4,-175.3,2,1548,16,3,255,2000,58,3882,58
59.53166667,-144.1333333,690,16965,343.5,1404,1424,1402,285,16350,160,42421,16.9224195,62.54815114,U1419,Walczak et al. 2020,3,-999,planktic forams,-999,-999,-999,-999,-999,800,600,2,377.6,6.2,13916,36,-21,68,2,27.38,2943,0,0,285.7,-175.3,2,1548,16,3,255,2000,164,2807,164
59.53166667,-144.1333333,690,17140,333.75,1454,1510,1452,285,16385,45,39917,34.1628972,47.56057694,U1419,Walczak et al. 2020,3,-999,planktic forams,15525,45,39918,151.0225125,6.465998032,800,600,2,365.3,7,14154,41,-3,55,2,27.38,2944,0,0,277,-175.3,2,1548,16,3,255,2000,61,2604,61
59.53166667,-144.1333333,690,17826,286.5,1644,1700,1642,285,16425,45,39919,118.0581319,45.02266692,U1419,Walczak et al. 2020,3,-999,planktic forams,15710,45,39923,222.1373014,6.865493332,800,600,2,413.4,11.1,14546,63,81,52,2,27.38,2945,0,0,253.2,-175.3,2,1548,16,3,255,2000,77,2252,77
59.53166667,-144.1333333,690,17984,278.25,1684,1740,1682,285,16630,50,41011,110.9169676,44.31760535,U1419,Walczak et al. 2020,3,-999,planktic forams,15790,45,41012,233.3751373,6.928623136,800,600,2,417.5,7.4,14678,42,73,52,2,27.38,2946,0,0,226,-175.3,2,1548,16,3,255,2000,65,2325,65
59.53166667,-144.1333333,690,18338,253.75,1764,1820,1762,285,16965,45,40933,112.1595325,40.37604997,U1419,Walczak et al. 2020,3,-999,planktic forams,16130,45,40935,233.9863598,6.932056747,800,600,2,383.9,8,15211,46,75,48,2,27.38,2947,0,0,210.5,-175.3,2,1548,16,3,255,2000,64,2127,64
59.53166667,-144.1333333,690,18433,236.75,1784,1920,1782,285,17315,45,42320,77.04895216,36.88520111,U1419,Walczak et al. 2020,3,-999,planktic forams,16645,45,42321,170.7338799,6.576728848,800,600,2,398.2,7.1,15226,40,40,46,2,27.38,2948,0,0,190.2,-175.3,2,1548,16,3,255,2000,60,2462,60
59.53166667,-144.1333333,690,18617,241,1819,1955,1817,285,17580,50,39225,65.55212901,37.70323472,U1419,Walczak et al. 2020,3,-999,planktic forams,16990,50,39223,146.7594863,7.160063514,800,600,2,435.9,10.5,15187,59,28,46,2,27.38,2949,0,0,-999,-175.3,2,1548,16,3,255,2000,77,2766,77
59.53166667,-144.1333333,690,18617,241,1819,1955,1817,285,17520,50,39226,73.54073696,37.98590166,U1419,Walczak et al. 2020,3,-999,planktic forams,16990,50,39223,146.7594863,7.160063514,800,600,2,435.9,10.5,15187,59,36,46,2,27.38,2950,0,0,-999,-175.3,2,1548,16,3,255,2000,77,2706,77
59.53166667,-144.1333333,690,18617,241,1819,1955,1817,285,17570,50,39227,66.87942347,37.75019938,U1419,Walczak et al. 2020,3,-999,planktic forams,16990,50,39223,146.7594863,7.160063514,800,600,2,435.9,10.5,15187,59,29,46,2,27.38,2951,0,0,207.3,-175.3,2,1548,16,3,255,2000,77,2756,77
59.53166667,-144.1333333,690,18810,251.5,1859,1995,1857,285,18090,50,39939,23.62558193,37.52067644,U1419,Walczak et al. 2020,3,-999,planktic forams,17350,60,39229,122.4017647,8.414818396,800,600,2,413.1,6.4,15500,37,-14,46,2,27.38,2952,0,0,213.3,-175.3,2,1548,16,3,255,2000,62,2963,62
59.53166667,-144.1333333,690,19185,280.75,1939,2075,1937,285,18410,60,39909,29.29717342,42.65548132,U1419,Walczak et al. 2020,3,-999,planktic forams,17760,60,39910,116.0463932,8.367171199,800,600,2,401.5,6.2,15935,36,-8,50,2,27.38,2953,0,0,223.4,-175.3,2,1548,16,3,255,2000,70,2848,70
59.53166667,-144.1333333,690,19861,305,2090,2226,2088,285,18630,60,39911,86.82443446,48.23046022,U1419,Walczak et al. 2020,3,-999,planktic forams,17920,60,39912,187.2568659,8.901047049,800,600,2,428.5,7.8,16443,44,49,55,2,27.38,2954,0,0,224.3,-175.3,2,1548,16,3,255,2000,74,2560,74
59.53166667,-144.1333333,690,20619,311,2260,2396,2258,285,19230,70,39913,105.4561294,51.23798579,U1419,Walczak et al. 2020,3,-999,planktic forams,18590,60,39914,197.1328332,8.975088693,800,600,2,438,7.6,17118,43,68,58,2,27.38,2955,0,0,228.5,-175.3,2,1548,16,3,255,2000,82,2485,82
59.53166667,-144.1333333,690,20956,294.25,2337,2484,2335,285,19440,70,39924,121.7392227,49.71758646,U1419,Walczak et al. 2020,3,-999,planktic forams,18700,60,39925,229.9830186,9.221371577,800,600,2,443.8,8.4,17417,47,84,56,2,27.38,2956,0,0,212.8,-175.3,2,1548,16,3,255,2000,84,2396,84
59.53166667,-144.1333333,690,21144,296.5,2377,2525,2375,285,19660,60,40936,116.5396989,48.40003436,U1419,Walczak et al. 2020,3,-999,planktic forams,18880,60,40937,230.3932245,9.224446954,800,600,2,453.7,7.3,17546,40,79,55,2,27.38,2957,0,0,202.9,-175.3,2,1548,16,3,255,2000,72,2487,72
59.53166667,-144.1333333,690,21489,297,2447,2595,2445,285,19550,70,41009,180.171835,52.70039941,U1419,Walczak et al. 2020,3,-999,planktic forams,18820,60,41010,292.4442471,9.689653,800,600,2,466.6,8.9,17806,49,143,59,2,27.38,2958,0,0,183.5,-175.3,2,1548,16,3,255,2000,85,2117,85
59.53166667,-144.1333333,690,21707,294.25,2487,2635,2485,285,19690,70,40835,190.7720117,52.77724916,U1419,Walczak et al. 2020,3,-999,planktic forams,19000,60,40836,297.5755042,9.728122822,800,600,2,505.1,8.9,17811,47,153,59,2,27.38,2959,0,0,157.5,-175.3,2,1548,16,3,255,2000,84,2252,84
59.53166667,-144.1333333,690,21961,305,2527,2675,2525,285,19760,70,40837,217.2720849,55.53626285,U1419,Walczak et al. 2020,3,-999,planktic forams,19060,70,40838,328.1047214,11.62374839,800,600,2,516.6,9.2,18003,49,180,62,2,27.38,2960,0,0,125.7,-175.3,2,1548,16,3,255,2000,85,2130,85
59.53166667,-144.1333333,690,22486,303.25,2593,2741,2591,285,21420,80,39926,54.92564338,49.22053096,U1419,Walczak et al. 2020,3,-999,planktic forams,20750,70,39927,146.6862198,10.03594964,800,600,2,491.1,11.9,18644,64,17,56,2,27.38,2961,0,0,148.3,-175.3,2,1548,16,3,255,2000,102,3149,102
59.53166667,-144.1333333,690,22931,303.25,2659,3014,2657,285,21950,190,42423,42.18650776,62.91787743,U1419,Walczak et al. 2020,3,-999,planktic forams,21560,80,42317,94.03276125,10.94981783,800,600,2,514.8,16.7,18955,89,5,68,2,27.38,2962,0,0,199,-175.3,2,1548,16,3,255,2000,210,3368,210
59.53166667,-144.1333333,690,23333,280.75,2739,3094,2737,285,21930,80,40927,96.84482667,48.18808336,U1419,Walczak et al. 2020,3,-999,planktic forams,21230,80,52933,196.71256,11.97750652,800,600,2,502,10.3,19412,55,59,55,2,27.38,2963,0,0,203.3,-175.3,2,1548,16,3,255,2000,97,2891,97
59.53166667,-144.1333333,690,23456,280,2764,3119,2762,285,22020,380,42424,100.8827597,89.46174677,U1419,Walczak et al. 2020,3,-999,planktic forams,21040,230,42425,243.7227878,36.12483164,800,600,2,495.2,10.2,19565,55,63,93,2,27.38,2964,0,0,192.3,-175.3,2,1548,16,3,255,2000,384,2828,384
59.53166667,-144.1333333,690,23534,277.75,2779,2927,2777,285,21520,190,52806,182.6890678,67.74578708,U1419,Walczak et al. 2020,3,-999,planktic forams,21050,80,52807,253.9510027,12.55038746,800,600,2,515.8,12,19533,63,145,73,2,27.38,2965,0,0,207.7,-175.3,2,1548,16,3,255,2000,200,2360,200
59.53166667,-144.1333333,690,23847,290,2844,3199,2842,285,22690,90,50624,61.83962195,49.16268688,U1419,Walczak et al. 2020,3,-999,planktic forams,21870,80,39916,175.956455,11.76976542,800,600,2,506.3,10.5,19885,56,24,56,2,27.38,2966,0,0,230.8,-175.3,2,1548,16,3,255,2000,106,3178,106
59.53166667,-144.1333333,690,24133,312,2910,3265,2908,285,23090,90,40939,45.82252203,51.20738381,U1419,Walczak et al. 2020,3,-999,planktic forams,21920,80,39230,209.797361,12.10846803,800,600,2,521.1,11.1,20087,59,8,58,2,27.38,2967,0,0,240.9,-175.3,2,1548,16,3,255,2000,108,3376,108
59.53166667,-144.1333333,690,24739,332.875,3056,3507,3054.5,285,23380,70,38425,85.46242139,53.18674036,U1419,Walczak et al. 2020,3,-999,planktic forams,22510,70,38426,209.6237249,10.58678702,800,600,2,542.1,10.3,20560,54,48,60,2,27.38,2968,0,0,251.3,-175.3,2,1548,16,3,255,2000,88,3193,88
59.53166667,-144.1333333,690,26796.5,315.75,3573,4023,3571.5,285,24380,100,40923,229.2456534,62.27889954,U1419,Walczak et al. 2020,3,-999,planktic forams,23740,100,40924,331.1883599,16.6750728,800,600,2,581.8,12.1,22358,61,192,68,2,27.38,2969,0,0,224.7,-175.3,2,1548,16,3,255,2000,117,2395,117
59.53166667,-144.1333333,690,26974.5,308.5,3613,4064,3611.5,285,25560,100,38423,84.41212425,53.98879941,U1419,Walczak et al. 2020,3,-999,planktic forams,24450,90,38424,245.1027127,14.02830062,800,600,2,579.4,12.4,22545,63,47,60,2,27.38,2970,0,0,242.1,-175.3,2,1548,16,3,255,2000,118,3388,118
59.53166667,-144.1333333,690,27259.5,319,3682,4233,3680.5,285,25990,120,40929,63.94451655,56.97539375,U1419,Walczak et al. 2020,3,-999,planktic forams,25350,110,40930,152.1786163,15.88589292,800,600,2,553.2,15.3,22952,79,27,63,2,27.38,2971,0,0,277.1,-175.3,2,1548,16,3,255,2000,144,3411,144
59.53166667,-144.1333333,690,27342.5,322,3705,4256,3703.5,285,26470,130,40931,12.34522535,55.84219967,U1419,Walczak et al. 2020,3,-999,planktic forams,25750,120,40932,107.2726499,16.66502302,800,600,2,529.8,13.9,23151,73,-25,62,2,27.38,2972,0,0,332.5,-175.3,2,1548,16,3,255,2000,149,3692,149
59.53166667,-144.1333333,690,29886.5,321.625,4551,5194,4549.5,285,27900,180,56213,152.5576153,70.71018347,U1419,Walczak et al. 2020,3,-999,planktic forams,27180,160,56214,260.6327297,25.36080745,800,600,2,565.5,14.2,25434,73,115,76,2,27.38,2973,0,0,320,-175.3,2,1548,16,3,255,2000,194,2839,194
59.53166667,-144.1333333,690,30011.5,313.5,4591,5234,4589.5,285,28090,160,40705,142.7657384,66.13408405,U1419,Walczak et al. 2020,3,-999,planktic forams,27290,140,40706,262.4327395,22.19465914,800,600,2,538.3,17.9,25711,94,105,71,2,27.38,2974,0,0,308.1,-175.3,2,1548,16,3,255,2000,186,2752,186
59.53166667,-144.1333333,690,30829.5,323.5,4843,5486,4841.5,285,28200,180,52809,244.4647519,76.63153194,U1419,Walczak et al. 2020,3,-999,planktic forams,27870,170,52810,296.6526539,27.7330947,800,600,2,547.6,14.6,26440,76,207,81,2,27.38,2975,0,0,275.4,-175.3,2,1548,16,3,255,2000,195,2133,195
59.53166667,-144.1333333,690,32064,309.875,5183,6000,5181.5,285,30320,230,52813,109.7367331,73.42399871,U1419,Walczak et al. 2020,3,-999,planktic forams,29800,180,50524,183.9493849,26.82888982,800,600,2,445.4,17.5,28194,97,72,78,2,27.38,2976,0,0,300,-175.3,2,1548,16,3,255,2000,250,2499,250
59.53166667,-144.1333333,690,32124,312.25,5201,6018,5199.5,285,30810,210,42327,51.67296902,67.26115317,U1419,Walczak et al. 2020,3,-999,planktic forams,29930,190,42323,173.4290966,28.0852873,800,600,2,445.5,18.5,28252,103,14,72,2,27.38,2977,0,0,300,-175.3,2,1548,16,3,255,2000,234,2931,234
59.53166667,-144.1333333,690,32124,312.25,5201,6018,5199.5,285,30830,210,42328,49.05784425,67.09389936,U1419,Walczak et al. 2020,3,-999,planktic forams,29930,190,42323,173.4290966,28.0852873,800,600,2,445.5,18.5,28252,103,12,72,2,27.38,2978,0,0,312.4,-175.3,2,1548,16,3,255,2000,234,2951,234
59.53166667,-144.1333333,690,33113,336.5,5510,5952,5508.5,285,29930,150,38420,322.5511847,78.57524456,U1419,Walczak et al. 2020,3,-999,planktic forams,29350,140,38421,421.5740634,24.99250122,800,600,2,543.3,17.8,28697,92,285,83,2,27.38,2979,0,0,260.6,-175.3,2,1548,16,3,255,2000,176,1606,176
59.53166667,-144.1333333,690,33266.5,338.625,5550,5992,5548.5,285,29800,200,40707,369.3191298,90.24630148,U1419,Walczak et al. 2020,3,-999,planktic forams,29160,170,50630,482.8782852,31.71612983,800,600,2,540.4,17.5,28848,92,332,94,2,27.38,2980,0,0,227.1,-175.3,2,1548,16,3,255,2000,220,1325,220
59.53166667,-144.1333333,690,34640.5,339.125,5862,6679,5860.5,285,32520,250,40925,152.4767762,83.21545088,U1419,Walczak et al. 2020,3,-999,planktic forams,31920,230,40926,241.8537722,36.07054473,800,600,2,515.2,23.5,30322,125,115,87,2,27.38,2981,0,0,216.8,-175.3,2,1548,16,3,255,2000,280,2571,280
59.53166667,-144.1333333,690,34825,342.25,5902,6719,5900.5,285,32790,300,52814,139.5342659,89.82594799,U1419,Walczak et al. 2020,3,-999,planktic forams,31590,230,50621,323.1343534,38.43139824,800,600,2,502.9,22.4,30563,120,102,94,2,27.38,2982,0,0,206.6,-175.3,2,1548,16,3,255,2000,323,2600,323
59.53166667,-144.1333333,690,36403,405.75,6228,7297,6226.5,285,35460,410,52816,-10.82092463,99.20229297,U1419,Walczak et al. 2020,3,-999,planktic forams,34580,370,52819,103.7000503,52.02537406,800,600,2,491.7,21.5,32158,116,-48,103,2,27.38,2983,0,0,247.1,-175.3,2,1548,16,3,255,2000,426,3675,426
59.53166667,-144.1333333,690,36577,406.625,6271,7228,6269.5,285,34960,230,38418,75.09699817,83.74681245,U1419,Walczak et al. 2020,3,-999,planktic forams,34200,230,38419,181.7786371,34.3256188,800,600,2,493.5,20.8,32323,112,38,88,2,27.38,2984,0,0,271,-175.3,2,1548,16,3,255,2000,256,3010,256
59.53166667,-144.1333333,690,36732,417.875,6313,7382,6311.5,285,35220,350,50626,60.55636611,99.96448188,U1419,Walczak et al. 2020,3,-999,planktic forams,-999,-999,-999,-999,-999,800,600,2,505.2,20.9,32416,111,23,103,2,27.38,2985,0,0,271,-175.3,2,1548,16,3,255,2000,367,3177,367
59.53166667,-144.1333333,690,36732,417.875,6313,7382,6311.5,285,35670,360,50627,2.778575272,95.77247176,U1419,Walczak et al. 2020,3,-999,planktic forams,-999,-999,-999,-999,-999,800,600,2,505.2,20.9,32416,111,-35,99,2,27.38,2986,0,0,270.6,-175.3,2,1548,16,3,255,2000,377,3627,377
59.53166667,-144.1333333,690,39651.5,410.5,7103,8253,7101.5,285,38790,610,52820,-31.95049748,121.8991603,U1419,Walczak et al. 2020,3,-999,planktic forams,37290,510,52821,166.7915136,76.47947101,800,600,2,642.7,25.9,34551,127,-69,125,2,27.38,2987,0,0,309.7,-175.3,2,1548,16,3,255,2000,623,4612,623
59.53166667,-144.1333333,690,41669.5,306.75,7728,8878,7726.5,285,38080,560,52823,349.8809677,144.4656696,U1419,Walczak et al. 2020,3,-999,planktic forams,36440,470,52824,655.6178549,99.7578611,800,600,2,599.9,25.7,36707,129,312,147,2,27.38,2988,0,0,240.4,-175.3,2,1548,16,3,255,2000,575,1746,575
59.53166667,-144.1333333,690,41761,298.5,7750,9257,7749,285,39000,550,40709,217.2046324,127.5212888,U1419,Walczak et al. 2020,3,-999,planktic forams,38460,590,52825,301.8413055,99.21531681,800,600,2,602,27.8,36794,140,180,130,2,27.38,2989,0,0,186.3,-175.3,2,1548,16,3,255,2000,568,2579,568
59.53166667,-144.1333333,690,41922,290.25,7780,9287,7779,285,40280,730,52826,58.32688917,133.6858946,U1419,Walczak et al. 2020,3,-999,planktic forams,37850,550,52827,432.1709404,101.4920792,800,600,2,579.3,32.2,37064,164,21,136,2,27.38,2990,0,0,121.2,-175.3,2,1548,16,3,255,2000,748,3589,748
59.53166667,-144.1333333,690,42648,336,7868,9302,7867,285,40580,760,52829,113.1149499,151.0118631,U1419,Walczak et al. 2020,3,-999,planktic forams,-999,-999,-999,-999,-999,800,600,2,344.7,26.3,39056,157,76,153,2,27.38,2991,0,0,156.3,-175.3,2,1548,16,3,255,2000,776,1897,776
59.53166667,-144.1333333,690,42712,316,7878,9706,7877,285,44150,1150,52833,-280.7259296,131.1811754,U1419,Walczak et al. 2020,3,-999,planktic forams,43070,1010,52835,-177.2207979,110.2338952,800,600,2,329.1,26.3,39227,159,-318,134,2,27.38,2992,0,0,162,-175.3,2,1548,16,3,255,2000,1161,5296,1161
59.53166667,-144.1333333,690,43107,297.75,7942,9968,7941,285,42050,900,52836,-20.10596821,145.6083591,U1419,Walczak et al. 2020,3,-999,planktic forams,42580,960,52837,-82.6706266,116.4468643,800,600,2,248.2,27.4,40101,177,-58,148,2,27.38,2993,0,0,185.4,-175.3,2,1548,16,3,255,2000,917,2322,917
59.53166667,-144.1333333,690,43463,285.5,8008,9836,8007,285,44060,540,53909,-203.4504291,81.19493045,U1419,Walczak et al. 2020,3,-999,planktic forams,42470,800,50533,-29.10057168,101.6696765,800,600,2,225.8,25.1,40596,165,-241,85,2,27.38,2994,0,0,185.4,-175.3,2,1548,16,3,255,2000,565,3837,565
59.53166667,-144.1333333,690,43463,285.5,8008,9836,8007,285,45280,1300,52838,-315.6867083,135.2420444,U1419,Walczak et al. 2020,3,-999,planktic forams,42470,800,50533,-29.10057168,101.6696765,800,600,2,225.8,25.1,40596,165,-353,138,2,27.38,2995,0,0,219.3,-175.3,2,1548,16,3,255,2000,1310,5057,1310
59.53166667,-144.1333333,690,43577,285.25,8033,10058,8032,285,43440,1540,53906,-127.5889018,199.0389592,U1419,Walczak et al. 2020,3,-999,planktic forams,43140,490,53908,-94.391853,56.96021138,800,600,2,243.8,25.5,40595,165,-165,201,2,27.38,2996,0,0,219.3,-175.3,2,1548,16,3,255,2000,1549,3218,1549
59.53166667,-144.1333333,690,43577,285.25,8033,10058,8032,285,44850,580,53907,-268.0334617,78.25413168,U1419,Walczak et al. 2020,3,-999,planktic forams,43140,490,53908,-94.391853,56.96021138,800,600,2,243.8,25.5,40595,165,-305,83,2,27.38,2997,0,0,242,-175.3,2,1548,16,3,255,2000,603,4628,603
59.53166667,-144.1333333,690,43891,303.5,8109,9937,8108,285,43870,1110,52839,-141.04726,150.9911632,U1419,Walczak et al. 2020,3,-999,planktic forams,40390,620,52906,324.6809267,106.2900896,800,600,2,285.2,32.1,40644,201,-178,153,2,27.38,2998,0,0,215.4,-175.3,2,1548,16,3,255,2000,1128,3599,1128
59.53166667,-144.1333333,690,44346,337,8207,10233,8206,285,46860,940,53917,-374.5087183,99.10113088,U1419,Walczak et al. 2020,3,-999,planktic forams,43050,860,50535,5.088554725,113.5742369,800,600,2,255.4,32.4,41261,207,-412,103,2,27.38,2999,0,0,215.4,-175.3,2,1548,16,3,255,2000,963,5972,963
59.53166667,-144.1333333,690,44346,337,8207,10233,8206,285,42370,780,52907,93.87503205,151.2841016,U1419,Walczak et al. 2020,3,-999,planktic forams,43050,860,50535,5.088554725,113.5742369,800,600,2,255.4,32.4,41261,207,56,154,2,27.38,3000,0,1.2,192.5,-175.3,2,1548,16,3,255,2000,807,1482,807
59.53166667,-144.1333333,690,44611,371.5,8258,9692,8257,285,42720,890,52909,81.351182,169.0810564,U1419,Walczak et al. 2020,3,-999,planktic forams,41770,800,52910,217.1030942,127.4513861,800,600,2,200.8,30.7,41889,205,44,171,2,27.38,3001,0,1.2,152.2,-175.3,2,1548,16,3,255,2000,913,1204,913
59.53166667,-144.1333333,690,44749,384,8279,10305,8278,285,47540,890,53919,-396.5672442,95.27690212,U1419,Walczak et al. 2020,3,-999,planktic forams,-999,-999,-999,-999,-999,800,600,2,183.1,31.9,42126,217,-434,99,2,27.38,3002,0,0,152.2,-175.3,2,1548,16,3,255,2000,916,5787,916
59.53166667,-144.1333333,690,44749,384,8279,10305,8278,285,44360,1080,52912,-103.4969824,163.0589647,U1419,Walczak et al. 2020,3,-999,planktic forams,-999,-999,-999,-999,-999,800,600,2,183.1,31.9,42126,217,-141,165,2,27.38,3003,0,0,126.4,-175.3,2,1548,16,3,255,2000,1102,2607,1102
59.53166667,-144.1333333,690,44931,407,8302,10328,8301,285,44270,1070,52913,-73.21585541,170.014899,U1419,Walczak et al. 2020,3,-999,planktic forams,42390,860,52914,171.1662099,132.3408847,800,600,2,168.6,33,42419,227,-111,172,2,27.38,3004,0,0,133.3,-175.3,2,1548,16,3,255,2000,1094,2224,1094
59.53166667,-144.1333333,690,45111,437.25,8326,10352,8325,285,45270,1200,52916,-163.6831846,170.3217551,U1419,Walczak et al. 2020,3,-999,planktic forams,45940,1210,50526,-230.6072582,125.076229,800,600,2,161.8,30.9,42641,214,-201,172,2,27.38,3005,0,0,130.3,-175.3,2,1548,16,3,255,2000,1219,3002,1219
59.53166667,-144.1333333,690,47767,627,8672,10538,8671,285,49380,950,53925,-308.6505669,135.0392617,U1419,Walczak et al. 2020,3,-999,planktic forams,46620,1300,50536,-25.20410648,171.2357973,800,600,2,143.1,49.9,45342,352,-346,138,2,27.38,3006,0,0,130.3,-175.3,2,1548,16,3,255,2000,1013,4411,1013
59.53166667,-144.1333333,690,47767,627,8672,10538,8671,285,47560,1410,52917,-132.8510117,220.2777396,U1419,Walczak et al. 2020,3,-999,planktic forams,46620,1300,50536,-25.20410648,171.2357973,800,600,2,143.1,49.9,45342,352,-170,222,2,27.38,3007,0,0,124.6,-175.3,2,1548,16,3,255,2000,1453,2591,1453
59.53166667,-144.1333333,690,48714,657.25,8790,10746,8789,285,51870,2250,52918,-431.3723352,208.9124725,U1419,Walczak et al. 2020,3,-999,planktic forams,-999,-999,-999,-999,-999,800,600,2,109.6,49.9,46514,361,-469,211,2,27.38,3008,0,0,123.3,-175.3,2,1548,16,3,255,2000,2279,5729,2279
59.53166667,-144.1333333,690,48787,661.5,8799,10665,8798,285,50440,1940,52920,-314.5525568,224.202319,U1419,Walczak et al. 2020,3,-999,planktic forams,48270,1580,50631,-101.9663705,195.2010497,800,600,2,106.3,49.8,46596,362,-352,226,2,27.38,3009,0,0,123.3,-175.3,2,1548,16,3,255,2000,1973,4217,1973
59.53166667,-144.1333333,690,48787,661.5,8799,10665,8798,285,52020,1270,53927,-436.9417044,135.3430544,U1419,Walczak et al. 2020,3,-999,planktic forams,48270,1580,50631,-101.9663705,195.2010497,800,600,2,106.3,49.8,46596,362,-474,138,2,27.38,3010,0,0,131.8,-175.3,2,1548,16,3,255,2000,1321,5797,1321
59.53166667,-144.1333333,690,49234.5,707.875,8858,10808,8856.5,285,51320,1950,53929,-351.5048049,216.7975313,U1419,Walczak et al. 2020,3,-999,planktic forams,52580,2550,50539,-445.6470304,207.1104781,800,600,2,111.8,52.6,47004,381,-389,218,2,27.38,3011,0,0,131.8,-175.3,2,1548,16,3,255,2000,1987,4689,1987
59.53166667,-144.1333333,690,49234.5,707.875,8858,10808,8856.5,285,51670,2200,52921,-379.1532191,228.0311291,U1419,Walczak et al. 2020,3,-999,planktic forams,52580,2550,50539,-445.6470304,207.1104781,800,600,2,111.8,52.6,47004,381,-417,230,2,27.38,3012,0,0,117.6,-175.3,2,1548,16,3,255,2000,2233,5039,2233
59.53166667,-144.1333333,690,49277,717.75,8863,10729,8862,285,52590,2420,52927,-443.483027,221.4342679,U1419,Walczak et al. 2020,3,-999,planktic forams,48410,1600,50529,-63.59206316,206.3839839,800,600,2,116.5,52.3,47009,377,-481,223,2,27.38,3013,0,0,117.6,-175.3,2,1548,16,3,255,2000,2449,5954,2449
59.53166667,-144.1333333,690,49277,717.75,8863,10819,8862,285,53320,2600,52923,-491.8267007,214.5056501,U1419,Walczak et al. 2020,3,-999,planktic forams,54680,2980,52926,-570.9725517,192.6930603,800,600,2,116.5,52.3,47009,377,-529,216,2,27.38,3014,0,0,149.3,-175.3,2,1548,16,3,255,2000,2627,6684,2627
59.53166667,-144.1333333,690,49545,743.25,8903,10858,8902,285,50810,2010,52929,-282.551136,248.7533996,U1419,Walczak et al. 2020,3,-999,planktic forams,52380,2370,52930,-409.9201415,202.498099,800,600,2,146.8,52,47046,365,-320,250,2,27.38,3015,0,0,156.9,-175.3,2,1548,16,3,255,2000,2043,4137,2043
59.53166667,-144.1333333,690,49749,769.5,8935,10891,8934,285,53320,2600,52931,-461.9685575,230.7693225,U1419,Walczak et al. 2020,3,-999,planktic forams,50930,2370,50530,-275.5304582,248.6166964,800,600,2,153,49.6,47196,346,-499,232,2,27.38,3016,0,0,204.1,-175.3,2,1548,16,3,255,2000,2623,6497,2623
59.53166667,-144.1333333,690,49871.5,800.125,8960,10910,8958.5,285,53750,2720,52932,-482.3984382,232.5455764,U1419,Walczak et al. 2020,3,-999,planktic forams,-999,-999,-999,-999,-999,800,600,2,148.7,50.4,47363,353,-520,234,2,27.38,3017,0,0,204.1,-175.3,2,1548,16,3,255,2000,2743,6760,2743
21.2,-158.53,2960,4360.5,230.125,0,1,0.5,286,6485,30,247076,-244.0925556,23.86885014,ML1208-01PC,Rafter et al. This Study,3,-999,planktic forams,-999,-999,-999,-999,-999,0,0,2,44.8,2.2,3894,17,-220,24,2,28.03,3018,0,0,2.9,-233.1,2.6,2132,21,3,256,2591,34,2346,34
21.2,-158.53,2960,4360.5,230.125,0,1,0.5,286,5280,110,238520,-121.7553803,36.48406664,ML1208-01PC,Rafter et al. This Study,3,-999,planktic forams,-999,-999,-999,-999,-999,0,0,2,44.8,2.2,3894,17,-98,36,2,28.03,3019,0,0,2.9,-233.1,2.6,2132,21,3,256,1386,111,1141,111
21.2,-158.53,2960,5050.5,77.625,2,3,2.5,286,8925,40,247078,-393.5415164,8.714624387,ML1208-01PC,Rafter et al. This Study,3,-999,planktic forams,-999,-999,-999,-999,-999,0,0,2,53.4,2.1,4499,16,-370,9,2,28.03,3020,0,1.1,2.9,-233.1,2.6,2132,21,3,256,4426,43,4181,43
21.2,-158.53,2960,5740.5,74.875,4,5,4.5,286,6440,25,247080,-101.7489582,10.9313174,ML1208-01PC,Rafter et al. This Study,3,-999,planktic forams,-999,-999,-999,-999,-999,0,0,2,70.1,2.1,5043,16,-78,11,2,28.03,3021,0,0,2.9,-233.1,2.6,2132,21,3,256,1397,30,1152,30
21.2,-158.53,2960,5740.5,74.875,4,5,4.5,286,6570,35,238525,-116.1685813,11.8561778,ML1208-01PC,Rafter et al. This Study,3,-999,planktic forams,5715,15,238524,5.400154264,1.879134998,0,0,2,70.1,2.1,5043,16,-92,12,2,28.03,3022,0,0,2.9,-233.1,2.6,2132,21,3,256,1527,38,1282,38
21.2,-158.53,2960,6424.5,265.5,6,7,6.5,286,6460,25,247082,-26.69406702,34.29452171,ML1208-01PC,Rafter et al. This Study,3,-999,planktic forams,-999,-999,-999,-999,-999,0,0,2,78.4,2.7,5642,20,-3,34,2,28.03,3023,0,0,3,-233.1,2.6,2132,21,3,256,818,32,573,32
21.2,-158.53,2960,7083,259.625,8,9,8.5,286,8000,20,247084,-129.8694118,29.4984745,ML1208-01PC,Rafter et al. This Study,3,-999,planktic forams,-999,-999,-999,-999,-999,0,0,2,90.3,2.5,6195,18,-106,30,2,28.03,3024,1,0,0.8,-233.1,2.6,2132,21,3,256,1805,27,1560,27
21.2,-158.53,2960,9595.5,150.625,10,11,10.5,286,11180,25,247132,-206.308021,16.93247525,ML1208-01PC,Rafter et al. This Study,3,-999,planktic forams,9650,30,OS-141185  ,-999,-999,0,0,2,82.6,3,8691,22,-183,17,2,28.03,3026,0,0,1.9,-233.1,2.6,2132,21,3,256,2489,33,2244,33
21.2,-158.53,2960,10637,187.75,12,13,12.5,286,12815,35,247134,-265.5346225,19.88279336,ML1208-01PC,Rafter et al. This Study,3,-999,planktic forams,-999,-999,-999,-999,-999,0,0,2,126.6,3.2,9381,23,-242,20,2,28.03,3027,0,0,5.9,-233.1,2.6,2132,21,3,256,3434,42,3189,42
21.2,-158.53,2960,10468.5,152.625,11,12,11.5,286,10515,40,238529,-41.77793781,22.46414006,ML1208-01PC,Rafter et al. This Study,3,-999,planktic forams,-999,-999,-999,-999,-999,0,0,2,124.9,3.3,9229,24,-18,22,2,28.03,3028,0,0,6,-233.1,2.6,2132,21,3,256,1286,47,1041,47
21.2,-158.53,2960,10802.5,216.75,13,14,13.5,286,11875,50,247136,-157.6635534,27.33273709,ML1208-01PC,Rafter et al. This Study,3,-999,planktic forams,-999,-999,-999,-999,-999,0,0,2,121,3.2,9587,23,-134,27,2,28.03,3029,0,0,5.8,-233.1,2.6,2132,21,3,256,2288,55,2043,55
21.2,-158.53,2960,10973.5,222.625,14,15,14.5,286,10235,30,247138,54.71093533,32.34667459,ML1208-01PC,Rafter et al. This Study,3,-999,planktic forams,-999,-999,-999,-999,-999,0,0,2,152.5,3.2,9529,22,78,32,2,28.03,3030,0,0,6.4,-233.1,2.6,2132,21,3,256,706,37,461,37
21.2,-158.53,2960,12247.5,657.5,18,19,18.5,286,12800,30,247140,-105.8971194,74.53593383,ML1208-01PC,Rafter et al. This Study,3,-999,planktic forams,-999,-999,-999,-999,-999,0,0,2,210.9,2.7,10366,18,-82,75,2,28.03,3032,0,0,1.2,-233.1,2.6,2132,21,3,256,2434,35,2189,35
21.2,-158.53,2960,13108.5,897,19,20,19.5,286,14060,100,238533,-151.7996308,102.8421453,ML1208-01PC,Rafter et al. This Study,3,-999,planktic forams,-999,-999,-999,-999,-999,0,0,2,209.2,3.1,11213,20,-128,103,2,28.03,3033,0,0,0.9,-233.1,2.6,2132,21,3,256,2847,102,2602,102
21.2,-158.53,2960,14225,1058.625,20,21,20.5,286,14870,35,247415,-122.2710167,116.5611817,ML1208-01PC,Rafter et al. This Study,3,-999,planktic forams,-999,-999,-999,-999,-999,0,0,2,207,3.4,12316,22,-99,117,2,28.03,3034,0,0,0.9,-233.1,2.6,2132,21,3,256,2554,41,2309,41
21.2,-158.53,2960,15308,1050.625,21,22,21.5,286,14590,100,247403,36.07713141,145.038877,ML1208-01PC,Rafter et al. This Study,3,-999,planktic forams,-999,-999,-999,-999,-999,0,0,2,287.6,7,12846,43,60,145,2,28.03,3035,0,0,0.8,-233.1,2.6,2132,21,3,256,1744,109,1499,109
21.2,-158.53,2960,17685.5,728.125,23,24,23.5,286,16800,80,247417,49.08216396,103.0115955,ML1208-01PC,Rafter et al. This Study,3,-999,planktic forams,18000,250,N/A,-999,-999,0,0,0,404.6,7.5,14460,43,73,103,2,28.03,3036,0,0,0.8,-233.1,2.6,2132,21,3,256,2340,91,2095,91
21.2,-158.53,2960,18962.5,965.5,24,25,24.5,286,19260,260,238536,-98.64089956,134.9422989,ML1208-01PC,Rafter et al. This Study,3,-999,planktic forams,-999,-999,-999,-999,-999,0,0,2,398.9,6.2,15736,35,-75,135,2,28.03,3037,0,0,0.7,-233.1,2.6,2132,21,3,256,3524,262,3279,262
54.3,-16.8,2393,1845,191.125,7,8,7.5,288,-999,-999,-999,-999,-999,VM23-81,Broecker et al. 1988 (Radiocarbon),3,-999,G.bulloides,2410,100,200524,-73.95825451,11.60002144,0,0,2,-18.4,1.7,1947,14,-999,-999,1,28,3062,0,0,10.1,-71,2.6,592,21,3,257,-999,-999,-999,-999
54.3,-16.8,2393,7175,282.5,61,63,62,288,6990,170,-999,-2.249501572,55.23841681,VM23-81,Broecker et al. 1988 (Radiocarbon),3,-999,G.bulloides,6930,170,200524,5.230787138,21.50009915,0,0,2,86.2,3,6313,22,-37,55,1,28,3063,1,0,10.1,-71,2.6,592,21,3,257,677,171,984,171
5.066666667,-20.86666667,2818,4655,410.5,2,3,2.5,290,5180,180,-999,-78.50497535,66.46302382,EN066-39GGC,Broecker et al. (1988b),3,-999,T.sacculifer,4510,170,-999,1.649408163,21.42349982,0,0,2,45,2,4175,15,-72,66,1,28,3072,1,0,2.2,-999,5,960,40,3,258,1005,181,944,181
5.066666667,-20.86666667,2818,4655,410.5,2,3,2.5,290,-999,-999,-999,-999,-999,EN066-39GGC,Broecker et al. (1988b),3,-999,G.menardii,1860,120,-999,393.1080475,20.9669928,0,0,2,45,2,4175,15,-999,-999,1,28,3073,0,0,2.2,-999,5,960,40,3,258,-999,-999,-999,-999
5.066666667,-20.86666667,2818,8275,1217.75,10,11,10.5,290,-999,-999,-999,-999,-999,EN066-39GGC,Broecker et al. (1988b),3,-999,G.menardii,3920,90,-999,670.2622491,18.81848036,0,0,2,81,2.7,7420,20,-999,-999,1,28,3074,0,0,1.5,-999,5,960,40,3,258,-999,-999,-999,-999
5.066666667,-20.86666667,2818,8957,1257.25,11,12,11.5,290,10430,350,-999,-193.4018965,158.8203385,EN066-39GGC,Broecker et al. (1988b),3,-999,T.sacculifer,7720,260,-999,130.2384733,37.18030241,0,0,2,96.8,2.6,7964,19,-187,159,1,28,3075,0,0,1.5,-999,5,960,40,3,258,2466,351,2405,351
5.066666667,-20.86666667,2818,8957,1257.25,11,12,11.5,290,-999,-999,-999,-999,-999,EN066-39GGC,Broecker et al. (1988b),3,-999,G.menardii,4100,160,-999,773.7035368,35.68252102,0,0,2,96.8,2.6,7964,19,-999,-999,1,28,3076,0,0,0.7,-999,5,960,40,3,258,-999,-999,-999,-999
5.066666667,-20.86666667,2818,11845,1421,13,14,13.5,290,-999,-999,-999,-999,-999,EN066-39GGC,Broecker et al. (1988b),3,-999,G.menardii,7510,200,-999,645.2816161,41.47726109,0,0,2,177.2,3.5,10204,24,-999,-999,1,28,3077,0,0,0.5,-999,5,960,40,3,258,-999,-999,-999,-999
5.066666667,-20.86666667,2818,17340,824.5,16,17,16.5,290,-999,-999,-999,-999,-999,EN066-39GGC,Broecker et al. (1988b),3,-999,T.sacculifer,15130,280,-999,238.6417624,43.93563421,0,0,2,385.8,12,14229,70,-999,-999,1,28,3078,0,0,1.4,-999,5,960,40,3,258,-999,-999,-999,-999
5.066666667,-20.86666667,2818,22383,1123.75,23,24,23.5,290,20430,360,-999,178.5121317,214.1744504,EN066-39GGC,Broecker et al. (1988b),3,-999,T.sacculifer,19290,1080,-999,358.20957,195.4493652,0,0,2,505.5,13.3,18470,71,185,214,1,28,3079,0,0,1.4,-999,5,960,40,3,258,1960,367,1899,367
5.066666667,-20.86666667,2818,22383,1123.75,23,24,23.5,290,-999,-999,-999,-999,-999,EN066-39GGC,Broecker et al. (1988b),3,-999,G.menardii,16900,250,-999,828.8549462,57.81186821,0,0,2,505.5,13.3,18470,71,-999,-999,1,28,3080,0,0,1.4,-999,5,960,40,3,258,-999,-999,-999,-999
50.4,167.7,3300,2250,500,6,8,7,292,4365,25,236982,-237.5490481,48.5196847,VINO 19-4 GGC-37,Rafter et al. This Study,3,-999,-999,6780,20,236983,-435.5209334,1.407151377,400,266.6666667,2,-2.8,1.7,2209,14,-214,49,2,28.1,3113,1,0,1.1,-999,5,2131,40,3,259,2156,29,1912,29
50.4,167.7,3300,4000,500,8,12,10,292,6060,80,236984,-237.0300949,53.78832422,VINO 19-4 GGC-37,Rafter et al. This Study,3,-999,-999,6660,20,236985,-291.9415181,1.765070711,400,266.6666667,2,22.9,2.1,3705,17,-213,54,2,28.1,3114,0,0,8,-999,5,2131,40,3,259,2355,82,2111,82
50.4,167.7,3300,4500,500,12,14,13,292,5985,30,236986,-181.8575163,52.57397565,VINO 19-4 GGC-37,Rafter et al. This Study,3,-999,-999,6620,20,236987,-244.040666,1.884479479,400,266.6666667,2,48.3,2.1,3994,16,-158,53,2,28.1,3115,0,0,1,-999,5,2131,40,3,259,1991,34,1747,34
50.4,167.7,3300,6500,500,14,18,16,292,7810,25,236988,-169.7105412,52.8366876,VINO 19-4 GGC-37,Rafter et al. This Study,3,-999,-999,6830,20,236989,-61.98011427,2.338325815,400,266.6666667,2,73.9,2.7,5743,20,-146,53,2,28.1,3116,0,0,2.7,-999,5,2131,40,3,259,2067,32,1823,32
50.4,167.7,3300,8000,500,18,22,20,292,9175,50,236990,-160.0901044,56.06838456,VINO 19-4 GGC-37,Rafter et al. This Study,3,-999,-999,8025,20,236991,-30.81638206,2.416011758,400,266.6666667,2,76.9,3,7178,22,-136,56,2,28.1,3117,0,0,2.3,-999,5,2131,40,3,259,1997,55,1753,55
50.4,167.7,3300,9750,500,22,24,23,292,11365,35,236994,-209.7461591,51.27475075,VINO 19-4 GGC-37,Rafter et al. This Study,3,-999,-999,8495,25,236995,129.6130812,3.521015423,400,266.6666667,2,91,2.7,8774,20,-186,51,2,28.1,3118,0,0,16,-999,5,2131,40,3,259,2591,40,2347,40
50.4,167.7,3300,10000,500,26,28,27,292,11160,25,236996,-164.4295555,53.17275087,VINO 19-4 GGC-37,Rafter et al. This Study,3,-999,-999,9380,25,236997,42.83747324,3.250534974,400,266.6666667,2,111,2.9,8872,21,-141,53,2,28.1,3119,0,0,8,-999,5,2131,40,3,259,2288,33,2044,33
50.4,167.7,3300,10250,500,28,30,29,292,9915,25,236998,5.601409431,63.99292073,VINO 19-4 GGC-37,Rafter et al. This Study,3,-999,-999,9365,30,236999,76.8642559,4.029170623,400,266.6666667,2,106.1,2.8,9150,21,29,64,2,28.1,3120,0,0,8,-999,5,2131,40,3,259,765,33,521,33
50.4,167.7,3300,9792,537.5,30,32,31,292,10745,40,237000,-141.9895511,60.10721213,VINO 19-4 GGC-37,Rafter et al. This Study,3,-999,-999,9310,25,237001,25.82699982,3.197513156,400,266.6666667,2,93.6,3.1,8804,23,-118,60,2,28.1,3121,0,0,5.2,-999,5,2131,40,3,259,1941,46,1697,46
50.4,167.7,3300,10178,521.5,32,34,33,292,10880,35,237002,-115.9600387,59.66411514,VINO 19-4 GGC-37,Rafter et al. This Study,3,-999,-999,10115,25,237003,-27.63190243,3.030881215,400,266.6666667,2,123.1,2.9,8959,21,-92,60,2,28.1,3122,0,0,4,-999,5,2131,40,3,259,1921,41,1677,41
50.4,167.7,3300,10684,523.5,34,36,35,292,11510,35,237127,-131.05226,58.85623747,VINO 19-4 GGC-37,Rafter et al. This Study,3,-999,-999,10170,25,237128,26.6895605,3.200201766,400,266.6666667,2,124.7,3.1,9443,22,-107,59,2,28.1,3123,0,0,4,-999,5,2131,40,3,259,2067,41,1823,41
50.4,167.7,3300,11182,780,36,38,37,292,11855,30,237129,-115.8960452,86.85700855,VINO 19-4 GGC-37,Rafter et al. This Study,3,-999,-999,10640,25,237130,28.4681497,3.205745646,400,266.6666667,2,153.3,2.9,9728,20,-92,87,2,28.1,3124,0,0,3,-999,5,2131,40,3,259,2127,36,1883,36
50.4,167.7,3300,11842,487.5,38,40,39,292,12775,30,237131,-146.0415251,53.58170059,VINO 19-4 GGC-37,Rafter et al. This Study,3,-999,-999,11125,35,237132,48.67766435,4.579085529,400,266.6666667,2,177.2,3.5,10204,24,-122,54,2,28.1,3125,0,0,3,-999,5,2131,40,3,259,2571,38,2327,38
50.4,167.7,3300,12509,417.5,40,42,41,292,13000,35,237133,-99.85547122,49.40582208,VINO 19-4 GGC-37,Rafter et al. This Study,3,-999,-999,11810,30,237134,43.87420188,3.905735793,400,266.6666667,2,220.5,2.9,10555,19,-76,49,2,28.1,3126,0,0,4.7,-999,5,2131,40,3,259,2445,40,2201,40
50.4,167.7,3300,12931,411,42,44,43,292,13295,25,237135,-86.87009765,48.26117527,VINO 19-4 GGC-37,Rafter et al. This Study,3,-999,-999,12015,30,237136,70.86376902,4.006719339,400,266.6666667,2,209.5,3.1,11046,21,-63,48,2,28.1,3127,0,0,10.5,-999,5,2131,40,3,259,2249,33,2005,33
50.4,167.7,3300,13121,304,44,46,45,292,13235,25,237139,-58.63562557,37.55615418,VINO 19-4 GGC-37,Rafter et al. This Study,3,-999,-999,12205,30,237140,70.14707693,4.004037781,400,266.6666667,2,205.5,3.2,11257,21,-35,38,2,28.1,3128,0,0,9.9,-999,5,2131,40,3,259,1978,33,1734,33
50.4,167.7,3300,13323,347.5,46,48,47,292,13690,30,237141,-88.4709818,41.73451246,VINO 19-4 GGC-37,Rafter et al. This Study,3,-999,-999,12385,35,237142,72.31838977,4.682313535,400,266.6666667,2,201.6,3.9,11477,26,-65,42,2,28.1,3129,0,0,14.8,-999,5,2131,40,3,259,2213,40,1969,40
50.4,167.7,3300,13458,272.5,48,50,49,292,13640,30,237143,-67.67847357,34.2210596,VINO 19-4 GGC-37,Rafter et al. This Study,3,-999,-999,12675,30,237144,51.32568778,3.933616102,400,266.6666667,2,204.6,4,11584,27,-44,34,2,28.1,3130,0,0,14.3,-999,5,2131,40,3,259,2056,40,1812,40
50.4,167.7,3300,13598,285.5,50,52,51,292,13670,40,237145,-55.29005219,37.3393217,VINO 19-4 GGC-37,Rafter et al. This Study,3,-999,-999,12725,35,237146,62.64640361,4.640080489,400,266.6666667,2,196.8,4.3,11772,29,-32,37,2,28.1,3131,0,0,18.2,-999,5,2131,40,3,259,1898,49,1654,49
50.4,167.7,3300,13708,289.5,52,54,53,292,13780,30,237147,-55.65615003,36.60564303,VINO 19-4 GGC-37,Rafter et al. This Study,3,-999,-999,12900,30,237148,53.67408257,3.942402802,400,266.6666667,2,205.9,3.8,11818,25,-32,37,2,28.1,3132,0,0,22,-999,5,2131,40,3,259,1962,39,1718,39
50.4,167.7,3300,13799,275.5,54,56,55,292,13990,40,237151,-69.84075306,35.63821131,VINO 19-4 GGC-37,Rafter et al. This Study,3,-999,-999,12890,30,237152,66.66362366,3.991004172,400,266.6666667,2,195.6,3.4,11974,23,-46,36,2,28.1,3133,0,0,22.2,-999,5,2131,40,3,259,2016,46,1772,46
50.4,167.7,3300,13889,302.5,56,58,57,292,13885,35,237153,-47.28715215,39.02286876,VINO 19-4 GGC-37,Rafter et al. This Study,3,-999,-999,13055,30,237154,56.41600806,3.952661928,400,266.6666667,2,195.2,4.4,12065,29,-24,39,2,28.1,3134,0,0,31.7,-999,5,2131,40,3,259,1820,45,1576,45
50.4,167.7,3300,13952,284,58,60,59,292,13715,35,237155,-19.46640454,37.96640734,VINO 19-4 GGC-37,Rafter et al. This Study,3,-999,-999,13010,30,237156,70.47728245,4.00527327,400,266.6666667,2,214.7,5,12002,33,4,38,2,28.1,3135,0,0,31.3,-999,5,2131,40,3,259,1713,48,1469,48
50.4,167.7,3300,14016,299,60,62,61,292,14070,30,237157,-54.56434969,37.73524964,VINO 19-4 GGC-37,Rafter et al. This Study,3,-999,-999,13165,35,237158,58.18039467,4.620579514,400,266.6666667,2,214.1,5.4,12065,36,-31,38,2,28.1,3136,0,0,33.9,-999,5,2131,40,3,259,2005,47,1761,47
50.4,167.7,3300,14075,314.5,62,64,63,292,14275,30,237159,-71.7854476,38.78968648,VINO 19-4 GGC-37,Rafter et al. This Study,3,-999,-999,13085,40,237160,76.42627831,5.373388487,400,266.6666667,2,203.4,3.7,12194,25,-48,39,2,28.1,3137,0,0,33.9,-999,5,2131,40,3,259,2081,39,1837,39
50.4,167.7,3300,14134,321.5,64,66,65,292,14140,35,237163,-49.29350195,41.12762954,VINO 19-4 GGC-37,Rafter et al. This Study,3,-999,-999,13195,30,237164,69.39155597,4.001210941,400,266.6666667,2,203,3.3,12255,22,-26,41,2,28.1,3138,0,0,37.7,-999,5,2131,40,3,259,1885,41,1641,41
50.4,167.7,3300,14187,360,66,68,67,292,12615,30,237165,156.8526043,54.71779116,VINO 19-4 GGC-37,Rafter et al. This Study,3,-999,-999,11260,30,237166,369.413086,5.123764622,400,266.6666667,2,204.3,3.2,12295,22,181,55,2,28.1,3139,1,0,29.9,-999,5,2131,40,3,259,320,37,76,37
50.4,167.7,3300,14254,352.5,68,70,69,292,14320,90,237167,-56.76697226,50.81122173,VINO 19-4 GGC-37,Rafter et al. This Study,3,-999,-999,12920,40,237168,122.8152829,5.604956731,400,266.6666667,2,210.1,3.9,12325,26,-33,51,2,28.1,3140,0,0,30.3,-999,5,2131,40,3,259,1995,94,1751,94
50.4,167.7,3300,14320,377,70,72,71,292,12145,25,237169,246.4503082,60.74504866,VINO 19-4 GGC-37,Rafter et al. This Study,3,-999,-999,11280,35,237170,388.1620066,6.061455081,400,266.6666667,2,212.8,6.5,12365,43,270,61,2,28.1,3141,0,1.2,25.3,-999,5,2131,40,3,259,-220,50,-464,50
50.4,167.7,3300,14399,373,72,74,73,292,14970,100,237171,-114.6909792,50.99344558,VINO 19-4 GGC-37,Rafter et al. This Study,3,-999,-999,12140,160,237172,259.202088,25.33202649,400,266.6666667,2,219.9,3.6,12396,23,-91,51,2,28.1,3142,0,0,19.8,-999,5,2131,40,3,259,2574,103,2330,103
50.4,167.7,3300,14500,367,74,76,75,292,14990,35,237183,-106.0370964,43.59831231,VINO 19-4 GGC-37,Rafter et al. This Study,3,-999,-999,13270,90,237184,107.4120081,12.47696949,400,266.6666667,2,230.8,4.2,12421,28,-82,44,2,28.1,3143,0,0,20.6,-999,5,2131,40,3,259,2569,45,2325,45
50.4,167.7,3300,14597,412.5,76,78,77,292,15050,100,237185,-102.2169131,56.00930078,VINO 19-4 GGC-37,Rafter et al. This Study,3,-999,-999,13270,110,237186,120.4822429,15.44887284,400,266.6666667,2,238.9,4.5,12466,29,-79,56,2,28.1,3144,0,0,14.8,-999,5,2131,40,3,259,2584,104,2340,104
50.4,167.7,3300,14732,372.5,78,80,79,292,-999,-999,-999,-999,-999,VINO 19-4 GGC-37,Rafter et al. This Study,3,-999,-999,13250,50,237187,141.769079,7.128904728,400,266.6666667,2,274.5,6.7,12375,42,-999,-999,2,28.1,3145,0,0,15.2,-999,5,2131,40,3,259,-999,-999,-999,-999
50.4,167.7,3300,14864,416.5,80,82,81,292,-999,-999,-999,-999,-999,VINO 19-4 GGC-37,Rafter et al. This Study,3,-999,-999,13270,120,237188,157.2612839,17.41737767,400,266.6666667,2,274.7,4.7,12500,30,-999,-999,2,28.1,3146,0,0,12.2,-999,5,2131,40,3,259,-999,-999,-999,-999
50.4,167.7,3300,15028,431.5,82,84,83,292,-999,-999,-999,-999,-999,VINO 19-4 GGC-37,Rafter et al. This Study,3,-999,-999,13440,60,237189,155.7291661,8.664679042,400,266.6666667,2,280.8,5.7,12616,36,-999,-999,2,28.1,3147,0,0,9.3,-999,5,2131,40,3,259,-999,-999,-999,-999
50.4,167.7,3300,15242,479.5,84,86,85,292,15125,30,237190,-38.38607159,59.40419314,VINO 19-4 GGC-37,Rafter et al. This Study,3,-999,-999,14300,35,237191,65.62249016,4.653075669,400,266.6666667,2,288.3,6.4,12783,40,-15,59,2,28.1,3148,0,0,11.1,-999,5,2131,40,3,259,2342,50,2098,50
50.4,167.7,3300,15961,590.5,92,94,93,292,15910,110,237195,-48.66767389,81.07722021,VINO 19-4 GGC-37,Rafter et al. This Study,3,-999,-999,13715,45,237192,250.2656194,7.023507313,400,266.6666667,2,320.8,6.1,13283,37,-25,81,2,28.1,3149,0,0,6.5,-999,5,2131,40,3,259,2627,116,2383,116
50.4,167.7,3300,16269,523,94,96,95,292,-999,-999,-999,-999,-999,VINO 19-4 GGC-37,Rafter et al. This Study,3,-999,-999,14530,170,237196,172.5209565,25.07813841,400,266.6666667,2,334.8,5.7,13490,34,-999,-999,2,28.1,3150,0,0,6.6,-999,5,2131,40,3,259,-999,-999,-999,-999
50.4,167.7,3300,16571,629.5,96,98,97,292,16200,60,237197,-12.13137834,82.69722842,VINO 19-4 GGC-37,Rafter et al. This Study,3,-999,-999,15020,45,237198,144.1803142,6.427561216,400,266.6666667,2,348.4,6.8,13710,41,12,83,2,28.1,3151,0,0,8.2,-999,5,2131,40,3,259,2490,73,2246,73
50.4,167.7,3300,17547,557,104,106,105,292,17520,80,237199,-56.79155808,73.01597727,VINO 19-4 GGC-37,Rafter et al. This Study,3,-999,-999,15525,40,237200,209.1076092,6.035717482,400,266.6666667,2,380.9,6.1,14461,35,-33,73,2,28.1,3152,0,0,8.5,-999,5,2131,40,3,259,3059,87,2815,87
50.4,167.7,3300,18251,551,110,112,111,292,18090,70,237201,-43.30192085,72.16943419,VINO 19-4 GGC-37,Rafter et al. This Study,3,-999,-999,16680,100,237202,140.2625368,14.28344882,400,266.6666667,2,404.6,11.8,15014,67,-20,72,2,28.1,3153,0,0,15.1,-999,5,2131,40,3,259,3076,97,2832,97
50.4,167.7,3300,18648,513,116,118,117,292,18170,80,237203,-6.184880777,71.62935033,VINO 19-4 GGC-37,Rafter et al. This Study,3,-999,-999,16670,40,237204,197.84685,5.979505148,400,266.6666667,2,428.4,9.3,15258,52,18,72,2,28.1,3154,0,0,19.5,-999,5,2131,40,3,259,2912,95,2668,95
50.4,167.7,3300,18955,564.5,122,124,123,292,19360,100,237208,-110.5993001,71.88128692,VINO 19-4 GGC-37,Rafter et al. This Study,3,-999,-999,16970,60,237207,197.5949111,8.978552962,400,266.6666667,2,398.8,6.1,15727,35,-87,72,2,28.1,3155,0,0,17.2,-999,5,2131,40,3,259,3633,106,3389,106
50.4,167.7,3300,19071,618.5,124,126,125,292,-999,-999,-999,-999,-999,VINO 19-4 GGC-37,Rafter et al. This Study,3,-999,-999,15780,160,237209,408.4445283,28.33441466,400,266.6666667,2,404,6.2,15814,36,-999,-999,2,28.1,3156,0,0,17.2,-999,5,2131,40,3,259,-999,-999,-999,-999
37.571,-10.153,2646,11280,200,82,82,82,293,-999,-999,-999,-999,-999,SHAK06-5K,Ausin et al. (2021) QSR,5,-999,G.bulloides,11056,84,ETH- 72991.2.1,-11.79148759,10.38778059,0,0,-999,136.4,2.9,9934,21,-999,-999,1,28.05,3157,0,0,8.3,-97.3,5,822,40,3,260,-999,-999,-999,-999
37.571,-10.153,2646,11520,200,84,84,84,293,-999,-999,-999,-999,-999,SHAK06-5K,Ausin et al. (2021) QSR,5,-999,G.bulloides,11106,85,ETH- 98657.1.1,11.00532213,10.75460188,0,0,-999,152,3.1,10057,22,-999,-999,1,28.05,3158,0,0,8.3,-97.3,5,822,40,3,260,-999,-999,-999,-999
37.571,-10.153,2646,11760,200,86,86,86,293,12353,99,ETH-108778.1.1,-108.8641245,32.5486059,SHAK06-5K,Ausin et al. (2021) QSR,5,-999,G.bulloides,10672,97,ETH- 96885.1.1,98.56351372,13.34577722,0,0,-999,173.7,3.5,10140,24,-131,33,1,28.05,3159,0,0,18.2,-97.3,5,822,40,3,260,2213,102,2413,102
37.571,-10.153,2646,11870,200,88,88,88,293,-999,-999,-999,-999,-999,SHAK06-5K,Ausin et al. (2021) QSR,5,-999,G.bulloides,11654,87,ETH- 98656.1.1,-14.82539691,10.72774869,0,0,-999,181,3,10198,21,-999,-999,1,28.05,3160,0,0,16.4,-97.3,5,822,40,3,260,-999,-999,-999,-999
37.571,-10.153,2646,11992,200,90,90,90,293,-999,-999,-999,-999,-999,SHAK06-5K,Ausin et al. (2021) QSR,5,-999,G.bulloides,11437,86,ETH- 72993.2.1,27.19793845,11.05609192,0,0,-999,183.6,2.6,10306,18,-999,-999,1,28.05,3161,0,0,16.4,-97.3,5,822,40,3,260,-999,-999,-999,-999
37.571,-10.153,2646,12114,200,92,92,92,293,11991,187,ETH-108777.1.1,-27.00214449,46.20706395,SHAK06-5K,Ausin et al. (2021) QSR,5,-999,G.bulloides,11331,92,ETH- 98655.1.1,56.31631878,12.16727595,0,0,-999,192.8,2.6,10360,18,-49,46,1,28.05,3162,0,0,16.4,-97.3,5,822,40,3,260,1631,188,1831,188
37.571,-10.153,2646,12236,200,94,94,94,293,-999,-999,-999,-999,-999,SHAK06-5K,Ausin et al. (2021) QSR,5,-999,G.bulloides,11170,113,ETH- 96884.1.1,93.72300757,15.49409484,0,0,-999,209.9,2.7,10363,18,-999,-999,1,28.05,3163,0,0,16.4,-97.3,5,822,40,3,260,-999,-999,-999,-999
37.571,-10.153,2646,12480,200,98,98,98,293,-999,-999,-999,-999,-999,SHAK06-5K,Ausin et al. (2021) QSR,5,-999,G.bulloides,11575,95,ETH- 96883.1.1,71.09917628,12.74224892,0,0,-999,230,4,10464,26,-999,-999,1,28.05,3164,0,0,6.7,-97.3,5,822,40,3,260,-999,-999,-999,-999
37.571,-10.153,2646,12780,200,100,100,100,293,-999,-999,-999,-999,-999,SHAK06-5K,Ausin et al. (2021) QSR,5,-999,G.bulloides,12077,107,ETH- 70400.1.1,43.39730477,13.99108339,0,0,-999,206.3,2.8,10912,19,-999,-999,1,28.05,3165,0,0,26.7,-97.3,5,822,40,3,260,-999,-999,-999,-999
37.571,-10.153,2646,12930,200,104,104,104,293,12641,153,ETH-108776.1.1,-9.538144602,42.83993254,SHAK06-5K,Ausin et al. (2021) QSR,5,-999,G.bulloides,12223,89,ETH- 98654.1.1,43.36537902,11.62402999,0,0,-999,208.5,3.1,11043,21,-32,43,1,28.05,3166,0,0,26.7,-97.3,5,822,40,3,260,1598,154,1798,154
37.571,-10.153,2646,13080,200,108,108,108,293,-999,-999,-999,-999,-999,SHAK06-5K,Ausin et al. (2021) QSR,5,-999,G.bulloides,12290,97,ETH- 98653.1.1,53.64466652,12.80008557,0,0,-999,221.8,3.4,11100,22,-999,-999,1,28.05,3167,0,0,10.3,-97.3,5,822,40,3,260,-999,-999,-999,-999
37.571,-10.153,2646,13273.33333,200,110,110,110,293,-999,-999,-999,-999,-999,SHAK06-5K,Ausin et al. (2021) QSR,5,-999,G.bulloides,12385,103,ETH- 72995.2.1,65.89540487,13.7550226,0,0,-999,210.1,3.6,11372,24,-999,-999,1,28.05,3168,0,0,10.3,-97.3,5,822,40,3,260,-999,-999,-999,-999
37.571,-10.153,2646,13660,200,114,114,114,293,13333,148,ETH-108775.1.1,-7.398184037,42.31409419,SHAK06-5K,Ausin et al. (2021) QSR,5,-999,G.bulloides,12901,145,ETH- 96882.1.1,47.44354748,19.07859471,0,0,-999,196.4,4.2,11833,28,-30,42,1,28.05,3169,0,0,10.5,-97.3,5,822,40,3,260,1500,151,1700,151
37.571,-10.153,2646,14040,200,118,118,118,293,13574,121,ETH-108774.1.1,8.575518163,39.60224356,SHAK06-5K,Ausin et al. (2021) QSR,5,-999,G.bulloides,12952,95,ETH- 96881.1.1,89.77315081,12.96440242,0,0,-999,210.6,4.6,12108,30,-14,40,1,28.05,3170,0,0,16.7,-97.3,5,822,40,3,260,1466,125,1666,125
37.571,-10.153,2646,14160,200,120,120,120,293,13849,109,ETH-108772.1.1,-11.11702863,37.350679,SHAK06-5K,Ausin et al. (2021) QSR,5,-999,G.bulloides,13228,93,ETH- 72997.2.1,68.36220645,12.44056458,0,0,-999,203.8,3.3,12269,22,-33,37,1,28.05,3171,0,0,16.7,-97.3,5,822,40,3,260,1580,111,1780,111
37.571,-10.153,2646,14160,200,120,120,120,293,13724,114,ETH-108773.1.1,4.391139948,38.56205027,SHAK06-5K,Ausin et al. (2021) QSR,5,-999,G.bulloides,13228,93,ETH- 72997.2.1,68.36220645,12.44056458,0,0,-999,203.8,3.3,12269,22,-18,39,1,28.05,3172,0,0,4.3,-97.3,5,822,40,3,260,1455,116,1655,116
37.571,-10.153,2646,15100,200,124,124,124,293,-999,-999,-999,-999,-999,SHAK06-5K,Ausin et al. (2021) QSR,5,-999,G.bulloides,13226,139,ETH- 96880.1.1,197.3142138,20.89815873,0,0,-999,285.1,6.5,12658,41,-999,-999,1,28.05,3173,0,0,18.8,-97.3,5,822,40,3,260,-999,-999,-999,-999
37.571,-10.153,2646,15313.33333,200,128,128,128,293,-999,-999,-999,-999,-999,SHAK06-5K,Ausin et al. (2021) QSR,5,-999,G.bulloides,13298,90,ETH- 96879.1.1,217.650615,13.71900383,0,0,-999,287.5,6.9,12856,43,-999,-999,1,28.05,3174,0,0,18.8,-97.3,5,822,40,3,260,-999,-999,-999,-999
37.571,-10.153,2646,15420,200,130,130,130,293,-999,-999,-999,-999,-999,SHAK06-5K,Ausin et al. (2021) QSR,5,-999,G.bulloides,13615,109,ETH- 70403.1.1,185.7361009,16.19893946,0,0,-999,295,6.6,12907,41,-999,-999,1,28.05,3175,0,0,9.1,-97.3,5,822,40,3,260,-999,-999,-999,-999
37.571,-10.153,2646,15860,200,134,134,134,293,-999,-999,-999,-999,-999,SHAK06-5K,Ausin et al. (2021) QSR,5,-999,G.bulloides,13838,111,ETH- 96878.1.1,216.3163869,16.92371743,0,0,-999,313.3,6.4,13222,39,-999,-999,1,28.05,3176,0,0,9.1,-97.3,5,822,40,3,260,-999,-999,-999,-999
37.571,-10.153,2646,16080,200,136,136,136,293,-999,-999,-999,-999,-999,SHAK06-5K,Ausin et al. (2021) QSR,5,-999,G.bulloides,13936,98,ETH- 98652.1.1,233.9730554,15.14627385,0,0,-999,324.4,5.7,13368,34,-999,-999,1,28.05,3177,0,0,9.1,-97.3,5,822,40,3,260,-999,-999,-999,-999
37.571,-10.153,2646,16300,200,138,138,138,293,15165,281,ETH-108771.1.1,87.47339587,64.38692454,SHAK06-5K,Ausin et al. (2021) QSR,5,-999,G.bulloides,13979,100,ETH- 98651.1.1,260.486807,15.78943289,0,0,-999,335.3,6,13516,36,65,64,1,28.05,3178,0,0,9.1,-97.3,5,822,40,3,260,1649,283,1849,283
37.571,-10.153,2646,16520,200,140,140,140,293,-999,-999,-999,-999,-999,SHAK06-5K,Ausin et al. (2021) QSR,5,-999,G.bulloides,14089,104,ETH- 72999.2.1,276.8758049,16.63866894,0,0,-999,346.3,7,13664,42,-999,-999,1,28.05,3179,0,0,14.6,-97.3,5,822,40,3,260,-999,-999,-999,-999
37.571,-10.153,2646,16656.66667,200,142,142,142,293,15054,164,ETH-108770.1.1,151.2156172,51.37087136,SHAK06-5K,Ausin et al. (2021) QSR,5,-999,G.bulloides,14338,108,ETH- 96877.1.1,258.5380526,17.03472221,0,0,-999,351.6,6.6,13768,39,129,51,1,28.05,3180,0,0,14.6,-97.3,5,822,40,3,260,1286,169,1486,169
37.571,-10.153,2646,16930,200,146,146,146,293,-999,-999,-999,-999,-999,SHAK06-5K,Ausin et al. (2021) QSR,5,-999,G.bulloides,14290,101,ETH- 75043.1.1,308.6411467,16.55759519,0,0,-999,376.2,6.3,13886,37,-999,-999,1,28.05,3181,0,0,3.5,-97.3,5,822,40,3,260,-999,-999,-999,-999
37.571,-10.153,2646,17500,200,148,148,148,293,-999,-999,-999,-999,-999,SHAK06-5K,Ausin et al. (2021) QSR,5,-999,G.bulloides,14167,102,ETH- 96876.1.1,423.6869889,18.19269724,0,0,-999,375.9,6.8,14442,40,-999,-999,1,28.05,3182,0,0,22.2,-97.3,5,822,40,3,260,-999,-999,-999,-999
37.571,-10.153,2646,17680,200,152,152,152,293,-999,-999,-999,-999,-999,SHAK06-5K,Ausin et al. (2021) QSR,5,-999,G.bulloides,14884,105,ETH- 73001.2.1,330.7816516,17.5089369,0,0,-999,402.9,7.8,14460,44,-999,-999,1,28.05,3183,0,0,22.2,-97.3,5,822,40,3,260,-999,-999,-999,-999
37.571,-10.153,2646,18040,200,160,160,160,293,15983,349,ETH-108768.1.1,212.2794771,82.05913049,SHAK06-5K,Ausin et al. (2021) QSR,5,-999,G.bulloides,14924,108,ETH- 73002.2.1,383.108703,18.72082651,0,0,-999,422.2,6.9,14700,39,190,82,1,28.05,3184,0,0,22.2,-97.3,5,822,40,3,260,1283,351,1483,351
37.571,-10.153,2646,18220,200,164,164,164,293,-999,-998,-999,-999,-999,SHAK06-5K,Ausin et al. (2021) QSR,5,-999,G.bulloides,15114,109,ETH- 96875.1.1,380.5121188,18.85987296,0,0,-999,420.2,11.3,14887,64,-999,-999,1,28.05,3185,0,0,37.2,-97.3,5,822,40,3,260,-999,-999,-999,-999
37.571,-10.153,2646,18327.5,200,168,168,168,293,16409,232,ETH-108767.1.1,190.3507721,63.20567256,SHAK06-5K,Ausin et al. (2021) QSR,5,-999,G.bulloides,15075,142,ETH- 96874.1.1,405.387425,25.06402556,0,0,-999,384.7,8.4,15197,49,168,63,1,28.05,3186,0,0,37.2,-97.3,5,822,40,3,260,1212,237,1412,237
37.571,-10.153,2646,18435,200,172,172,172,293,-999,-999,-999,-999,-999,SHAK06-5K,Ausin et al. (2021) QSR,5,-999,G.bulloides,15346,115,ETH- 73003.2.1,376.5504286,19.84835762,0,0,-999,398.2,7.1,15226,40,-999,-999,1,28.05,3187,0,0,37.2,-97.3,5,822,40,3,260,-999,-999,-999,-999
37.571,-10.153,2646,18488.75,200,174,174,174,293,-999,-999,-999,-999,-999,SHAK06-5K,Ausin et al. (2021) QSR,5,-999,G.bulloides,15524,111,ETH- 98649.1.1,355.1658407,18.85565632,0,0,-999,418.4,8.3,15159,47,-999,-999,1,28.05,3188,0,0,33.1,-97.3,5,822,40,3,260,-999,-999,-999,-999
37.571,-10.153,2646,18609.6875,200,178,178,178,293,-999,-999,-999,-999,-999,SHAK06-5K,Ausin et al. (2021) QSR,5,-999,G.bulloides,15773,113,ETH- 98648.1.1,333.1647782,18.88611775,0,0,-999,437.9,10.4,15166,58,-999,-999,1,28.05,3189,0,0,49.6,-97.3,5,822,40,3,260,-999,-999,-999,-999
37.571,-10.153,2646,18650,200,180,180,180,293,-999,-999,-999,-999,-999,SHAK06-5K,Ausin et al. (2021) QSR,5,-999,G.bulloides,15978,138,ETH- 73005.2.1,305.9258234,22.62848985,0,0,-999,428.4,9.3,15258,52,-999,-999,1,28.05,3190,0,0,17,-97.3,5,822,40,3,260,-999,-999,-999,-999
37.571,-10.153,2646,18885,200,184,184,184,293,-999,-999,-999,-999,-999,SHAK06-5K,Ausin et al. (2021) QSR,5,-999,G.bulloides,16162,116,ETH- 96873.1.1,313.1554625,19.10010877,0,0,-999,402.5,6.1,15638,35,-999,-999,1,28.05,3191,0,0,17,-97.3,5,822,40,3,260,-999,-999,-999,-999
37.571,-10.153,2646,19237.5,200,190,190,190,293,-999,-999,-999,-999,-999,SHAK06-5K,Ausin et al. (2021) QSR,5,-999,G.bulloides,16179,247,ETH- 73007.1.1,367.4615394,42.70004119,0,0,-999,404.2,6.1,15968,35,-999,-999,1,28.05,3192,0,0,17,-97.3,5,822,40,3,260,-999,-999,-999,-999
37.571,-10.153,2646,19355,200,192,192,192,293,-999,-999,-999,-999,-999,SHAK06-5K,Ausin et al. (2021) QSR,5,-999,G.bulloides,16360,126,ETH- 96872.1.1,356.1329243,21.43904863,0,0,-999,418,6.5,16006,37,-999,-999,1,28.05,3193,0,0,17,-97.3,5,822,40,3,260,-999,-999,-999,-999
37.571,-10.153,2646,19590,200,196,196,196,293,17748,191,ETH-108766.1.1,173.835077,56.329871,SHAK06-5K,Ausin et al. (2021) QSR,5,-999,G.bulloides,16636,120,ETH- 75044.1.1,348.1121582,20.28978152,0,0,-999,407.1,8.9,16292,51,152,56,1,28.05,3194,0,0,15.4,-97.3,5,822,40,3,260,1456,198,1656,198
37.571,-10.153,2646,19720,200,198,198,198,293,-999,-999,-999,-999,-999,SHAK06-5K,Ausin et al. (2021) QSR,5,-999,G.bulloides,16413,128,ETH- 96871.1.1,408.0290264,22.61561946,0,0,-999,417.4,8.1,16360,46,-999,-999,1,28.05,3195,0,0,30.8,-97.3,5,822,40,3,260,-999,-999,-999,-999
37.571,-10.153,2646,19785,200,200,200,200,293,-999,-999,-999,-999,-999,SHAK06-5K,Ausin et al. (2021) QSR,5,-999,G.bulloides,17067,120,ETH- 75016.1.1,308.1831844,19.68882992,0,0,-999,430.8,7.3,16352,41,-999,-999,1,28.05,3196,0,0,30.8,-97.3,5,822,40,3,260,-999,-999,-999,-999
37.571,-10.153,2646,19915,200,204,204,204,293,-999,-999,-999,-999,-999,SHAK06-5K,Ausin et al. (2021) QSR,5,-999,G.bulloides,17257,125,ETH- 98647.1.1,297.8538701,20.35360826,0,0,-999,424.5,7.5,16514,43,-999,-999,1,28.05,3197,0,0,30.8,-97.3,5,822,40,3,260,-999,-999,-999,-999
37.571,-10.153,2646,20110,200,210,210,210,293,-999,-999,-999,-999,-999,SHAK06-5K,Ausin et al. (2021) QSR,5,-999,G.bulloides,17292,123,ETH- 75018.1.1,323.0540817,20.41428189,0,0,-999,436.4,7.9,16632,44,-999,-999,1,28.05,3198,0,0,30.8,-97.3,5,822,40,3,260,-999,-999,-999,-999
37.571,-10.153,2646,20240,200,214,214,214,293,-999,-999,-999,-999,-999,SHAK06-5K,Ausin et al. (2021) QSR,5,-999,G.bulloides,17242,122,ETH- 75045.1.1,352.4155089,20.69637437,0,0,-999,441.8,7.2,16728,40,-999,-999,1,28.05,3199,0,0,21.2,-97.3,5,822,40,3,260,-999,-999,-999,-999
37.571,-10.153,2646,20334.28571,200,216,216,216,293,-999,-999,-999,-999,-999,SHAK06-5K,Ausin et al. (2021) QSR,5,-999,G.bulloides,17835,129,ETH- 98646.1.1,270.5842563,20.56871661,0,0,-999,444.4,7.5,16810,41,-999,-999,1,28.05,3200,0,0,10.6,-97.3,5,822,40,3,260,-999,-999,-999,-999
37.571,-10.153,2646,20711.42857,200,220,220,220,293,18106,232,ETH-108765.1.1,285.7745246,68.27251722,SHAK06-5K,Ausin et al. (2021) QSR,5,-999,G.bulloides,17427,142,ETH- 75020.1.1,399.1817599,24.9533522,0,0,-999,452.5,7.6,17135,42,264,68,1,28.05,3201,0,0,10.6,-97.3,5,822,40,3,260,971,236,1171,236
37.571,-10.153,2646,20900,200,222,222,222,293,-999,-999,-999,-999,-999,SHAK06-5K,Ausin et al. (2021) QSR,5,-999,G.bulloides,17530,129,ETH- 96870.1.1,413.2268559,22.87787099,0,0,-999,448.8,9.9,17330,55,-999,-999,1,28.05,3202,0,0,60,-97.3,5,822,40,3,260,-999,-999,-999,-999
37.571,-10.153,2646,20933.33333,200,224,224,224,293,-999,-999,-999,-999,-999,SHAK06-5K,Ausin et al. (2021) QSR,5,-999,G.bulloides,17870,128,ETH- 98645.1.1,360.1327805,21.84631482,0,0,-999,445.1,9.2,17390,51,-999,-999,1,28.05,3203,0,0,60,-97.3,5,822,40,3,260,-999,-999,-999,-999
37.571,-10.153,2646,21000,200,228,228,228,293,-999,-999,-999,-999,-999,SHAK06-5K,Ausin et al. (2021) QSR,5,-999,G.bulloides,18128,160,ETH- 96869.1.1,327.8073907,26.71219522,0,0,-999,442.5,8.3,17462,46,-999,-999,1,28.05,3204,0,0,6.7,-97.3,5,822,40,3,260,-999,-999,-999,-999
37.571,-10.153,2646,21296.66667,200,230,230,230,293,-999,-999,-999,-999,-999,SHAK06-5K,Ausin et al. (2021) QSR,5,-999,G.bulloides,18634,176,ETH- 75022.1.1,292.3011774,28.62628175,0,0,-999,474,7.4,17581,40,-999,-999,1,28.05,3205,0,0,6.7,-97.3,5,822,40,3,260,-999,-999,-999,-999
37.571,-10.153,2646,21890,200,234,234,234,293,-999,-999,-999,-999,-999,SHAK06-5K,Ausin et al. (2021) QSR,5,-999,G.bulloides,18305,130,ETH- 75046.1.1,446.5072296,23.5996238,0,0,-999,513.4,8.7,17942,46,-999,-999,1,28.05,3206,0,0,73.2,-97.3,5,822,40,3,260,-999,-999,-999,-999
37.571,-10.153,2646,21972,200,240,240,240,293,-999,-999,-999,-999,-999,SHAK06-5K,Ausin et al. (2021) QSR,5,-999,G.bulloides,18736,134,ETH- 75024.1.1,384.6080729,23.29062809,0,0,-999,516.6,9.3,18013,49,-999,-999,1,28.05,3207,0,0,12.2,-97.3,5,822,40,3,260,-999,-999,-999,-999
37.571,-10.153,2646,22300,200,244,244,244,293,19519,327,ETH-108764.1.1,306.8504622,84.87369723,SHAK06-5K,Ausin et al. (2021) QSR,5,-999,G.bulloides,18770,171,ETH- 96868.1.1,434.5631797,30.86517032,0,0,-999,514.9,8.3,18332,44,285,85,1,28.05,3208,0,0,20,-97.3,5,822,40,3,260,1187,330,1387,330
37.571,-10.153,2646,22500,200,248,248,248,293,-999,-999,-999,-999,-999,SHAK06-5K,Ausin et al. (2021) QSR,5,-999,G.bulloides,18849,136,ETH- 98644.1.1,455.3094209,24.84837583,0,0,-999,490.4,10.9,18658,59,-999,-999,1,28.05,3209,0,0,60,-97.3,5,822,40,3,260,-999,-999,-999,-999
37.571,-10.153,2646,22700,200,260,260,260,293,-999,-999,-999,-999,-999,SHAK06-5K,Ausin et al. (2021) QSR,5,-999,G.bulloides,19979,181,ETH- 70406.1.1,295.2987635,29.51703427,0,0,-999,502.8,9.1,18785,49,-999,-999,1,28.05,3210,0,0,60,-97.3,5,822,40,3,260,-999,-999,-999,-999
37.7075,-10.49236667,3735,292,252.5875,4,4,4,295,1480,27,-999,-138.360969,29.22795464,SHAK-03-6K,Skinner et al. (2021),3,-999,G.bulloides,815,27,-999,-63.99581894,3.151329766,0,0,2,4.9,1.2,252,10,-142,29,1,28.1,3217,0,0,12.2,-115.6,2.6,987,21,3,261,1228,29,1263,29
37.7075,-10.49236667,3735,3621.5,563.453125,44.5,44.5,44.5,295,4328,43,-999,-95.80526703,66.5270725,SHAK-03-6K,Skinner et al. (2021),3,-999,G.bulloides,3787,30,-999,-32.81291851,3.618805021,0,0,2,18.1,1.5,3383,12,-100,67,1,28.1,3218,0,0,5.5,-115.6,2.6,987,21,3,261,945,45,980,45
37.7075,-10.49236667,3735,7953,489.190625,68.5,68.5,68.5,295,7957,49,-999,-28.11847124,63.4833975,SHAK-03-6K,Skinner et al. (2021),3,-999,G.bulloides,7483,40,-999,30.95466464,5.146399746,0,0,2,78.3,3.2,7129,24,-32,63,1,28.1,3219,1,0,8,-115.6,2.6,987,21,3,261,828,55,863,55
37.7075,-10.49236667,3735,11948.625,478.9875,100.5,100.5,100.5,295,11277,68,-999,42.37912597,69.26984063,SHAK-03-6K,Skinner et al. (2021),3,-999,G.bulloides,10692,65,-999,121.1223931,9.10850026,0,0,2,180.2,2.7,10281,19,38,69,1,28.1,3220,0,0,12.4,-115.6,2.6,987,21,3,261,996,71,1031,71
37.7075,-10.49236667,3735,13234.75,269.85,116.5,116.5,116.5,295,12391,52,-999,60.14016678,41.47809182,SHAK-03-6K,Skinner et al. (2021),3,-999,G.bulloides,11604,48,-999,169.2610901,7.007661984,0,0,2,205,4,11367,27,56,41,1,28.1,3221,0,0,12.5,-115.6,2.6,987,21,3,261,1024,59,1059,59
37.7075,-10.49236667,3735,14511.875,274.98125,132.5,132.5,132.5,295,13191,55,-999,119.9641051,44.93299571,SHAK-03-6K,Skinner et al. (2021),3,-999,G.bulloides,12724,109,-999,187.0032198,16.21625021,0,0,2,232.5,4.4,12430,29,116,45,1,28.1,3222,0,0,25.1,-115.6,2.6,987,21,3,261,761,62,796,62
37.7075,-10.49236667,3735,15148.5,111.53125,148.5,148.5,148.5,295,14775,67,-999,-6.858359251,21.68372704,SHAK-03-6K,Skinner et al. (2021),3,-999,G.bulloides,13357,53,-999,184.8780543,7.843415764,0,0,2,285.1,6,12707,38,-11,22,1,28.1,3223,0,0,29.4,-115.6,2.6,987,21,3,261,2068,77,2103,77
37.7075,-10.49236667,3735,15556.25,97.775,160.5,160.5,160.5,295,15720,70,-999,-72.44122201,19.05450898,SHAK-03-6K,Skinner et al. (2021),3,-999,G.bulloides,13961,50,-999,154.6215495,7.209152162,0,0,2,305.7,7.3,12977,45,-76,19,1,28.1,3224,0,0,39.1,-115.6,2.6,987,21,3,261,2743,83,2778,83
37.7075,-10.49236667,3735,16131.25,182.3125,183,183,183,295,16115,94,-999,-53.34222752,31.96028619,SHAK-03-6K,Skinner et al. (2021),3,-999,G.bulloides,14564.5,99.76472322,-999,148.203648,14.34887256,0,0,2,329,5.5,13398,33,-57,32,1,28.1,3225,0,0,8.7,-115.6,2.6,987,21,3,261,2717,100,2752,100
37.7075,-10.49236667,3735,17675,271.19375,196.5,196.5,196.5,295,17025,71,-999,18.81081682,42.43851423,SHAK-03-6K,Skinner et al. (2021),3,-999,G.bulloides,15349,64,-999,255.1755508,10.04009607,0,0,2,402.9,7.8,14460,44,15,42,1,28.1,3226,0,0,8.5,-115.6,2.6,987,21,2,261,2565,84,2600,84
37.7075,-10.49236667,3735,18145.625,293.021875,200.5,200.5,200.5,295,17263,89,-999,47.00786517,48.72863444,SHAK-03-6K,Skinner et al. (2021),3,-999,G.bulloides,15683,71,-999,274.5906946,11.31545453,0,0,2,432.3,7.7,14750,43,43,49,1,28.1,3227,0,0,11.3,-115.6,2.6,987,21,2,261,2513,99,2548,99
37.7075,-10.49236667,3735,19788.5,374.01875,219,219,219,295,18378,95,-999,111.6671994,63.4757283,SHAK-03-6K,Skinner et al. (2021),3,-999,G.bulloides,17169,86,-999,292.2243557,13.90866426,0,0,2,430.8,7.3,16352,41,108,63,1,28.1,3228,0,0,12.4,-115.6,2.6,987,21,2,261,2026,103,2061,103
37.7075,-10.49236667,3735,22765,417.2375,256,256,256,295,21034,145,-999,144.8466636,78.50719122,SHAK-03-6K,Skinner et al. (2021),3,-999,G.bulloides,19589,144,-999,370.4699257,24.78863673,0,0,2,514.5,9.4,18791,50,141,79,1,28.1,3229,0,0,8.1,-115.6,2.6,987,21,2,261,2243,153,2278,153
37.7075,-10.49236667,3735,31703,486.05,328,328,328,295,29426,333,-999,187.3763685,119.2315814,SHAK-03-6K,Skinner et al. (2021),3,-999,G.bulloides,28392,433.4974048,-999,350.4868738,74.88072773,0,0,2,457.9,20.6,27775,114,183,119,1,28.1,3230,0,0,15.9,-115.6,2.6,987,21,3,261,1651,352,1686,352
37.7075,-10.49236667,3735,34248.375,685.7875,368.5,368.5,368.5,295,32415,489,-999,113.5486118,160.7130359,SHAK-03-6K,Skinner et al. (2021),3,-999,G.bulloides,30628,438,-999,390.9809628,77.94913459,0,0,2,571.6,29.4,29640,151,110,161,1,28.1,3231,0,0,15.9,-115.6,2.6,987,21,3,261,2775,512,2810,512
37.56133333,-10.14216667,2642,20329.06,200,210.5,210.5,210.5,296,18409,120,-999,182.2146182,46.27299056,SHAK-06-4K,Skinner et al. (2021),4,-999,G.bulloides,17508,97,-999,322.536925,16.06669341,0,0,2,444.1,7.4,16803,41,159,46,1,28.01,3232,0,0,21.5,-96.3,3.3,813,26,3,262,1606,127,1815,127
37.56133333,-10.14216667,2642,22185.35375,200,250.5,250.5,250.5,296,20195,145,-999,184.8298844,50.06579149,SHAK-06-4K,Skinner et al. (2021),4,-999,G.bulloides,18950,106,-999,383.4562415,18.37646863,0,0,2,514.2,8.2,18229,43,162,50,1,28.01,3233,0,0,21.5,-96.3,3.3,813,26,3,262,1966,151,2175,151
37.6025,-10.69183333,4670,3702.75,636.74375,21.5,21.5,21.5,297,4325,38,-999,-86.53373843,74.76166993,SHAK-05-3K,Skinner et al. (2021),4,-999,G.bulloides,3861,40,-999,-32.21672298,4.831055896,0,0,2,17.9,2.2,3462,17,-105,75,1,28.1,3234,0,0,5.4,-101.2,2.7,857,22,3,263,863,42,1028,42
37.6025,-10.69183333,4670,7392.125,504.9125,41.5,41.5,41.5,297,6816,39,-999,46.73173472,69.06169657,SHAK-05-3K,Skinner et al. (2021),4,-999,G.bulloides,6849,36,-999,42.44052424,4.682195374,0,0,2,100.2,2.1,6423,15,28,69,1,28.1,3235,0,0,7.2,-101.2,2.7,857,22,3,263,393,42,558,42
37.6025,-10.69183333,4670,10739.5,648.825,65.5,65.5,65.5,297,10391,59,-999,5.556913914,86.41137556,SHAK-05-3K,Skinner et al. (2021),4,-999,G.bulloides,9606,52,-999,108.7834557,7.200766543,0,0,2,123.2,4.6,9503,33,-13,86,1,28.1,3236,0,0,1.6,-101.2,2.7,857,22,3,263,888,68,1053,68
37.6025,-10.69183333,4670,12571.5,544.090625,68.5,68.5,68.5,297,12425,68,-999,-25.7233964,72.43567994,SHAK-05-3K,Skinner et al. (2021),4,-999,G.bulloides,11024,56,-999,159.9136337,8.114291007,0,0,2,243.6,2.7,10473,17,-44,72,1,28.1,3237,0,0,9.2,-101.2,2.7,857,22,3,263,1952,70,2117,70
37.6025,-10.69183333,4670,13006.5,237.521875,72.5,72.5,72.5,297,11961,47,-999,87.97758965,37.63214924,SHAK-05-3K,Skinner et al. (2021),4,-999,G.bulloides,11392,46,-999,167.8370528,6.706661325,0,0,2,216.5,3.2,11067,21,70,38,1,28.1,3238,0,0,8.8,-101.2,2.7,857,22,3,263,894,51,1059,51
37.6025,-10.69183333,4670,13916.375,185.028125,80.5,80.5,80.5,297,12849,67,-999,87.45231065,33.41410377,SHAK-05-3K,Skinner et al. (2021),4,-999,G.bulloides,12226,50,-999,175.146377,7.337303766,0,0,2,201.5,4.5,12051,30,69,33,1,28.1,3239,0,0,12,-101.2,2.7,857,22,3,263,798,73,963,73
37.6025,-10.69183333,4670,15873,308.5125,104,104,104,297,16030,109,-999,-72.69703119,47.20857587,SHAK-05-3K,Skinner et al. (2021),4,-999,G.bulloides,14117,62,-999,176.6456512,9.116679183,0,0,2,314.6,6.5,13233,40,-91,47,1,28.1,3240,0,0,8.5,-101.2,2.7,857,22,3,263,2797,116,2962,116
37.6025,-10.69183333,4670,16874.75,501.309375,112.5,112.5,112.5,297,16970,89,-999,-68.83398056,66.83966903,SHAK-05-3K,Skinner et al. (2021),4,-999,G.bulloides,14930,62,-999,200.3758935,9.300541679,0,0,2,372.8,5.9,13857,34,-87,67,1,28.1,3241,0,0,4.8,-101.2,2.7,857,22,3,263,3113,95,3278,95
37.6025,-10.69183333,4670,18752.125,395.184375,121.5,121.5,121.5,297,17644,90,-999,74.51679479,63.44018646,SHAK-05-3K,Skinner et al. (2021),4,-999,G.bulloides,16194,79,-999,287.0805093,12.72015221,0,0,2,417.9,6,15424,34,56,63,1,28.1,3242,0,0,10.2,-101.2,2.7,857,22,2,263,2220,96,2385,96
37.6025,-10.69183333,4670,19878.25,234.8,133,133,133,297,18661,141,-999,84.89977492,49.87376761,SHAK-05-3K,Freeman et al. 2016,4,-999,G.bulloides,17144,91,-999,310.4015534,14.9289839,0,0,2,427.5,7.7,16458,44,67,50,1,28.1,3243,0,0,9.6,-101.2,2.7,857,22,2,263,2203,148,2368,148
37.6025,-10.69183333,4670,22746.875,335.859375,160.5,160.5,160.5,297,21031,155,-999,142.766089,68.51772297,SHAK-05-3K,Freeman et al. 2016,4,-999,G.bulloides,19536,136,-999,376.5206189,23.50311293,0,0,2,511.2,9.8,18789,52,124,69,1,28.1,3244,0,0,9.6,-101.2,2.7,857,22,2,263,2242,163,2407,163
37.836,-9.719333333,2063,259,228.6,4,4,4,298,1048,38,-999,-94.37726144,29.33154238,SHAK-14-4G,Skinner et al. (2021),4,-999,G.bulloides,794,36,-999,-65.28433144,4.198341563,0,0,2,14,1.2,141,9,-116,29,1,28,3245,0,0,20.9,-83.9,3.3,704,26,3,264,907,39,1102,39
37.836,-9.719333333,2063,3132,242.025,64,64,64,298,3743,26,-999,-83.41204945,29.80598685,SHAK-14-4G,Skinner et al. (2021),4,-999,G.bulloides,3485,28,-999,-53.49567375,3.304912615,0,0,2,13.4,2.2,2945,17,-105,30,1,28,3246,0,0,14.4,-83.9,3.3,704,26,3,264,798,31,993,31
37.836,-9.719333333,2063,10936,273.0375,176,176,176,298,10629,47,-999,-0.317001047,38.87573066,SHAK-14-4G,Skinner et al. (2021),4,-999,G.bulloides,10286,53,-999,43.29274844,6.906178033,0,0,2,135.6,2.7,9609,19,-22,39,1,28,3247,0,0,42,-83.9,3.3,704,26,3,264,1020,51,1215,51
37.836,-9.719333333,2063,11222,405.5625,188,188,188,298,10541,37,-999,46.27175856,56.17408255,SHAK-14-4G,Skinner et al. (2021),4,-999,G.bulloides,10270,32,-999,82.17075151,4.319498336,0,0,2,147.2,3.1,9809,22,24,56,1,28,3248,0,0,7.7,-83.9,3.3,704,26,3,264,732,43,927,43
37.836,-9.719333333,2063,12258,336.7125,196,196,196,298,11240,54,-999,87.12283788,51.60549171,SHAK-14-4G,Skinner et al. (2021),4,-999,G.bulloides,10923,33,-999,130.880832,4.655275353,0,0,2,209.6,2.7,10384,18,65,52,1,28,3249,0,0,32.5,-83.9,3.3,704,26,3,264,856,57,1051,57
37.836,-9.719333333,2063,12504,157.0625,204,204,204,298,11447,56,-999,91.46711537,28.34855839,SHAK-14-4G,Skinner et al. (2021),4,-999,G.bulloides,10891,53,-999,169.6882483,7.742865363,0,0,2,220.5,2.9,10555,19,70,28,1,28,3250,0,0,47.1,-83.9,3.3,704,26,3,264,892,59,1087,59
37.836,-9.719333333,2063,12844,130,220,220,220,298,11892,45,-999,76.00343385,22.94973437,SHAK-14-4G,Skinner et al. (2021),4,-999,G.bulloides,11302,41,-999,158.0073011,5.925515883,0,0,2,204.9,3,10989,20,54,23,1,28,3251,0,0,38.2,-83.9,3.3,704,26,3,264,903,49,1098,49
37.836,-9.719333333,2063,13367,148.05,240,240,240,298,12045,51,-999,124.6487871,27.28368966,SHAK-14-4G,Skinner et al. (2021),4,-999,G.bulloides,11726,55,-999,170.2085596,8.039625069,0,0,2,200.5,4.1,11524,27,103,27,1,28,3252,0,0,22,-83.9,3.3,704,26,3,264,521,58,716,58
37.836,-9.719333333,2063,14638,164.5125,268,268,268,298,12894,54,-999,180.01313,31.41822563,SHAK-14-4G,Skinner et al. (2021),4,-999,G.bulloides,12803,64,-999,193.4566405,9.546409118,0,0,2,243,4.2,12478,27,158,31,1,28,3253,0,0,27,-83.9,3.3,704,26,3,264,416,60,611,60
37.836,-9.719333333,2063,14786,82.025,272,272,272,298,13278,50,-999,145.2526367,18.49240027,SHAK-14-4G,Skinner et al. (2021),4,-999,G.bulloides,12914,39,-999,198.3412869,5.832060668,0,0,2,278.6,7.2,12397,45,123,19,1,28,3254,0,0,31.2,-83.9,3.3,704,26,3,264,881,67,1076,67
37.836,-9.719333333,2063,15010.25,77.01875,279,279,279,298,13830,48,-999,98.59779431,16.80014886,SHAK-14-4G,Skinner et al. (2021),4,-999,G.bulloides,13172,43,-999,192.3745591,6.399798201,0,0,2,280.2,5.8,12611,36,77,17,1,28,3255,0,0,35,-83.9,3.3,704,26,3,264,1219,60,1414,60
37.836,-9.719333333,2063,15153,60,284,284,284,298,13755,54,-999,128.2170673,15.77303632,SHAK-14-4G,Skinner et al. (2021),4,-999,G.bulloides,13415,51,-999,176.994291,7.496285554,0,0,2,285.3,5.9,12715,37,106,16,1,28,3256,0,0,72.7,-83.9,3.3,704,26,3,264,1040,65,1235,65
37.836,-9.719333333,2063,15263,69.525,292,292,292,298,14588,57,-999,30.70933124,15.98248253,SHAK-14-4G,Skinner et al. (2021),4,-999,G.bulloides,13634,49,-999,160.6815212,7.101606749,0,0,2,288.2,6.9,12803,43,9,16,1,28,3257,0,0,114.3,-83.9,3.3,704,26,3,264,1785,71,1980,71
37.836,-9.719333333,2063,15350.5,120,302,302,302,298,14884,55,-999,3.991429584,21.44919827,SHAK-14-4G,Skinner et al. (2021),4,-999,G.bulloides,13421,51,-999,204.5514109,7.671797059,0,0,2,288.8,6.6,12887,41,-18,21,1,28,3258,0,0,51.8,-83.9,3.3,704,26,3,264,1997,69,2192,69
37.836,-9.719333333,2063,15852,61.525,328,328,328,298,15377,61,-999,3.279887402,15.08580085,SHAK-14-4G,Skinner et al. (2021),4,-999,G.bulloides,14236,53,-999,156.4021716,7.654916884,0,0,2,313.3,6.4,13222,39,-19,15,1,28,3259,1,0,59.9,-83.9,3.3,704,26,3,264,2155,72,2350,72
37.836,-9.719333333,2063,16102.5,180.29375,343,343,343,298,15911,71,-999,-32.36474901,29.66013698,SHAK-14-4G,Skinner et al. (2021),4,-999,G.bulloides,14653,83,-999,131.6807748,11.75357121,0,0,2,326.8,5.4,13383,33,-54,30,1,28,3260,0,0,86.4,-83.9,3.3,704,26,3,264,2528,78,2723,78
37.836,-9.719333333,2063,16183.5,323.1125,350,350,350,298,15724,74,-999,0.176912354,48.32393962,SHAK-14-4G,Skinner et al. (2021),4,-999,G.bulloides,14453,57,-999,171.6338522,8.343163018,0,0,2,331.8,5.7,13430,35,-22,48,1,28,3261,0,0,19.3,-83.9,3.3,704,26,3,264,2294,82,2489,82
37.836,-9.719333333,2063,16909.5,269.0125,364,364,364,298,15955,64,-999,61.0293866,42.99157067,SHAK-14-4G,Skinner et al. (2021),4,-999,G.bulloides,15023,60,-999,191.5571343,8.933286822,0,0,2,375,6.1,13873,36,39,43,1,28,3262,0,0,25.8,-83.9,3.3,704,26,3,264,2082,73,2277,73
37.836,-9.719333333,2063,19544,206.0375,432,432,432,298,17488,82,-999,205.7218443,42.36666055,SHAK-14-4G,Skinner et al. (2021),4,-999,G.bulloides,16886,75,-999,299.5516202,12.19006443,0,0,2,414.1,8.5,16213,48,184,42,1,28,3263,0,0,26.7,-83.9,3.3,704,26,3,264,1275,95,1470,95
37.836,-9.719333333,2063,21638,201.5125,488,488,488,298,18975,87,-999,290.8013811,45.45315327,SHAK-14-4G,Skinner et al. (2021),4,-999,G.bulloides,18531,89,-999,364.1550884,15.19791626,0,0,2,495.9,8.6,17792,46,269,45,1,28,3264,1,0,26.7,-83.9,3.3,704,26,3,264,1183,98,1378,98
37.83333333,-9.510833333,1127,574,86.765625,8.5,8.5,8.5,299,1168,33,-999,-73.15370841,13.53565571,SHAK-10-10K,Skinner et al. (2021),4,-999,G.bulloides,1110,36,-999,-66.43746022,4.193162203,0,0,2,-11.5,1.3,656,11,-89,21,1,27.7,3265,0,0,32,-90.4,3.4,761,27,3,265,512,35,650,35
37.83333333,-9.510833333,1127,1073.75,118.76875,24.5,24.5,24.5,299,2187,29,-999,-132.6980431,15.59208117,SHAK-10-10K,Skinner et al. (2021),4,-999,G.bulloides,1700,20,-999,-78.49139402,2.297165971,0,0,2,-18.6,1.6,1201,13,-148,23,1,27.7,3266,1,0,12.9,-90.4,3.4,761,27,3,265,986,32,1124,32
37.83333333,-9.510833333,1127,1692.875,276.846875,32.5,32.5,32.5,299,2350,28,-999,-84.02687109,33.87473593,SHAK-10-10K,Skinner et al. (2021),4,-999,G.bulloides,2287,47,-999,-76.81497204,5.417263521,0,0,2,-15.2,1.5,1775,12,-99,38,1,27.7,3267,1,0,14.5,-90.4,3.4,761,27,3,265,575,30,713,30
37.83333333,-9.510833333,1127,6249.625,829.621875,98.5,98.5,98.5,299,6099,35,-999,-3.265238168,104.5593867,SHAK-10-10K,Skinner et al. (2021),4,-999,G.bulloides,5714,47,-999,45.66884025,6.13600036,0,0,2,89.4,2.5,5385,18,-19,106,1,27.7,3268,0,0,6.7,-90.4,3.4,761,27,3,265,714,39,852,39
37.83333333,-9.510833333,1127,14964.875,198.1875,156.5,156.5,156.5,299,13630,53,-999,120.1283118,34.2489021,SHAK-10-10K,Skinner et al. (2021),4,-999,G.bulloides,13062,52,-999,202.1980277,7.807428304,0,0,2,279.9,6.3,12564,39,105,38,1,27.7,3269,0,0,11.6,-90.4,3.4,761,27,3,265,1066,66,1204,66
37.83333333,-9.510833333,1127,15995.125,150.44375,168.5,168.5,168.5,299,14866,55,-999,87.84636335,27.24781259,SHAK-10-10K,Skinner et al. (2021),4,-999,G.bulloides,14456,55,-999,144.8108084,7.865136175,0,0,2,321.4,5.9,13309,36,72,32,1,27.7,3270,0,0,39.2,-90.4,3.4,761,27,3,265,1557,66,1695,66
37.83333333,-9.510833333,1127,16403.5,205.690625,184.5,184.5,184.5,299,15273,57,-999,86.46807323,34.74753813,SHAK-10-10K,Skinner et al. (2021),4,-999,G.bulloides,14750,58,-999,159.5576211,8.402554822,0,0,2,337.8,6.1,13608,37,71,38,1,27.7,3271,0,0,20.2,-90.4,3.4,761,27,3,265,1665,68,1803,68
37.83333333,-9.510833333,1127,17195.75,334.69375,200.5,200.5,200.5,299,15256,70,-999,198.272858,58.97829549,SHAK-10-10K,Skinner et al. (2021),4,-999,G.bulloides,15096,65,-999,222.3791393,9.9311554,0,0,2,375.1,8.8,14154,52,183,61,1,27.7,3272,0,0,20.2,-90.4,3.4,761,27,3,265,1102,87,1240,87
-4.216333333,-37.07525,1000,212,189.0375,0,0,0,300,1414,30,-999,-139.6188362,22.88979526,17/1 GCA,Skinner et al. (2021),4,-999,G.ruber,751,28,-999,-65.59491895,3.262665636,0,0,2,8,1.2,149,10,-127,28,1,27.61,3273,0,0,4.6,-118.8,3.1,1016,25,3,266,1265,32,1148,32
-4.216333333,-37.07525,1000,431,275.84375,1,1,1,300,977,24,-999,-67.12896078,33.92155534,17/1 GCA,Skinner et al. (2021),4,-999,G.ruber,1058,26,-999,-76.4882123,2.993925871,0,0,2,10.4,1.2,345,10,-54,38,1,27.61,3274,0,0,6.7,-118.8,3.1,1016,25,3,266,632,26,515,26
-4.216333333,-37.07525,1000,9270,271.15,60,60,60,300,9078,48,-999,-8.724352446,38.44578245,17/1 GCA,Skinner et al. (2021),4,-999,G.ruber,8879,53,-999,16.13902938,6.726431343,0,0,2,99.1,3.5,8249,26,4,42,1,27.61,3275,0,0,13.3,-118.8,3.1,1016,25,3,266,829,55,712,55
-4.216333333,-37.07525,1000,10024,231.55,70,70,70,300,9541,50,-999,25.11635271,35.09994571,17/1 GCA,Skinner et al. (2021),4,-999,G.ruber,9481,57,-999,32.80180743,7.354544961,0,0,2,113.4,3.2,8883,23,38,39,1,27.61,3276,0,0,16,-118.8,3.1,1016,25,3,266,658,55,541,55
-4.216333333,-37.07525,1000,11208.25,158.28125,89,89,89,300,10735,52,-999,19.60930566,26.12468831,17/1 GCA,Skinner et al. (2021),4,-999,G.ruber,10375,51,-999,66.34259502,6.791544064,0,0,2,147.7,3,9786,21,33,31,1,27.61,3277,0,0,12.5,-118.8,3.1,1016,25,3,266,949,56,832,56
-4.216333333,-37.07525,1000,11288,153.025,90,90,90,300,10735,52,-999,29.49285653,25.72315468,17/1 GCA,Skinner et al. (2021),4,-999,G.ruber,10397,52,-999,73.73448343,6.973148187,0,0,2,137.6,3.4,9935,24,42,30,1,27.61,3278,0,0,8.7,-118.8,3.1,1016,25,3,266,800,57,683,57
-4.216333333,-37.07525,1000,11860.5,176.5375,95,95,95,300,11299,55,-999,28.50589977,29.00898532,17/1 GCA,Skinner et al. (2021),4,-999,G.ruber,10870,56,-999,84.92609772,7.589708252,0,0,2,181,3,10198,21,41,33,1,27.61,3279,0,0,7.8,-118.8,3.1,1016,25,3,266,1101,59,984,59
-4.216333333,-37.07525,1000,11989,141.525,96,96,96,300,11299,55,-999,44.61760943,25.03772998,17/1 GCA,Skinner et al. (2021),4,-999,G.ruber,10893,60,-999,98.77114091,8.23765598,0,0,2,184.8,2.6,10289,18,58,30,1,27.61,3280,0,0,15,-118.8,3.1,1016,25,3,266,1010,58,893,58
-4.216333333,-37.07525,1000,12657,125.525,106,106,106,300,12134,62,-999,20.71959723,23.37859045,17/1 GCA,Skinner et al. (2021),4,-999,G.ruber,11497,68,-999,104.956273,9.393246153,0,0,2,238.1,2.7,10586,17,34,28,1,27.61,3281,0,0,15.8,-118.8,3.1,1016,25,3,266,1548,64,1431,64
-4.216333333,-37.07525,1000,12910,198.525,110,110,110,300,12113,70,-999,55.19510881,34.54080968,17/1 GCA,Skinner et al. (2021),4,-999,G.ruber,11716,68,-999,108.6541752,9.424682063,0,0,2,209.5,3.1,11017,21,68,38,1,27.61,3282,0,0,8.3,-118.8,3.1,1016,25,3,266,1096,73,979,73
-4.216333333,-37.07525,1000,13630,229.5625,116,116,116,300,12755,58,-999,62.79116383,37.19332644,17/1 GCA,Skinner et al. (2021),4,-999,G.ruber,12424,80,-999,107.4982581,11.0845896,0,0,2,193.1,4.3,11826,29,76,41,1,27.61,3283,0,0,7.9,-118.8,3.1,1016,25,3,266,929,65,812,65
-4.216333333,-37.07525,1000,14771.75,288.55,125,125,125,300,13858,64,-999,63.64253298,45.61335651,17/1 GCA,Skinner et al. (2021),4,-999,G.ruber,13135,79,-999,163.814653,11.50192193,0,0,2,279.5,6.7,12382,42,77,48,1,27.61,3284,0,0,5.2,-118.8,3.1,1016,25,3,266,1476,77,1359,77
-4.216333333,-37.07525,1000,14963,256.5625,126,126,126,300,13918,64,-999,80.43563706,42.14947859,17/1 GCA,Skinner et al. (2021),4,-999,G.ruber,13272,84,-999,170.9116133,12.30830617,0,0,2,279.9,6.3,12564,39,93,45,1,27.61,3285,0,0,7.4,-118.8,3.1,1016,25,3,266,1354,75,1237,75
-4.216333333,-37.07525,1000,15642,261.28125,131,131,131,300,14255,61,-999,124.7335511,44.09972717,17/1 GCA,Skinner et al. (2021),4,-999,G.ruber,13817,62,-999,187.7624561,9.202812459,0,0,2,306.9,5.8,13057,36,138,47,1,27.61,3286,0,0,13.2,-118.8,3.1,1016,25,3,266,1198,71,1081,71
-4.216333333,-37.07525,1000,16324,183.55,140,140,140,300,14625,78,-999,166.4708644,37.23153049,17/1 GCA,Skinner et al. (2021),4,-999,G.ruber,14309,76,-999,213.2716661,11.5332027,0,0,2,335.4,5.9,13544,36,179,41,1,27.61,3287,0,0,8.3,-118.8,3.1,1016,25,3,266,1081,86,964,86
-4.216333333,-37.07525,1000,16566,222.025,142,142,142,300,14894,67,-999,161.5658688,40.89251158,17/1 GCA,Skinner et al. (2021),4,-999,G.ruber,14501,63,-999,219.8064194,9.60412535,0,0,2,348.1,6.7,13702,40,175,44,1,27.61,3288,0,0,7.9,-118.8,3.1,1016,25,3,266,1192,78,1075,78
-4.216333333,-37.07525,1000,18222,308.8,155,155,155,300,16318,84,-999,188.645851,56.85104616,17/1 GCA,Skinner et al. (2021),4,-999,G.ruber,15818,106,-999,264.9820918,16.80277484,0,0,2,416.6,11.6,14917,66,202,59,1,27.61,3289,0,0,4.6,-118.8,3.1,1016,25,3,266,1401,107,1284,107
-4.216333333,-37.07525,1000,18438,264.05,156,156,156,300,16176,91,-999,241.8718273,53.75071811,17/1 GCA,Skinner et al. (2021),4,-999,G.ruber,16125,110,-999,249.7813184,17.23160968,0,0,2,398.2,7.1,15226,40,255,56,1,27.61,3290,0,0,7.5,-118.8,3.1,1016,25,3,266,950,99,833,99
-4.216333333,-37.07525,1000,19236,336.1125,162,162,162,300,17110,105,-999,217.5951936,65.4506924,17/1 GCA,Skinner et al. (2021),4,-999,G.ruber,16783,86,-999,268.1825899,13.6498943,0,0,2,404.2,6.1,15968,35,231,67,1,27.61,3291,0,0,5.4,-118.8,3.1,1016,25,3,266,1142,111,1025,111
-4.216333333,-37.07525,1000,22574.5,377.1,180,180,180,300,19783,118,-999,307.2946996,78.88354778,17/1 GCA,Skinner et al. (2021),4,-999,G.ruber,19658,136,-999,327.7963638,22.67118085,0,0,2,489.4,10.6,18741,57,320,81,1,27.61,3292,0,0,5.4,-118.8,3.1,1016,25,3,266,1042,131,925,131
-3.546833333,-35.38516667,3537,4298,607.4375,10,10,10,301,5016,36,-999,-99.24849522,70.29274209,MD09-3256,Skinner et al. (2021),4,-999,G.ruber,4430,43,-999,-31.08343376,5.200438444,0,0,2,35.9,2.1,3895,17,-109,70,1,28.1,3293,1,0,2.8,-109.8,2,934,16,3,267,1121,40,1209,40
-3.546833333,-35.38516667,3537,10664.5,500.525,28,28,28,301,10849,63,-999,-58.74905652,64.42006715,MD09-3256,Skinner et al. (2021),4,-999,G.ruber,10005,49,-999,45.52704,6.397036352,0,0,2,123.5,3.1,9432,22,-68,64,1,28.1,3294,0,0,4.2,-109.8,2,934,16,3,267,1417,67,1505,67
-3.546833333,-35.38516667,3537,12106.5,298,34,34,34,301,11740,87,-999,2.969888924,47.03370025,MD09-3256,Skinner et al. (2021),4,-999,G.ruber,11037,63,-999,94.69905759,8.619094638,0,0,2,188.7,2.6,10378,18,-7,47,1,28.1,3295,0,0,9.5,-109.8,2,934,16,3,267,1362,89,1450,89
-3.546833333,-35.38516667,3537,12525.5,377.5375,38,38,38,301,11994,60,-999,22.27379638,54.34634097,MD09-3256,Skinner et al. (2021),4,-999,G.ruber,11287,58,-999,116.3241839,8.089270411,0,0,2,225.2,3,10544,20,13,54,1,28.1,3296,0,0,2.4,-109.8,2,934,16,3,267,1450,63,1538,63
-3.546833333,-35.38516667,3537,14224.5,502.3,42,42,42,301,12943,74,-999,115.6169642,78.12527096,MD09-3256,Skinner et al. (2021),4,-999,G.ruber,12892,75,-999,122.7223371,10.53136899,0,0,2,207,3.4,12316,22,106,78,1,28.1,3297,0,0,4.7,-109.8,2,934,16,3,267,627,77,715,77
-3.546833333,-35.38516667,3537,15499,344.1,48,48,48,301,15053,102,-999,0.908665559,54.39704646,MD09-3256,Skinner et al. (2021),4,-999,G.ruber,13687,100,-999,186.4394969,14.86188249,0,0,2,302.9,7.2,12936,44,-9,54,1,28.1,3298,0,0,5.2,-109.8,2,934,16,3,267,2117,111,2205,111
-3.546833333,-35.38516667,3537,16268,367.1,52,52,52,301,15260,86,-999,70.53657164,59.02853873,MD09-3256,Skinner et al. (2021),4,-999,G.ruber,14251,78,-999,213.8132655,11.8434685,0,0,2,334.8,5.7,13490,34,61,59,1,28.1,3299,0,0,3.5,-109.8,2,934,16,3,267,1770,92,1858,92
-3.546833333,-35.38516667,3537,17416,367.1,56,56,56,301,16057,66,-999,113.8356786,58.63884227,MD09-3256,Skinner et al. (2021),4,-999,G.ruber,15176,81,-999,242.9433364,12.59650333,0,0,2,376.1,9.6,14363,56,104,59,1,28.1,3300,0,0,2.9,-109.8,2,934,16,3,267,1694,87,1782,87
-3.546833333,-35.38516667,3537,18102.5,324.05,58,58,58,301,16740,117,-999,111.6288325,59.79322489,MD09-3256,Skinner et al. (2021),4,-999,G.ruber,15878,120,-999,237.5501174,18.62576592,0,0,2,430,6.9,14724,39,102,60,1,28.1,3301,0,0,8.7,-109.8,2,934,16,2,267,2016,123,2104,123
-3.546833333,-35.38516667,3537,18563,328.6375,62,62,62,301,17303,75,-999,95.755259,53.8115967,MD09-3256,Skinner et al. (2021),4,-999,G.ruber,16159,65,-999,263.463056,10.26493953,0,0,2,441.6,8.4,15106,47,86,54,1,28.1,3302,0,0,2.9,-109.8,2,934,16,2,267,2197,89,2285,89
-3.546833333,-35.38516667,3537,19955,604.575,66,66,66,301,18355,118,-999,137.5358367,100.0274605,MD09-3256,Skinner et al. (2021),4,-999,G.ruber,17385,105,-999,283.532798,16.88728931,0,0,2,425.5,7.4,16547,42,128,100,1,28.1,3303,0,0,1.5,-109.8,2,934,16,2,267,1808,125,1896,125
-3.546833333,-35.38516667,3537,21275,724.05,68,68,68,301,20258,164,-999,52.99402678,113.9434466,MD09-3256,Skinner et al. (2021),4,-999,G.ruber,18544,159,-999,303.4406342,26.05648171,0,0,2,470.7,7.5,17579,41,43,114,1,28.1,3304,0,0,2.4,-109.8,2,934,16,2,267,2679,169,2767,169
-3.546833333,-35.38516667,3537,23757,670.0875,74,74,74,301,21270,162,-999,253.434093,127.0925241,MD09-3256,Skinner et al. (2021),4,-999,G.ruber,20733,151,-999,340.0893699,25.42852406,0,0,2,537.6,14.9,19632,78,244,127,1,28.1,3305,0,0,2.4,-109.8,2,934,16,3,267,1638,180,1726,180
-4.244666667,-36.35266667,2344,598.25,557.625,1,1,1,302,1680,27,-999,-127.8303096,61.81262772,MD09-3257,Skinner et al. (2021),4,-999,G.ruber,1181,25,-999,-71.93408058,2.892790877,0,0,2,-0.9,1.3,590,10,-150,62,1,28.01,3306,1,0,6.6,-97.4,3,823,24,3,268,1090,29,1289,29
-4.244666667,-36.35266667,2344,7300.75,575.15,45,45,45,302,7851,50,-999,-89.92095987,69.04652496,MD09-3257,Skinner et al. (2021),4,-999,G.ruber,7046,43,-999,6.005763792,5.399506244,0,0,2,94.1,2.6,6381,19,-112,69,1,28.01,3307,0,0,9,-97.4,3,823,24,3,268,1470,53,1669,53
-4.244666667,-36.35266667,2344,10627,386.31875,75,75,75,302,10007,49,-999,40.5360597,54.99715789,MD09-3257,Skinner et al. (2021),4,-999,G.ruber,9994,50,-999,42.22134791,6.507354974,0,0,2,123.7,3,9392,21,18,55,1,28.01,3308,0,0,22.7,-97.4,3,823,24,3,268,615,53,814,53
-4.244666667,-36.35266667,2344,11420.5,272.30625,93,93,93,302,11519,66,-999,-51.14902124,39.06103624,MD09-3257,Skinner et al. (2021),4,-999,G.ruber,10532,51,-999,72.89933875,6.833304015,0,0,2,143.6,3.3,10029,23,-73,39,1,28.01,3309,0,0,14.6,-97.4,3,823,24,3,268,1490,70,1689,70
-4.244666667,-36.35266667,2344,12243.5,197.76875,105,105,105,302,11429,56,-999,59.98281882,32.7522318,MD09-3257,Skinner et al. (2021),4,-999,G.ruber,11143,54,-999,98.40138499,7.408624866,0,0,2,210.9,2.7,10366,18,38,33,1,28.01,3310,0,0,14,-97.4,3,823,24,3,268,1063,59,1262,59
-4.244666667,-36.35266667,2344,12530,178.5125,109,109,109,302,11770,66,-999,51.75338906,31.35687762,MD09-3257,Skinner et al. (2021),4,-999,G.ruber,11292,56,-999,116.2370028,7.808746798,0,0,2,225.2,3,10544,20,30,31,1,28.01,3311,0,0,9.9,-97.4,3,823,24,3,268,1226,69,1425,69
-4.244666667,-36.35266667,2344,13136.5,230.04375,115,115,115,302,12013,60,-999,98.09012986,38.76617192,MD09-3257,Skinner et al. (2021),4,-999,G.ruber,11986,58,-999,101.787169,7.983930183,0,0,2,209.5,3.4,11240,23,76,39,1,28.01,3312,0,0,11.4,-97.4,3,823,24,3,268,773,64,972,64
-4.244666667,-36.35266667,2344,13835.5,224.0875,123,123,123,302,13057,66,-999,49.34018195,37.07289481,MD09-3257,Skinner et al. (2021),4,-999,G.ruber,12615,60,-999,108.6960538,8.312064577,0,0,2,195.9,3.9,12011,26,27,37,1,28.01,3313,0,0,16.7,-97.4,3,823,24,3,268,1046,71,1245,71
-4.244666667,-36.35266667,2344,14314.5,280.3375,131,131,131,302,15233,66,-999,-151.9195935,35.73725736,MD09-3257,Skinner et al. (2021),4,-999,G.ruber,12905,58,-999,133.1764734,8.211387918,0,0,2,212.8,6.5,12365,43,-174,36,1,28.01,3314,1,0,11.7,-97.4,3,823,24,3,268,2868,79,3067,79
-4.244666667,-36.35266667,2344,15171,222.55625,141,141,141,302,16214,99,-999,-167.4786278,32.68085894,MD09-3257,Skinner et al. (2021),4,-999,G.ruber,13490,69,-999,168.5980966,10.08098653,0,0,2,285.9,5.6,12730,35,-190,33,1,28.01,3315,1,0,31.3,-97.4,3,823,24,3,268,3484,105,3683,105
-4.244666667,-36.35266667,2344,15618,286.04375,155,155,155,302,15277,92,-999,-12.50331645,45.49368555,MD09-3257,Skinner et al. (2021),4,-999,G.ruber,13705,74,-999,200.9472576,11.11424033,0,0,2,306.5,5.8,13031,36,-35,46,1,28.01,3316,0,0,12,-97.4,3,823,24,3,268,2246,99,2445,99
-4.244666667,-36.35266667,2344,16785.5,305.075,169,169,169,302,16790,92,-999,-57.95860411,45.57064021,MD09-3257,Skinner et al. (2021),4,-999,G.ruber,14692,77,-999,223.1953842,11.78126461,0,0,2,363.5,6,13824,35,-80,46,1,28.01,3317,0,0,15.6,-97.4,3,823,24,3,268,2966,98,3165,98
-4.244666667,-36.35266667,2344,17427.5,313.9375,179,179,179,302,17369,112,-999,-52.6868658,49.20400558,MD09-3257,Skinner et al. (2021),4,-999,G.ruber,15151,85,-999,248.5532246,13.28152539,0,0,2,375.4,9.2,14377,54,-75,49,1,28.01,3318,0,0,8.5,-97.4,3,823,24,3,268,2992,124,3191,124
-4.244666667,-36.35266667,2344,18598.25,296.16875,189,189,189,302,16860,141,-999,162.8284047,62.09895211,MD09-3257,Skinner et al. (2021),4,-999,G.ruber,16252,87,-999,254.2566735,13.65783318,0,0,2,439.5,10,15147,56,154,62,1,27.36,3319,0,0,8.7,-97.4,3,823,24,3,268,1713,152,1789,152
-4.244666667,-36.35266667,2344,19060,340.26875,193,193,193,302,17829,97,-999,89.89624969,58.04811461,MD09-3257,Skinner et al. (2021),4,-999,G.ruber,16675,90,-999,258.2727172,14.17668419,0,0,2,403.3,6.2,15799,35,81,58,1,27.36,3320,0,0,8.7,-97.4,3,823,24,3,268,2030,103,2106,103
-4.260916667,-37.13738333,700,13012.5,559.465,105,105,105,303,12180,53,-999,59.48589489,78.76279325,GS07-150-20/2A,Skinner et al. (2021),4,-999,G.ruber,11872,52,-999,100.8973562,7.149551888,0,0,2,218.2,3.1,11066,21,57,80,1,27.36,3321,0,0,8,-103.6,3.7,879,30,3,269,1114,57,1134,57
-4.260916667,-37.13738333,700,14391.5,255.01,116,116,116,303,13483,82,-999,64.37276754,43.70970906,GS07-150-20/2A,Skinner et al. (2021),4,-999,G.ruber,13000,50,-999,130.3334201,7.057503493,0,0,2,219.9,3.6,12396,23,62,47,1,27.36,3322,0,0,17,-103.6,3.7,879,30,3,269,1087,85,1107,85
-4.260916667,-37.13738333,700,15037,269.635,127,127,127,303,13393,56,-999,163.7772772,46.08256144,GS07-150-20/2A,Skinner et al. (2021),4,-999,G.ruber,13320,58,-999,174.4013194,8.510117384,0,0,2,281.6,5.7,12622,35,162,49,1,27.36,3323,0,0,15.4,-103.6,3.7,879,30,3,269,771,66,791,66
-4.260916667,-37.13738333,700,16792,295.815,154,154,154,303,14958,60,-999,184.2852801,51.23846495,GS07-150-20/2A,Skinner et al. (2021),4,-999,G.ruber,14668,64,-999,227.8203651,9.821283095,0,0,2,364.6,6,13827,35,182,54,1,27.36,3324,0,0,15.4,-103.6,3.7,879,30,3,269,1131,69,1151,69
58.8,-144.5,3680,1529,11.5,39,39,39,304,3130,60,NA,-185.1005146,7.22031785,EW0408-87JC,"Praetorius et al., 2020",3,-999,-999,1640,15,NA,-19.02237615,1.833488266,450,50,2,-17.5,1.3,1629,11,-174,7,2,28.1,3325,0,0,24.9,-220.4,2,2000,16,3,270,1501,61,1388,61
58.8,-144.5,3680,8337,138.75,208.5,208.5,208.5,304,9710,40,NA,-181.5119225,17.81420897,EW0408-87JC,"Praetorius et al., 2020",3,-999,-999,8520,20,NA,-50.82066127,2.366144454,450,50,2,80,2.4,7486,18,-170,18,2,28.1,3326,0,0,11.9,-220.4,2,2000,16,3,270,2224,44,2111,44
58.8,-144.5,3680,11393,98.5,245,245,245,304,12255,35,NA,-137.0961953,14.04167765,EW0408-87JC,"Praetorius et al., 2020",3,-999,-999,10715,20,NA,45.25109548,2.605635186,300,50,2,143.1,3.2,10003,23,-126,14,2,28.1,3327,0,0,29.4,-220.4,2,2000,16,3,270,2252,42,2139,42
58.8,-144.5,3680,11563,85,250,250,250,304,-999,-999,NA,-999,-999,EW0408-87JC,"Praetorius et al., 2020",3,-999,-999,10740,40,NA,63.65241927,5.309622943,300,50,2,163.3,3.3,10027,23,-999,-999,2,28.1,3328,0,0,29.8,-220.4,2,2000,16,3,270,-999,-999,-999,-999
58.8,-144.5,3680,11647,79.25,252.5,252.5,252.5,304,12875,50,NA,-176.267237,13.02427792,EW0408-87JC,"Praetorius et al., 2020",3,-999,-999,-999,-999,NA,-999,-999,300,50,2,166.2,3.2,10085,22,-165,13,2,28.1,3329,0,0,29.1,-220.4,2,2000,16,3,270,2790,55,2677,55
58.8,-144.5,3680,11733,73.75,255,255,255,304,12695,35,NA,-148.7919842,11.30270493,EW0408-87JC,"Praetorius et al., 2020",3,-999,-999,10975,30,NA,54.44865136,3.945300911,300,50,2,176.7,3.3,10101,23,-138,11,2,28.1,3330,0,0,29.3,-220.4,2,2000,16,3,270,2594,42,2481,42
58.8,-144.5,3680,12142,60,267,267,267,304,12970,30,NA,-135.7201978,9.500671812,EW0408-87JC,"Praetorius et al., 2020",3,-999,-999,11090,25,NA,92.18020849,3.404336779,300,50,2,197.1,2.6,10361,18,-125,10,2,28.1,3331,0,0,29.1,-220.4,2,2000,16,3,270,2609,35,2496,35
58.8,-144.5,3680,12623,75.25,281,281,281,304,13100,35,NA,-98.64746203,12.13210529,EW0408-87JC,"Praetorius et al., 2020",3,-999,-999,11695,30,NA,73.62921513,4.017066469,450,50,2,230.6,2.9,10606,19,-88,12,2,28.1,3332,0,0,30.1,-220.4,2,2000,16,3,270,2494,40,2381,40
58.8,-144.5,3680,13288,73,301,301,301,304,13800,45,NA,-104.6665535,12.92206319,EW0408-87JC,"Praetorius et al., 2020",3,-999,-999,12460,40,NA,57.86511704,5.280733437,450,50,2,211.2,3.7,11375,24,-94,13,2,28.1,3333,0,0,30.5,-220.4,2,2000,16,3,270,2425,51,2312,51
58.8,-144.5,3680,14205,114.5,329,329,329,304,14420,45,NA,-73.94138144,18.0149581,EW0408-87JC,"Praetorius et al., 2020",3,-999,-999,13170,40,NA,81.97748678,5.401099441,450,50,2,205.3,3.2,12308,22,-63,18,2,28.1,3334,0,0,32.8,-220.4,2,2000,16,3,270,2112,50,1999,50
58.8,-144.5,3680,14571,140,341,341,341,304,14740,60,NA,-69.82358085,22.70226985,EW0408-87JC,"Praetorius et al., 2020",3,-999,-999,13330,45,NA,108.6520884,6.227977423,450,50,2,237.1,4.5,12458,29,-59,23,2,28.1,3335,0,0,55.4,-220.4,2,2000,16,3,270,2282,67,2169,67
58.8,-144.5,3680,15293,140.25,381,381,381,304,15255,35,NA,-47.96775001,20.30083547,EW0408-87JC,"Praetorius et al., 2020",3,-999,-999,13830,30,NA,136.8222659,4.25350814,450,50,2,287.7,7,12836,44,-37,20,2,28.1,3336,0,0,76.3,-220.4,2,2000,16,3,270,2419,56,2306,56
58.8,-144.5,3680,15811,109.75,420.5,420.5,420.5,304,15875,50,NA,-61.69406905,18.29812433,EW0408-87JC,"Praetorius et al., 2020",3,-999,-999,14290,40,NA,142.9719696,5.705576449,450,50,2,311.4,6.6,13194,41,-51,18,2,28.1,3337,0,0,122.3,-220.4,2,2000,16,3,270,2681,65,2568,65
58.8,-144.5,3680,16134,116.75,460,460,460,304,16180,60,NA,-60.65889909,20.28345701,EW0408-87JC,"Praetorius et al., 2020",3,-999,-999,14560,70,NA,149.2292646,10.05820671,450,50,2,329,5.5,13398,33,-50,20,2,28.1,3338,0,0,196.3,-220.4,2,2000,16,3,270,2782,68,2669,68
58.8,-144.5,3680,16297,130.5,492,492,492,304,16450,50,NA,-73.62023244,20.39124503,EW0408-87JC,"Praetorius et al., 2020",3,-999,-999,14840,70,NA,131.9618093,9.907079652,450,50,2,335.3,6,13516,36,-63,20,2,28.1,3339,0,0,432.4,-220.4,2,2000,16,3,270,2934,62,2821,62
58.8,-144.5,3680,16408,134.5,540,540,540,304,16630,80,NA,-81.90251674,24.08301174,EW0408-87JC,"Praetorius et al., 2020",3,-999,-999,14930,60,NA,134.4810655,8.505378769,450,50,2,337.8,6.1,13608,37,-71,24,2,28.1,3340,0,0,677.4,-220.4,2,2000,16,3,270,3022,88,2909,88
58.8,-144.5,3680,16969,186,920,920,920,304,17030,120,NA,-65.1658391,35.00600355,EW0408-87JC,"Praetorius et al., 2020",3,-999,-999,15060,45,NA,194.6488086,6.711073642,450,50,2,377.6,6.2,13916,36,-54,35,2,28.1,3341,0,0,476.7,-220.4,2,2000,16,3,270,3114,125,3001,125
58.8,-144.5,3680,17141,230.25,1002,1002,1002,304,-999,-999,NA,-999,-999,EW0408-87JC,"Praetorius et al., 2020",3,-999,-999,15020,50,NA,225.8534933,7.653905615,450,50,2,366.3,6.7,14157,39,-999,-999,2,28.1,3342,0,0,247.5,-220.4,2,2000,16,3,270,-999,-999,-999,-999
58.8,-144.5,3680,18947,962,1449,1449,1449,304,-999,-999,NA,-999,-999,EW0408-87JC,"Praetorius et al., 2020",3,-999,-999,15445,40,NA,446.5617071,7.221059332,450,50,2,398.9,6.1,15717,35,-999,-999,2,28.1,3343,0,0,247.5,-220.4,2,2000,16,3,270,-999,-999,-999,-999
57.6,-136.7,1620,11600,200,14.5,14.5,14.5,305,-999,-999,NA,-999,-999,EW0408-26TC,"Praetorius et al., 2020",3,d18O tie point ,d18O tie point ,-999,-999,NA,-999,-999,335,100,2,168.9,3.5,10018,24,-999,-999,2,27.79,3344,0,0,15,-237.5,1.7,2178,14,3,271,-999,-999,-999,-999
57.6,-136.7,1620,11800,200,17.5,17.5,17.5,305,12350,40,NA,-104.2074226,26.13579687,EW0408-26TC,"Praetorius et al., 2020",3,Linear interpolation,Linear interpolation,10330,40,NA,151.9041147,5.750164626,335,100,2,182.6,3.2,10119,22,-79,37,2,27.79,3345,0,0,19.5,-237.5,1.7,2178,14,3,271,2231,46,1974,46
57.6,-136.7,1620,13340,200,47.5,47.5,47.5,305,-999,-999,NA,-999,-999,EW0408-26TC,"Praetorius et al., 2020",3,Calibrated planktic,Calibrated planktic,12205,40,NA,98.87503541,5.48544994,335,100,2,201.6,3.9,11487,26,-999,-999,2,27.79,3346,0,0,19.5,-237.5,1.7,2178,14,3,271,-999,-999,-999,-999
57.6,-136.7,1620,13550,200,1,1,1,306,13280,30,NA,-14.03440379,27.53880591,EW0408-26JC,"Praetorius et al., 2020",3,d18O tie point ,d18O tie point ,12295,30,NA,114.5886115,4.170319208,335,100,2,200.2,4.1,11701,27,11,38,2,27.79,3347,0,0,104.7,-237.5,1.7,2178,14,3,272,1579,40,1322,40
57.6,-136.7,1620,13975,160.5,45.5,45.5,45.5,306,13925,50,NA,-42.10622387,24.5619994,EW0408-26JC,"Praetorius et al., 2020",3,Calibrated planktic,Calibrated planktic,12855,40,NA,94.37361633,5.462979406,335,100,2,217,5.9,12007,39,-17,36,2,27.79,3348,0,0,147.3,-237.5,1.7,2178,14,3,272,1918,63,1661,63
57.6,-136.7,1620,14267,143.625,88.5,88.5,88.5,306,14200,40,NA,-41.06407168,21.43664117,EW0408-26JC,"Praetorius et al., 2020",3,Linear interpolation,Linear interpolation,13290,35,NA,73.95886174,4.68947671,335,100,2,211.2,5.1,12327,34,-16,34,2,27.79,3349,0,0,202.3,-237.5,1.7,2178,14,3,272,1873,52,1616,52
57.6,-136.7,1620,14576,139.25,151,151,151,306,14295,35,NA,-16.24629102,20.85822929,EW0408-26JC,"Praetorius et al., 2020",3,Calibrated planktic,Calibrated planktic,13195,30,NA,128.1232751,4.220960195,335,100,2,237.1,4.5,12458,29,9,34,2,27.79,3350,0,0,185.5,-237.5,1.7,2178,14,3,272,1837,45,1580,45
57.6,-136.7,1620,14735,142.375,180.5,180.5,180.5,306,14360,60,NA,-5.224539999,24.56477269,EW0408-26JC,"Praetorius et al., 2020",3,Calibrated planktic,Calibrated planktic,13230,45,NA,145.0307605,6.432338693,335,100,2,274.5,6.7,12375,42,20,36,2,27.79,3351,0,0,155.3,-237.5,1.7,2178,14,3,272,1985,73,1728,73
57.6,-136.7,1620,15443.5,166,290.5,290.5,290.5,306,14810,70,NA,24.74626115,29.51050855,EW0408-26JC,"Praetorius et al., 2020",3,Calibrated planktic,Calibrated planktic,13840,40,NA,156.2672519,5.771944873,335,100,2,298.4,6.8,12915,42,50,40,2,27.79,3352,0,0,143,-237.5,1.7,2178,14,3,272,1895,82,1638,82
57.6,-136.7,1620,16772.5,206,480.5,480.5,480.5,306,16540,60,NA,-29.70677041,31.4309047,EW0408-26JC,"Praetorius et al., 2020",3,Calibrated planktic,Calibrated planktic,15165,40,NA,151.4384347,5.747840008,335,100,2,362.3,6.1,13821,36,-5,41,2,27.79,3353,0,0,217.9,-237.5,1.7,2178,14,3,272,2719,70,2462,70
57.6,-136.7,1620,16862,201.5,500,500,500,306,-999,-999,NA,-999,-999,EW0408-26JC,"Praetorius et al., 2020",3,Calibrated planktic,Calibrated planktic,15235,35,NA,153.8729831,5.03842435,335,100,2,371.9,5.9,13853,35,-999,-999,2,27.79,3354,0,0,345.1,-237.5,1.7,2178,14,3,272,-999,-999,-999,-999
57.6,-136.7,1620,17995,218.25,891,891,891,306,-999,-999,NA,-999,-999,EW0408-26JC,"Praetorius et al., 2020",3,Calibrated planktic,Calibrated planktic,15705,35,NA,248.1548852,5.450109378,335,100,2,418.4,7.4,14683,42,-999,-999,2,27.79,3355,0,0,345.1,-237.5,1.7,2178,14,3,272,-999,-999,-999,-999